commit_id,time_stamp,ns,nd,nf,entropy,la,ld,is_fix,ndev,age,lt,nuc,exp,rexp,sexp,contains_bug,htmlcss,strict,bdom,so,tc
10c7756764fbe969b307b15a72fd074479c00f8d,1558056342,1,1,0,0,0,0,0,0,0,0,0,1076,261.07,915,FALSE,0,0,0,0,0
9dadca2c64ae717063b0e9071143065896ebb676,1558054387,1,1,0,0,0,0,0,0,0,0,0,1075,260.08,914,FALSE,0,0,0,0,0
b8e50568af9c73ef1ade434e92c60d389868361d,1558015464,1,1,1,0,1,0,0,33,118.86,1145,330,1074,259.18,171,FALSE,0,0,0,0,0
94e48a16f273963dc37829352b7381e4e9222315,1558015120,1,1,0,0,0,0,0,0,0,0,0,1073,258.18,913,FALSE,0,0,0,0,0
efcb17dcb21699ef685eff4455a9443f707a4901,1558014926,1,1,0,0,0,0,0,0,0,0,0,1072,257.19,912,FALSE,0,0,0,0,0
5266f3a5cb25fdd6846b76a727d601506791c4ce,1557713736,1,1,0,0,0,0,0,0,0,0,0,1071,257,911,FALSE,0,0,0,0,0
e502dde3c8c82ff107603f78d6cac9a33a699dd7,1557713375,1,1,0,0,0,0,0,0,0,0,0,1070,256,910,FALSE,0,0,0,0,0
da6f701317d154e47921139257ffcefb15d15ca7,1557712866,1,1,0,0,0,0,0,0,0,0,0,1069,255,909,FALSE,0,0,0,0,0
88f9733ffa58ce89bd5a9b207f0c8b4c2965fec6,1557617373,2,2,1,0,1,1,0,1,9.07,813,1,1068,254.25,547,FALSE,0,0,0,0,0
8267c4b72422e68654849a71bfb74141d77bb875,1557546553,1,1,0,0,0,0,0,0,0,0,0,1067,253.44,907,FALSE,0,0,0,0,0
bc07a41693f8c7e9bde2bfb4cd5390ad6e3b1337,1557454196,1,1,0,0,0,0,0,0,0,0,0,1066,252.68,906,FALSE,0,0,0,0,0
c754c8ad7b33a1d9ec6bec88bc44734c16c36167,1557445501,1,1,0,0,0,0,0,0,0,0,0,1065,251.7,905,FALSE,0,0,0,0,0
e91702872994523dbb9f7da1bf30854c5dfb834a,1557439436,1,1,0,0,0,0,0,0,0,0,0,1064,250.71,904,FALSE,0,0,0,0,0
7b076bd8e1c428da4887856d34b813aba2732c19,1557439392,1,1,0,0,0,0,0,0,0,0,0,1063,249.71,903,FALSE,0,0,0,0,0
bb5211fa1cdf6da767960c2a8aa97f8c8f31e9c5,1557373185,1,1,1,0,441,0,0,0,0,0,0,1062,248.88,185,FALSE,0,0,0,4,0
11192bd168c5996efe718664a3f4d8f77dbaa71b,1557291488,1,1,1,0,387,0,0,0,0,0,0,1061,248.08,184,FALSE,0,0,0,4,0
60aacac1670f01857961fb7d765eb015efb0be5b,1557286956,1,1,0,0,0,0,0,0,0,0,0,1060,247.09,902,FALSE,0,0,0,0,0
70a19472f1ec22642ea98baa5f76b5ba656e7235,1557284737,1,1,0,0,0,0,0,0,0,0,0,1059,246.09,901,FALSE,0,0,0,0,0
6f7a8301a1828febe0b10af62152558d118b039c,1556833769,2,6,5,0.0327531,854,0,0,5,217.6,19.2,3.6,1058,246.16,91.5,FALSE,0,0,0,3,1
8b71f39516135f8b729de3456f3ae7f6d33442a1,1556767768,1,2,3,0.00999094,740,1,0,5,592.34,23.33,6.33,1057,245.31,182,FALSE,0,0,0,7,2
955f2a5f78c75cd58f8c4517725a14dd3ee199a4,1556765982,1,1,2,0.0108458,670,0,0,5,317.34,30.5,7.5,1056,244.31,181,FALSE,0,0,0,9,1
2f782d8478948124a1c96fe04de259385163100f,1556681492,1,1,0,0,0,0,0,0,0,0,0,1055,243.51,900,FALSE,0,0,0,0,0
32f5293afa2edb7dd9052922dda3ebdd9eab658d,1556680010,2,2,1,0,2,2,0,4,89.09,120,7,1054,242.51,539.5,FALSE,0,0,0,0,0
6d9dd2da49c8d5fce9fccdd9d8257004040a19a7,1556678936,1,1,0,0,0,0,0,0,0,0,0,1053,241.51,898,FALSE,0,0,0,0,0
40dbfa2de21588d23a8e8e8d43dae5664f0267af,1556677475,1,1,0,0,0,0,0,0,0,0,0,1052,240.52,897,FALSE,0,0,0,0,0
9afa1cfc85171dfd8b3595e7b25b7be783c79ae8,1556677023,1,1,0,0,0,0,0,0,0,0,0,1051,239.52,896,FALSE,0,0,0,0,0
b9ecb9afe336ad00eb6e2dbc055e838649fe784f,1556106249,1,1,0,0,0,0,0,0,0,0,0,0,0,0,FALSE,0,0,0,0,0
7eacdcef190990f2e5a199bb1140322c687e65d7,1555954823,1,1,0,0,0,0,0,0,0,0,0,1050,240.07,895,FALSE,0,0,0,0,0
03341204ff13fb35ac7082adf3dd694081ab68d3,1555531595,1,1,0,0,0,0,0,0,0,0,0,1049,239.98,894,FALSE,0,0,0,0,0
50eb5e43774a78737a82405c17ac8ca3ff5532ff,1555531517,1,1,0,0,0,0,0,0,0,0,0,1048,238.98,893,FALSE,0,0,0,0,0
952484f73a84743c53abfc4b51a6614f2d1e13cd,1555531202,1,1,0,0,0,0,0,0,0,0,0,1047,237.98,892,FALSE,0,0,0,0,0
4218d04183e0f7bd04f3db7d23b53d6d3857ed10,1555531106,1,1,0,0,0,0,0,0,0,0,0,1046,236.98,891,FALSE,0,0,0,0,0
cf5c813d2f6499be2d38a55a26dd5bd1b71b749c,1555530693,1,1,0,0,0,0,0,0,0,0,0,1045,235.98,890,FALSE,0,0,0,0,0
9e5d1a30c3671f99b5d80a231b697a311f5fe489,1555512267,1,1,0,0,0,0,0,0,0,0,0,1044,235.01,889,FALSE,0,0,0,0,0
186a206a0aed799699e6a7400aed9aeef31c21e9,1549359586,1,1,0,0,0,0,0,0,0,0,0,0,0,0,FALSE,0,0,0,0,0
8a97346eaf3a5e39ba8185b244af4918d2ca43b5,1549024387,1,1,1,0,2,0,0,3,488.32,39,6,0,0,0,FALSE,0,0,0,0,0
b9b1b19758b0996680100c65ae87128d623c5f7e,1548982574,1,1,6,0.78969,9,9,1,12,851.82,255.83,14.33,0,0,0,FALSE,0,0,0,0,0
6eda52a3dc953f297942a98c333b609519141c49,1548888149,1,1,0,0,0,0,1,0,0,0,0,0,0,0,FALSE,0,0,0,0,0
6f12eee8abcfdd672c7a3d638d3dbf744a6b1801,1547746381,1,1,1,0,1,1,1,32,1161.96,1145,329,0,0,0,FALSE,0,0,0,0,0
b02d3a1744db80a1ad6951f55f4cb6b996db4b53,1545895791,1,1,0,0,0,0,0,0,0,0,0,0,0,0,FALSE,0,0,0,0,0
95c31f7041fe31b24175ce9a6537a0d0d6b807f7,1544684667,1,1,0,0,0,0,1,0,0,0,0,0,0,0,FALSE,0,0,0,0,0
02f3933b6962114cf46c637105db7983d32a156a,1543478575,1,3,2,1,2,2,1,4,556.87,18,10.5,0,0,0,FALSE,0,0,0,2,0
0ae10bb15471745795a44d9316e324b697725524,1543287647,1,1,0,0,0,0,1,0,0,0,0,0,0,0,FALSE,0,0,0,0,0
6295b4592014515e137c17e854f83d1c0274198a,1540615858,1,1,0,0,0,0,0,0,0,0,0,1043,268.96,888,FALSE,0,0,0,0,0
a6b119d27a2f1703d51d1938e6fe98b0ee2d5651,1540613100,1,1,0,0,0,0,0,0,0,0,0,1042,267.97,887,FALSE,0,0,0,0,0
d0421ac7e1f897e15a2f7a9328e9bfd938b95a9f,1540611240,1,1,3,0.542758,15,26,0,11,776.28,434,32.33,1041,266.97,179,FALSE,0,0,0,0,0
5f0c829d7ca7da746ee859f13a54631000f8a9b5,1540607355,1,1,0,0,0,0,0,0,0,0,0,1040,265.98,886,FALSE,0,0,0,0,0
c82fa194475edabb04535914ddc12a622a495b64,1540603888,1,1,2,0.994646,269,0,0,6,817.67,573,37.5,1039,264.99,178,FALSE,0,0,0,0,0
fa22245cc652a41009d2f339e769ed72dad2fc0f,1540342964,1,1,0,0,0,0,0,0,0,0,0,1038,264.69,885,FALSE,0,0,0,0,0
302a6152b4f655bf7f49fe32f5b5676483efb159,1540341522,0,0,0,0,0,0,0,0,0,0,0,1037,263.7,0,FALSE,0,0,0,0,0
dc538f6e810bd462c98ee7e6aae24c64d4b1da93,1539229845,1,1,0,0,0,0,0,0,0,0,0,1036,265.66,884,FALSE,0,0,0,0,0
62a59b6ace6c1cb34f9adf2d433ac57d3c826ce4,1538086167,1,1,0,0,0,0,0,0,0,0,0,1035,267.76,883,FALSE,0,0,0,0,0
451ee5d9c17b8abd6859b939a5edfa083a61127d,1537846821,2,2,5,0.676401,66,13,0,21,322.62,572.8,40,1034,267.41,529.5,FALSE,0,0,0,6,0
f07f368fba5d91a5a80bff80c360bd5d66ed8116,1537586177,2,2,0,0,0,0,0,0,0,0,0,1033,267.12,528.5,FALSE,0,0,0,0,0
09d5654488f707db2ee05e0358bb74caa44fed91,1537585282,1,1,0,0,0,0,0,0,0,0,0,1032,266.13,880,FALSE,0,0,0,0,0
3d10279826f59bf68e28995ce423f7bc4d2f11cf,1537413916,3,3,2,0.097504,18,10,1,34,349.63,966,177.5,1031,265.58,408,FALSE,0,0,0,4,0
5e9de5dcb6f1ff396038ded11951aa53c62a07a4,1537382868,1,1,0,0,0,0,0,0,0,0,0,1030,264.67,878,FALSE,0,0,0,0,0
5de1a08ebff4c33d0c452510217193905f34cbe9,1537380382,1,1,0,0,0,0,0,0,0,0,0,1029,263.67,877,FALSE,0,0,0,0,0
4480fb997e9132a8b1e8b23d1a2766d27a918909,1537375240,1,1,0,0,0,0,0,0,0,0,0,1028,262.69,876,FALSE,0,0,0,0,0
b4eb1f59d39d801d7365c86b04500f16faeb0b1c,1537322191,1,1,0,0,0,0,0,0,0,0,0,1027,261.82,875,FALSE,0,0,0,0,0
d5b33cfad8efedc42ec36cab2ced75c2cfd99dce,1536855996,1,1,0,0,0,0,0,0,0,0,0,1026,262,874,FALSE,0,0,0,0,0
c39d7d933968b3cc03c6bf473920b8d5f24f7f43,1536855818,1,1,0,0,0,0,0,0,0,0,0,1025,261.01,873,FALSE,0,0,0,0,0
ede24da9645ed771ddeb9cf327d042d35a31d42d,1534297274,2,2,2,1,2,2,1,1,1374.16,30,0.5,0,0,0,FALSE,0,0,0,0,0
0bcdd88dd089c8da7f29e76e8f152a40ca0bcf69,1533703320,3,3,2,0.251463,6,0,0,7,-112.94,95.5,64,0,0,0,FALSE,0,0,0,0,1
f95dbc28fdb483dbd45b436386cf0db77322eb43,1533071367,1,1,0,0,0,0,0,0,0,0,0,1024,269.88,872,FALSE,0,0,0,0,0
431f65305eb78eba337356ec7637e4ee13d84195,1530088856,1,1,1,0,5,3,0,5,271.64,112,114,1,0.32,0,FALSE,0,0,0,0,0
ac89f6f121cbd17c957e8e493615c33e7f0f2687,1528344727,1,1,0,0,0,0,0,0,0,0,0,1023,282.45,871,FALSE,0,0,0,0,0
3d8ca8ad4aa0ad03ce2e4b27f6773d47e4fea201,1528344268,1,1,0,0,0,0,0,0,0,0,0,1022,281.45,870,FALSE,0,0,0,0,0
02c753583eddabae2691b09a7babd747d449ca5f,1528343403,1,1,0,0,0,0,0,0,0,0,0,1021,280.45,869,FALSE,0,0,0,0,0
f3fa758af9664526ee18c58764590e48f559e6ae,1527364695,2,2,1,0,1,1,1,13,242.25,662,140,0,0,0,FALSE,0,0,0,0,0
44e539e1dcdc010638812fc96f541da3f02d35de,1526488026,1,1,0,0,0,0,0,0,0,0,0,1,1,1,FALSE,0,0,0,0,0
b8fb6a7fb1af155b1259d25418dc807112e02138,1526420717,1,1,0,0,0,0,0,0,0,0,0,0,0,0,FALSE,0,0,0,0,0
003459b795b3ab2ae97c2131585b0560c1d35716,1523352823,1,1,0,0,0,0,0,0,0,0,0,0,0,0,FALSE,0,0,0,0,0
3ed5090ca91f6a387e66370d57ead94d886275e1,1520876324,1,1,0,0,0,0,0,0,0,0,0,1020,304.05,868,FALSE,0,0,0,0,0
76bf96e9ce3369d2f9329adefb9ac75407f93493,1520868019,1,1,0,0,0,0,0,0,0,0,0,1019,303.08,867,FALSE,0,0,0,0,0
d3bdc3b66399424f8b315d0808b5fbb3834144c2,1520867846,1,1,0,0,0,0,0,0,0,0,0,1018,302.08,866,FALSE,0,0,0,0,0
6bcdfef6ad148672872e4f5930a01a5a45dd9df0,1520124992,3,3,2,0.57938,12,0,0,34,-202.61,977.5,178.5,0,0,0,FALSE,0,0,0,1,1
0e88dceac2b86fbc066cd0f042d093e838604d0d,1519879440,1,1,0,0,0,0,0,0,0,0,0,1017,304.67,865,FALSE,0,0,0,0,0
e69a29d9c2a425ad10be08833c099a1cfede010a,1519865734,1,1,0,0,0,0,0,0,0,0,0,1016,303.72,864,FALSE,0,0,0,0,0
0083372bed2df35abf56ac882bd42f01bd6cff39,1519705087,1,1,0,0,0,0,0,0,0,0,0,1015,303.31,863,FALSE,0,0,0,0,0
f3c5f7ee29e9b935e95e628e002ee9eaebda176a,1518574886,1,1,0,0,0,0,0,0,0,0,0,1014,306.47,862,FALSE,0,0,0,0,0
972ada9079b715f9e806ef04ec73311fb46bded0,1518560088,1,1,1,0,0,3,0,7,140.34,563,33,1013,305.53,174,FALSE,0,0,0,0,1
98b0b66b6c46882c3fa54f04185254ab53b38570,1518510387,1,1,0,0,0,0,0,0,0,0,0,0,0,0,FALSE,0,0,0,0,0
cbaa04629a90aff76774b59cd055ff8c6e642030,1518200409,1,1,0,0,0,0,0,0,0,0,0,1012,305.86,861,FALSE,0,0,0,0,0
276a80895c6bef11b0819c46525376ad16c68517,1518199765,1,1,0,0,0,0,0,0,0,0,0,1011,304.87,860,FALSE,0,0,0,0,0
40e04ec7a6d365a7e083b0fdf7f9d2c7afc036a0,1516583687,3,10,15,0.819737,23,23,0,25,382.77,233.33,18.27,0,0,0,FALSE,0,0,0,23,8
94a6cbfbfe672e4abb95bebcf266ed5dc65f336d,1516166905,1,1,1,0,4,16,0,3,164.78,74,6,1010,311.57,173,FALSE,0,0,0,0,0
f8fba68ec0e6e986eea4dc3bfe39dbe09dccf5d7,1516166415,1,1,1,0,1,4,0,4,164.07,102,8,1009,310.57,172,FALSE,0,0,0,0,0
c6f12a897184e614171121dfdb31bdc03859db0b,1516165222,1,1,0,0,0,0,0,0,0,0,0,1008,309.57,859,FALSE,0,0,0,0,0
323572610b292d2351ad4c60c2b7b9ce4d7ad3ac,1516164641,1,1,0,0,0,0,0,0,0,0,0,1007,308.58,858,FALSE,0,0,0,0,0
f448a9668515077937437d86e9e44421bcf2a093,1516164371,1,1,0,0,0,0,0,0,0,0,0,1006,307.58,857,FALSE,0,0,0,0,0
68e824cbff0cc58643a3f40e99299f600667072d,1516148343,1,1,0,0,0,0,0,0,0,0,0,1005,306.64,856,FALSE,0,0,0,0,0
086e56f1c4d9973fdb5eb1e21e79e10d4e002393,1516147954,1,1,0,0,0,0,0,0,0,0,0,1004,305.64,855,FALSE,0,0,0,0,0
b4020ec92bfa39c6e279b94cfb183472f06fdf83,1516147765,1,1,0,0,0,0,0,0,0,0,0,1003,304.64,854,FALSE,0,0,0,0,0
fe0bc4082d799ff95d6010e42828af30e65a9666,1514950689,1,1,0,0,0,0,0,0,0,0,0,1002,308.11,853,FALSE,0,0,0,0,0
1780ed10918021c54dd36e75476ca52b1f931116,1514947633,1,1,0,0,0,0,0,0,0,0,0,1001,307.12,852,FALSE,0,0,0,0,0
b49af6a6743acc7cc875b67f090f553b63a184e8,1514940391,1,1,0,0,0,0,0,0,0,0,0,1000,306.15,851,FALSE,0,0,0,0,0
a743d5be4d91cf2b430479c6b481f00c19f2ba73,1514940325,1,1,0,0,0,0,0,0,0,0,0,999,305.15,850,FALSE,0,0,0,0,0
187d1f57c973e93310066e29a493e150e57c6ae5,1514936872,1,1,0,0,0,0,0,0,0,0,0,0,0,0,FALSE,0,0,0,0,0
80e64691e1972dccc79def005190da33c641d51e,1514521778,1,1,1,0,3,0,0,4,57.8,112,13,0,0,0,FALSE,0,0,0,0,0
b93ffd4bdc09c3af925eed80c28bd37f63bb3cfc,1512327166,3,3,2,0.101454,54,0,1,12,87.14,329,80,0,0,0,FALSE,0,0,0,1,0
53bee2506debf01d9f6e884d1fc09b86d001f0e2,1509527999,2,2,2,0.734496,5,5,0,4,368.27,108.5,8.5,0,0,0,FALSE,0,0,0,0,0
7f4e37f3ea0bf99287472dd72f48d12a3b3d0b71,1508770819,3,3,2,0.251463,6,0,0,8,-288.57,98.5,64.5,0,0,0,FALSE,0,0,0,0,1
659fcc1598ec6778faa75534595ca8e5a2b14b27,1507949961,1,1,0,0,0,0,0,0,0,0,0,998,333.09,849,FALSE,0,0,0,0,0
a163e2cdf488c57706eca419285ef782b2a19e29,1507949878,1,1,0,0,0,0,1,0,0,0,0,997,332.09,848,FALSE,0,0,0,0,0
62e12fe7105b552e70f32a9b288dcaf695f04737,1507948050,0,0,0,0,0,0,0,0,0,0,0,996,331.1,0,FALSE,0,0,0,0,0
8fabed82aa636e10951b6a95f933b07217649e1e,1507947134,1,1,0,0,0,0,0,0,0,0,0,995,330.11,847,FALSE,0,0,0,0,0
950f4423f0f881e40b1f68339054c209aec6d0e3,1507689731,1,1,1,0,14,1,0,6,1.29,562,50,3,2.22,1,FALSE,0,0,0,0,0
351396f971280ab79faddcf9782ea50f4e88358d,1507604118,1,1,0,0,0,0,0,0,0,0,0,994,330.68,846,FALSE,0,0,0,0,0
b97faff6e2aa4d34d79485fe4331cb0eec13ad57,1507603403,2,2,1,0,6,2,0,12,228.83,517,158,993,329.68,507,FALSE,0,0,0,1,0
b7817ab1b0bbadabe79fc88819c8338838ead707,1507578066,3,3,2,0.821958,18,5,1,30,99.11,843,175.5,0,0,0,FALSE,0,0,0,0,0
48aba21ea4bcf0dec962514553f6e6326f942dc6,1507172962,1,1,0,0,0,0,0,0,0,0,0,992,330.65,844,FALSE,0,0,0,0,0
de129c289dc17d3039c2655c050716b0eff9b0f5,1506833309,2,2,3,0.242048,26,17,0,9,189.11,346.67,23.33,991,331.22,507,FALSE,0,0,0,0,0
e3f7f51f5f5475ca1ad091b1f8b7293f79467d29,1506716603,1,1,0,0,0,0,0,0,0,0,0,990,330.76,842,FALSE,0,0,0,0,0
6f823e409c1dcaa338df9592df98a2ec396b2143,1506715926,1,1,0,0,0,0,0,0,0,0,0,989,329.76,841,FALSE,0,0,0,0,0
6d9b13cceda6ee24a53dab01d9db9d7588ac66b4,1506715015,1,1,0,0,0,0,0,0,0,0,0,988,328.76,840,FALSE,0,0,0,0,0
f974d22c66d3cd91634ddaba1ef8bcaa8e49daf4,1506621443,1,1,0,0,0,0,0,0,0,0,0,987,328.19,839,FALSE,0,0,0,0,0
8d4ceb623d8130e9a4ea784bdbe80ecf2d9d51c9,1506621315,1,1,0,0,0,0,0,0,0,0,0,986,327.19,838,FALSE,0,0,0,0,0
c0136d8b48dd3526c58b2ad8666fb4b12b55116c,1506619356,4,7,6,0.86469,9,13,0,8,516.64,83.17,31.17,985,326.2,302.25,FALSE,0,0,0,0,0
86f5df00ed921a9e3effdc2e08c038e592a3209b,1506618518,1,1,0,0,0,0,0,0,0,0,0,984,325.2,836,FALSE,0,0,0,0,0
ddeb71301c98421e0c3cc9fd43e68fdc9b63a45a,1506616347,1,1,1,0,24,0,0,7,53.51,751,47,983,324.21,169,FALSE,0,0,0,0,0
628438d8d890f3707b8eecf57aeff7d0da348e8e,1506612980,1,1,0,0,0,0,0,0,0,0,0,982,323.23,835,FALSE,0,0,0,0,0
95fb5cc26848d4c2c57b0a7a74f088538d47d312,1506609010,2,2,1,0,0,1,0,27,0.09,1086,322,981,322.24,500.5,FALSE,0,0,0,0,0
12c37124689380837b24a7ed962432596237b440,1506601599,4,4,6,0.681726,17,17,0,35,256.61,355.5,69.33,980,321.28,292.5,FALSE,0,0,0,0,0
41964580a8869d5f094e7379d5672dd75f8491f9,1506590752,2,2,2,0.268649,16,1,0,7,650.92,409.5,25,0,0,0,FALSE,0,0,0,0,0
02a9d5fb28e313fd94ee5ec24fe5da02fbc0d6eb,1506575884,1,1,0,0,0,0,0,0,0,0,0,979,320.39,832,FALSE,0,0,0,0,0
c2f4fb535688eaec14c713190a4ab881e195a41a,1506573725,1,1,0,0,0,0,0,0,0,0,0,978,319.4,831,FALSE,0,0,0,0,0
44591fee234dd83e05894c5b055703db1f68184c,1506572727,1,1,0,0,0,0,0,0,0,0,0,2,1.28,0,FALSE,0,0,0,0,0
673d51f4f0fa83f6b663ed6f9f0426940d07664b,1506572370,1,1,0,0,0,0,0,0,0,0,0,977,318.4,830,FALSE,0,0,0,0,0
5cc761c86593f2e87c7a9dac02135548096bb952,1506571487,1,1,0,0,0,0,0,0,0,0,0,976,317.41,829,FALSE,0,0,0,0,0
ad7d96db479e6e9d93ab4848d5fe163905e123ed,1506562299,1,1,0,0,0,0,0,0,0,0,0,975,316.44,828,FALSE,0,0,0,0,0
e62bb8bf9f68382414cdd7997fe661de4647c987,1506562243,1,1,0,0,0,0,0,0,0,0,0,974,315.45,827,FALSE,0,0,0,0,0
70589c3aef6fb64ce396848e78ca7ea0768d2d5d,1506562208,1,1,0,0,0,0,0,0,0,0,0,973,314.45,826,FALSE,0,0,0,0,0
9a99c152703048591c031bd10d2a2e3ca55ebcac,1506562105,1,1,0,0,0,0,0,0,0,0,0,972,313.45,825,FALSE,0,0,0,0,0
fa272edf843a31aa242390d46935437451707d54,1506518223,1,1,1,0,1,1,1,15,180.01,644,219,1,1,1,FALSE,0,0,0,0,0
2df1ad26a58bf51228d7600df0d62ed17a90ff71,1506434453,3,4,5,0.322306,48,23,0,25,379.11,520,72.6,0,0,0,FALSE,0,0,0,0,0
550043c21727674a9d00c30504beb95cfbd7bbba,1506388440,1,1,0,0,0,0,0,0,0,0,0,971,313.15,824,FALSE,0,0,0,0,0
48940e61202be07677659b3b9d87c967fc4e8bdc,1506388367,2,2,1,0,16,7,0,27,138.2,1076,320,970,312.15,494,TRUE,0,0,0,4,2
80f1ea9bec3c5aedb08a6917ecc24fb8d22b707d,1506388293,3,4,2,0.775805,23,1,1,6,119.5,263,57.5,969,311.15,384.333,FALSE,0,0,0,1,1
c3fb7e5adc1fd40e301ed1e25f0d5b5a393d0295,1506387960,1,1,0,0,0,0,0,0,0,0,0,968,310.15,821,FALSE,0,0,0,0,0
94fdb674b1df2e36d389fce51f5e07071f807adb,1506387474,1,1,0,0,0,0,0,0,0,0,0,967,309.16,820,FALSE,0,0,0,0,0
f4120a645301366891775d1f03925449239a2cb7,1506317280,1,1,0,0,0,0,0,0,0,0,0,966,308.43,819,FALSE,0,0,0,0,0
19c8d64855d83e24164bc83e40ebacc24179f32a,1506316028,0,0,0,0,0,0,0,0,0,0,0,965,307.44,0,FALSE,0,0,0,0,0
ea3d60565242c47be97088ead2708d7b88390858,1506315878,1,1,0,0,0,0,0,0,0,0,0,964,306.44,818,FALSE,0,0,0,0,0
40435ec99779b08202f9f139c9a0a7d64e941b40,1506126532,1,1,0,0,0,0,0,0,0,0,0,963,306.17,817,FALSE,0,0,0,0,0
7137bf567db674fa5a93b71fffda09e7ac4ec73c,1506126457,1,1,0,0,0,0,0,0,0,0,0,962,305.17,816,FALSE,0,0,0,0,0
bd1672f0a45e2722126a05723aca68cbd65e3f74,1506126390,1,1,0,0,0,0,0,0,0,0,0,961,304.17,815,FALSE,0,0,0,0,0
9395db4c22567d09f19ac7cd629e23908784ec6d,1506126318,1,1,0,0,0,0,1,0,0,0,0,960,303.17,814,FALSE,0,0,0,0,0
d7da22550da484ddcdf77623272b64c36030b216,1506041354,1,1,0,0,0,0,0,0,0,0,0,959,302.48,813,FALSE,0,0,0,0,0
961dbff904d3e6b1b10cfe6741506ae851d272ff,1506041303,1,1,0,0,0,0,0,0,0,0,0,958,301.48,812,FALSE,0,0,0,0,0
9e0fa7f1ca2efe768e91ee84534f837d2cff243a,1506041202,1,1,0,0,0,0,0,0,0,0,0,957,300.48,811,FALSE,0,0,0,0,0
9e067ad2cb96f23f7997758a7f5a3c69ada03c12,1506041132,1,1,0,0,0,0,0,0,0,0,0,956,299.49,810,FALSE,0,0,0,0,0
de5fb62b1ac8d02efcb7931ef12936cb0a954307,1505693585,1,1,0,0,0,0,0,0,0,0,0,955,299.75,809,FALSE,0,0,0,0,0
b208b24f8323930419d9b5bbe0f442b36852dc36,1505347773,1,1,0,0,0,0,0,0,0,0,0,954,300.01,808,FALSE,0,0,0,0,0
78e55108e40ce8ce751baa10324f48a6bb21b47e,1505347422,1,1,0,0,0,0,0,0,0,0,0,953,299.01,807,FALSE,0,0,0,0,0
48817a798f3820bbe252d30d33bd701779511dc5,1503021820,1,1,0,0,0,0,0,0,0,0,0,952,306.69,806,FALSE,0,0,0,0,0
c319fe260ade6c05321948960cb9185fdbbf2487,1502142573,0,0,0,0,0,0,0,0,0,0,0,951,309.12,0,FALSE,0,0,0,0,0
a4bd4373b2c3b2521ee4c499cb8e90e98f78bfa5,1502071433,1,1,0,0,0,0,0,0,0,0,0,950,308.4,805,FALSE,0,0,0,0,0
a50f1098d014e2393e2d5f4beae37a85830c203d,1502001482,1,1,0,0,0,0,0,0,0,0,0,949,307.68,804,FALSE,0,0,0,0,0
e2d725e01620fc3c8b3720e5521a124836e32cb2,1502001430,1,1,0,0,0,0,0,0,0,0,0,948,306.68,803,FALSE,0,0,0,0,0
e0066227f787931bb0db09e76e007450d0f365b7,1501993172,5,5,17,0.907449,0,20,0,25,635.29,239.59,20.94,947,305.71,233.2,FALSE,0,0,0,0,0
44881fabe3680722368df75c66125fbd5f8ed569,1501993137,1,1,0,0,0,0,0,0,0,0,0,946,304.71,801,FALSE,0,0,0,0,0
1dbaae51ddb64c7397d19546bacb0792dbb7d59b,1501991671,1,1,0,0,0,0,0,0,0,0,0,945,303.71,800,FALSE,0,0,0,0,0
56e90e3c7267782febe35754806ce3f63b527485,1501990659,3,11,13,0.783055,19,19,0,7,1066.26,51.15,4.23,944,302.72,332,TRUE,0,0,0,0,0
713d2aed93586a7c11fc2c8beeaa0c03c6f565c9,1501929765,1,1,13,0.617734,51,51,1,13,467.92,213.23,10.54,0,0,0,TRUE,0,0,0,0,0
e0aa8bf74eed76df4e5cf02005233d9de2401348,1501820810,1,1,0,0,0,0,0,0,0,0,0,943,302.35,798,FALSE,0,0,0,0,0
85770a71fc3f3c7f3a1efe3e01d9f0c5fd68f82e,1501820759,1,1,0,0,0,0,0,0,0,0,0,942,301.35,797,FALSE,0,0,0,0,0
daf66beda49ebac6086b81dd1896a34395306a71,1501752809,1,1,1,0,1,1,1,3,157.84,55,18,0,0,0,FALSE,0,0,0,0,0
b2af1018215540964390aab0c739c1e688865122,1501731164,1,1,0,0,0,0,0,0,0,0,0,941,300.68,796,FALSE,0,0,0,0,0
3eb16c233c5bf76fb12558101565971372693c73,1501731047,1,1,0,0,0,0,0,0,0,0,0,940,299.68,795,FALSE,0,0,0,0,0
582381bcebf2a2344e7e054eed9606cc2221dd97,1501088986,1,1,0,0,0,0,0,0,0,0,0,939,301.03,794,FALSE,0,0,0,0,0
04beebb2c087e3b9795d6f1c3d0bd1112bf1f244,1501084362,1,1,0,0,0,0,0,0,0,0,0,938,300.05,793,FALSE,0,0,0,0,0
a24fd0ca6cfd29329444fddf678bcdd1c08e56ae,1500549844,2,2,2,0.503679,110,4,0,27,-43.42,598.5,165.5,0,0,0,TRUE,0,0,0,2,1
1adee79e636400c734f2307c1ef4fb0fff5db92b,1498881481,1,1,0,0,0,0,0,0,0,0,0,937,307.33,792,FALSE,0,0,0,0,0
bd5951e603c16c1db779a76bc5e500c243f96cf8,1498881078,1,1,0,0,0,0,1,0,0,0,0,936,306.33,791,FALSE,0,0,0,0,0
deffce5704913df9e6b00aca5536345610222417,1498880832,2,2,1,0,2,1,0,3,395.39,46,8,935,305.33,476,FALSE,0,0,0,0,0
43dff4ceb3446397aa3fe8c48b2de67b9e76a031,1498556888,1,1,0,0,0,0,1,0,0,0,0,0,0,0,FALSE,0,0,0,0,0
48777dc37774eaa2c328a1d9bb9541dfa47ca90f,1496617950,1,1,0,0,0,0,0,0,0,0,0,934,313.25,789,FALSE,0,0,0,0,0
9467a392e33ad1575f2d76aad5fc19f9290d6cd6,1496617765,1,1,0,0,0,0,0,0,0,0,0,933,312.25,788,FALSE,0,0,0,0,0
d9d09b8b9041504b645f3173ca70ef173c7e1563,1495130667,2,2,1,0,21,14,0,12,-79.43,298,85,0,0,0,FALSE,0,0,0,0,0
5e16f400f17ca4bac48226446b09299e392db3b2,1495124308,2,2,2,0.87387,5,6,0,4,795.3,32.5,5,4,3.99,2.5,FALSE,0,0,0,0,0
9f019c8c6966736803a65eb4a96d0e7e87e85ede,1495036527,1,3,3,1,15,3,0,5,735.81,48,9,3,3,3,FALSE,0,0,0,0,0
cf37240e7306c5085f3d2a232a4649279d020667,1495012238,1,1,1,0,1,1,1,1,981.4,51,3,2,2,2,FALSE,0,0,0,0,0
60f87f8074c28a1727305530058d8c2c9596387c,1495011850,1,1,0,0,0,0,1,0,0,0,0,1,1,1,FALSE,0,0,0,0,0
fde8f647d368df1dc62d55ce4d68370ef3eb0a49,1495008049,2,2,2,0.57938,3,3,1,4,730.18,61,6,0,0,0,FALSE,0,0,0,0,0
6da454c7fb37e68ed65ffe0371aa688b89f5bd6e,1495001651,1,1,0,0,0,0,0,0,0,0,0,932,317.93,787,FALSE,0,0,0,0,0
5cf473dc5d51c66a0cd373f4eca469505dfa4f32,1495001330,1,1,0,0,0,0,1,0,0,0,0,931,316.93,786,FALSE,0,0,0,0,0
65494692c2d83bb99586166afe463ba1177dbbdb,1495000651,1,1,0,0,0,0,0,0,0,0,0,930,315.93,785,FALSE,0,0,0,0,0
bc2986fe59c233ac58d981e620fddd4c58b55c9b,1495000596,1,1,0,0,0,0,0,0,0,0,0,929,314.93,784,FALSE,0,0,0,0,0
58cfc9911b5f1e67397ba481535320a1c3b9e954,1495000037,1,1,0,0,0,0,0,0,0,0,0,928,313.93,783,FALSE,0,0,0,0,0
ad4456c491fc2ecd8358fd3958da5c0a95c2c3ab,1494999994,1,1,0,0,0,0,0,0,0,0,0,927,312.93,782,FALSE,0,0,0,0,0
1ba9a9ac23e48cc7295a53919953e1b3f0b0ea7f,1494998901,1,1,0,0,0,0,0,0,0,0,0,926,311.94,781,FALSE,0,0,0,0,0
5ea2a8ff8e78349484d2887db2f10a94ec79b8d7,1494818953,1,1,0,0,0,0,0,0,0,0,0,925,311.66,780,FALSE,0,0,0,0,0
ae0b630ac7e8f34e4ea37285f30db4b52adf8436,1494447835,3,3,2,0.884014,21,3,1,26,420.75,590.5,162.5,0,0,0,FALSE,0,0,0,2,0
de41c0bfa4fc9ff78fb5f0f72daf5e83e53a93ae,1494362120,1,1,1,0,1,1,1,25,75.57,1071,318,0,0,0,FALSE,0,0,0,0,0
a13938eed7b67ce13b86a45c7b0f2ae766a3166d,1493319098,1,1,1,0,58,0,0,3,317.64,46,8,0,0,0,FALSE,0,0,0,0,0
1b6e7004b7e46a7c9fd3f53cd408debbcb689367,1493269918,1,1,0,0,0,0,0,0,0,0,0,924,317.05,779,FALSE,0,0,0,0,0
2d1dade36a867dcd68a2169270d524d73a3b92eb,1493265657,1,1,0,0,0,0,0,0,0,0,0,923,316.07,778,FALSE,0,0,0,0,0
df4f2719db909ab333d8173f57a96bc213680c2a,1493264981,1,1,0,0,0,0,0,0,0,0,0,922,315.07,777,FALSE,0,0,0,0,0
715401478516c39ea9b2f855d4109d7d6e1131e0,1491428529,3,3,3,0.828337,75,5,0,28,429.13,549,112.67,0,0,0,FALSE,0,0,0,0,0
c087a45b9cc3eb69c777e260ee880758b6e03a40,1490965048,1,2,2,0.507374,10,10,1,15,34.62,343.5,112.5,0,0,0,FALSE,0,0,0,0,4
347d4db3cac2979d639cb2be161ba01c9b2336d2,1490756192,1,1,0,0,0,0,0,0,0,0,0,921,324.92,776,FALSE,0,0,0,0,0
aabf7802a979f44cf75ffac2978724935d064fec,1490345583,1,1,0,0,0,0,1,0,0,0,0,7,6.64,2,FALSE,0,0,0,0,0
8acaa9a3ea209be604e73477445c991e842ffe9e,1490163126,1,1,0,0,0,0,1,0,0,0,0,920,326.61,775,FALSE,0,0,0,0,0
dbf092d3ea5aefd65815ca022ab9e89246cd67b9,1490163043,1,1,0,0,0,0,0,0,0,0,0,919,325.61,774,FALSE,0,0,0,0,0
19a2eeb47697feecae5960a726fb5b7ae2c7644b,1490133222,1,2,3,0.27971,11,10,0,6,241.31,253.33,11,0,0,0,FALSE,0,0,0,0,0
2189ff14a9ba5ff2109412edd7009fcf5bc802f3,1489956358,1,1,0,0,0,0,0,0,0,0,0,918,325.55,773,FALSE,0,0,0,0,0
1b6ad080952f026fc7913beb84176519658ee07b,1489549999,1,1,0,0,0,0,1,0,0,0,0,917,326.4,772,FALSE,0,0,0,0,0
a1fffda3f2c879dac1b2ba7a28c457957768e874,1489549589,1,1,0,0,0,0,0,0,0,0,0,916,325.4,771,FALSE,0,0,0,0,0
3763d73a1f6663460b32e600b8fc892075e069c5,1488990678,2,5,2,0.310917,5,5,1,4,504.49,66.5,10,6,5.92,2.5,FALSE,0,0,0,0,0
245fa8942a4478862b7a620c6ce66f55311c556e,1488984763,1,4,1,0,1,1,0,5,2.84,54,17,5,4.92,3,FALSE,0,0,0,0,0
f44368f8bede4ffc56929b183d6d5508e222a949,1488983563,1,2,1,0,6,5,0,1,1015.43,152,7,4,3.92,2,FALSE,0,0,0,0,0
64dd446aa85a3fc28bd4662626593f29a45689f6,1488982239,1,1,0,0,0,0,0,0,0,0,0,3,2.92,0,FALSE,0,0,0,0,0
21f725e0ef9e1e9a8ea51e8486e9cadeae956774,1488807838,1,1,0,0,0,0,0,0,0,0,0,915,327.8,770,FALSE,0,0,0,0,0
e5dbb0cb4e3a1a8cb7278e889d09156ec34d13e4,1488807602,0,0,0,0,0,0,0,0,0,0,0,914,326.8,0,FALSE,0,0,0,0,0
d43b074f0b3b56a91f240e62798c932ba104b79a,1488807278,1,1,0,0,0,0,0,0,0,0,0,913,325.81,769,FALSE,0,0,0,0,0
05fd1e444198954c1e275d485bccabafed052868,1488807217,1,1,0,0,0,0,0,0,0,0,0,912,324.81,768,FALSE,0,0,0,0,0
85c96fd64edad8ce076bb82c065ef0c9fea6c559,1488807133,1,1,0,0,0,0,0,0,0,0,0,911,323.81,767,FALSE,0,0,0,0,0
d32ed68b2995e0322100ace29d86e7a86b9c6378,1488773972,1,1,0,0,0,0,0,0,0,0,0,910,322.96,766,FALSE,0,0,0,0,0
8eb95ae57973b2cbe7778bc2e10450a380ca2efe,1488739462,1,10,10,0.569274,42,31,0,9,479.22,68.8,15.3,0,0,0,FALSE,0,0,0,0,0
eece3850bc5206c28bfac78c986fbe0c193b34b8,1488739462,1,1,4,0.320647,64,43,0,6,745.63,385,19.25,1,1,0,FALSE,0,0,0,0,0
67168fe231445a82dc1e8dde6a93ee9441be28c1,1488690496,1,1,0,0,0,0,1,0,0,0,0,909,322.33,765,FALSE,0,0,0,0,0
c0089d971b9880b17c652bfde95cc4f36fd8aaf8,1488690419,1,1,0,0,0,0,0,0,0,0,0,908,321.33,764,FALSE,0,0,0,0,0
dc8acc8676bed4aa4afa391ee312baa497d680e2,1488690287,1,1,5,0.508089,19,42,0,13,654.97,345.2,22.6,907,320.33,164,FALSE,0,0,0,0,0
a3a9166c521008576da724e83221c05a1aa92245,1488412289,1,1,0,0,0,0,0,0,0,0,0,906,320.56,763,FALSE,0,0,0,0,0
501e24e0a941fb43b1d0b4a0363386111535cd31,1488409904,0,0,0,0,0,0,0,0,0,0,0,905,319.57,0,FALSE,0,0,0,0,0
6d9b1279899cbc1fbaa2b98a2ab118a2c3081778,1488408253,1,1,0,0,0,0,0,0,0,0,0,904,318.57,762,FALSE,0,0,0,0,0
504a51c040f22c80c7e52377c0ef00b1c8b2a76b,1488406938,1,1,0,0,0,0,0,0,0,0,0,903,317.58,761,FALSE,0,0,0,0,0
7f96896f67ba14e5a2f5be4fc5496584ce682b24,1488406670,1,1,0,0,0,0,0,0,0,0,0,902,316.58,760,FALSE,0,0,0,0,0
f59de6ae3d0c142a95e4f47dedf9770efe198ae6,1488406581,1,1,0,0,0,0,0,0,0,0,0,901,315.58,759,FALSE,0,0,0,0,0
72475543bcf61868e32ba2f4053cf42707a4b55d,1488406569,1,1,0,0,0,0,0,0,0,0,0,900,314.58,758,FALSE,0,0,0,0,0
146a13ede7c81d0131468e99b29d06940727bfea,1488406557,1,1,0,0,0,0,0,0,0,0,0,899,313.58,757,FALSE,0,0,0,0,0
7027b37764050c550366e808ea84fee1c58233ed,1488335893,1,1,1,0,1,1,0,11,474.1,662,138,0,0,0,FALSE,0,0,0,0,0
51f52901eb1f00571e18d404e10b27310215234c,1488135587,3,3,2,0.37467,42,5,1,10,1.8,585,73.5,898,313.72,360,FALSE,0,0,0,4,0
8b6dc6ceec1b36e74ee9c6d362aa04e46237c227,1488134735,2,2,3,0.75,4,4,1,13,206.81,348.67,53,897,312.72,457.5,FALSE,0,0,0,0,0
081b811b100a54e26e46aec64e0effd12cdd5053,1488133941,2,2,1,0,11,4,0,4,3.6,174,19,896,311.73,456.5,FALSE,0,0,0,5,0
1f71fae23be00f44bdfef212cc16868dd8cd5954,1488133278,1,1,1,0,24,0,0,9,7.63,1034,63,895,310.73,162,TRUE,0,0,0,0,0
4012846d2534addd8de0b0c237cd63ada104109a,1488116306,1,2,3,0.627734,21,10,0,2,667.18,25.67,1.67,2,2,1,FALSE,0,0,4,0,0
57d3dfd9f828c4529fa90dde4b3d216898181e99,1488115599,1,7,3,0.223755,6,59,0,3,528.67,38.67,14,1,1,0,TRUE,0,0,0,0,0
b4550fbe7a154d3fb9e935935e266a9eca9a4d69,1488114755,1,1,1,0,2,2,0,13,3.26,644,217,0,0,0,FALSE,0,0,0,0,0
acc4a619d93c86b526af9d850407464f8e404b8f,1488069099,1,1,0,0,0,0,0,0,0,0,0,894,309.99,753,FALSE,0,0,0,0,0
1b43166fcafceedf50d588abf09224d33cc93507,1488063214,1,1,0,0,0,0,0,0,0,0,0,893,309.02,752,FALSE,0,0,0,0,0
efd7032f71f3ef18060a100edc4aa11f4c912dde,1487948743,1,1,0,0,0,0,0,0,0,0,0,2,1.98,2,FALSE,0,0,0,0,0
6022567c754a8f1d0b117168b67324da7200fa3c,1487833018,2,4,3,0.437767,18,9,0,18,387.6,444.33,110.33,892,308.95,454.5,TRUE,0,0,0,0,3
12ff56e1e44eb0126d777205b53c31c247ee9293,1487832769,2,2,3,1,28,8,0,32,206.58,559.67,182.33,891,307.95,453.5,FALSE,0,0,0,0,0
668f545fd4f69cb27dccc6c2d7a21c1637e84933,1487824977,3,3,2,0.495023,29,5,0,10,426.51,572.5,72,890,306.98,355.333,FALSE,0,0,0,8,1
7bc5f1af968175ddb492cc436a37fc53a8026175,1487822976,1,1,1,0,15,17,1,4,613.33,176,18,889,305.99,155,FALSE,0,0,0,0,1
8de1230d039f4391a8c7227e8ce702f280b72e33,1487822600,1,1,1,0,0,5,0,10,569.28,645,132,888,304.99,154,FALSE,0,0,0,0,0
a9f15aaefc396b487f18d583b1a3c39ee53e1db6,1487747466,1,1,0,0,0,0,0,0,0,0,0,887,304.29,748,FALSE,0,0,0,0,0
f87abb34934c21926f0315162159e4acf7d7dae8,1487644762,3,3,3,0.409223,9,5,0,12,696.9,201.67,54.33,886,303.69,353.333,FALSE,0,0,0,2,0
cd7d241a5d07eb8fa3df025e96759ee15800e661,1487644159,1,1,0,0,0,0,0,0,0,0,0,885,302.69,746,FALSE,0,0,0,0,0
06f423d4f56bad350690ebf0f9fe7b79961dbc96,1487637285,3,3,2,0.293634,0,42,0,5,494.28,85.5,62,1,1,1,FALSE,0,0,0,0,0
4420a7bd94f811e4e40caa5fcf5b67ecae779d2f,1487633142,1,1,0,0,0,0,0,0,0,0,0,884,301.73,745,FALSE,0,0,0,0,0
3e3d35777d3e3081b33ce7d50c8a5c855b450534,1487628561,1,1,1,0,83,27,0,2,263.96,48,3,883,300.75,159,FALSE,0,0,0,1,0
eb326d7ecb52a555f08aba4ebf8744512db1240b,1487627715,1,1,1,0,139,74,0,2,1080.89,103,6,882,299.75,158,FALSE,0,0,0,0,0
034165caeb558560c19a0b3105d913c11999cdd0,1487626353,3,3,2,0.925787,9,10,0,25,251.76,636,166.5,0,0,0,FALSE,0,0,0,0,0
9f4dbae083264898a65ee2d187b1ae0302814148,1487476144,2,2,2,1,16,16,0,8,273.71,323,35.5,881,299.32,450.5,FALSE,0,0,0,0,0
f2bbd10ae7abadae174b3cf9beb5d944dea4a90b,1487474272,1,1,0,0,0,0,0,0,0,0,0,880,298.33,743,FALSE,0,0,0,0,0
92c859dd055646077607619a2df79243bc8a431f,1487474098,2,2,1,0,1,1,0,9,12.63,1034,62,879,297.33,449,FALSE,0,0,0,0,0
906164b204efa1e27af16468ad2cd2b1532212b0,1487226231,1,1,0,0,0,0,0,0,0,0,0,878,297.24,741,FALSE,0,0,0,0,0
c63424a0a11a29c067dd0e6ae284d6d821917f32,1487226137,1,1,0,0,0,0,1,0,0,0,0,877,296.24,740,FALSE,0,0,0,0,0
bbed8021c6f634b5eeec52f0f70666f76c78e918,1487224726,1,1,0,0,0,0,0,0,0,0,0,876,295.25,739,FALSE,0,0,0,0,0
7ef92f8a171aeb7c90260a0ba92015862da1a0eb,1487223777,1,2,1,0,0,64,0,2,995.07,64,5,875,294.25,31,FALSE,0,0,0,0,0
034f261fea1eed22d79706ef3c29666acc5fce4a,1487219777,2,2,2,0.15876,3,51,0,3,846.92,89,20,874,293.27,384,FALSE,0,0,0,0,0
f3a47e39a4aeaba36c4881ccafbe12262278e9f4,1487207937,1,1,0,0,0,0,0,0,0,0,0,2,2,2,FALSE,0,0,0,0,0
c48014fde8682f59c2fff8f0ae4655daf8de3b0d,1487207646,1,1,0,0,0,0,1,0,0,0,0,1,1,1,FALSE,0,0,0,0,0
1678613db165126306bd79ca6bda310c5cf9bb62,1487206933,1,1,0,0,0,0,0,0,0,0,0,0,0,0,FALSE,0,0,0,0,0
abd1de73c14985c884d11fb35aff5f4b17381e23,1486382999,1,1,1,0,1,1,1,8,81.21,1034,61,0,0,0,FALSE,0,0,0,0,0
fb3946f4549395b2f0d3a166ef74eb407d11549b,1486259687,1,1,2,0.210758,14,14,1,5,441.53,426,23.5,873,295.72,155,FALSE,0,0,0,0,0
4f291e7d55d6093ecc4a99d88c785dee22d6d125,1485991706,1,1,1,0,11,14,0,3,795.26,103,30,0,0,0,FALSE,0,0,0,0,0
94377f681d66efff100aa2a9086398b0df5688f8,1485941176,1,1,1,0,1,1,0,11,243.22,502,154,0,0,0,FALSE,0,0,0,0,0
c8d9223e93ee0c08490e4840f3278314ccb221a5,1485660089,1,1,0,0,0,0,0,0,0,0,0,872,296.9,737,FALSE,0,0,0,0,0
4b39a01e6ad736bfa4c80ce2a80c787dd1bd41e1,1485658613,1,1,0,0,0,0,0,0,0,0,0,871,295.91,736,FALSE,0,0,0,0,0
ad4d52de29e0bca3ed74ec721773a9e0ac72b420,1485658532,1,1,0,0,0,0,0,0,0,0,0,870,294.91,735,FALSE,0,0,0,0,0
07077c44570b4f4faf27b9c92e6d22e81c0d11fb,1485658482,1,1,0,0,0,0,0,0,0,0,0,869,293.91,734,FALSE,0,0,0,0,0
bcbb9d56c57ab7ad20b3be52fe8191145ab48016,1485655356,0,0,0,0,0,0,0,0,0,0,0,868,292.92,0,FALSE,0,0,0,0,0
0437c513f2dbc8d1dfc5a3e35fe35182bd3a671e,1485642084,1,1,0,0,0,0,0,0,0,0,0,867,291.97,733,FALSE,0,0,0,0,0
1f70b76c453e9550545e9a5a91a97d5d0dba3e32,1485640594,1,1,0,0,0,0,0,0,0,0,0,866,290.97,732,FALSE,0,0,0,0,0
0b39fa2f7c5a68c956019eff01c002968e8966db,1485639640,1,1,0,0,0,0,0,0,0,0,0,865,289.97,731,FALSE,0,0,0,0,0
0d6c64fdfd0bd6031dc23df2c5f9abdf6e4bbb11,1485489245,1,1,0,0,0,0,0,0,0,0,0,864,289.49,730,FALSE,0,0,0,0,0
c238aca43875fe804df1e7e076dd3f63211f2e02,1485488888,1,1,1,0,0,31,0,2,974.99,31,4,863,288.49,29,FALSE,0,0,0,0,0
6b506d801a731eb079fc0f442d25a7398b5f1a5b,1485488032,1,1,1,0,1,0,1,3,718.17,77,9,862,287.49,28,FALSE,0,0,0,0,0
dc48f27f607f59b187bd21ab3a84a82d2638f1eb,1485487539,1,1,0,0,0,0,0,0,0,0,0,861,286.5,729,FALSE,0,0,0,0,0
8e14e06ebf45bd88b92ce9e84d4ffed3634c5097,1485272420,1,1,0,0,0,0,0,0,0,0,0,860,286.21,728,FALSE,0,0,0,0,0
572657ee4a63b95d7522232dcc74a5012eb4239e,1485186191,1,1,0,0,0,0,0,0,0,0,0,859,285.5,727,FALSE,0,0,0,0,0
cfae537d3b37c73090634dd1dec7b10d6e9b920d,1484978717,1,1,0,0,0,0,0,0,0,0,0,858,285.18,726,FALSE,0,0,0,0,0
a3d635309cab51fc04730be06efcb31f83d0c444,1484978452,1,1,0,0,0,0,0,0,0,0,0,857,284.18,725,FALSE,0,0,0,0,0
a2e323a012de8415df58bd23ccb235bb0e0094c2,1484978369,1,1,0,0,0,0,0,0,0,0,0,856,283.18,724,FALSE,0,0,0,0,0
e73913b5837f615eaedde6a7005ffae5d09a3bff,1484977588,1,1,0,0,0,0,0,0,0,0,0,855,282.18,723,FALSE,0,0,0,0,0
ddc93aa0e20e1a802dccc80dd4a84c5763306531,1484977186,1,1,0,0,0,0,0,0,0,0,0,854,281.18,722,FALSE,0,0,0,0,0
d1d9631b97b64c7f98f4ad2d0ba61014865b1d49,1484921153,1,1,0,0,0,0,0,0,0,0,0,0,0,0,FALSE,0,0,0,0,0
1a17888073790f5567fdb9f9e270fab6904abf97,1484721145,1,1,0,0,0,0,1,0,0,0,0,0,0,0,FALSE,0,0,0,0,0
fefd7290376ca865e348d747592543a119a2ff98,1482690495,2,2,1,0,3,1,1,2,554.06,173,92,0,0,0,TRUE,0,0,0,0,0
f6dca56e72bc8df794bb98fec14a0875323c0569,1480741726,1,1,0,0,0,0,0,0,0,0,0,853,294.22,721,FALSE,0,0,0,0,0
6210e47cb664714efac017b9e1987f867ae5f804,1480741487,1,1,0,0,0,0,0,0,0,0,0,852,293.22,720,FALSE,0,0,0,0,0
1bcc9b1236197ac78f64e6cc1a7baf2c97d36395,1480735144,1,1,0,0,0,0,0,0,0,0,0,851,292.24,719,FALSE,0,0,0,0,0
421ad5aaaa46ca5b2654bd75d9ec2bd62eed68b5,1480734753,1,1,0,0,0,0,0,0,0,0,0,850,291.24,718,FALSE,0,0,0,0,0
505f8482f2a2d41be856662db41265a7b190ca65,1480734586,1,1,0,0,0,0,0,0,0,0,0,849,290.24,717,FALSE,0,0,0,0,0
bd47aeb88d28c6cff6e2d8e5378ec73c262e039f,1479366794,1,1,6,0.759176,10,10,1,7,781.53,221.17,12.17,0,0,0,FALSE,0,0,0,0,0
6723b4419abacba00b73c466edb338e331e9ffe8,1471984612,1,1,1,0,20,0,0,4,71.75,735,42,0,0,0,FALSE,0,0,0,0,0
305f982bd734da5ee74abba9c270905a8f4aa484,1469967245,1,1,1,0,4,3,0,2,856.83,40,5,0,0,0,FALSE,0,0,0,0,0
1dbfee66235c6a4e2f8e440264f71f31ddbe75d4,1466397454,0,0,0,0,0,0,0,0,0,0,0,848,347.93,0,FALSE,0,0,0,0,0
9375a9afa9d7baa814b454c7a6818a7471aaef00,1466089424,1,1,0,0,0,0,0,0,0,0,0,847,348.49,716,FALSE,0,0,0,0,0
14cf9c563679566bef9a396bfa9702776bfc1b48,1466028968,1,1,0,0,0,0,0,0,0,0,0,846,347.79,715,FALSE,0,0,0,0,0
605983fd0e838f9ddb9d85f4e1950f0ce5bed83d,1466028810,1,1,0,0,0,0,0,0,0,0,0,845,346.79,714,FALSE,0,0,0,0,0
e06766c573ba3784798fc9b8775cea1304e34427,1466028739,1,1,0,0,0,0,0,0,0,0,0,844,345.79,713,FALSE,0,0,0,0,0
76eaa326ee8c4dda05568c6452286a16adb84c0b,1465874609,3,3,3,0.471594,61,10,1,26,60.7,422.33,111,843,345.56,339.333,FALSE,0,0,0,0,0
c12cc8839277dcb3956558865f0cd241e8d08883,1465872667,1,1,0,0,0,0,0,0,0,0,0,842,344.57,711,FALSE,0,0,0,0,0
23c22ce3fe2c298add7c06ac881ce0f17f73a6be,1465872618,1,1,0,0,0,0,0,0,0,0,0,841,343.57,710,FALSE,0,0,0,0,0
791cabf9390a029c5ad9b63eae8145c3c73f204e,1465785500,1,1,0,0,0,0,0,0,0,0,0,840,342.99,709,FALSE,0,0,0,0,0
fc40702cb70e39565263d64d962d3b8164fb3621,1465785224,2,2,1,0,22,0,0,4,33.42,713,41,839,341.99,430.5,TRUE,0,0,0,0,0
c762b16f62e2c9f5de33481c250ef6f94a99eb7f,1464926854,3,3,2,0.377073,33,1,1,11,410.56,264.5,78.5,838,345.2,336.667,FALSE,0,0,0,1,1
5d642af8c34c49b54b1ea2f9a300440ec5656fef,1464822816,3,3,2,0.639571,20,5,0,11,371.42,263.5,76.5,837,344.71,335.667,FALSE,0,0,0,0,0
7fcf1d7d5b021d4c285f377d99e0d40dbf26a9b1,1464822242,1,1,1,0,14,14,0,11,303.07,489,151,836,343.71,149,FALSE,0,0,0,0,0
7ee41cc23f2f7237ad8e3b1cfbad03900f14314d,1464821651,1,1,0,0,0,0,0,0,0,0,0,835,342.72,705,FALSE,0,0,0,0,0
8ddab697cc1d7b4c3d6d24b8e265be116ddccc0b,1464816670,2,2,1,0,4,4,0,3,331.67,120,5,834,341.74,427,FALSE,0,0,0,0,0
d03868965858af94a712fbd4ad68827023199462,1464816426,1,1,0,0,0,0,0,0,0,0,0,833,340.74,703,FALSE,0,0,0,0,0
c9531ac1f19a2bab4af819bfab6cb6dfab49e101,1464816248,1,1,0,0,0,0,0,0,0,0,0,832,339.74,702,FALSE,0,0,0,0,0
98224d2c4f60708dcd6cb43bc50654ab804665d2,1464816135,1,1,0,0,0,0,0,0,0,0,0,831,338.74,701,FALSE,0,0,0,0,0
2e1284beb6210444932d050b9d31d3908afb7591,1464756987,3,3,2,0.57938,2,1,1,11,174.3,197,47,0,0,0,FALSE,0,0,0,5,0
999546dfdeb874c20b360ad58346ed07917f3ac0,1464719300,2,3,2,0.115431,3,9,0,11,316.21,175.5,41.5,830,338.2,424,FALSE,0,0,0,5,0
cc25a04d10aace04addb1f4a4a53611f364b86c5,1464719141,1,1,0,0,0,0,0,0,0,0,0,829,337.2,699,FALSE,0,0,0,0,0
c6039af39d6bc50edfbdd7c822c79e97ba86fc4f,1464667974,1,1,0,0,0,0,0,0,0,0,0,828,336.44,698,FALSE,0,0,0,0,0
bdf604a77e8bab6c7f47e85eca77c21b84d5b33e,1464667696,1,1,0,0,0,0,0,0,0,0,0,827,335.44,697,FALSE,0,0,0,0,0
76c56d1ab88dd253e90b39e621dcef20219a7204,1464546327,1,1,0,0,0,0,0,0,0,0,0,826,335.01,696,FALSE,0,0,0,0,0
2cf830b29e7260afe1e414a80850a014556ba429,1464059921,1,1,0,0,0,0,0,0,0,0,0,825,336.27,695,FALSE,0,0,0,0,0
e5502690d2db1b2ca9f78d0025176b29d834c3ba,1464059752,1,1,0,0,0,0,0,0,0,0,0,824,335.27,694,FALSE,0,0,0,0,0
31dd549f350accd7b4e3685c13f745e857557827,1464058993,1,1,1,0,5,0,0,2,670.23,238,6,823,334.27,149,FALSE,0,0,0,0,0
e3dd191d54a0a4adfb906af4b12e5fdc4627a2d3,1464058843,1,1,1,0,6,10,0,2,726.95,45,13,822,333.27,27,FALSE,0,0,0,0,0
fd48bfe8fe0f8d0cfd3c58475bb89deabb9edb36,1464058045,1,1,0,0,0,0,0,0,0,0,0,821,332.28,693,FALSE,0,0,0,0,0
d7ae24228dbce8d8e384aa9f9e054fc24d4309eb,1464057888,1,1,0,0,0,0,0,0,0,0,0,820,331.28,692,FALSE,0,0,0,0,0
992cd085fb4af69ec838d42b3f51d44c9d852968,1464057686,1,1,0,0,0,0,0,0,0,0,0,819,330.28,691,FALSE,0,0,0,0,0
20a25489de13f3726d68c606411861a73acfa6b5,1464057599,1,1,0,0,0,0,0,0,0,0,0,818,329.28,690,FALSE,0,0,0,0,0
741a5aac9cf287ce4072e3e458c2bbaab0bca355,1464055951,1,1,0,0,0,0,0,0,0,0,0,817,328.28,689,FALSE,0,0,0,0,0
3d56e7374d7d1e812c7851eacb7593bd41963a23,1463087923,1,1,0,0,0,0,0,0,0,0,0,0,0,0,FALSE,0,0,0,0,0
8931b2311a096515a59398702c8898d88d21515c,1462898536,1,1,0,0,0,0,0,0,0,0,0,816,332.46,688,FALSE,0,0,0,0,0
12bc16e72fe34ce7e3658679b694e47dce56ae7a,1462898066,1,3,10,0.574353,81,127,0,13,480.56,211,13.7,815,331.46,148,FALSE,0,0,0,0,0
bb84cf955f5f84edc8938c00ec8590599861abca,1462437280,1,1,1,0,16,0,0,3,560.55,173,26,0,0,0,FALSE,0,0,0,0,0
a856456a956f294d24b37710d0e6971897c97b5b,1457961060,3,3,2,0.87387,2,9,0,18,-74.37,527,162,5,4.93,4.33333,FALSE,0,0,0,0,0
e3bd14dcca6128afc8ba7f11a4f7e2b34923d66e,1457958755,3,3,3,0.47169,10,42,0,19,-480.55,565.33,120.67,4,3.93,3.33333,FALSE,0,0,0,1,0
71395f59337e8d5b5b3d4c9652a9332a9432af26,1457957413,3,3,2,0.734496,2,23,0,19,-171.7,574.5,173.5,3,2.93,2.33333,FALSE,0,0,0,1,1
ab1c9e924e3e0def80224d8ed6cb995978c88ed8,1457956881,3,3,2,0.791984,1,25,0,19,-28.59,632.5,165,2,1.93,1.33333,FALSE,0,0,0,1,0
25fdefac45f0569a19fbd0e1baf07737ef232766,1457956058,3,3,2,0.791984,1,25,0,19,306.65,560,168,1,0.93,0.333333,FALSE,0,0,0,1,0
f3d99a4fdbe1531ea609e92c4d4ae6c269d78c7a,1456773974,1,1,0,0,0,0,0,0,0,0,0,0,0,0,FALSE,0,0,0,0,0
dd2b8977747203343b37318a34b221d481e789e8,1456368374,1,2,2,1,6,0,0,3,633.31,39.5,8,0,0,0,FALSE,0,0,0,0,0
f90f9dde3fe02cd9f4b081c16441415817b297b0,1456093355,2,2,1,0,15,2,0,23,202.04,1053,314,0,0,0,FALSE,0,0,0,0,0
1a99bb051947fbf06b6b415bba06f8c83247c0d1,1455557135,1,1,0,0,0,0,0,0,0,0,0,0,0,0,FALSE,0,0,0,0,0
05136550c7fa9d7671a03960cc86a717f0964d21,1455146506,1,1,0,0,0,0,1,0,0,0,0,814,369.59,687,FALSE,0,0,0,0,0
b5a280111f94728e70aa1a22687e64aaf31abd81,1455056732,1,1,1,0,1,1,1,21,234.12,1053,312,0,0,0,FALSE,0,0,0,0,0
4bcbf67482471ac096fb39bf076ba5d40c0fe4da,1454939543,1,1,0,0,0,0,0,0,0,0,0,0,0,0,FALSE,0,0,0,0,0
8a387d3ede7bd0e040c7b19def0007040b25d5f9,1453429704,1,1,0,0,0,0,0,0,0,0,0,813,378.6,686,FALSE,0,0,0,0,0
943f28f05f11f789e4156bf7dcb37f548c96b6aa,1453429563,1,1,0,0,0,0,0,0,0,0,0,812,377.6,685,FALSE,0,0,0,0,0
7cafdb5824a15a26fe10a3599f26ab84698093d8,1453429387,0,0,0,0,0,0,0,0,0,0,0,811,376.6,0,FALSE,0,0,0,0,0
193bed2649c55c1fd362e46cd4702c773f3e7434,1453428645,1,1,0,0,0,0,0,0,0,0,0,810,375.61,684,FALSE,0,0,0,0,0
e7a02f6a256a06b670fec65bc1460bc858c9e60e,1453427993,3,4,3,0.75,4,4,0,5,532.73,88,6,809,374.61,285.333,FALSE,0,0,0,0,0
68474059742afae6bbcf60dafaccfa7a648e1de0,1453269489,1,1,0,0,0,0,0,0,0,0,0,808,374.54,682,FALSE,0,0,0,0,0
f627ca8d0b434c8c0b8c66b82a453a49220d8a1f,1453269416,1,1,0,0,0,0,0,0,0,0,0,807,373.54,681,FALSE,0,0,0,0,0
e83eab85e4c97a51088822c1bc4bb8a1faf06f88,1453087033,1,1,0,0,0,0,0,0,0,0,0,806,373.61,680,FALSE,0,0,0,0,0
1589ce215348197f4c6a19effe7a07feff991c1d,1453074684,1,1,0,0,0,0,0,0,0,0,0,805,372.68,679,FALSE,0,0,0,0,0
547ea368c2e1b915ed3ff1d844978d754b11c0ee,1453071659,1,1,0,0,0,0,0,0,0,0,0,804,371.69,678,FALSE,0,0,0,0,0
8eee818e0b697f85418d5eee9a86ab3a8e45105f,1453006707,1,1,0,0,0,0,0,0,0,0,0,803,371.07,677,FALSE,0,0,0,0,0
7c8456fcde6006faceab1fca659b088c7a915207,1453006627,1,1,0,0,0,0,0,0,0,0,0,802,370.07,676,FALSE,0,0,0,0,0
53ee474c442e268abae9bea5b49f68464bf61f4e,1453006569,1,1,0,0,0,0,0,0,0,0,0,801,369.07,675,FALSE,0,0,0,0,0
bd118c47dfdbc05a57cc10d4b791cdb91a203a7f,1453006481,1,1,0,0,0,0,0,0,0,0,0,800,368.07,674,FALSE,0,0,0,0,0
f2cf28c2f3c0a3b5d5ab976a148a83f7e763ae18,1452720728,1,1,0,0,0,0,0,0,0,0,0,0,0,0,FALSE,0,0,0,0,0
e44f024dab675fbfa493136aa6305f093d7d2055,1450469433,1,1,0,0,0,0,0,0,0,0,0,799,382,673,FALSE,0,0,0,0,0
249323919211fbb83363da09adaaf7060a123534,1450469374,1,1,0,0,0,0,0,0,0,0,0,798,381,672,FALSE,0,0,0,0,0
c73b1bee51f72fd11ca7afa497f2737399decd57,1450404142,1,1,0,0,0,0,0,0,0,0,0,797,380.4,671,FALSE,0,0,0,0,0
4f8167f23fddc80ecb12cff3a21c610e639fe738,1450403952,1,1,0,0,0,0,0,0,0,0,0,796,379.4,670,FALSE,0,0,0,0,0
c95a1077d21e2fd58e24b4435cb9c40dd4495376,1450403921,1,1,0,0,0,0,0,0,0,0,0,795,378.4,669,FALSE,0,0,0,0,0
7d9350391413aa6cbacaad93271316e2c758501c,1450403764,1,1,0,0,0,0,0,0,0,0,0,794,377.4,668,FALSE,0,0,0,0,0
2b2a1b28f3cf92a27a87f4f8569e9fa3489b783c,1450403492,1,1,0,0,0,0,0,0,0,0,0,793,376.4,667,FALSE,0,0,0,0,0
4416fb2746f01a76e4a4fc94100cdff1107130be,1450203559,1,1,0,0,0,0,1,0,0,0,0,1,0.92,1,FALSE,0,0,0,0,0
23f021a3e1643d72110de30925228350b4454d2e,1450152631,1,1,0,0,0,0,0,0,0,0,0,792,376.9,666,FALSE,0,0,0,0,0
67116cc5e6fa34b64bc7444c65642c188a6ce0db,1449077245,1,1,0,0,0,0,0,0,0,0,0,1,0.42,1,FALSE,0,0,0,0,0
0774548736a00ab380dd648d98ef1a8b415356c5,1447890246,1,1,1,0,8,2,0,4,151.15,176,18,71,25.3,30,FALSE,0,0,0,0,0
42b944295a12e09426bc220aae0cd5c1b2410ae2,1447450509,1,1,0,0,0,0,0,0,0,0,0,0,0,0,FALSE,0,0,0,0,0
60f8e77d66563757a85e489fd2966d9bac3a84d8,1447398280,1,1,0,0,0,0,0,0,0,0,0,0,0,0,FALSE,0,0,0,0,0
9722202df964bfbfc0f579e4baeb5a4e1b43b344,1447373867,3,3,3,0.398849,43,0,0,16,-471.77,641.33,67.33,7,3.36,4.33333,FALSE,0,0,0,2,0
8da51108e7bb501344c537d3f1f846a7477ae329,1447353186,3,3,2,0.15876,36,0,0,31,-112.87,580.5,167,0,0,0,FALSE,0,0,0,2,0
5699d64b99412bb3251d265f272ba25be03fa0d3,1446873339,1,1,0,0,0,0,0,0,0,0,0,791,396.54,665,FALSE,0,0,0,0,0
747fccfb44c61f309e1258959c6c3ad61bdc767c,1446868786,1,1,0,0,0,0,0,0,0,0,0,790,395.57,664,FALSE,0,0,0,0,0
9665aa2153c5eca8b6ccdc22ce43a0934475fae8,1446868624,1,1,0,0,0,0,0,0,0,0,0,789,394.58,663,FALSE,0,0,0,0,0
2f37f4b28d52c3ae18e5e1930ccc776647f86531,1446868269,1,1,0,0,0,0,0,0,0,0,0,788,393.58,662,FALSE,0,0,0,0,0
1a59246746045ff78d31a0cd997d3679010b7f4e,1446868184,1,1,0,0,0,0,0,0,0,0,0,787,392.58,661,FALSE,0,0,0,0,0
963d795d24ee951ce5382ccb0554f8a1960641e2,1446868035,1,1,0,0,0,0,0,0,0,0,0,786,391.58,660,FALSE,0,0,0,0,0
2f96412636ef04c5639e38768de0f2b526f02e32,1446866166,1,1,0,0,0,0,0,0,0,0,0,785,390.59,659,FALSE,0,0,0,0,0
5a4310e9da32bd1dc49977247615be253f56b1f7,1446865787,1,1,0,0,0,0,0,0,0,0,0,784,389.59,658,FALSE,0,0,0,0,0
7a3b5aea11abbae6ce4be9094c3acd74e4af95c2,1445946642,1,1,1,0,14,0,0,4,130.46,559,44,0,0,0,FALSE,0,0,0,0,0
e5ec966b2f068e935ea1b33374fac133dd06cdc8,1440525785,1,1,1,0,1,1,1,12,65.9,643,215,0,0,0,FALSE,0,0,0,0,0
485b6f86ac43814c2b596f14648f8b6e1a373a11,1438640934,2,2,1,0,6,1,0,12,-547.46,502,155,1,1,1,FALSE,0,0,0,0,0
b69b7605b07b41273acc931d25ab585377bcd107,1438636898,2,3,4,0.55292,9,9,0,35,-29.14,621.75,150.75,0,0,0,TRUE,0,0,0,12,2
ef7ad681b245fba023843ce94f6bcb8e275bbb8e,1438578142,1,1,0,0,0,0,0,0,0,0,0,783,450.7,657,FALSE,0,0,0,0,0
11a77a3fffb0476a460c4e68536ce20f5b3c542f,1438578076,3,3,2,0.127043,21,1,1,12,0.01,829.5,90.5,782,449.7,316.333,FALSE,0,0,0,0,0
ee90042d0c4a32a426842e4c1ad5b24b5c0344ac,1438577448,3,3,2,0.639571,22,3,1,12,24.71,820,90,781,448.7,315.333,FALSE,0,0,0,1,0
97b2d70d8adfb4649fd8ca9adc73c47ffcc4bf5b,1438376955,1,1,0,0,0,0,0,0,0,0,0,780,449.45,654,FALSE,0,0,0,0,0
a4fcd91084eaedb36b7c150157236d5d563a4b02,1438376610,1,1,0,0,0,0,0,0,0,0,0,779,448.45,653,FALSE,0,0,0,0,0
a559ca2d58b0fcf9248148baf472460fd08e36ac,1438376577,1,1,0,0,0,0,0,0,0,0,0,778,447.45,652,FALSE,0,0,0,0,0
c398a9903df7e4ce50699d597914e1bd7c7019de,1438376530,1,1,0,0,0,0,0,0,0,0,0,777,446.45,651,FALSE,0,0,0,0,0
1cea9cedec212695b298afcebadc7473a28a98e6,1438376495,1,1,0,0,0,0,0,0,0,0,0,776,445.45,650,FALSE,0,0,0,0,0
9848645a8e2d5b3c02d54cab4070d51710603d3e,1438376182,0,0,0,0,0,0,0,0,0,0,0,775,444.46,0,FALSE,0,0,0,0,0
cb59086305367d9fcd7d63b53cfca1a3e4ef77d7,1438373706,1,1,0,0,0,0,0,0,0,0,0,774,443.48,649,FALSE,0,0,0,0,0
ce087e559ea416a7dc2f5a6e5eb0aa4f6be8ff2c,1438373621,1,1,0,0,0,0,0,0,0,0,0,773,442.48,648,FALSE,0,0,0,0,0
93dd15cd615f29315f68043a453953af37a870dc,1438373589,1,1,0,0,0,0,0,0,0,0,0,772,441.48,647,FALSE,0,0,0,0,0
659c0b154c965f4945e061adcc52c2abf6254dbe,1438140391,1,1,0,0,0,0,0,0,0,0,0,771,442.46,646,FALSE,0,0,0,0,0
09c80bf823e16daafafc2ed013b07c62380a6912,1438140240,1,1,0,0,0,0,0,0,0,0,0,770,441.46,645,FALSE,0,0,0,0,0
e33c5035bb3e96f465e8a6c5678706fcb1bcb236,1438053334,2,2,1,0,12,0,0,7,38.63,986,57,6,3.01,3,TRUE,0,0,0,0,0
b53feaa1d8b8701b6c0085ff520f59cd1e7dccd8,1438049559,1,1,0,0,0,0,0,0,0,0,0,769,441.23,644,FALSE,0,0,0,0,0
d51d1ea57afea4a2df288e3f541d092fce8721b7,1438049514,1,1,0,0,0,0,0,0,0,0,0,768,440.23,643,FALSE,0,0,0,0,0
fc95112145a122b9e3aaa56f82b00eae9b8fe001,1438049374,1,1,0,0,0,0,0,0,0,0,0,767,439.23,642,FALSE,0,0,0,0,0
de7ffca33ff30932bdaa2dbe51862af32e8a30b1,1437788216,1,1,1,0,16,0,0,3,505.81,43,5,766,440.45,144,FALSE,0,0,0,0,0
2c668f87c7c14245d9400cd1357b7dbb38526a3c,1436247235,1,1,0,0,0,0,0,0,0,0,0,765,452.94,641,FALSE,0,0,0,0,0
6343288bef29ab2b0a6f2c6d9888f30e49203a9d,1436245333,2,2,1,0,24,1,0,2,16.5,173,92,764,451.95,392.5,FALSE,0,0,0,0,0
cec5780db4f07a61e21e139e38af20b02dd5ae3a,1436240760,3,4,9,0.184417,27,1039,0,16,44.26,431.89,55.11,763,451,308.667,FALSE,0,3,0,43,12
21d52daafba1bc7247d6ecdcf30719a21ded4e42,1436231716,3,3,2,0.650158,0,96,0,8,198.75,287.5,80.5,762,450.08,307.667,FALSE,0,0,0,1,0
a7d15f382e8e0fa4380d459fbe61bd363d059a11,1436231629,1,1,1,0,0,1,0,7,0.19,627,131,761,449.08,142,FALSE,0,0,0,0,0
6c751191dd15a3e3154b20fd4c9ffd17cebf250b,1436231564,2,2,2,0.734496,0,20,0,8,9.42,184.5,47,760,448.08,141,FALSE,0,0,0,0,0
1e2951a832d1307ab40ef8c45202e02524991816,1436215509,3,3,3,0.468546,20,60,0,7,83.58,502.67,50.33,759,447.22,305.667,FALSE,0,0,0,2,3
3a1f27fcde4a4399ab2afab74aeb1baad513cd08,1436214711,3,3,2,0.633007,4,10,0,7,32.03,504.5,70,758,446.23,304.667,FALSE,0,0,0,1,0
b309b873f115a87c7f8858353ee41087ac3e9269,1436213634,0,0,0,0,0,0,0,0,0,0,0,757,445.24,0,FALSE,0,0,0,0,0
2ac25098548f739c4f2b526b2a00aa60a74c8e75,1436161124,1,1,0,0,0,0,0,0,0,0,0,756,444.7,635,FALSE,0,0,0,0,0
def241f91f73c456b48100c693230b4fda51c139,1436161011,1,1,0,0,0,0,0,0,0,0,0,755,443.7,634,FALSE,0,0,0,0,0
a48c55896b3b4fe34aa7d10baa75e140c67cad66,1436160086,1,1,0,0,0,0,0,0,0,0,0,754,442.71,633,FALSE,0,0,0,0,0
7bea53b92b52764df2cb1ae32145fb4f4a242c1c,1436160009,3,4,3,0.812885,53,3,0,10,130.43,140.33,28,753,441.71,302.667,FALSE,0,0,0,3,0
3314f767e1e9e06731f2d0a19b9be982829e390e,1436158812,1,1,0,0,0,0,0,0,0,0,0,752,440.72,631,FALSE,0,0,0,0,0
2870add2305038948dd9bb20aed60ab48d486ece,1436158767,1,1,0,0,0,0,0,0,0,0,0,751,439.72,630,FALSE,0,0,0,0,0
1f906d4ffbb29e66a58564e6cf4e585b625d7593,1436158669,0,0,0,0,0,0,0,0,0,0,0,750,438.72,0,FALSE,0,0,0,0,0
3c0ff8133bace4a0dc1356b8d8e6e83b38d2dd95,1436158405,1,1,0,0,0,0,0,0,0,0,0,749,437.72,629,FALSE,0,0,0,0,0
f247a4182f9e459e1bf1ca8a2261e9f088718ff0,1436157582,1,1,0,0,0,0,0,0,0,0,0,748,436.73,628,FALSE,0,0,0,0,0
71d56db947dcd4da7a75189a8df784da964a1216,1436157546,1,1,0,0,0,0,0,0,0,0,0,747,435.73,627,FALSE,0,0,0,0,0
3ec7cca5506d87e2f7e0146514c6180950e46fd9,1436157490,1,1,0,0,0,0,0,0,0,0,0,746,434.73,626,FALSE,0,0,0,0,0
2f8ac6726fa20ab5b4a05c112c886752868ac8ce,1435217419,1,1,1,0,15,21,1,3,250.26,198,35,0,0,0,TRUE,0,0,0,0,0
6c7a36733891ddd6089ee4f267d731383bf58ea9,1434865604,1,1,0,0,0,0,0,0,0,0,0,745,444.93,625,FALSE,0,0,0,0,0
f73ff9243006ea010fffdaa748f06df3a5b986e7,1434842452,1,1,0,0,0,0,0,0,0,0,0,744,444.14,624,FALSE,0,0,0,0,0
2a455890b9f68642457698163224f49e31ffff2a,1434831672,2,2,1,0,2,3,1,12,0.11,644,214,743,443.23,380,FALSE,0,0,0,0,0
9302acc5e449768b3ca2b03701d5379d86453af5,1434831239,2,2,3,0.379237,70,48,0,12,1.16,335.33,50,742,442.24,379,TRUE,0,0,0,10,4
5b4d4b4ab1324743534fbcd4709f4e75bb4b4e9d,1434828467,1,2,2,1,2,2,0,22,0.02,613,162,741,441.26,135,FALSE,0,0,0,0,0
7d6c1e5c5c17b88da21e30ffd2e58999881c0d67,1434828215,2,2,1,0,1,1,0,4,0,173,15,740,440.26,377.5,FALSE,0,0,0,3,2
3b3e1fc38a8e2763679fc11ff07aed1617946867,1434828035,2,2,1,0,8,5,1,4,1.3,170,14,739,439.27,376.5,FALSE,0,0,0,0,1
5915894af3f14e75dd3121fdc2d92ae55206e398,1434825510,2,2,1,0,1,11,0,21,0,1063,310,738,438.29,375.5,FALSE,0,0,0,0,0
bb53b20d4c72548b03af97742bbef4ca15a4801c,1434825408,2,2,1,0,123,94,0,21,21.89,1034,309,737,437.29,374.5,TRUE,0,0,0,5,5
d414a2dc733167114e9a37107cc27f078181d1c2,1434822538,2,2,1,0,42,30,0,10,1.62,477,149,736,436.31,373.5,FALSE,0,0,0,3,0
f5a240636d71781c7875191d2048279efce5ad56,1434821800,2,2,1,0,14,5,0,12,0,635,213,735,435.32,372.5,FALSE,0,0,0,0,0
10502480d0f286442654852dba4ec57f8d3391fd,1434821463,2,2,1,0,100,74,0,12,1.6,609,212,734,434.32,371.5,FALSE,0,0,0,5,4
a8a8564459688bdc0b2653da2f28a4fefde7dfdb,1434819968,2,2,1,0,47,26,0,2,1.59,152,91,733,433.34,370.5,TRUE,0,0,0,1,0
0634e7e189a0ea12261b8fa81c7ca7234994b26d,1434819292,1,1,1,0,14,0,0,3,204.11,329,19,732,432.34,137,FALSE,0,0,0,0,0
60e2008dee01a90551623371da939de41c05422e,1434716037,3,3,2,0.467243,46,11,1,6,74.77,560.5,34,5,2.2,2.66667,TRUE,0,0,0,0,0
e66bb4f328c80540ba1b66ec4b8275d1a43941b5,1434683713,1,1,0,0,0,0,0,0,0,0,0,731,432.49,613,FALSE,0,0,0,0,0
e71014f522fb8db9ba1ef634f2e9f2c8069e4b6c,1434682878,2,4,12,1,24,0,0,40,16.94,310.92,76.42,730,431.5,369,FALSE,0,12,0,0,0
95ad276cad3369bf5f7253d0110a6e04425bd32a,1434682820,2,4,9,0.953606,70,0,0,19,179.9,193.33,53.44,729,430.5,368,FALSE,0,0,0,0,0
9073bb4fbc7e5b4b53d00696a3cda0678502379a,1434681933,1,1,0,0,0,0,0,0,0,0,0,728,429.51,610,FALSE,0,0,0,0,0
4212efad74aa002d0e722b80c66f058b6b2b3969,1434681831,1,1,0,0,0,0,0,0,0,0,0,727,428.51,609,FALSE,0,0,0,0,0
7b86a0ec98690784f196efa6ca5ba1ccf4c9e10f,1434681739,1,1,0,0,0,0,0,0,0,0,0,726,427.51,608,FALSE,0,0,0,0,0
8ad7e8f5e143768ef62adbde899e5b9099185f52,1434681688,1,1,0,0,0,0,0,0,0,0,0,725,426.51,607,FALSE,0,0,0,0,0
7b7aaf0bf3c8a245c7e9a0ac91af314adba4ea1d,1434681597,1,1,0,0,0,0,0,0,0,0,0,724,425.51,606,FALSE,0,0,0,0,0
b5f98ab3b3861161a92fee7f64a22cbb04f85ba9,1434680808,1,1,0,0,0,0,0,0,0,0,0,723,424.52,605,FALSE,0,0,0,0,0
3d2ecdd5fabf697c9e3d212356b557cbba618fe3,1434679821,0,0,0,0,0,0,0,0,0,0,0,722,423.53,0,FALSE,0,0,0,0,0
115dbe1a4d817d925d2dc87731a7ceb1663152ed,1434676496,1,1,0,0,0,0,0,0,0,0,0,721,422.55,604,FALSE,0,0,0,0,0
4729685912b8d69c53739b04a2f3477b67dcc602,1434675408,1,1,0,0,0,0,0,0,0,0,0,720,421.56,603,FALSE,0,0,0,0,0
14b849246e9b72eb61dd9118b0409ca49d50f55e,1434675363,1,1,0,0,0,0,0,0,0,0,0,719,420.56,602,FALSE,0,0,0,0,0
c8d61b62693948568083d5ad3c4491e5cc6f5338,1434675266,2,2,2,0.917275,17,17,1,6,182.33,402,29,718,419.56,368.5,FALSE,0,0,0,0,0
0fbf2078e16cd315fd1b1769c430488f70e7faba,1434674208,1,1,0,0,0,0,0,0,0,0,0,717,418.57,600,FALSE,0,0,0,0,0
77402110b9402a6d327e232cc1518bc5110e651c,1434674156,1,1,0,0,0,0,0,0,0,0,0,716,417.57,599,FALSE,0,0,0,0,0
5207b99e0874df268cb8f54eabedb314485890cd,1434674044,1,1,0,0,0,0,0,0,0,0,0,715,416.57,598,FALSE,0,0,0,0,0
92b5fa8c53fd451623523a41c3cedfd2efb8f4aa,1434672616,1,1,0,0,0,0,0,0,0,0,0,714,415.59,597,FALSE,0,0,0,0,0
62dfa792b26e32c99c27b07d490fa156d61a7782,1434672512,1,1,0,0,0,0,0,0,0,0,0,713,414.59,596,FALSE,0,0,0,0,0
29f51c67a612ecdf08494bc440f22918ce72a32e,1434518661,1,1,0,0,0,0,1,0,0,0,0,712,414.81,595,FALSE,0,0,0,0,0
a20a9a1a2e4dee052ca6832af6ae16a74c1ed9e0,1434518480,1,1,0,0,0,0,0,0,0,0,0,711,413.81,594,FALSE,0,0,0,0,0
9ae08f932e11dcf53f938c8e6ef184cc2c5adf68,1434518262,1,1,0,0,0,0,0,0,0,0,0,710,412.81,593,FALSE,0,0,0,0,0
24d1c98c0ae4cc5dfd79bfff5d536a95034f7569,1432933995,3,3,2,0.330299,18,1,1,20,54.15,615,159,0,0,0,FALSE,0,0,0,0,0
fce3d14b5ce51e75a1636ac4ebc251c4017e038b,1432825745,1,1,1,0,4,4,0,9,88.53,467,146,0,0,0,FALSE,0,0,0,0,0
8da51e3acc0520f67daa92309e294a72a6256726,1432064226,3,3,2,0.0628815,62,1,1,7,220.7,468.5,67.5,0,0,0,FALSE,0,0,0,5,0
f90e045334917579fa63ed52aa244e4d86fe012c,1431924102,0,0,0,0,0,0,0,0,0,0,0,709,433.39,0,FALSE,0,0,0,0,0
e9c9f95ade0f20a048861ac886d4767a839d5286,1431923914,1,1,0,0,0,0,0,0,0,0,0,708,432.39,592,FALSE,0,0,0,0,0
4952127f5bddad74bf292f80ed156391d86285db,1431923043,1,1,0,0,0,0,0,0,0,0,0,707,431.4,591,FALSE,0,0,0,0,0
18c30d46aa6f411b5f710202c14b191d226b3a0c,1431922893,1,1,0,0,0,0,0,0,0,0,0,706,430.4,590,FALSE,0,0,0,0,0
2efe7da0a053be4f2ce4a273f1ceb22abe346537,1431922783,1,1,0,0,0,0,0,0,0,0,0,705,429.4,589,FALSE,0,0,0,0,0
1255bca3529541d41cc270eb73fbd1cfe76e4da4,1431922699,1,1,0,0,0,0,0,0,0,0,0,704,428.4,588,FALSE,0,0,0,0,0
d84bdd6e7d345876a47f860234ed24788d877b34,1431922630,1,1,0,0,0,0,0,0,0,0,0,703,427.4,587,FALSE,0,0,0,0,0
57252060b2eaaa582027cbad46a6db093f1a6433,1431922574,1,1,0,0,0,0,0,0,0,0,0,702,426.4,586,FALSE,0,0,0,0,0
cd52263d232067c19c4ebdf8761209083acbbfef,1431922511,1,1,0,0,0,0,0,0,0,0,0,701,425.4,585,FALSE,0,0,0,0,0
13300f48339b138a10e2b924cb35b4a102cd2bc1,1431922428,1,1,0,0,0,0,0,0,0,0,0,700,424.4,584,FALSE,0,0,0,0,0
62d5c385759b090b4d55ff8bd934074a562ae2f7,1431922321,0,0,0,0,0,0,0,0,0,0,0,699,423.4,0,FALSE,0,0,0,0,0
b149430114b42299be84b5c1dfe25a8303605db5,1431921881,1,1,0,0,0,0,0,0,0,0,0,698,422.41,583,FALSE,0,0,0,0,0
057898bbe8ae0a9d462eda7dc11ba0a04bf3a54f,1431921834,1,1,0,0,0,0,0,0,0,0,0,697,421.41,582,FALSE,0,0,0,0,0
630c650c3ec7ff370308963e211673cab89434bb,1431921299,1,1,0,0,0,0,1,0,0,0,0,696,420.41,581,FALSE,0,0,0,0,0
ee2e4f17bb21c8667adcb07cd1b89ed176662456,1431921215,1,1,0,0,0,0,0,0,0,0,0,695,419.41,580,FALSE,0,0,0,0,0
7df8fa3be5a3a5b528f6192afe9b1b04cefce6c5,1431920649,3,3,3,0.564475,16,8,0,4,347.32,80,5.33,694,418.42,246.333,FALSE,0,0,0,0,0
96b4a76382a274f1d68b2f69bf0b9502062d51ef,1431920315,1,1,0,0,0,0,0,0,0,0,0,693,417.42,578,FALSE,0,0,0,0,0
519f655f1785f8f66cfa26053efabaf250c06465,1431911226,1,1,0,0,0,0,0,0,0,0,0,692,416.49,577,FALSE,0,0,0,0,0
f7455227e05b55f21ece5064688c66f5b3f10a90,1431911042,1,1,0,0,0,0,0,0,0,0,0,691,415.5,576,FALSE,0,0,0,0,0
c90de122c8fe8e3296275d74eb3db6c0bc7c2f25,1431910742,1,1,0,0,0,0,0,0,0,0,0,690,414.5,575,FALSE,0,0,0,0,0
cac867da843e611c26bb208eb98f6c76dbade826,1431910701,1,1,0,0,0,0,0,0,0,0,0,689,413.5,574,FALSE,0,0,0,0,0
d0e8ac795d580a4da9a84aa6574fe6d8134ace9f,1431910612,1,1,0,0,0,0,0,0,0,0,0,688,412.5,573,FALSE,0,0,0,0,0
6d43bacb4691f255e8d67a8d074e7a3062c8cd5a,1430533445,1,1,0,0,0,0,0,0,0,0,0,687,422.94,572,FALSE,0,0,0,0,0
ea6e4d3b6f434016a60e4d077d37fd7e76744eb6,1430489727,1,1,1,0,1,1,0,2,421.34,35,5,0,0,0,FALSE,0,0,0,0,0
f7e94a30bce66ba4de1b6388910bfdd8b1e6edd1,1429688215,2,3,4,0.436654,9,18,0,20,49.32,428.5,94.25,0,0,0,FALSE,0,0,0,0,0
694869d2aa7b5ff5886faf1642011858fc779c36,1429288887,3,3,3,0.454121,2,32,0,20,-74.94,433.33,130,3,1.88,1,FALSE,0,0,0,0,0
8dd1b3a61802a4bd74cd803c6f8a95783dfc1f6a,1428760784,1,1,0,0,0,0,0,0,0,0,0,686,437.62,571,FALSE,0,0,0,0,0
ab3e7b2465e07f0c63c66a4c520ed87c861b704f,1428760449,2,2,1,0,0,1,1,3,170.3,36,17,685,436.62,12,FALSE,0,0,0,0,0
91731b4b9ce23fe4bb702f341d0a46d78c8ccdbf,1427110281,2,2,1,0,2,2,0,19,0.96,1030,306,0,0,0,FALSE,0,0,0,0,0
4b70375d2280e3b9a0d69e2d57e7e7a609fec206,1427026908,1,1,1,0,2,2,0,18,19.76,1030,305,1,0.98,0,FALSE,0,0,0,0,0
bbcc1e1f52cb3706660d88bc2884057d71ae1f92,1426812876,1,1,1,0,1,1,1,3,192,53,15,0,0,0,FALSE,0,0,0,0,0
2f8a69b7101e212e0e18bed1509cd2e7343148db,1426703111,1,1,0,0,0,0,1,0,0,0,0,0,0,0,FALSE,0,0,0,0,0
f56463f8bf24015736978d0dc4d398fa22a9d758,1426604388,1,1,0,0,0,0,0,0,0,0,0,684,456.25,570,FALSE,0,0,0,0,0
c894c84e4ab1d3bc08d7776d437131244bc6329b,1426572216,2,2,2,0.61672,6,14,0,5,21.18,647,38.5,683,455.57,351.5,FALSE,0,0,0,0,0
4597e118ae7c5d945d4374b572a2a570fc2acf84,1426572143,1,1,0,0,0,0,0,0,0,0,0,682,454.57,568,FALSE,0,0,0,0,0
8ddf158d8960e2dfe7b2f90c9025564832dadcba,1426572056,1,1,0,0,0,0,0,0,0,0,0,681,453.57,567,FALSE,0,0,0,0,0
d0a830bb425c687337629ddbb815077858cdbc51,1426572003,1,1,0,0,0,0,0,0,0,0,0,680,452.57,566,FALSE,0,0,0,0,0
07217205bb6bf04a7740cf178dbe375c65cac39a,1426571950,1,1,0,0,0,0,0,0,0,0,0,679,451.57,565,FALSE,0,0,0,0,0
9e3727bb23ed6f5560565fceb4b9a1be1b3efc41,1426571905,1,1,0,0,0,0,0,0,0,0,0,678,450.58,564,FALSE,0,0,0,0,0
410f561b1bce997a39f119e3691f7fd2727839ae,1426571856,1,1,0,0,0,0,0,0,0,0,0,677,449.58,563,FALSE,0,0,0,0,0
40f4ac3cb3d6099444a3c386924966cbbbcfaae5,1426571543,0,0,0,0,0,0,0,0,0,0,0,676,448.58,0,FALSE,0,0,0,0,0
011e5dc24185eb213cfc09e027498ca34c742103,1426568633,1,1,0,0,0,0,0,0,0,0,0,675,447.61,562,FALSE,0,0,0,0,0
389ab1b19fe5af63f4dbd119050c604ddcd60885,1426568528,1,1,1,0,36,0,0,0,0,0,0,674,446.61,133,FALSE,0,0,0,0,0
279c8bbec306768c5a22ca9cd0b237ec1c4c2a00,1426567635,1,1,0,0,0,0,0,0,0,0,0,673,445.62,561,FALSE,0,0,0,0,0
6744f811b4ba6497683ab1e2327f2156caae700f,1426566300,1,1,0,0,0,0,1,0,0,0,0,672,444.63,560,FALSE,0,0,0,0,0
d7a6d709affd76b3cf14f7b870c5c09d78644d8f,1426566203,1,1,0,0,0,0,0,0,0,0,0,671,443.63,559,FALSE,0,0,0,0,0
ff44e0f9ae51709eefe93c04cd7ea265b3997771,1426566118,1,1,0,0,0,0,0,0,0,0,0,670,442.63,558,FALSE,0,0,0,0,0
100e50f23dc57367dd99f9a401bdd5b355b24193,1426565854,1,1,0,0,0,0,0,0,0,0,0,669,441.63,557,FALSE,0,0,0,0,0
20c040db22bd3b7167c32055df6363d1a540c1e2,1426565707,1,1,0,0,0,0,0,0,0,0,0,668,440.64,556,FALSE,0,0,0,0,0
5d8a7a610f99701d694da6a020ad28b4f9f88507,1426565649,1,1,0,0,0,0,0,0,0,0,0,667,439.64,555,FALSE,0,0,0,0,0
d34d60ce92f363b703fdc7a030e7cd38f17caacc,1426565594,1,1,0,0,0,0,0,0,0,0,0,666,438.64,554,FALSE,0,0,0,0,0
1114ca1ab651707abaf5d7505d9d5144cc1bbd89,1426330367,1,1,1,0,1,1,1,3,244.36,110,8,0,0,0,FALSE,0,0,0,0,2
01e059ca742dc606a2951f9d8bd5b6bcd31a438c,1426252414,2,2,1,0,1,0,1,3,265.69,26,8,0,0,0,FALSE,0,0,0,0,0
9d16bae6821616033389c6cb20652453d155b586,1426117485,1,1,0,0,0,0,1,0,0,0,0,0,0,0,FALSE,0,0,0,0,0
dee9fbbbda2f2483c657cf912f68db1a5ba1fcac,1425359184,1,1,0,0,0,0,0,0,0,0,0,665,449.36,553,FALSE,0,0,0,0,0
7e0afa826816bea6fe048691fdb66bacdc517351,1425319891,2,2,1,0,1,1,1,18,0.82,1030,304,664,448.75,338,FALSE,0,0,0,4,0
1e6d2654a284f00c4bb92e201d87982e3dfb9a7c,1425255062,1,1,0,0,0,0,0,0,0,0,0,663,448.39,551,FALSE,0,0,0,0,0
14a58759c3955d4129990b14ff7f6f621d446855,1425248928,2,2,1,0,1,0,1,18,0,1029,303,662,447.45,336.5,FALSE,0,0,0,1,0
dbc61fc19186b693329895c6be51f32d262da6ea,1425248870,3,3,2,0.310917,5,5,1,18,33.84,880.5,160,661,446.45,267.667,FALSE,0,0,0,0,0
31cb541b881d40cb0a16de2aab3799785a138357,1425245589,2,2,1,0,2,2,1,4,130.09,93,109,660,445.49,334.5,FALSE,0,0,0,0,0
7ee56bbe9cadd25a64e900c52d2cc6287d73ba9b,1425184287,1,1,0,0,0,0,0,0,0,0,0,659,445.09,547,FALSE,0,0,0,0,0
cd6df7699dba2fcdd17dbf15348c001732818eb5,1425184163,0,0,0,0,0,0,0,0,0,0,0,658,444.09,0,FALSE,0,0,0,0,0
b2311c74024ceeb90cd7f4c473b856593106ba65,1425183387,1,1,0,0,0,0,0,0,0,0,0,657,443.1,546,FALSE,0,0,0,0,0
9ca0c66e23fe44e52500ad5e336014d1dfb808a6,1425181261,1,1,0,0,0,0,0,0,0,0,0,656,442.12,545,FALSE,0,0,0,0,0
ef71373fa3f5d62cb7932f3dad0abc2d14f81fef,1425181195,1,1,0,0,0,0,0,0,0,0,0,655,441.12,544,FALSE,0,0,0,0,0
5873d335bd2d5a1447ef463076ca87413405bfe9,1425181146,1,1,0,0,0,0,0,0,0,0,0,654,440.12,543,FALSE,0,0,0,0,0
2e0f5e781717a44fd07f08d1c28122e43794611b,1425177171,3,3,2,0.141182,19,1,1,9,180.12,348,67,653,439.16,264.333,FALSE,0,0,0,0,0
bb4703e199cbbf62203730be275c81a0f7d68d47,1425175563,1,1,0,0,0,0,0,0,0,0,0,652,438.18,541,FALSE,0,0,0,0,0
20aa12616abac9466d590c9fb333fd8a0408eedc,1425143197,3,3,3,0.300722,35,1,1,8,221.02,245.33,44.67,0,0,0,FALSE,0,0,0,0,0
f6ec710534e2944cc2c631cf71f63095ff30581c,1424671212,0,0,0,0,0,0,0,0,0,0,0,651,442.09,0,FALSE,0,0,0,0,0
51f960f2977566f8d671fc0e8154466a1b3d78ca,1424671009,1,1,0,0,0,0,0,0,0,0,0,650,441.09,540,FALSE,0,0,0,0,0
adb6069bd00d729f9bb4743007c6f116bf7a4468,1424669237,1,1,0,0,0,0,0,0,0,0,0,649,440.1,539,FALSE,0,0,0,0,0
fa546bff852e6cc8aa268840775ae57700431bd4,1424549412,1,1,0,0,0,0,0,0,0,0,0,648,440.28,538,FALSE,0,0,0,0,0
8fe5fd89c6392c055bf9a05b7f0fe855b264a91d,1424543125,1,1,1,0,1,1,1,4,352.51,40,10,0,0,0,FALSE,0,0,0,0,0
1507757f49ec70c11c102c98f15bca6f2ec34452,1424477396,1,1,0,0,0,0,0,0,0,0,0,647,439.98,537,FALSE,0,0,0,0,0
028abf5d70bb610b9858937162e87e0f7674d049,1424319105,1,1,0,0,0,0,0,0,0,0,0,646,440.53,536,FALSE,0,0,0,0,0
3882ba4ba5adbc83ab0657945fa43edb132b74e8,1424318987,1,1,0,0,0,0,0,0,0,0,0,645,439.54,535,FALSE,0,0,0,0,0
53e5991dd1a70d5c57bfd45f1023101ecbac3e65,1424318270,1,1,1,0,24,2,0,5,123.96,73,28,644,438.54,130,FALSE,0,0,0,0,0
9a8cf77c91f6a3597910e0826c8ada4ae8b88ae1,1424317878,1,1,0,0,0,0,0,0,0,0,0,643,437.55,534,FALSE,0,0,0,0,0
e56141a7a5a4f3422b6a121682168515078ca8cc,1424317752,1,1,0,0,0,0,0,0,0,0,0,642,436.55,533,FALSE,0,0,0,0,0
ce1abd9f26e262c6232d41e60e33736ccfddc6f5,1424317705,1,1,0,0,0,0,0,0,0,0,0,641,435.55,532,FALSE,0,0,0,0,0
e03ed050ef9e8318af45241474d933f5088e2815,1424317594,1,1,0,0,0,0,0,0,0,0,0,640,434.55,531,FALSE,0,0,0,0,0
117d0c9796a0a80d09b5eff6542224ea4ac9cbc4,1424316980,1,1,0,0,0,0,0,0,0,0,0,639,433.56,530,FALSE,0,0,0,0,0
531f024e486c13eb6d7e2bc0966ea95b1567197a,1424316827,0,0,0,0,0,0,0,0,0,0,0,638,432.56,0,FALSE,0,0,0,0,0
85755e32d9d262db702bee84830462b5275c27e4,1424312755,1,1,0,0,0,0,0,0,0,0,0,637,431.6,529,FALSE,0,0,0,0,0
b40e74d6b6a3c32b9ce1b28ce533e5e322eb502d,1424239196,3,3,4,0.27965,132,33,1,9,224.71,204.75,46,636,431.3,258.667,FALSE,0,0,0,3,1
eaf3318dd39a83ecfa014cbb073883c63f4ef608,1424236348,3,3,2,0.198885,121,100,0,14,120.71,689.5,140,635,430.33,257.667,TRUE,0,0,0,7,1
e1057bd7fd485f3ae7f6529ded0353ec78d3bd7d,1424231543,1,1,0,0,0,0,0,0,0,0,0,634,429.37,526,FALSE,0,0,0,0,0
f22937f3d158e5fcb194ec201b1a72ff2d84776d,1424231364,2,2,1,0,14,5,0,6,122.96,407,60,633,428.37,321,FALSE,0,0,0,0,0
69a4869db03c1924cfaeff13147272543e9b2c5f,1424231018,1,1,0,0,0,0,0,0,0,0,0,632,427.38,524,FALSE,0,0,0,0,0
c2a6c8d3382e9b9ce771b467f0f21910fdd57fe1,1424230922,1,1,0,0,0,0,0,0,0,0,0,631,426.38,523,FALSE,0,0,0,0,0
2ce05047f83697a05043c7b73826cad2f48880cb,1424230851,1,1,0,0,0,0,0,0,0,0,0,630,425.38,522,FALSE,0,0,0,0,0
829fa34581be0f071433f84518df9d1ee33da82e,1424230648,1,1,0,0,0,0,0,0,0,0,0,629,424.38,521,FALSE,0,0,0,0,0
3610fdce3612eb27c8c8b8c4f683070d9d32d65d,1424230338,1,1,0,0,0,0,0,0,0,0,0,628,423.38,520,FALSE,0,0,0,0,0
24fce9deb374e7259f518e0bd69da8dffb6e282d,1423438075,1,2,1,0,1,1,1,2,247.36,77,8,0,0,0,FALSE,0,0,0,0,0
ca480d7043827884a5fd49d6780c5ccd02aee64f,1423026182,1,1,1,0,26,28,0,2,250.09,115,7,627,433.87,127,FALSE,0,0,0,0,0
9adfc2d586b18c485c94bf89943d579dd58fd1ba,1422970285,1,1,1,0,4,4,1,8,20.55,467,143,0,0,0,FALSE,0,0,0,0,0
a9ef9e13fb91152bf4eaa9b8afa69d9b30274c09,1422823311,0,0,0,0,0,0,0,0,0,0,0,626,434.87,0,FALSE,0,0,0,0,0
63ab25579bda70b4927a179b580a9c580b6c7ada,1422823148,1,1,0,0,0,0,0,0,0,0,0,625,433.87,519,FALSE,0,0,0,0,0
13c07237fe79bd3138b6324b16a6c1ec843e7082,1422822468,1,1,0,0,0,0,0,0,0,0,0,624,432.87,518,FALSE,0,0,0,0,0
f5d485235e9054dd4ada01ae129c3a1881344941,1422822364,1,1,0,0,0,0,0,0,0,0,0,623,431.87,517,FALSE,0,0,0,0,0
c73d7650b5c708ddef110f505adf82fc5f5ab606,1422822233,0,0,0,0,0,0,0,0,0,0,0,622,430.88,0,FALSE,0,0,0,0,0
86328767fe6b253bdbf99343049cc57f1c3a1fbb,1422821753,1,1,0,0,0,0,0,0,0,0,0,621,429.88,516,FALSE,0,0,0,0,0
e497d068a1521e515eb1aa051d354a9ace7724ef,1422820699,1,1,0,0,0,0,0,0,0,0,0,620,428.89,515,FALSE,0,0,0,0,0
926a71f5acf55f1be879e2f0fd6fd6636f4d5482,1422820578,1,1,0,0,0,0,0,0,0,0,0,619,427.89,514,FALSE,0,0,0,0,0
55f5a2dc8d6b7084805bbb9e8a666938df747fab,1422820542,1,1,0,0,0,0,0,0,0,0,0,618,426.89,513,FALSE,0,0,0,0,0
fe435e497e9a0a40b4679c0896dd8a5e2ccbbf58,1422820486,1,1,0,0,0,0,0,0,0,0,0,617,425.89,512,FALSE,0,0,0,0,0
fea768dbccc036d883b03e38daebc38e5206031c,1422752033,1,1,1,0,1,1,1,10,100.15,571,208,0,0,0,FALSE,0,0,0,0,0
0b62f74a7f10df869b3ce8441534f2b7fd2126f4,1422743195,1,1,0,0,0,0,0,0,0,0,0,616,425.63,511,FALSE,0,0,0,0,0
2ccb6cf3507cac74716f87c6ee056e79f6afdc52,1422739398,2,2,1,0,2,2,1,17,17.8,1024,300,0,0,0,FALSE,0,0,0,0,0
72d35b6b4a06ed52d44a3058fe1d338f8917afc1,1422233723,1,1,1,0,1,1,1,8,99.83,283,76,0,0,0,FALSE,0,0,0,0,0
f56e2a2503fdf4631b6e1bd235a64383e7321c2b,1421830901,1,1,0,0,0,0,0,0,0,0,0,615,433.54,510,FALSE,0,0,0,0,0
8a5ecd3d893482bb04de44368d3b95825ab3de41,1421830721,0,0,0,0,0,0,0,0,0,0,0,614,432.54,0,FALSE,0,0,0,0,0
45ebb6cdf45710f4fba93ae41c9dbd16afae83fe,1421829071,1,1,0,0,0,0,0,0,0,0,0,613,431.56,509,FALSE,0,0,0,0,0
96f47432a5383644328f27394fec1cdf57d864d1,1421829016,1,1,0,0,0,0,0,0,0,0,0,612,430.56,508,FALSE,0,0,0,0,0
41f8435d32237d672cc0f5040c21eeaa5d8ef56a,1421828937,1,1,1,0,2,2,1,6,102.5,945,55,611,429.56,126,FALSE,0,0,0,0,0
b275613d3ad2c1587db93b7d5def32e7222de7b4,1421828725,1,1,0,0,0,0,0,0,0,0,0,610,428.56,507,FALSE,0,0,0,0,0
82689d68cf39226aebf838aecb54e42a4aa4ac18,1421828671,0,0,0,0,0,0,0,0,0,0,0,609,427.56,0,FALSE,0,0,0,0,0
0c567b3282821c98a84640956e7fb4bf236be30e,1421828296,1,1,0,0,0,0,0,0,0,0,0,608,426.56,506,FALSE,0,0,0,0,0
855176b633a60a4032d5b35f69183b098ccf5609,1421828250,1,1,7,0.283736,159,85,0,5,366.35,63,4.29,607,425.57,125,FALSE,0,0,0,0,2
b95f2ee82067bdab2fa282556707fee4888b0620,1421824467,1,1,0,0,0,0,0,0,0,0,0,606,424.6,505,FALSE,0,0,0,0,0
ae92db98f3a8d4475d2ac5fb59d8b302da8cf087,1421824397,1,1,0,0,0,0,0,0,0,0,0,605,423.6,504,FALSE,0,0,0,0,0
0b25547ca071768160e7a81f3c2c9b8602a51201,1421823903,1,1,0,0,0,0,0,0,0,0,0,604,422.61,503,FALSE,0,0,0,0,0
548f2865e20efd4affa8138fb7aa55c32a85e210,1421823808,1,1,0,0,0,0,0,0,0,0,0,603,421.61,502,FALSE,0,0,0,0,0
40f7a8eaa297c26f74c1a5dbc13ab705b6f97b45,1421207515,1,1,0,0,0,0,0,0,0,0,0,602,426.59,501,FALSE,0,0,0,0,0
9434ad39e114ea810859cd9c6fef624d4acfbe18,1421205573,1,1,0,0,0,0,0,0,0,0,0,601,425.61,500,FALSE,0,0,0,0,0
7d983c94c76c7b07d83d9a1a7c60ac9f5a868cef,1421205482,1,1,0,0,0,0,0,0,0,0,0,600,424.61,499,FALSE,0,0,0,0,0
0b1cacff03d92189f897c6d41732d569d583fd56,1421205360,1,1,0,0,0,0,0,0,0,0,0,599,423.61,498,FALSE,0,0,0,0,0
b809498cf8ceb43f64ea3c23e0a266d354d4f37a,1421205266,0,0,0,0,0,0,0,0,0,0,0,598,422.61,0,FALSE,0,0,0,0,0
f6f78e5f02afb874e916af27e30f56e82e23878c,1421201143,3,3,2,0.344323,133,0,0,17,0.13,497.5,149.5,597,421.65,245.667,FALSE,0,0,0,0,0
591e89ed1890c3f519c9a732e164e64e758f6dbb,1421195286,2,2,1,0,3,2,0,7,0,629,122,596,420.71,305.5,FALSE,0,0,0,1,2
1616079a2d8fbfbcd29b1b4ac1208df7621432d7,1421195237,1,1,1,0,1,1,0,7,81.81,629,121,595,419.71,114,FALSE,0,0,0,0,0
4db51fbeba0cd543949e243672c0e6c3c3c70639,1421194653,2,2,1,0,8,1,0,8,32.82,460,142,594,418.71,304,FALSE,0,0,0,1,0
5312a990b920d5ce1313fafaebcac2d440146c16,1421179292,2,2,1,0,18,13,1,17,8.86,990,298,593,417.86,303,TRUE,0,0,0,1,0
935f05bc8431a0700f737c679aa97d270794c7a5,1421173579,3,3,2,0.917275,22,12,1,7,64.92,144,20.5,592,416.91,242.333,FALSE,0,0,0,0,0
08939683c7a2e5d7dc928d310ebab65878bffff3,1421170689,1,1,0,0,0,0,0,0,0,0,0,591,415.94,492,FALSE,0,0,0,0,0
55699bee8f69c9f711a340e6a9d335a7a7bc90d7,1421107036,1,1,0,0,0,0,0,0,0,0,0,590,415.55,491,FALSE,0,0,0,0,0
dab9222942cb9f7c3ff17abad4e0f6137c9e2cfc,1421103649,3,3,2,0.747776,34,3,1,7,7.95,339.5,60.5,589,414.58,240.667,TRUE,0,0,0,0,0
a3658642291b48dc948809a01e795c3455636caf,1420996174,1,1,0,0,0,0,0,0,0,0,0,588,414.6,489,FALSE,0,0,0,0,0
4070dabe532ecb799445920cf9756eb6625a0254,1420893160,1,1,1,0,1,1,1,2,290.59,26,15,0,0,0,FALSE,0,0,0,0,0
ee3f2b073cbd947a5108b0ed68faf8172a4af2ca,1420783632,1,1,0,0,0,0,0,0,0,0,0,587,415.62,488,FALSE,0,0,0,0,0
34b6385dc3d3a745732b87bfba4c730c6e397bc2,1420783541,1,1,0,0,0,0,1,0,0,0,0,586,414.62,487,FALSE,0,0,0,0,0
11529a2ea0294e548abae5201eae9ce5bdbb930e,1420777842,3,3,2,0.285677,29,14,1,6,272.68,191,39.5,585,413.67,238.667,FALSE,0,0,0,2,0
b0f8809e3d7940cdf2b1a728c5e1d70b786588bc,1420773784,1,1,0,0,0,0,0,0,0,0,0,584,412.71,485,FALSE,0,0,0,0,0
ec1175daa3700e236814d3f67fc0c851fe71e9dc,1420773710,2,2,0,0,0,0,0,0,0,0,0,583,411.71,242.5,FALSE,0,0,0,0,0
3a1d9b8289884c7d4cb4de8ef9b7dc9a64fa2308,1420773439,1,1,0,0,0,0,0,0,0,0,0,582,410.71,483,FALSE,0,0,0,0,0
192be8fea33489de9982e21e79f9077ab8b3a3a0,1420773353,1,1,0,0,0,0,0,0,0,0,0,581,409.71,482,FALSE,0,0,0,0,0
1afcff955b6b3606c08bbee85b5616953da4d0d6,1420773286,1,1,0,0,0,0,0,0,0,0,0,580,408.71,481,FALSE,0,0,0,0,0
224fe056973abf69fef2f17d2881f9014c5b817a,1420770692,1,1,0,0,0,0,0,0,0,0,0,579,407.74,480,FALSE,0,0,0,0,0
2dd332b4912d19d77f4d6672507636fb388b3f50,1420770317,1,1,0,0,0,0,0,0,0,0,0,578,406.74,479,FALSE,0,0,0,0,0
33e4193f454ea8df41be0136f3900e29aded97b1,1420770268,1,1,0,0,0,0,0,0,0,0,0,577,405.74,478,FALSE,0,0,0,0,0
c163d2f33d7aa45746d4cf399b2d5b4d99db21c5,1420769936,1,1,0,0,0,0,0,0,0,0,0,576,404.75,477,FALSE,0,0,0,0,0
a715ba6be40247b360cfbf3ca96efa29be4282af,1420754768,1,1,0,0,0,0,0,0,0,0,0,575,403.88,476,FALSE,0,0,0,0,0
ff5e96c88b23ebf0bb9bf99f9195b5b40215502f,1420418011,1,1,0,0,0,0,0,0,0,0,0,574,405.99,475,FALSE,0,0,0,0,0
12626aed35a6d1ef4466fa0d67613a53db8b1149,1420416441,3,3,2,0.892647,25,1,1,7,125.5,327.5,60,573,405.01,234,TRUE,0,0,0,1,0
3387916efcac19302188151a24927a0405a373e8,1420413975,3,3,2,0.307771,114,2,1,17,33.02,805,157.5,572,404.03,233,TRUE,0,0,0,0,0
f76403b717dc59d0fea41e5da68bd50d95b42fdf,1420411842,1,1,0,0,0,0,0,0,0,0,0,571,403.05,472,FALSE,0,0,0,0,0
2d6faf6da78e2af3ce5d76bc400a8dd70bf5760d,1420411779,1,1,0,0,0,0,0,0,0,0,0,570,402.05,471,FALSE,0,0,0,0,0
a7227a09649cfb6ebb03885b717ae18a56281085,1420411645,1,1,0,0,0,0,1,0,0,0,0,569,401.05,470,FALSE,0,0,0,0,0
6e9cfa2aea35ba3add2e8ff4a4a544723f113cb3,1420411601,1,1,0,0,0,0,0,0,0,0,0,568,400.05,469,FALSE,0,0,0,0,0
571ce16405ae210d7c1725238f74018c070e40c0,1420411377,1,1,0,0,0,0,0,0,0,0,0,567,399.05,468,FALSE,0,0,0,0,0
98585d1d0a789c64df3260a5518c4f7212d0ddf0,1420411222,1,1,0,0,0,0,0,0,0,0,0,566,398.06,467,FALSE,0,0,0,0,0
d842647217feeb3024e8056fabacc8bab1b382f0,1418704865,1,1,0,0,0,0,0,0,0,0,0,0,0,0,FALSE,0,0,0,0,0
b78bd3d1fd6caf8228a1875078fecce936cb2e46,1418444014,1,1,0,0,0,0,0,0,0,0,0,565,415.64,466,FALSE,0,0,0,0,0
4aa2801054c6142b0d642c98b2af4037522fa9ca,1418439981,0,0,0,0,0,0,0,0,0,0,0,564,414.68,0,FALSE,0,0,0,0,0
4405b849a9ea62dfa76f32031e187c844f8e217d,1418438387,1,1,0,0,0,0,0,0,0,0,0,563,413.69,465,FALSE,0,0,0,0,0
5d74a553d67d23b8fd0c236c162fd0b556b9bdfe,1418358866,3,3,3,0.341393,27,1,1,7,161.48,210,45,0,0,0,FALSE,0,0,0,0,0
262b60537fd39c76420246d38c813a1743bf223e,1418357434,1,1,0,0,0,0,0,0,0,0,0,562,413.49,464,FALSE,0,0,0,0,0
e77e644224cd071f5c3425b80505fbd4b7bc214f,1418356981,1,1,0,0,0,0,0,0,0,0,0,561,412.49,463,FALSE,0,0,0,0,0
ce89c00cd9848885fbc678fbec22b6b5662f7e70,1418356872,1,1,0,0,0,0,0,0,0,0,0,560,411.49,462,FALSE,0,0,0,0,0
4d8093302f752725874d6b31b57720d4cab6d078,1418273611,1,1,0,0,0,0,0,0,0,0,0,559,411.31,461,FALSE,0,0,0,0,0
4370908674c21ff88d46f3e99ce2978959168d65,1418273458,1,1,0,0,0,0,0,0,0,0,0,558,410.31,460,FALSE,0,0,0,0,0
f0b679d02da97d82705dfa3d23b7821895e65a44,1418273374,1,1,0,0,0,0,0,0,0,0,0,557,409.31,459,FALSE,0,0,0,0,0
d5ad34b0e9b57821f70f7659cccfc28b0f1c42e1,1418270136,1,1,0,0,0,0,0,0,0,0,0,556,408.34,458,FALSE,0,0,0,0,0
c24463d8298d9dc2d924d346adc8d4db8f4e1928,1418232343,2,2,1,0,4,4,1,17,15.54,971,296,555,407.71,281.5,FALSE,0,0,0,0,0
ebfa00a9c04ba7d911cd5ad88c1e0567c935ae22,1417281030,1,2,1,0,0,66,0,1,762.88,66,10,554,416.1,0,FALSE,0,0,0,0,0
d23417e6e8b7cdbbfb7c48d5adaabf1612e0a421,1417280940,2,5,2,0.57938,3,3,0,2,189.05,68.5,14,553,415.1,239.5,FALSE,0,0,0,0,0
91824514ced78b4122f684e05c91e666cbf01276,1417183844,1,4,3,0.673647,111,57,0,4,121.63,183.67,8.33,552,415.08,118,FALSE,0,0,0,0,0
656e214937889536b0faa73097422061315496f2,1416892644,1,1,0,0,0,0,0,0,0,0,0,551,417.03,455,FALSE,0,0,0,0,0
4b26bbde2d34e3cc6f03300c36130618546263ad,1416889717,3,3,2,0.239918,23,2,1,17,1.27,794.5,156.5,550,416.06,225.333,TRUE,0,0,0,3,0
fc4eb6dae01c32fba0af8b67663511583cb3ba5a,1416799858,2,2,1,0,2,0,0,7,-49.81,595,119,549,415.97,278.5,FALSE,0,0,0,0,0
7fcc8b190d7a8a3f3743bc19b4ec0d349e50cc20,1416786535,1,1,0,0,0,0,0,0,0,0,0,548,415.1,452,FALSE,0,0,0,0,0
b326ae89df48faac64f22be0eca0a86c87b203ee,1416779591,3,3,2,0.239918,23,2,1,17,62.91,784,156,547,414.18,223.333,TRUE,0,0,0,3,0
869ddd775c07045f0a6ad1278aaa3447e50667d6,1416776304,1,1,0,0,0,0,0,0,0,0,0,546,413.21,450,FALSE,0,0,0,0,0
997fd74e8c2166af6f24c61a7e271bfe74da203f,1416776219,1,1,0,0,0,0,0,0,0,0,0,545,412.21,449,FALSE,0,0,0,0,0
e3e41a1118469e300e721983ad5ac5ec47b897d6,1416776060,0,0,0,0,0,0,0,0,0,0,0,544,411.21,0,FALSE,0,0,0,0,0
6c8bcd5c4e049b5c212036a2e6cfe9ac98d5b9f8,1416775323,1,1,0,0,0,0,0,0,0,0,0,543,410.22,448,FALSE,0,0,0,0,0
95e63ec287ce6c23571379c57a80c5734fc3ebda,1416775019,1,1,0,0,0,0,0,0,0,0,0,542,409.22,447,FALSE,0,0,0,0,0
ebca5887ccd38d8a5de5269cbac3919e8d6c4d58,1416774897,1,1,0,0,0,0,0,0,0,0,0,541,408.22,446,FALSE,0,0,0,0,0
8535d3a9900c5fa409f6d7a842ebcad600c11a49,1416772736,1,1,0,0,0,0,0,0,0,0,0,540,407.24,445,FALSE,0,0,0,0,0
13184c4379681a2e3e42e033d1b3b5c5e8366c82,1416772702,1,1,0,0,0,0,0,0,0,0,0,539,406.24,444,FALSE,0,0,0,0,0
eaba4eeb703ee32cdd3ae5e5ec8aa72dfda69d58,1416772403,1,1,0,0,0,0,0,0,0,0,0,538,405.25,443,FALSE,0,0,0,0,0
ac56cf46063e461fbaf53c2c869a1a657e8adbe1,1415578164,1,1,0,0,0,0,0,0,0,0,0,537,416.33,442,FALSE,0,0,0,0,0
5fab60bc6cbba8f3964575dbcd03671d05662aa5,1415577000,2,2,1,0,2,1,0,7,11.84,575,116,536,415.34,271.5,FALSE,0,0,0,0,0
881e1ba6600186984df6e2aacdb2a3f3b0b51ce6,1415576553,1,1,0,0,0,0,0,0,0,0,0,535,414.35,440,FALSE,0,0,0,0,0
0e488c19dfe5a0c7d5600dc3d31e7917ee7ddcec,1415576461,1,1,0,0,0,0,0,0,0,0,0,534,413.35,439,FALSE,0,0,0,0,0
2262a18900882f0769fe5a35d9e67dc456d68b5f,1415576386,0,0,0,0,0,0,0,0,0,0,0,533,412.35,0,FALSE,0,0,0,0,0
28c6952d1c40d2ed840967206c1a7fc8d21da71b,1415576134,1,1,0,0,0,0,0,0,0,0,0,532,411.35,438,FALSE,0,0,0,0,0
01e3530a31dab88be87365199f0fbf5f7cc7b270,1415575997,1,1,0,0,0,0,0,0,0,0,0,531,410.35,437,FALSE,0,0,0,0,0
77c83d0c570a298d26a3f00ee91acf694599a51e,1415575963,1,1,0,0,0,0,0,0,0,0,0,530,409.35,436,FALSE,0,0,0,0,0
6dea32cd18580a1206f1075295679da00d028354,1415569572,2,3,4,0.649397,86,0,0,0,0,0,0,0,0,0,TRUE,0,0,0,0,0
4052c15c7f10b79fb7c54f3837ffe118f7a99811,1415328749,1,1,0,0,0,0,0,0,0,0,0,529,410.88,435,FALSE,0,0,0,0,0
97ccc522073362dad5f7c23f218988780aeb4ab9,1415326846,4,5,5,0.360836,20,32,0,19,118.87,314.8,66.4,528,409.9,168,FALSE,0,0,0,2,1
b4eaf891867a4ef68b7ca9578c88fa6a6b71c13d,1415326442,1,2,2,0.310917,0,60,0,4,136.37,30,4,527,408.91,21,FALSE,0,0,0,0,0
0fc4f0735a762938b5ff4c5fd70f8b95ee3ec704,1415325784,3,3,2,0.24697,1,450,0,17,98.63,775,157.5,526,407.91,215.667,FALSE,0,0,0,3,1
ccdbe4ea375944d31b566b98b03f055b843d7509,1415325269,3,3,2,0.0956401,0,57,0,8,84.97,270.5,73,525,406.92,214.667,FALSE,0,0,0,0,0
59f2b4048a4d08e076b06ffd36f29825a023b52a,1415325197,3,3,2,0.105729,0,39,0,8,68.12,263.5,72.5,524,405.92,213.667,FALSE,0,0,0,0,0
7f2532808a876071c09e9c09a91bdf58526a8454,1415325134,3,3,2,0.0773216,0,52,0,8,126.07,271.5,73,523,404.92,212.667,FALSE,0,0,0,0,0
be35e4927c4d4151bf32622e96baf731f6035042,1415324912,1,1,1,0,0,15,0,8,115.91,271,77,522,403.92,96,FALSE,0,0,0,0,0
f31dcff10cce312a24e09fc233aa31fc0e2cc135,1415324502,3,3,5,0.461665,4,26,0,12,154.16,324.2,54,521,402.93,211.333,FALSE,0,0,0,0,0
e4debea297397fb32d042fefcf30d174984b68d6,1414865352,1,1,1,0,0,56,0,2,48.41,56,2,520,406.58,94,FALSE,0,0,0,1,1
1c96e18d20eecc7dbefabe21f8818192f06eafc9,1414693366,1,1,0,0,0,0,1,0,0,0,0,0,0,0,FALSE,0,0,0,0,0
8bb013ec9567ae95a649c7537e1689944749d493,1414559758,1,1,0,0,0,0,0,0,0,0,0,519,408.73,428,FALSE,0,0,0,0,0
6c0031bfd8ec03ba242fc53ed40237040347b960,1414559684,1,1,0,0,0,0,0,0,0,0,0,518,407.73,427,FALSE,0,0,0,0,0
ab6c1895042ef20ca843b8f33a93159b78882352,1414559644,0,0,0,0,0,0,0,0,0,0,0,517,406.73,0,FALSE,0,0,0,0,0
a12ae729bdb1e59f4f5962f0429fd116fd1fba24,1414559445,1,1,0,0,0,0,0,0,0,0,0,516,405.73,426,FALSE,0,0,0,0,0
d53a0cd91e2381607719b1b262668810e2795ce4,1414559316,1,1,0,0,0,0,0,0,0,0,0,515,404.73,425,FALSE,0,0,0,0,0
eabd4564aaa8d209260497b5f3f2dda3591a9dea,1414553943,3,3,2,0.149468,18,1,1,6,28.75,524,63,0,0,0,FALSE,0,0,0,1,0
ec8daf0e7b020e5e597e7d7f85c88179a29a09cb,1414127081,3,3,2,0.113354,115,68,1,7,-17.94,543.5,65.5,514,408.2,208.667,FALSE,0,0,0,9,1
d40dc651f3561a4978fdc9c40e7fc802261d99ce,1414117665,1,1,0,0,0,0,0,0,0,0,0,513,407.3,423,FALSE,0,0,0,0,0
68290ee87af9d6366e9d153882463f23f4f6bdb5,1414114418,3,3,2,0.763543,17,0,1,5,24.73,311,17.5,512,406.33,207.333,TRUE,0,0,0,0,0
661435256384165bb656cb7b6046b4138ca24c9e,1414099106,3,5,4,0.321754,175,15,0,10,85.17,306.25,76.5,511,405.49,206.333,FALSE,0,0,0,0,0
0e5f2f84eacd085438fcdb83ad0a47d3a86a5dae,1414094117,2,2,1,0,17,3,0,1,211.9,77,87,510,404.54,255,FALSE,0,0,0,0,0
b1d0c19ca16c8f302fb674bc51a19af484170b0c,1414046378,2,6,10,1,5,5,1,6,137.27,70,8.6,509,404.03,63,FALSE,0,0,0,2,0
e9539fc7803d287c07c2dd7109a6bed434c27800,1414045251,3,3,2,1,2,2,0,9,167.97,309,104.5,508,403.04,175.667,FALSE,0,0,0,0,0
ff3a368b2f9a7e640fb3fd18f116de5352e73d58,1414044514,1,1,0,0,0,0,0,0,0,0,0,507,402.05,418,FALSE,0,0,0,0,0
ccc45a74f89b45a6551bc8ff305581dbc8175bca,1414044355,0,0,0,0,0,0,0,0,0,0,0,506,401.05,0,FALSE,0,0,0,0,0
cd9d2ec6a978fd56206375852de887a2d1126d0b,1414043158,1,1,0,0,0,0,0,0,0,0,0,505,400.07,417,FALSE,0,0,0,0,0
ce7bbae007e80a8dd80afff1b76758b589305149,1414042999,1,1,0,0,0,0,0,0,0,0,0,504,399.07,416,FALSE,0,0,0,0,0
6a5dd52deb8ba4f105f7d14d14a18b4a11d19254,1414042728,1,1,0,0,0,0,0,0,0,0,0,503,398.07,415,FALSE,0,0,0,0,0
6c2f7fb48d5ed8f4190edf05e961c8304e45ec2a,1414042620,1,1,0,0,0,0,0,0,0,0,0,502,397.07,414,FALSE,0,0,0,0,0
4dd970578a5ec4c8a26e85e7f93296ec2de1cfa5,1414042516,2,2,1,0,1,1,1,17,5.08,971,291,501,396.07,250.5,FALSE,0,0,0,0,0
88dfd36eaafa7a0349401a6142413dbb4030ab78,1414041981,1,1,0,0,0,0,0,0,0,0,0,500,395.08,412,FALSE,0,0,0,0,0
5759b3e9f5bf399df8790a8300679fe8ab14d6ac,1414041907,1,1,0,0,0,0,0,0,0,0,0,499,394.08,411,FALSE,0,0,0,0,0
c939a771c0696e6db26b8d16964931c0a738dc7e,1414041834,1,1,0,0,0,0,0,0,0,0,0,498,393.08,410,FALSE,0,0,0,0,0
af1043844f3e23ee21fc9584a5074fb3e73437fb,1414005490,3,3,4,0.656582,16,14,1,17,96.54,410,125.5,497,392.44,200.333,FALSE,0,0,0,0,0
dd763ec5b8a93419d5524f42998db1774f5bfafa,1414005022,1,1,0,0,0,0,0,0,0,0,0,496,391.45,408,FALSE,0,0,0,0,0
9c2c21aaaf2c552ecd0319e322c3cf5397b29539,1414004929,1,1,0,0,0,0,0,0,0,0,0,495,390.45,407,FALSE,0,0,0,0,0
366000184f6fa2ae39b96c4806c7ab625a01e71c,1413608268,1,1,0,0,0,0,0,0,0,0,0,494,393.41,406,FALSE,0,0,0,0,0
4d1ee23f84de64a4f317384f61d1cd9925849107,1413607997,3,3,3,0.393366,21,32,0,8,84,404.33,32.67,493,392.41,198.333,TRUE,0,0,0,2,0
6f31218ecc9170daf2f907a1f98d423ba73eb2d8,1413603958,3,3,3,0.611675,13,19,0,20,50.64,445.33,116,492,391.45,197.333,FALSE,0,0,0,0,0
f15bba7309f2e0a17f7b7a5552b9618f074078c8,1413597711,1,1,0,0,0,0,0,0,0,0,0,491,390.51,403,FALSE,0,0,0,0,0
6cd48590356c85230ad9b85435b8ee39ce54897d,1413595607,1,1,0,0,0,0,0,0,0,0,0,490,389.53,402,FALSE,0,0,0,0,0
4f1cd4f73c2b7ee441d375b819acf6428242d557,1413594786,1,1,0,0,0,0,0,0,0,0,0,489,388.54,401,FALSE,0,0,0,0,0
6f0302fb78f636da320d3ffd329c18fed36aeda9,1413594767,3,3,2,0.169252,32,2,1,16,73.57,567.5,152,0,0,0,TRUE,0,0,0,0,0
0e5613363f3b136e5fa1c159520bdd6e7cd4db99,1413594485,2,2,1,0,13,8,0,14,6.21,829,261,488,387.55,242,FALSE,0,0,0,1,2
b766aad1125edacf7ea765880e68c0ed248e4216,1413593157,1,1,0,0,0,0,0,0,0,0,0,487,386.56,399,FALSE,0,0,0,0,0
7488e2760913494de753b199df03ac2a1090f03f,1413593109,1,1,0,0,0,0,0,0,0,0,0,486,385.56,398,FALSE,0,0,0,0,0
bc9d8547632189f6bca6fe020e1329d3881a69dd,1413593047,1,1,0,0,0,0,0,0,0,0,0,485,384.56,397,FALSE,0,0,0,0,0
2e20a858100c0d3cbb611949eb25734709717fb9,1413593003,1,1,0,0,0,0,1,0,0,0,0,484,383.56,396,FALSE,0,0,0,0,0
a7064082085e41db5ddbfa97a4021a722ecd3d8f,1413592932,1,1,0,0,0,0,0,0,0,0,0,483,382.56,395,FALSE,0,0,0,0,0
6f914160209c16c640d36db8565a968c4e63d3dc,1413437340,1,1,0,0,0,0,0,0,0,0,0,482,383.08,394,FALSE,0,0,0,0,0
2c5ed88c902448489fc9ebcc98bd44c01a280d28,1413437264,0,0,0,0,0,0,0,0,0,0,0,481,382.08,0,FALSE,0,0,0,0,0
6d39d0f8a809eed1b75e0d5bd4d2dad3d2190f25,1413433796,1,1,0,0,0,0,0,0,0,0,0,480,381.11,393,FALSE,0,0,0,0,0
159ea677135c5c0d8f5791bc5f9d3d62e29acc1f,1413433468,1,1,0,0,0,0,0,0,0,0,0,479,380.12,392,FALSE,0,0,0,0,0
33959ed350bbf8d48ac311ec83a94fde693b0bda,1413433187,1,1,0,0,0,0,0,0,0,0,0,478,379.12,391,FALSE,0,0,0,0,0
7a7f18c20bb5a0edd15092f743a269ce09e9422e,1413222105,1,1,0,0,0,0,0,0,0,0,0,2,1.78,2,FALSE,0,0,0,0,0
be478d348c56e5961746dc95b4c0305eb1d6b5a9,1413057899,1,1,1,0,1,1,1,13,61.74,829,260,0,0,0,FALSE,0,0,0,0,0
5f7a37ee517e172c0762fc3debaf94c066e531f9,1413051123,1,1,0,0,0,0,0,0,0,0,0,1,0.79,1,FALSE,0,0,0,0,0
b0e4e641f93e422e4704f79f2ba3d3dcd0c5d8e6,1412973646,1,1,0,0,0,0,0,0,0,0,0,477,382.6,390,FALSE,0,0,0,0,0
94f10c26cb6f84960bf2d61cecaf0d64fa5c03da,1412973069,3,3,2,0.956859,29,4,1,6,72.16,539.5,31.5,476,381.61,191.333,TRUE,0,0,0,1,0
efd2dfb8c82e42b43f3d7f03181381d390d9174d,1412821993,1,1,0,0,0,0,0,0,0,0,0,475,382.09,388,FALSE,0,0,0,0,0
3f2454e3dfec27df00212075ed760b922751d2b6,1412819470,1,1,0,0,0,0,0,0,0,0,0,474,381.12,387,FALSE,0,0,0,0,0
61da3c7d0ec6cdf46f6926d44b1e65dc61707591,1412819408,1,1,0,0,0,0,0,0,0,0,0,473,380.12,386,FALSE,0,0,0,0,0
2c140961ab5dec6622a6dffbd325d8a31eeb0bb3,1412819307,1,1,0,0,0,0,0,0,0,0,0,472,379.12,385,FALSE,0,0,0,0,0
6aa4a450ed2eb352266d06306d42be11e545cc60,1412819142,0,0,0,0,0,0,0,0,0,0,0,471,378.12,0,FALSE,0,0,0,0,0
9f292d873ef3124ed1760ca3647780452b34daf0,1412802045,1,1,0,0,0,0,0,0,0,0,0,470,377.29,384,FALSE,0,0,0,0,0
ef3e95ca739a5357f9a8fd9f8a61e1cc26265b28,1412801069,1,1,0,0,0,0,0,0,0,0,0,469,376.3,383,FALSE,0,0,0,0,0
f45bd632dfada823e4f18bc7f52659e1394f7961,1412800982,1,1,0,0,0,0,0,0,0,0,0,468,375.3,382,FALSE,0,0,0,0,0
cc18da5cdfd6edbe1878b80f1c37cf0d6b86bcb6,1412306980,1,1,0,0,0,0,0,0,0,0,0,467,379.12,381,FALSE,0,0,0,0,0
5603f86eddc5adac4ed868f9f3c593a494039831,1412306861,1,1,0,0,0,0,0,0,0,0,0,466,378.12,380,FALSE,0,0,0,0,0
daadf6033b013319360850a6fc51911533a84512,1411604339,1,1,0,0,0,0,0,0,0,0,0,465,384.16,379,FALSE,0,0,0,0,0
590c9192042c5a615be6832634451e079133749b,1411604160,1,1,0,0,0,0,0,0,0,0,0,464,383.16,378,FALSE,0,0,0,0,0
3bcba79e2defda3a5a93c87a8f6d1ef08b3cfda2,1411604079,1,1,0,0,0,0,0,0,0,0,0,463,382.16,377,FALSE,0,0,0,0,0
b8c8ecebb710891ae362ab3832ef1f7b85745e3c,1411603879,0,0,0,0,0,0,0,0,0,0,0,462,381.16,0,FALSE,0,0,0,0,0
43e2cd79cba6acddb0d2c0de6dceb5874e21f5e5,1411601915,1,1,0,0,0,0,0,0,0,0,0,461,380.18,376,FALSE,0,0,0,0,0
653270bb432ef20646a5cc480c62658e8a4b1c51,1411600546,1,1,0,0,0,0,0,0,0,0,0,460,379.19,375,FALSE,0,0,0,0,0
734bdf5ca15f2b620015d197606df34e3900c7da,1411600473,1,1,0,0,0,0,0,0,0,0,0,459,378.19,374,FALSE,0,0,0,0,0
341c1919d9c1280c7a9bbc610bef3ebf8e8d6ad2,1411600363,1,1,0,0,0,0,0,0,0,0,0,458,377.2,373,FALSE,0,0,0,0,0
8e46af1b1dd543b9933b86613a16ddcb7dc286be,1411193278,1,1,0,0,0,0,0,0,0,0,0,457,380.29,372,FALSE,0,0,0,0,0
e4fc09423e467efab58caf073a22898d01571a2d,1411193191,1,1,0,0,0,0,0,0,0,0,0,456,379.29,371,FALSE,0,0,0,0,0
0300b61fdd767be451b59c8af7ac6923733db084,1411193145,0,0,0,0,0,0,0,0,0,0,0,455,378.29,0,FALSE,0,0,0,0,0
b09afad7b19d87bbc5acae6220e79f4765fb69c3,1411192627,1,1,0,0,0,0,0,0,0,0,0,454,377.3,370,FALSE,0,0,0,0,0
0e0b259556789538b818a1a691502775e1758b75,1411192479,1,1,0,0,0,0,0,0,0,0,0,453,376.3,369,FALSE,0,0,0,0,0
bc38d896ea6bb8049e08467c0ff7fcf40956e744,1411062335,1,1,0,0,0,0,0,0,0,0,0,452,376.61,368,FALSE,0,0,0,0,0
b2518fe1353c89fb3afdfa800202e60d9250297b,1411062215,0,0,0,0,0,0,0,0,0,0,0,451,375.61,0,FALSE,0,0,0,0,0
63286e1192c695630a9c221c93b98d3b982fc5c7,1411061911,1,1,0,0,0,0,0,0,0,0,0,450,374.61,367,FALSE,0,0,0,0,0
c00f2f859635471cedaef12ecc20bd251d815dc2,1411061781,1,1,0,0,0,0,0,0,0,0,0,449,373.61,366,FALSE,0,0,0,0,0
91891e3aee6f2a0b1c4db1e0b499338d05bda91b,1411012141,1,1,0,0,0,0,0,0,0,0,0,448,373.11,365,FALSE,0,0,0,0,0
728917164cc00dd02382560f52c6f78936adb4c3,1410982676,3,3,2,0.707544,34,2,1,5,0.01,503.5,61.5,447,372.4,182.333,FALSE,0,0,0,2,1
bf1980f1b4f863bf89db2d3066f79bd813bcfe05,1410982128,3,3,3,0.479771,41,12,0,6,34.48,501.67,44,446,371.4,181.333,FALSE,0,0,0,1,1
3c1a96436237e4dc920786030b05b4903b9dcfff,1410981423,3,3,2,0.310917,14,1,1,9,4.9,537,105.5,445,370.41,180.333,FALSE,0,0,0,3,2
947fb8b27425851f3316ae9d39df5035085dde4a,1410935517,1,1,0,0,0,0,0,0,0,0,0,444,369.87,361,FALSE,0,0,0,0,0
c5193536e5c1082e0eea7517e4dc326d9a0767e5,1410935063,1,1,0,0,0,0,0,0,0,0,0,443,368.87,360,FALSE,0,0,0,0,0
d08fd64190a5850576c54e3e13e535907c1523db,1410934994,1,1,0,0,0,0,0,0,0,0,0,442,367.87,359,FALSE,0,0,0,0,0
2470ae6c7270485717c0f2f9af490815929fd431,1410934905,1,1,0,0,0,0,0,0,0,0,0,441,366.87,358,FALSE,0,0,0,0,0
916a75cf19b49686dc9affc7820536b83947878b,1410934083,0,0,0,0,0,0,0,0,0,0,0,440,365.88,0,FALSE,0,0,0,0,0
daacb749c12edd70987bd11104f74d6409c40d68,1410933784,1,1,0,0,0,0,0,0,0,0,0,439,364.88,357,FALSE,0,0,0,0,0
f29399c4e1f644a64e08a45251f113d361bdfbb3,1410851681,1,1,0,0,0,0,0,0,0,0,0,438,364.68,356,FALSE,0,0,0,0,0
f6ac068ab040ae008074e2ecc9b935a55310f2f2,1410851468,2,2,1,0,2,2,0,6,86.32,418,58,437,363.68,217,FALSE,0,0,0,0,0
7eb65eeca2a18e9d69a0c57d93e83c5568a78b4b,1410850742,1,1,0,0,0,0,0,0,0,0,0,436,362.69,354,FALSE,0,0,0,0,0
178fe15091f87c4147cff150d44ccba8b553318e,1410850661,1,1,0,0,0,0,0,0,0,0,0,435,361.69,353,FALSE,0,0,0,0,0
381f278d0aa6d9ea1abe337686700e35b478f246,1410850596,1,1,0,0,0,0,0,0,0,0,0,434,360.69,352,FALSE,0,0,0,0,0
534fa181c6bfc695b5724d81ff32b8346986e8f0,1410832569,1,1,0,0,0,0,0,0,0,0,0,433,359.86,351,FALSE,0,0,0,0,0
bb8abf1f9017aca26cded6c61043c37dee34a68a,1410682831,1,1,1,0,0,5,0,1,68.17,61,1,0,0,0,FALSE,0,0,0,0,0
cf41a8f25434bde16ee8606ce12bb699ef9de39e,1410558409,3,3,2,0.0805393,215,2,1,9,41.5,430.5,105,432,361.51,175.333,TRUE,0,0,0,3,1
1716e3b067af5acaeeee4165a865e0b670300aee,1410237137,1,1,0,0,0,0,0,0,0,0,0,431,363.64,349,FALSE,0,0,0,0,0
d4de82b853ad5daa387b8853ed697134d9dbac28,1410235930,1,1,0,0,0,0,0,0,0,0,0,430,362.66,348,FALSE,0,0,0,0,0
e2102263ce08642f613667de0430e811470fce4b,1410235864,1,1,0,0,0,0,0,0,0,0,0,429,361.66,347,FALSE,0,0,0,0,0
d2b1a89b4a0caa59abc6808b6311cb34cdbf43c8,1410235802,1,1,0,0,0,0,0,0,0,0,0,428,360.66,346,FALSE,0,0,0,0,0
d9937c628ad31a04950a495fe5bfa17ccf229401,1410235687,1,1,0,0,0,0,0,0,0,0,0,427,359.66,345,FALSE,0,0,0,0,0
276db8c49a4f363d27bc948e554ac375ae92eb0a,1410235587,1,1,0,0,0,0,0,0,0,0,0,426,358.66,344,FALSE,0,0,0,0,0
1768d94a1a2051bf87267b92bd85ea0750847082,1410235448,1,1,0,0,0,0,0,0,0,0,0,425,357.66,343,FALSE,0,0,0,0,0
3dca534995651a38a784512b0b3132d07a512969,1410234539,0,0,0,0,0,0,0,0,0,0,0,424,356.67,0,FALSE,0,0,0,0,0
4b1b8e420f4f4ee95e835e2eebc41a66dba556f2,1410234338,1,1,0,0,0,0,0,0,0,0,0,423,355.67,342,FALSE,0,0,0,0,0
70767b19aca926faf679d6ccdd068ba98c52d480,1410234334,3,3,2,0.173056,14,11,1,7,0.03,363.5,66,422,354.67,171.667,FALSE,0,0,0,0,0
7d277c1c156f0b6b0064500986f689e3d0c09a24,1410234264,1,1,0,0,0,0,0,0,0,0,0,421,353.67,340,FALSE,0,0,0,0,0
fa1fcd9fec14234f3fde38b6f4929bb2043fedef,1410232022,1,1,0,0,0,0,0,0,0,0,0,420,352.69,339,FALSE,0,0,0,0,0
2de6514b4b4cc7e9629664faa56859da7e597265,1410231828,3,3,2,0.117584,58,1,1,7,0,335,65.5,419,351.69,170,TRUE,0,0,0,0,0
d07c06363f00647ab0553ef227b9b65cb4a04ae9,1410231762,3,3,2,0.57938,20,4,0,7,115.55,327,65,418,350.7,169,TRUE,0,0,0,0,0
4e97533fd20fea890e14d6ca10e0bc49269b4630,1410230927,1,1,0,0,0,0,0,0,0,0,0,417,349.7,336,FALSE,0,0,0,0,0
d7d6219a1e65a9151f8241753a9091ad9ca93628,1410230874,1,1,0,0,0,0,0,0,0,0,0,416,348.7,335,FALSE,0,0,0,0,0
9b18461bbcb58450e265484169f143fa69c52a83,1410225508,1,1,0,0,0,0,0,0,0,0,0,415,347.75,334,FALSE,0,0,0,0,0
b77aa38c987fab2b1dc1b83747bb10811a5bf43f,1410225423,1,1,0,0,0,0,0,0,0,0,0,414,346.75,333,FALSE,0,0,0,0,0
cbb251377ec47d29ae60b8a6e4744b52351677c8,1410225267,1,1,0,0,0,0,0,0,0,0,0,413,345.76,332,FALSE,0,0,0,0,0
d6ed469de3a2210c7d6124bf29599bd039a79257,1410225200,1,1,0,0,0,0,0,0,0,0,0,412,344.76,331,FALSE,0,0,0,0,0
49284c236bf263b4933cf0bea786c4044706b75d,1410225101,1,1,0,0,0,0,1,0,0,0,0,411,343.76,330,FALSE,0,0,0,0,0
be18487f7d58f340eb696b1e3edb66eb13b309c2,1410225057,1,1,0,0,0,0,0,0,0,0,0,410,342.76,329,FALSE,0,0,0,0,0
094ff1194907f3f3fc7db2121dd3f2ecbd4a7c49,1410224962,1,1,0,0,0,0,0,0,0,0,0,409,341.76,328,FALSE,0,0,0,0,0
33bb8fc4b61e4d7efedfaadd704ac66d08c43e9e,1410223892,2,2,3,0.180648,111,4,1,3,81.84,29.33,5.33,408,340.77,56,TRUE,0,0,0,0,0
b97f6eb5068f55b2465d546e9bd8d1b3aff2fc3a,1410219118,1,1,1,0,3,3,1,1,513.28,52,1,407,339.81,17,FALSE,0,0,0,0,0
dfa7ee47322777b3f5f942c584239f1c64ba7766,1410024917,1,2,3,0.561563,19,24,0,12,0.96,440.33,103.33,1,1,1,TRUE,0,0,0,0,0
d2d0afff64d72f208a8aa2d9216debf5abef9e40,1409934859,1,1,1,0,0,1,0,14,25.59,956,285,0,0,0,FALSE,0,0,0,0,0
621d074bd87dd7a7064c5607dbed05b97f80fcc0,1409898372,1,1,0,0,0,0,0,0,0,0,0,406,341.74,327,FALSE,0,0,0,0,0
d7e7b2e7d7da7e0ef4fb4fe9d67e65d50cf6e94b,1409898242,1,1,0,0,0,0,0,0,0,0,0,405,340.75,326,FALSE,0,0,0,0,0
2d6b735b4f0e21a6ef1c66b4feb157bd1e334868,1409898077,1,1,0,0,0,0,0,0,0,0,0,404,339.75,325,FALSE,0,0,0,0,0
a3115882d48181dc09b40c952fd88ca225986f6a,1409898002,0,0,0,0,0,0,0,0,0,0,0,403,338.75,0,FALSE,0,0,0,0,0
3d188fe13e1901222cd830dcdc9772a34b9bd745,1409897875,1,1,0,0,0,0,0,0,0,0,0,402,337.75,324,FALSE,0,0,0,0,0
8327708ec2504d41dbdd6fa6d8d006975a0a6b0a,1409896622,1,1,0,0,0,0,0,0,0,0,0,401,336.76,323,FALSE,0,0,0,0,0
c8640b346530b1bbcb639319668120763372487c,1409896587,1,1,0,0,0,0,0,0,0,0,0,400,335.76,322,FALSE,0,0,0,0,0
3ce5f9b493602827cf7f6ad2a78899cd09984286,1409896524,1,1,0,0,0,0,0,0,0,0,0,399,334.76,321,FALSE,0,0,0,0,0
80847d8c82513c092f168a9f8d877a7f16866df3,1409705636,1,1,1,0,15,7,1,3,180.78,72,3,0,0,0,TRUE,0,0,0,1,0
46f0bfc65f151a900e7c36a81b950c79b2c1a596,1409377072,1,1,0,0,0,0,0,0,0,0,0,398,338.49,320,FALSE,0,0,0,0,0
0b49e7f1fdd18e99d403c4543563628fb6fc8565,1409376785,1,1,0,0,0,0,0,0,0,0,0,397,337.49,319,FALSE,0,0,0,0,0
f6f47f428c63af11a2ac081908483a56320fa89f,1409376656,1,1,0,0,0,0,0,0,0,0,0,396,336.49,318,FALSE,0,0,0,0,0
20635d03fcc17e7a5533c2714e02fd27a711bb1b,1409376518,0,0,0,0,0,0,0,0,0,0,0,395,335.49,0,FALSE,0,0,0,0,0
4d032cda058596e1ae89924ff69e80c3849ef4ff,1409376126,1,1,0,0,0,0,0,0,0,0,0,394,334.5,317,FALSE,0,0,0,0,0
4127ba10b02cbad9f07f6b4c42c94887d388260e,1409375993,1,1,0,0,0,0,0,0,0,0,0,393,333.5,316,FALSE,0,0,0,0,0
b6ae091bdfa5d1717b65eba8dbba3d67ad999438,1409190697,1,1,0,0,0,0,0,0,0,0,0,392,334.18,315,FALSE,0,0,0,0,0
a206b4e27399bd5176d0d1d2d7328c65b81981a0,1409189156,1,1,0,0,0,0,0,0,0,0,0,391,333.19,314,FALSE,0,0,0,0,0
2b2733c2354996905931a9e410be303dedc50796,1409188961,1,1,0,0,0,0,0,0,0,0,0,390,332.2,313,FALSE,0,0,0,0,0
7fb7bcc0f7571997cd1752749683073df0403aa6,1409188853,0,0,0,0,0,0,0,0,0,0,0,389,331.2,0,FALSE,0,0,0,0,0
0299bee8fae527c02c42dee8ced22a1f63f05093,1409188158,1,1,0,0,0,0,0,0,0,0,0,388,330.2,312,FALSE,0,0,0,0,0
6a581c99610f63d8b46b6ddae9de48aef27aa743,1409187881,1,1,0,0,0,0,0,0,0,0,0,387,329.21,311,FALSE,0,0,0,0,0
51d33edb7973cb9ecec404d03e62d1ef9dff4a92,1408943221,3,3,3,0.398975,27,36,0,9,50.73,308.67,38.33,386,330.41,159,FALSE,0,0,0,2,0
3de4e4276d7c3c933fb27d5013c2b4926cb2ebe3,1408889124,1,1,0,0,0,0,1,0,0,0,0,385,329.9,309,FALSE,0,0,0,0,0
6bc7574ab5ae85979551b6a2a037bb291a7f1e23,1408678459,3,3,2,1,2,2,1,6,28.4,520,30.5,384,330.81,138.667,FALSE,0,0,0,0,0
2a0c35a10862c00b7d95ff1a088956ac8de2dac6,1408646618,3,3,2,0.465805,170,105,1,15,-7.45,737.5,152,383,330.1,157,TRUE,0,0,0,5,2
4986b1cb4c62eb853c5666ed552617d6bb79f38a,1408646166,1,1,1,0,23,3,0,4,6.6,500,33,382,329.1,90,FALSE,0,0,0,0,0
27f195374d7372f3270357873239f2c2962aafcc,1408417516,1,1,0,0,0,0,0,0,0,0,0,381,330.19,306,FALSE,0,0,0,0,0
ff0de5eb27591917593bfbe0340923551aa14d26,1408417201,1,1,0,0,0,0,0,0,0,0,0,380,329.19,305,FALSE,0,0,0,0,0
f4ddef1570d0dff3f7c5eb38d7b3f1a2b012e8c6,1408417127,1,1,0,0,0,0,0,0,0,0,0,379,328.19,304,FALSE,0,0,0,0,0
9eafaa23d829910c4bd4824034efc43f76e42559,1408416865,0,0,0,0,0,0,0,0,0,0,0,378,327.19,0,FALSE,0,0,0,0,0
0b12cc0cacbd8948079a0ca78b87d540def950eb,1408416317,1,1,0,0,0,0,0,0,0,0,0,377,326.2,303,FALSE,0,0,0,0,0
fdd0ccabe86ecd8ff5f007250961d0e6eba1d7fe,1408416313,1,1,0,0,0,0,0,0,0,0,0,376,325.2,302,FALSE,0,0,0,0,0
8c36eab67926a43a2021a9cc31d1137148a99c1b,1408414761,1,1,0,0,0,0,0,0,0,0,0,375,324.21,301,FALSE,0,0,0,0,0
5c145b5490bc00b382d82b52d4308fdfd615c70f,1408414645,1,1,0,0,0,0,0,0,0,0,0,374,323.21,300,FALSE,0,0,0,0,0
1576a95e87672d1987e0f29c0dffa574b5acb007,1408413449,1,1,0,0,0,0,0,0,0,0,0,373,322.22,299,FALSE,0,0,0,0,0
7f92fe66e0dbd56629ec5da81ea8a4903044cf68,1408412474,1,1,0,0,0,0,0,0,0,0,0,372,321.23,298,FALSE,0,0,0,0,0
0cf02d4667264cea9682d49941f1242ac6f289df,1408076799,1,1,0,0,0,0,0,0,0,0,0,371,323.23,297,FALSE,0,0,0,0,0
ef52b80d750b978f65c00305ed73404f688d69ca,1408076668,1,1,0,0,0,0,0,0,0,0,0,370,322.23,296,FALSE,0,0,0,0,0
1ca01c0c47ce16ca2dcc34442b1182ac5b4c9704,1408076574,1,1,1,0,12,0,0,4,37.2,426,23,369,321.23,89,FALSE,0,0,0,0,0
fbceae2716e94a69ba47cc7a688567b4392ab6a3,1408076334,1,1,1,0,8,0,0,4,8.92,492,32,368,320.24,88,FALSE,0,0,0,0,0
ad3ca25c581e9a32edf8abad8aff9d72d51257fd,1408076180,1,1,0,0,0,0,0,0,0,0,0,367,319.24,295,FALSE,0,0,0,0,0
666ffc62d8b3e44da98a3d55aa6cdaa48726e108,1408076128,1,1,0,0,0,0,0,0,0,0,0,366,318.24,294,FALSE,0,0,0,0,0
66801323927426a47bf022e9f8ef7e2038f86ecf,1408076082,0,0,0,0,0,0,0,0,0,0,0,365,317.24,0,FALSE,0,0,0,0,0
f13f4652da58c42e30c59e2b0b5b0d58b1d97bb7,1408074812,1,1,0,0,0,0,0,0,0,0,0,364,316.25,293,FALSE,0,0,0,0,0
059c068c7be185a48935bfb94dc024aaaf7389f5,1408074631,1,1,0,0,0,0,1,0,0,0,0,363,315.25,292,FALSE,0,0,0,0,0
49947f1476b35276cb280d5a0f7c117020caff57,1408074579,1,1,0,0,0,0,0,0,0,0,0,362,314.25,291,FALSE,0,0,0,0,0
12f92a50dc59887c30f4c6f23fdfbfc616dcbef5,1407935399,3,3,2,0.805983,56,0,0,15,-4.12,471.5,143.5,0,0,0,FALSE,0,0,0,0,0
0dddd772c0096b62ab67295083fb1795c353f0ff,1407810609,1,1,0,0,0,0,0,0,0,0,0,361,315.57,290,FALSE,0,0,0,0,0
0f87c6f3929427e07914b77a0e1c28385ab76e02,1407810575,1,1,0,0,0,0,0,0,0,0,0,360,314.57,289,FALSE,0,0,0,0,0
1643ae442c724e1ea14383b62675cb13c49e3f49,1407724207,1,1,0,0,0,0,0,0,0,0,0,359,314.33,288,FALSE,0,0,0,0,0
2594f3103b0a0410aaaa8c1385f82c326afb839e,1407724164,1,1,0,0,0,0,0,0,0,0,0,358,313.33,287,FALSE,0,0,0,0,0
8473b3c3386fa81f3a3b89cb952fd45304430a80,1407724062,1,1,0,0,0,0,0,0,0,0,0,357,312.33,286,FALSE,0,0,0,0,0
59cb99e9be8273db7432ba1d505fe8cedd87d3c2,1407724009,0,0,0,0,0,0,0,0,0,0,0,356,311.33,0,FALSE,0,0,0,0,0
7119f2b16d610af6e4eb6d79292c52e2e8c506d9,1407723778,1,1,0,0,0,0,0,0,0,0,0,355,310.33,285,FALSE,0,0,0,0,0
a57efea173240961cd038b2336f36183054d7d97,1407723654,2,2,1,0,2,1,1,13,18.93,828,259,354,309.33,178,FALSE,0,0,0,0,0
4a4ca7347a8ada0de14b83503c9e5c50d4fc97e8,1407723550,1,1,0,0,0,0,0,0,0,0,0,353,308.33,283,FALSE,0,0,0,0,0
570f60d36eea61d410e952c57583f6c7b8117cdd,1407723492,1,1,0,0,0,0,0,0,0,0,0,352,307.33,282,FALSE,0,0,0,0,0
d13e6135844e1c949ac0f10f307130c4df153085,1407465136,1,1,0,0,0,0,0,0,0,0,0,351,308.56,281,FALSE,0,0,0,0,0
9204e1f42ab0019dfed3298db96af7646079ebbd,1407465113,1,1,0,0,0,0,0,0,0,0,0,350,307.56,280,FALSE,0,0,0,0,0
22ca953e96e66e142e2e89ba1fa3386a876ce55f,1407427502,1,1,0,0,0,0,0,0,0,0,0,349,306.89,279,FALSE,0,0,0,0,0
7989c883feacb9de542ce03be372173daebf69d1,1407427433,1,1,0,0,0,0,0,0,0,0,0,348,305.89,278,FALSE,0,0,0,0,0
e05a52078a3412e4875f90cf5211a9256bc3c8f7,1407427268,0,0,0,0,0,0,0,0,0,0,0,347,304.89,0,FALSE,0,0,0,0,0
ddac571fdf36aef1381c53dd4766f5e9054b1aa3,1407427194,1,1,0,0,0,0,0,0,0,0,0,346,303.89,277,FALSE,0,0,0,0,0
982d24b47553f72195d0f83581b48f32cb50591a,1407426820,1,1,0,0,0,0,0,0,0,0,0,345,302.89,276,FALSE,0,0,0,0,0
552b441f8ab3457c284a8d6dc5eeaedc51d52df4,1407363715,1,1,0,0,0,0,0,0,0,0,0,344,302.43,275,FALSE,0,0,0,0,0
e8f8ea7e05c27eb10286ec62a5f4df533deeeff8,1407363234,1,3,3,0.721461,8,5,0,2,70.75,73.67,6.67,343,301.43,15,FALSE,0,0,0,0,0
4f5b27dd81e15f4d6c8dc551b2d5bd3757579a23,1407363032,1,1,0,0,0,0,0,0,0,0,0,342,300.43,274,FALSE,0,0,0,0,0
cca88a7c47fd15a7df5434bd92e55efa95557138,1407362955,0,0,0,0,0,0,0,0,0,0,0,341,299.43,0,FALSE,0,0,0,0,0
ea427c1bb4667be345d786c5120c435dbca3d13a,1407362851,1,1,0,0,0,0,0,0,0,0,0,340,298.43,273,FALSE,0,0,0,0,0
0bd6c311cffc79e5ed14434604c4fb19541378a0,1407362779,1,1,0,0,0,0,0,0,0,0,0,339,297.43,272,FALSE,0,0,0,0,0
7f606ebf29f3a0d5fdad8de77f26d757dfb83022,1407362750,1,1,0,0,0,0,0,0,0,0,0,338,296.44,271,FALSE,0,0,0,0,0
a3b5adcf4aa5bd7df9a0ebc2c870c02bec764ad0,1407361808,1,1,0,0,0,0,0,0,0,0,0,337,295.44,270,FALSE,0,0,0,0,0
1150ca7264fe868a7685302987edb5bb564b0faf,1407361716,2,2,1,0,7,3,1,14,0.64,952,283,336,294.44,170,FALSE,0,0,0,1,2
4aea02310ad7738fb1b3bac08de5424d82bfe4c6,1407307859,1,1,0,0,0,0,0,0,0,0,0,335,293.89,268,FALSE,0,0,0,0,0
8449f23f0d74b0f3159f8652a6bc019cb3678847,1407306436,2,2,1,0,3,0,0,14,0.01,949,282,334,292.9,168.5,FALSE,0,0,0,0,0
2cb029f896dff3a488dfd0c745997183525b8c05,1407305365,3,3,2,0.799398,277,0,1,14,7.73,582,148.5,333,291.91,140.667,TRUE,0,0,0,1,1
7e32fa1be647515c183d0ef831c391c66f25e69c,1407304749,1,1,0,0,0,0,0,0,0,0,0,332,290.91,265,FALSE,0,0,0,0,0
1168d0bb8b787bd3a132e605be9c81f207fe2b3f,1407304712,1,1,0,0,0,0,0,0,0,0,0,331,289.91,264,FALSE,0,0,0,0,0
7d0f1c3db9d467e68e2ecb59e2d97e647ca99e8b,1407304635,1,1,0,0,0,0,0,0,0,0,0,330,288.91,263,FALSE,0,0,0,0,0
19abf7684bfa9e173660663fb25a96b39e5989dc,1407304545,0,0,0,0,0,0,0,0,0,0,0,329,287.91,0,FALSE,0,0,0,0,0
c652cf7eedc3f4b9eb6de6c1c8c31fcf33f33c85,1407303646,1,1,0,0,0,0,0,0,0,0,0,328,286.92,262,FALSE,0,0,0,0,0
19fd6f85b0d534930352f263bf2b15fe288237e5,1407303552,1,1,0,0,0,0,0,0,0,0,0,327,285.92,261,FALSE,0,0,0,0,0
b6c5b0511f5a2e6f2da8d5b371d30618e1616327,1407303478,1,1,0,0,0,0,0,0,0,0,0,326,284.92,260,FALSE,0,0,0,0,0
0e42a37edd5b7dd2b66a1ca62927384dfbab4303,1407303433,1,1,0,0,0,0,0,0,0,0,0,325,283.92,259,FALSE,0,0,0,0,0
b24ed1587829185bc5b3ca702807dc40f17872db,1407303300,1,1,0,0,0,0,0,0,0,0,0,324,282.92,258,FALSE,0,0,0,0,0
b886eb52cf955c2f29ad31b514607d4e38c1dbaf,1407188197,1,1,0,0,0,0,0,0,0,0,0,323,282.83,257,FALSE,0,0,0,0,0
d8237b976b64e11978b194191ef14f916475144e,1407188142,0,0,0,0,0,0,0,0,0,0,0,322,281.83,0,FALSE,0,0,0,0,0
15590d75b26f1e4b95b565f8306c763ee860d3e2,1407187912,1,1,0,0,0,0,0,0,0,0,0,321,280.84,256,FALSE,0,0,0,0,0
767db01b7954a9cc6b6ccea769ccc0072de85f4f,1407187603,1,1,0,0,0,0,0,0,0,0,0,320,279.84,255,FALSE,0,0,0,0,0
df413a41f3bde919ece284c52a61bbe038728755,1407186872,1,1,0,0,0,0,0,0,0,0,0,319,278.84,254,FALSE,0,0,0,0,0
e8b471ff4f8511209cdc9c4d7da62469a4a8e9a2,1407186588,2,3,2,0.0521748,25,0,1,3,6.35,131,11.5,318,277.85,169.5,TRUE,0,0,0,0,0
52775a52ad9e00fbd38056af6ed0cddb4286d3d2,1407183269,1,1,0,0,0,0,0,0,0,0,0,317,276.87,252,FALSE,0,0,0,0,0
112bc92d78c9cd2d013b8f01839b201eef9d8904,1407183112,1,1,0,0,0,0,0,0,0,0,0,316,275.87,251,FALSE,0,0,0,0,0
d8df26680ffb7095f1204946b39d6b9432bc4f2b,1407183032,1,1,0,0,0,0,0,0,0,0,0,315,274.87,250,FALSE,0,0,0,0,0
12e070e39ad98597e9875491055b5d2edde26ba8,1407180864,1,2,1,0,12,0,0,4,-0.07,321,30,314,273.89,85,TRUE,0,0,0,0,0
17cea29013c64b169e3fa8ddde903e05ce533ab0,1406972495,3,3,2,0.734496,71,29,1,8,21.33,409.5,104.5,0,0,0,TRUE,0,0,0,4,3
d7bef52591876e3fa86ed08b5ac0cb5447ba1684,1406761069,3,4,3,0.75,4,4,0,4,63.14,89.67,4,0,0,0,FALSE,0,0,0,0,0
1854a5d35f28aad84fd47d7484b3d5afd171be88,1406491254,1,1,0,0,0,0,0,0,0,0,0,313,278.24,249,FALSE,0,0,0,0,0
54d3ffa9a0e987bf3eee2d0d715fdb1fb8619832,1406491217,1,1,0,0,0,0,0,0,0,0,0,312,277.24,248,FALSE,0,0,0,0,0
0ee4dd82b5a8f0e116fe8d421e207973989a3596,1406491159,1,1,0,0,0,0,0,0,0,0,0,311,276.24,247,FALSE,0,0,0,0,0
454c4b2350011bca6374c70d0264fa42a27e1552,1406491125,0,0,0,0,0,0,0,0,0,0,0,310,275.24,0,FALSE,0,0,0,0,0
696e150f0ab7b11fd7a58832809f2f6393c74186,1406490825,1,1,0,0,0,0,0,0,0,0,0,309,274.25,246,FALSE,0,0,0,0,0
819265c7ae8c6731a4cea1c887d729fe0e9c2e9a,1406490114,1,1,0,0,0,0,0,0,0,0,0,308,273.25,245,FALSE,0,0,0,0,0
baf8b14a71885f6255b2fc484b33440a0f0613d9,1406490079,1,1,0,0,0,0,1,0,0,0,0,307,272.25,244,FALSE,0,0,0,0,0
06e7685d65581e03c6572ba8cb4eadaab4750d4b,1406490019,1,1,0,0,0,0,0,0,0,0,0,306,271.25,243,FALSE,0,0,0,0,0
8858f20d9399d6eeb01e70475c58bb1da9eb3ef4,1406415206,1,1,0,0,0,0,0,0,0,0,0,305,270.83,242,FALSE,0,0,0,0,0
65f67e2ec0f846338766c9e334a4fe45c8f83b8b,1406412482,1,1,0,0,0,0,0,0,0,0,0,304,269.85,241,FALSE,0,0,0,0,0
8e63521f688649219857c958d26076cb9914508d,1406412084,0,0,0,0,0,0,0,0,0,0,0,303,268.85,0,FALSE,0,0,0,0,0
9f4968aaa3db6d9fe94be83f95d354be86812aee,1406410938,1,1,0,0,0,0,0,0,0,0,0,302,267.86,240,FALSE,0,0,0,0,0
afea3c0ae88a1c304fb4d424d02220a6538aff26,1406410500,1,1,0,0,0,0,0,0,0,0,0,301,266.86,239,FALSE,0,0,0,0,0
edaabe66cf180b49919e772bba2150666c54251e,1406410469,1,1,0,0,0,0,0,0,0,0,0,300,265.86,238,FALSE,0,0,0,0,0
f724730e1ab259a66f6a0445161261555b6d733f,1406410392,2,2,1,0,1,1,0,6,8.25,552,126,299,264.86,152.5,FALSE,0,0,0,0,0
e49d0dc9e3abcd094884064ad152cbc7ce9d6f68,1406410282,1,1,0,0,0,0,1,0,0,0,0,298,263.86,236,FALSE,0,0,0,0,0
e7a3fbaf48502341d6317b53d553628c92cc192f,1406410213,1,1,0,0,0,0,0,0,0,0,0,297,262.86,235,FALSE,0,0,0,0,0
1a9a837c45a66ee0ea95362cbb077388a3df33dc,1406334371,1,1,0,0,0,0,0,0,0,0,0,296,262.43,234,FALSE,0,0,0,0,0
ab8d116f4289bc7c3c1936df1825b3d26caa8738,1406153851,1,1,0,0,0,0,1,0,0,0,0,295,262.77,233,FALSE,0,0,0,0,0
d0b6b3dfcf4f19eb8af7b4a445fa72ef437d3098,1406150894,1,1,1,0,77,55,0,2,46.8,216,5,294,261.79,84,TRUE,0,0,0,0,0
f34944c539f3a8e0f35a7f41011635e40141fc3c,1406146500,0,0,0,0,0,0,0,0,0,0,0,293,260.83,0,FALSE,0,0,0,0,0
035685918c556783f7d8d4150f0a410d2e9d7b42,1406141787,1,1,0,0,0,0,0,0,0,0,0,292,259.86,232,FALSE,0,0,0,0,0
3b7ca4317047c916681bb9f50c4cf5c2f9caeca9,1406138504,1,1,0,0,0,0,0,0,0,0,0,291,258.89,231,FALSE,0,0,0,0,0
7cd86a01da1c0bc8a845ae358edbc92f6fd06086,1406135047,1,1,0,0,0,0,0,0,0,0,0,290,257.91,230,FALSE,0,0,0,0,0
928952e7f0f3490619d3c1cd4f98c9de887ffc00,1406091199,1,1,0,0,0,0,0,0,0,0,0,289,257.23,229,FALSE,0,0,0,0,0
3fc8dc54ee2075b397c2d16c641e761a29fec4ad,1406088801,1,1,0,0,0,0,0,0,0,0,0,288,256.25,228,FALSE,0,0,0,0,0
0d77305a1adf860220d61f4bfa2015dafb2a7f70,1406088495,3,4,2,0.57938,30,6,1,13,27.04,533,135.5,287,255.25,125.667,FALSE,0,0,0,0,0
323c185079b7fad7d331d04652cbde6e77694869,1406087717,2,2,1,0,4,3,0,13,11.98,827,257,285,253.26,145,TRUE,0,0,0,0,0
88cffadcaabf7d7a398e5f612bcd27ed2a4f80b3,1406087717,3,3,2,0.57938,3,6,0,14,12.25,565.5,146.5,286,254.26,124.667,TRUE,0,0,0,0,0
1d0da9036b76a25cd1d92d3ea2ce2af060c1d52c,1406087630,1,1,0,0,0,0,0,0,0,0,0,283,251.26,223,FALSE,0,0,0,0,0
dc054d190aa33b31d5bd15a48d5349f483383e89,1406087630,1,1,0,0,0,0,0,0,0,0,0,284,252.26,224,FALSE,0,0,0,0,0
90194247253deabfa5fa90322925daab76681fb6,1406087564,1,1,0,0,0,0,0,0,0,0,0,282,250.26,222,FALSE,0,0,0,0,0
683ba1cd7547de87d3e5da7e7c55293a6b738a91,1406087564,1,1,0,0,0,0,0,0,0,0,0,281,249.26,221,FALSE,0,0,0,0,0
e4ff5281c9e8d6425096b69171d424d14d650a9c,1406087436,1,1,0,0,0,0,0,0,0,0,0,280,248.26,220,FALSE,0,0,0,0,0
7414a1f46326669661f5a6190d458531a4fdf11e,1405707515,1,1,0,0,0,0,1,0,0,0,0,279,249.95,219,FALSE,0,0,0,0,0
a28b7a85cf3fc71e1a1bda8d90338741eba8c92b,1405697596,3,3,2,0.900084,23,5,1,6,74.43,314.5,63.5,0,0,0,FALSE,0,0,0,0,0
11c74d72ebee6d75d5a1bb6d553a4d49a0aa9628,1405697596,3,3,2,0.900084,23,5,1,7,74.15,265.5,69.5,1,1,1,FALSE,0,0,0,0,0
fd3b40533bafa7e136f68354d0be470bfe60a51c,1405651781,2,2,1,0,10,17,0,14,1.78,841,278,278,249.35,141,TRUE,0,0,0,2,2
8e34fa35d729c4c2680950f35b6a1ab28098965c,1405621913,3,3,3,0.556435,64,23,0,1,69.54,7.67,0.33,277,248.56,72.6667,FALSE,0,0,0,0,0
21bb2ef30e46eff8216c5fa177997239e7abebc2,1405558044,1,1,0,0,0,0,0,0,0,0,0,276,248.02,216,FALSE,0,0,0,0,0
da4c6399546c254952c45242e28d999ada31e611,1405557857,1,1,0,0,0,0,1,0,0,0,0,275,247.02,215,FALSE,0,0,0,0,0
d046208ca24000cfd83e474bf2d4340c60ffb520,1405530619,1,1,0,0,0,0,0,0,0,0,0,274,246.21,214,FALSE,0,0,0,0,0
04f383087fc00981d57035129457d053eaad058b,1405526190,1,1,0,0,0,0,0,0,0,0,0,0,0,0,FALSE,0,0,0,0,0
fd86ab8da22b847b160ef7b5c17cb39481ea4f38,1405498051,1,1,1,0,4,2,1,13,4.16,839,277,0,0,0,FALSE,0,0,0,0,0
509ebb1aff11749a9608f2a1ed2117766800d883,1405312045,2,2,1,0,30,46,0,10,0.01,578,211,273,246.76,138,FALSE,0,0,0,1,0
78e50547f16e2adb5763a953586d05308d8aba4c,1405310793,1,2,2,0.853347,18,29,0,10,55.12,294.5,107.5,272,245.77,62,FALSE,0,0,0,0,0
dcc4eaabe86a4309437db2a853c5ef788a854699,1405310197,2,3,5,0.349572,24,45,0,18,-37.72,288.4,95,271,244.77,136.5,FALSE,0,0,0,1,1
e29fa25bb49c8266041f36ceac90751706225338,1405307700,3,4,4,0.360078,143,40,0,12,65.82,219.5,64,270,243.79,117.333,TRUE,0,0,0,3,2
112dbb2ab40a6ecdd7ed0de4503dfc56655a24a3,1405217508,1,1,0,0,0,0,0,0,0,0,0,269,243.42,210,FALSE,0,0,0,0,0
3e32721e24bb0169cbb348ae4654caa90fdfb1c0,1405217263,3,3,2,0.194885,9,6,1,8,21.68,327.5,101.5,268,242.42,116,TRUE,0,0,0,0,0
b43205ca98a7f78d802b93cd15bb67a60ae437cc,1405138718,3,3,2,0.323582,19,10,0,13,2,690.5,147,267,241.97,115,FALSE,0,0,0,9,0
8ba3f39b33042f59d50ef5b5fb87109d3f3a2a26,1405135890,1,1,0,0,0,0,0,0,0,0,0,266,240.99,207,FALSE,0,0,0,0,0
82bdbad5e0a29cd9784f8e121d9209c2ec582c7d,1405134009,1,1,0,0,0,0,0,0,0,0,0,265,240.01,206,FALSE,0,0,0,0,0
d29cf4d5e3275fd628c84048f9307bed4cc777ae,1405133389,1,1,0,0,0,0,0,0,0,0,0,264,239.01,205,FALSE,0,0,0,0,0
1623936a258da0b17ff26072705756651e9c15a0,1405133322,1,1,0,0,0,0,0,0,0,0,0,263,238.01,204,FALSE,0,0,0,0,0
fa6a40526a364a22976bd39cfbe94cc2674e6a7e,1405133185,1,1,0,0,0,0,0,0,0,0,0,262,237.01,203,FALSE,0,0,0,0,0
4ea6f21b02fdf290aea723ee42cbb0aab0313b20,1405101146,0,0,0,0,0,0,0,0,0,0,0,261,236.23,0,FALSE,0,0,0,0,0
916c53737d97b605385f9b5235a3a890f864c6bb,1405098691,1,1,0,0,0,0,0,0,0,0,0,260,235.25,202,FALSE,0,0,0,0,0
ec5b9f5c618d4f73fb3c211ed1936c89911acca3,1405085720,1,1,1,0,26,0,0,6,3.44,902,52,259,234.34,78,FALSE,0,0,0,0,0
b2382a73365ecf1d411b7bf57e589bc6ccc073c7,1405052411,3,3,2,0.857219,24,5,0,13,0.01,581,129,258,233.56,111.667,TRUE,0,0,0,2,3
f684a64df71a08c0caf2371aa305411df690a10f,1405051533,3,3,2,0.288282,44,36,0,13,31.99,577,128.5,257,232.57,110.667,FALSE,0,0,0,11,10
cf8005e63fb2d1d3ade4bc503034126dcdf6e227,1405048065,1,1,0,0,0,0,0,0,0,0,0,256,231.59,199,FALSE,0,0,0,0,0
25ef8425d22347448fb5c85ad47775be6bea0d80,1405047975,1,1,0,0,0,0,0,0,0,0,0,255,230.59,198,FALSE,0,0,0,0,0
577cc1d1a065e3a36816de067e328d4486135fbc,1405047806,1,1,0,0,0,0,0,0,0,0,0,254,229.59,197,FALSE,0,0,0,0,0
3c87a6aedefda6ac6101c929b37155c716461773,1405047744,1,1,0,0,0,0,1,0,0,0,0,253,228.59,196,FALSE,0,0,0,0,0
7c1f90bf1657e68deddad0864216396981d4fb15,1405047428,1,1,0,0,0,0,0,0,0,0,0,252,227.59,195,FALSE,0,0,0,0,0
7bcf5f508535a974090c370ec742733d79bcd1c9,1405047391,1,1,0,0,0,0,0,0,0,0,0,251,226.59,194,FALSE,0,0,0,0,0
5d03d0eac8cb64a24caba2b60b157263e21f6fdf,1404969340,2,2,1,0,1,3,0,13,0.06,816,254,250,226.1,124,TRUE,0,0,0,0,0
c6e620302097838e37663e3cb23168b29f641ad0,1404968577,2,2,1,0,78,55,1,13,-0.97,809,275,249,225.11,123,TRUE,0,0,0,27,22
544c6665f54b1ebdbc54769ba78721c4e13acdf7,1404963887,3,3,2,1,24,6,1,12,30.06,671.5,134.5,0,0,0,TRUE,0,0,0,2,1
8c6f9c42531e0fc5f85981484588d569cca26f63,1404962628,2,2,2,0.57938,0,18,0,10,-54.35,340.5,106,248,224.15,64,FALSE,0,0,0,0,0
88103063fe6f9cb418f0b638f5adaaa2595c95c4,1404962523,3,3,2,0.57938,4,38,0,17,-0.52,653,150.5,247,223.15,105.667,FALSE,0,0,0,1,1
164638b24f42a032356574dab96affc5670697df,1404962449,3,3,2,0.57938,4,38,0,17,31,578,154,246,222.15,104.667,FALSE,0,0,0,1,1
e66625be5021a080e9a6f1b63324a89f959460f0,1404962303,3,3,2,0.950997,4,25,0,17,-102.58,762,157,245,221.15,103.667,FALSE,0,0,0,2,2
085a29685acace053be895aef7c2a9b6251a67ab,1404961424,3,3,2,0.153977,24,13,0,8,1.17,299,72,244,220.15,102.667,FALSE,0,0,0,0,0
997a558a73eb49d7f3b99ceec82c4c88bd3424a0,1404950664,3,4,3,0.930415,114,42,1,9,3.45,429.67,98.33,243,219.22,101.667,TRUE,0,0,0,6,5
4fe1073f105dbc3b8aa00adf33aa5a19f248117c,1404881231,1,1,0,0,0,0,1,0,0,0,0,0,0,0,FALSE,0,0,0,0,0
968b00c3d76995f09a274530e0a83321db45aae1,1404862822,1,1,1,0,105,0,0,4,29.41,321,22,242,218.78,69,FALSE,0,0,0,0,0
76e8bfa1dcb7b29389c55d55d2072491edbccd91,1404798657,2,2,3,0.66375,135,82,0,7,1.5,269.67,41.33,241,218.18,116.5,TRUE,0,0,0,13,0
a01326adac588006a823746238ca90ade63e4580,1404796531,3,3,2,0.647965,27,6,0,5,2.17,411,60.5,240,217.19,99.6667,FALSE,0,0,0,0,0
8dc67af6060a145f861f5300c4a3b52fc2bf76a6,1404792999,2,2,3,0.792966,114,30,0,5,10.32,199.67,37,239,216.22,114.5,TRUE,0,0,0,9,1
ef497fdae413f85362d319436cf113edf6320677,1404788808,1,1,1,0,82,0,0,6,1.14,820,51,238,215.24,67,FALSE,0,0,0,0,0
996d31926354d8c73d2ce314c0595367f8305451,1404787805,2,2,1,0,9,3,1,5,2.39,513,107,237,214.25,113.5,FALSE,0,0,0,0,0
353ddae2c51f35d3815766a18818ab06242ebc0a,1404713617,1,1,1,0,4,3,0,1,198.11,23,1,236,213.71,0,FALSE,0,0,0,0,0
0f255ea06c3d121bd2609084c0979d8ccbc94461,1404711218,2,2,1,0,1,547,0,5,-2.77,548,112,235,212.72,112.5,FALSE,0,0,0,21,5
bcdeee2df510cea17ad4524cf53b9900a46d5042,1404690498,1,1,0,0,0,0,0,0,0,0,0,234,211.85,181,FALSE,0,0,0,0,0
23a49ff61eb30181917240bf722d89752738a1fe,1404690128,3,3,2,0.347077,35,6,1,7,3.45,654.5,74.5,233,210.85,96,TRUE,0,0,0,7,0
1c3bd36be62c16dc1792a6f38bcf12e7f582f74f,1404580987,3,4,3,0.579203,63,19,1,9,0.26,407.33,96.67,232,210.51,95,TRUE,0,0,0,0,2
b4b2efee0f0c07c944ead4444e63ac534fbf3238,1404574364,1,1,1,0,82,2,0,3,29.45,87,9,231,209.55,64,FALSE,0,0,0,0,0
92c45199bdcbb1ffa753026f3862d7ad3dc7c514,1404522187,1,1,0,0,0,0,0,0,0,0,0,230,208.87,178,FALSE,0,0,0,0,0
bd6908516dd88320522d3a9d6089dde4d6005bba,1404501019,1,1,0,0,0,0,0,0,0,0,0,0,0,0,FALSE,0,0,0,0,0
e6eeec3f0392f32271309e92aec965b00bbb777d,1404496741,3,3,2,0.110372,147,3,0,7,0.28,222.5,67.5,229,208.02,93.3333,FALSE,0,0,0,0,0
efbc3f95eebbe56683948e5d80add740afe37a85,1404492704,1,1,0,0,0,0,0,0,0,0,0,228,207.05,176,FALSE,0,0,0,0,0
99e839a27460cc3b014c8b4d7cb4be8ec5857c67,1404451482,1,1,0,0,0,0,0,0,0,0,0,227,206.3,175,FALSE,0,0,0,0,0
32dbda1460bd042bc68d2a9e6ef4f86fd0d8ea87,1404451394,1,1,0,0,0,0,0,0,0,0,0,226,205.3,174,FALSE,0,0,0,0,0
bcee7303547f894b6cd3529ea5069a07f65f7cc9,1404450880,0,0,0,0,0,0,0,0,0,0,0,225,204.3,0,FALSE,0,0,0,0,0
abe0ffa311bf39ca2bbfc8791856753b7cabe843,1404448801,1,1,0,0,0,0,0,0,0,0,0,224,203.31,173,FALSE,0,0,0,0,0
b601d64203d50950bee4dee967187b06becfb6f4,1404448739,1,1,1,0,2,0,1,3,66.78,66,5,223,202.31,62,FALSE,0,0,0,0,0
f381f2d9b6e9ed962f5efff367cfff8d52d02ede,1404447841,2,2,1,0,7,12,0,5,55.98,554,124,222,201.32,105.5,FALSE,0,0,0,0,0
12507cfcd0958b2e49a2f4ff6b96d5e772656eb1,1404443384,1,1,0,0,0,0,0,0,0,0,0,221,200.34,171,FALSE,0,0,0,0,0
269dc5323f41ce9d56229784f9441857fbf5f27f,1404420083,3,3,3,0.753789,55,3,1,7,16.45,313.33,42.33,220,199.48,89.6667,TRUE,0,0,0,4,0
185e327e29e8afbb23d7d0ad3c74aba31883370f,1404411219,2,2,1,0,11,6,0,8,13.61,548,173,219,198.53,103,FALSE,0,0,0,2,0
ce3d1fe07ed312f3b8420bd4e200fbb58bcae434,1404406429,3,3,2,1,61,9,0,13,22.23,520,142,218,197.56,88,TRUE,0,0,0,0,0
c468f5ff2031150bc95d16e1716569716be46788,1404400715,1,1,0,0,0,0,0,0,0,0,0,217,196.59,167,FALSE,0,0,0,0,0
3136e98dced1739d4c724135c5515f8c8a9543f2,1404400715,1,1,0,0,0,0,0,0,0,0,0,216,195.59,166,FALSE,0,0,0,0,0
d1b1dfd472a790f165ee2ef98565e353eb4f632e,1404400278,1,1,0,0,0,0,0,0,0,0,0,215,194.59,165,FALSE,0,0,0,0,0
ca306eace1befc9d290cd5f79be8e6ba7c01b917,1404398993,2,4,4,0.969756,21,4,0,3,11.73,69.25,15,214,193.6,89,TRUE,0,0,0,0,0
fd35351594b71cb61c9c5803efdf0e7d23d0afc7,1404363981,3,3,2,0.344753,169,28,1,7,22.53,580,73.5,213,192.79,85.6667,TRUE,0,0,0,2,1
8a15f83d72b231ff36ae22bfd02ecedb51dc8d6b,1403829111,0,0,0,0,0,0,0,0,0,0,0,212,194.81,0,FALSE,0,0,0,0,0
d91bf81c310898ae4a65dd6a993d7402294a4d87,1403828994,0,0,0,0,0,0,0,0,0,0,0,211,193.81,0,FALSE,0,0,0,0,0
fd27f1f4e19710d683f78b0683d45c5d8c590eae,1403828803,1,1,0,0,0,0,0,0,0,0,0,210,192.81,162,FALSE,0,0,0,0,0
f0ad55798705a780c508ba78e7b0a7c4f6374373,1403828720,1,1,0,0,0,0,0,0,0,0,0,209,191.81,161,FALSE,0,0,0,0,0
9bb47fba300a4c096e049e51b636b3c282eb11f7,1403822154,1,1,0,0,0,0,0,0,0,0,0,208,190.84,160,FALSE,0,0,0,0,0
78d489d73050e87d8fd0f99d16a8283143aaf4d6,1403821594,1,1,0,0,0,0,0,0,0,0,0,207,189.85,159,FALSE,0,0,0,0,0
8ffb9f94774d36ecaa8b5904d27552ff63c4c594,1403821548,1,1,0,0,0,0,0,0,0,0,0,206,188.85,158,FALSE,0,0,0,0,0
9cb147370ec8d062891229cad38134850449a5e3,1403821286,1,1,0,0,0,0,0,0,0,0,0,205,187.85,157,FALSE,0,0,0,0,0
81036aa6399ff3ed2285ca9017850a65037e2e8c,1403659143,1,1,0,0,0,0,0,0,0,0,0,204,187.74,156,FALSE,0,0,0,0,0
e7caaf6757d2a070fc1a20cac8faa5872c93f426,1403659092,1,1,0,0,0,0,0,0,0,0,0,203,186.74,155,FALSE,0,0,0,0,0
a5252526908104823584652424f98cff41212393,1403658943,1,1,0,0,0,0,0,0,0,0,0,202,185.74,154,FALSE,0,0,0,0,0
0ebfc6b7bf921d9ee0b8f46cbdc1819c49ab9d55,1403570144,1,1,1,0,18,0,0,3,109.77,61,7,201,185.22,58,TRUE,0,0,0,0,0
381b3b0f77a5050cea95a36ea7f657bae8d4a905,1403555188,2,2,1,0,4,2,0,13,0,776,269,200,184.31,93.5,FALSE,0,0,0,0,0
ba8a4c5a8d491012a017f1c9b97d09115b877687,1403555160,2,2,1,0,1,0,0,13,3.7,775,268,199,183.31,92.5,FALSE,0,0,0,0,0
2cccbc186efdcaf089bc501a5148391b6e92f473,1403554664,3,3,6,0.337259,158,17,0,7,26.81,87.83,22.83,198,182.31,80,TRUE,0,0,0,0,0
83bbf0902d230fc8b31588b427667830526cb735,1403543967,1,2,2,0.57938,6,6,0,3,346.87,30,3.5,0,0,0,FALSE,0,0,0,0,0
3ffceff3ed356a711fce5fee6ed00a03f43affd8,1403451735,0,0,0,0,0,0,0,0,0,0,0,197,181.86,0,FALSE,0,0,0,0,0
75422c16bfcd0d9e1ea23f92b77099430cdea65e,1403402222,1,1,0,0,0,0,0,0,0,0,0,196,181.12,150,FALSE,0,0,0,0,0
e66667e465aff68273890349158b382404b6932f,1403393538,2,2,1,0,7,20,0,6,1.83,431,57,195,180.17,90,FALSE,0,0,0,0,0
7d6208e0afd638c9003e8037ce9438de9d0a9cfb,1403385950,3,5,4,0.671112,5,17,0,2,209.59,71.5,12.75,194,179.21,53.6667,FALSE,0,0,0,0,0
f498b660da4cc954a5921d50407cf7a790e8a378,1403297811,1,1,0,0,0,0,0,0,0,0,0,193,178.67,147,FALSE,0,0,0,0,0
6aba1b4c49feff98494aa49145d5d4d35cf52d92,1403297090,1,1,0,0,0,0,0,0,0,0,0,192,177.68,146,FALSE,0,0,0,0,0
6ee9433f29b0a9eae53f01978f4cbda92dac5b03,1403296984,3,10,11,0.706972,18,32,0,5,40.8,66.09,8.27,191,176.68,71,TRUE,0,0,0,0,0
e606d99dc892159312e9204ea809a76b26b93dbe,1403239042,5,5,3,0.655459,3,2,1,7,24.21,135,28.67,0,0,0,TRUE,0,0,0,0,0
ffe663aedfa89a399aea73a4729e02008f423df1,1403238938,1,1,0,0,0,0,0,0,0,0,0,190,175.98,144,FALSE,0,0,0,0,0
2a105df9f2bae5d2b0e5af64fc0367a159fe42f2,1403235360,1,1,0,0,0,0,0,0,0,0,0,189,175,143,FALSE,0,0,0,0,0
9c731f1883a837ca2f46ddcf476bfdce60e82fb3,1403235236,3,4,6,0.382496,16,71,0,17,18.4,363.67,87.17,188,174,75.6667,TRUE,0,0,0,5,4
5a4e9125decbc6391fc0fa931b9a87b4930b1bab,1403234647,3,4,3,0.564475,5,1,0,3,25.64,72.33,5.33,187,173,68.6667,FALSE,0,0,0,0,0
9db1367c2da82a7103151df2bd1f11ad0301e10f,1403232921,1,1,0,0,0,0,0,0,0,0,0,186,172.01,140,FALSE,0,0,0,0,0
8258ce14f42db2cbb2bc2990497352c6a6a2114e,1402765052,2,2,1,0,4,2,1,5,2.78,450,101,185,173.41,84,FALSE,0,0,0,0,0
ac573cf830fc73284293055df7034c4b11aa5459,1402548084,1,1,0,0,0,0,0,0,0,0,0,184,173.54,138,FALSE,0,0,0,0,0
e799c0fb7b313400ab903c0389cd21298e24926f,1402547909,0,0,0,0,0,0,0,0,0,0,0,183,172.54,0,FALSE,0,0,0,0,0
73c5533e665743d305e266eee134c48d88d2dcfd,1402547288,1,1,0,0,0,0,0,0,0,0,0,182,171.54,137,FALSE,0,0,0,0,0
3b1f747f9606d498e0c659a2e400831927959136,1402547061,1,1,0,0,0,0,0,0,0,0,0,181,170.54,136,FALSE,0,0,0,0,0
9e9827d2365ee9ce5250736c3c5645a5fd89e374,1402546995,1,1,0,0,0,0,1,0,0,0,0,180,169.54,135,FALSE,0,0,0,0,0
a76d5084246a0ea74ce823c7ef316dabb7d74520,1402546830,1,1,0,0,0,0,0,0,0,0,0,179,168.54,134,FALSE,0,0,0,0,0
c361a06bd4de787e7058d64c29646f04784380ba,1402546648,1,1,0,0,0,0,0,0,0,0,0,178,167.54,133,FALSE,0,0,0,0,0
3428543bb876baeb9b2c68fd620bb52e8f9e9d16,1402546565,1,1,0,0,0,0,0,0,0,0,0,177,166.54,132,FALSE,0,0,0,0,0
9cdbc8052248ec99d2d56d2893aa25789233f0b3,1402546476,1,1,0,0,0,0,0,0,0,0,0,176,165.54,131,FALSE,0,0,0,0,0
6775658ed5cbac13f2d24c89e23ed967ad6a66ba,1402524909,3,3,2,0.754594,42,7,1,5,8.09,338,55.5,175,164.65,70.3333,TRUE,0,0,0,2,0
7df7f7a575df4cf26c1d43535a6a1a6b8778933c,1402523636,1,1,0,0,0,0,1,0,0,0,0,174,163.66,129,FALSE,0,0,0,0,0
7daae1912b3f86320559a8afcea26d8184f036ce,1402360839,1,1,0,0,0,0,0,0,0,0,0,173,163.46,128,FALSE,0,0,0,0,0
898dcfac8b77a60a4183846f2d54bd5557191089,1402360762,0,0,0,0,0,0,0,0,0,0,0,172,162.46,0,FALSE,0,0,0,0,0
3205f6851059f79b6ed0b27931b7096d36eb7153,1402360618,3,3,2,0.272364,51,5,0,2,6.43,25.5,6,171,161.46,63,FALSE,0,0,0,0,0
b1efa19f9713a4d72a0fcb26f6100efb2f0ea8b0,1402359876,1,1,0,0,0,0,0,0,0,0,0,170,160.46,126,FALSE,0,0,0,0,0
b45fd70f99a259653ab068c233df1c628c0713b5,1402359762,1,1,0,0,0,0,0,0,0,0,0,169,159.46,125,FALSE,0,0,0,0,0
7f6c7a19c67bc89f976f9707f92e742f830d8a4a,1402359691,1,1,0,0,0,0,0,0,0,0,0,168,158.46,124,FALSE,0,0,0,0,0
142462d539dfad36f148f118f5245205fe014399,1402359549,1,1,0,0,0,0,1,0,0,0,0,167,157.46,123,FALSE,0,0,0,0,0
f881784e9b762996be802c249ad8dc72889e9650,1402354432,1,1,0,0,0,0,0,0,0,0,0,166,156.49,122,FALSE,0,0,0,0,0
5af625903f6e2e5dbfefc1add40e380101a0ef27,1402354315,1,1,0,0,0,0,0,0,0,0,0,165,155.49,121,FALSE,0,0,0,0,0
dc94f305cc18b32135f1cbfb43735a2b074ede83,1402354236,1,1,0,0,0,0,1,0,0,0,0,164,154.49,120,FALSE,0,0,0,0,0
8060a49c6c683bcb5f0d7ff3ba7682f133ed98e3,1402354200,1,1,0,0,0,0,0,0,0,0,0,163,153.49,119,FALSE,0,0,0,0,0
4d3e0d88a2aa507808406a227bc783d6287bdf20,1402321431,3,3,2,0.495023,28,6,1,5,7.2,367,53.5,162,152.64,65.3333,FALSE,0,0,0,2,0
253ce4837a2423ee2e987d49f4a9f21c45150c56,1402250392,1,1,1,0,2,1,0,7,8.09,548,192,0,0,0,FALSE,0,0,0,0,0
ad05eb822208fbc7fbfd241d82f535756b338f3c,1402186147,1,1,1,0,1,1,1,3,10.83,60,22,0,0,0,FALSE,0,0,0,0,0
10618ced22dadde1f7be262252483962ed8bd1b9,1402123291,1,1,1,0,23,10,0,2,73.35,67,6,161,152.55,26,TRUE,0,0,0,1,2
7f26cfca91f29a6a870be4c00d9507970efa6d51,1402107399,3,3,2,0.734496,34,31,1,5,29.89,190.5,14.5,160,151.62,64,TRUE,0,0,0,4,3
b89a597029c8e0c7fe5e97d326853f7acacf0f77,1402070067,3,3,2,0.68698,58,13,1,7,-3.79,557.5,73,159,150.79,63,TRUE,0,0,0,0,0
21393c244cbcbbfe6d64a5252d1248875994efe0,1402067572,1,1,3,0.676062,48,0,0,5,55.18,167.67,8,158,149.8,48,FALSE,0,0,0,0,0
4279e6ef4540be760f83a759a5b4d5e36e6fbe99,1402065749,2,6,6,0.40933,25,24,0,4,40.05,63.67,4.33,157,148.81,28,TRUE,0,0,0,0,1
3db6dd752f51748c5338c8ac1741abd3dfe07472,1402064627,2,2,2,0.127043,6,16,0,3,50.89,39,8.5,156,147.82,27,TRUE,0,0,0,1,0
746044b6c2886c6bc6d60c38ef423b5a7e9e8f54,1402035705,1,1,1,0,26,10,0,5,28.06,426,132,0,0,0,FALSE,0,0,0,0,0
fcbe68eeb55d21070fffa646bd3bc805e406292e,1402029668,1,1,0,0,0,0,0,0,0,0,0,155,146.97,115,FALSE,0,0,0,0,0
5019f38e29b4e13968d24f1f511e4c9d3bec1dd1,1402029494,1,1,4,0.610894,37,1,0,6,51.46,243.25,19.75,154,145.97,45,TRUE,0,0,0,0,0
7e01531e505c5bd081056aab4f4329d76f1b3fc5,1402027167,2,2,1,0,18,39,0,8,-13.98,549,194,153,144.98,68.5,TRUE,0,0,0,1,0
9bf1247716c1f43e2c31c96fc965387abfeae531,1402026331,0,0,0,0,0,0,0,0,0,0,0,152,143.99,0,FALSE,0,0,0,0,0
2fd31f6ea64c394251a9e2313804e84bc7ba5779,1402025938,1,1,0,0,0,0,0,0,0,0,0,151,142.99,113,FALSE,0,0,0,0,0
9cf7bba8f06a0b1a73bb2111444d5f4a893fb5fb,1402025842,1,1,0,0,0,0,0,0,0,0,0,150,141.99,112,FALSE,0,0,0,0,0
2e257d1cf744400d0ed4c80cd0e2fb7b01ec3896,1402011900,1,1,0,0,0,0,0,0,0,0,0,149,141.05,111,FALSE,0,0,0,0,0
980a15d847e32ff06159815a77edf53f995acae3,1402011627,1,1,0,0,0,0,0,0,0,0,0,148,140.05,110,FALSE,0,0,0,0,0
56831d7799bb1d26a65c39df56307644d21bb90f,1402011245,1,1,0,0,0,0,1,0,0,0,0,147,139.05,109,FALSE,0,0,0,0,0
6d65ae5ba6b07057b117c4e8fcdf4310d31904c9,1402009858,2,2,1,0,4,22,0,12,2.77,839,251,83,58.72,31,FALSE,0,0,0,0,0
c919b4a5730e9d08fde1c19e1f0082ef27807d2f,1401845734,1,1,0,0,0,0,0,0,0,0,0,146,138.75,108,FALSE,0,0,0,0,0
fe6f392c2dc00861dd64e999cb5635a074c03b4c,1401845635,1,1,0,0,0,0,0,0,0,0,0,145,137.75,107,FALSE,0,0,0,0,0
bffb71d4c88d9b1b16810e4ee41e7cd07ed96fab,1401830720,1,1,0,0,0,0,0,0,0,0,0,144,136.81,106,FALSE,0,0,0,0,0
3b34a537eee8569b7dc5f27bb701da6c54282b4f,1401828309,1,1,0,0,0,0,0,0,0,0,0,143,135.82,105,FALSE,0,0,0,0,0
ad79ce9c4b7f14662bec1749bff2012ff4cdbfef,1401828269,1,1,0,0,0,0,0,0,0,0,0,142,134.82,104,FALSE,0,0,0,0,0
721f6388c35775ad8d93a3b63580aac17f762855,1401828169,1,1,0,0,0,0,0,0,0,0,0,141,133.82,103,FALSE,0,0,0,0,0
402ec83157dbfbafc5ad6f3bca376b250a25b09e,1401770859,0,0,0,0,0,0,0,0,0,0,0,140,133.05,0,FALSE,0,0,0,0,0
298ac11018535739789696940f392eca07661d5d,1401770427,1,1,0,0,0,0,0,0,0,0,0,139,132.05,102,FALSE,0,0,0,0,0
bb6e207336965c0f96923eac5088a2df2407324c,1401770277,1,1,0,0,0,0,0,0,0,0,0,138,131.05,101,FALSE,0,0,0,0,0
f433b7c7cfd39aaa64a336f3fe1cce41c52b32ee,1401770252,3,3,3,0.417334,2,24,0,14,3.14,529.67,100,137,130.05,55.3333,FALSE,0,0,0,0,0
f9ec70edd0f2804e53b1c4bf72c79294845f370f,1401758030,1,1,0,0,0,0,0,0,0,0,0,136,129.1,99,FALSE,0,0,0,0,0
9e5a758e7ce77821b2cb302bbd0f1a9443c9db76,1401757185,2,6,2,0.310917,3,2,0,2,5.87,72,10.5,135,128.1,52.5,FALSE,0,0,0,0,0
492e9337963eb87b8a833b7f21438043d14c4412,1401756654,1,1,0,0,0,0,0,0,0,0,0,134,127.11,97,FALSE,0,0,0,0,0
8ccd9d0eb5097adcfa8adff345175f2d2b2e7db8,1401756551,1,1,0,0,0,0,0,0,0,0,0,132,125.11,95,FALSE,0,0,0,0,0
a94278abd1bab96607fae4bc08ba2b344070673e,1401756551,1,1,0,0,0,0,0,0,0,0,0,133,126.11,96,FALSE,0,0,0,0,0
16fdc11ccb09b1b94db2f49bda842957c7ce783a,1401756498,1,1,0,0,0,0,0,0,0,0,0,131,124.11,94,FALSE,0,0,0,0,0
a7cd5a25537b7a1522698e83220757a3a78d2773,1401751196,1,1,0,0,0,0,0,0,0,0,0,130,123.13,93,FALSE,0,0,0,0,0
bdfd288eec38464bf08e7f13ebec9652f4dfe582,1401738199,3,3,2,0.752723,24,3,1,8,4.67,311.5,99.5,129,122.18,52,TRUE,0,0,0,0,1
9e6b881f8566f26f2d2ea017657455ec7c674ad6,1401551118,1,1,2,0.210758,0,21,0,14,0.61,685,212,128,121.87,20,FALSE,0,0,0,0,0
95fa49147b08fd102685520eaaa32e1dd28a06b6,1401508839,1,1,0,0,0,0,0,0,0,0,0,127,121.02,91,FALSE,0,0,0,0,0
f665c57c5cd71b9d4f816f57d956aca9bbaaeccc,1401504782,1,1,0,0,0,0,0,0,0,0,0,126,120.04,90,FALSE,0,0,0,0,0
9024d24e818bc61f7732d7f821a3286c0902a207,1401504622,1,1,0,0,0,0,0,0,0,0,0,125,119.04,89,FALSE,0,0,0,0,0
f92a7ad0a3ce460cb434bae065850ddf6b1373e8,1401504512,1,1,0,0,0,0,0,0,0,0,0,124,118.04,88,FALSE,0,0,0,0,0
db4448dda88f23dccb6f4f6f19481dda0b39e31a,1401502671,0,0,0,0,0,0,0,0,0,0,0,123,117.04,0,TRUE,0,0,0,0,0
0dc5836d5e6f41760d736d98d0cfa5b57bac84a7,1401500112,1,1,0,0,0,0,0,0,0,0,0,122,116.05,87,FALSE,0,0,0,0,0
8751d7ecf860f780c8471f62ffc9e90d1924dfd6,1401499728,1,1,3,0.526102,60,1,0,5,7.42,328.67,22,121,115.06,42,TRUE,0,0,0,0,0
c21226aa7c6ad61311c2b190fe63f2a7cd027b42,1401498141,3,3,6,0.562256,244,33,0,17,158.8,423,75.33,120,114.06,48.6667,TRUE,0,0,0,10,1
3e358458f436f2aaf04c406e34cfa99dd0e007e0,1401493892,1,1,5,0.644238,62,40,0,5,51.79,156.6,10.8,119,113.08,40,TRUE,0,0,0,0,0
766b3aecf7aadc14d95e382c4e85c985d0288890,1401421192,2,2,2,0.57938,3,3,0,4,46.96,275.5,12,118,112.32,62,FALSE,0,0,0,0,0
8ab96ab80dfcf9282d27b45b902554bcc5ea328c,1401419425,3,3,3,0.814095,16,14,0,7,14.64,349.33,29.67,117,111.33,46.6667,FALSE,0,0,0,0,0
1f2e00ef8d00b6785125a989f118599c418b255a,1401418439,3,4,7,0.632861,47,69,0,3,51.33,126.57,10.86,116,110.33,42,TRUE,0,0,0,0,0
b49453cf0de1925391f3f6dc8419233ac0f3fe96,1401417089,2,2,1,0,1,5,0,3,84.85,242,21,115,109.34,59,TRUE,0,0,0,0,0
faffcb889ced5f3cc4c7853f7b4879727dd65c21,1401416318,1,1,0,0,0,0,0,0,0,0,0,114,108.34,81,FALSE,0,0,0,0,0
311e83e591a149a7549bab543dfd126d3223f7fd,1401337041,1,1,0,0,0,0,0,0,0,0,0,113,107.6,80,FALSE,0,0,0,0,0
fb2d9180569ae5bae5ba68aa79c95ed825af3899,1401330365,3,3,2,0.710806,39,2,1,5,8.93,310.5,54,112,106.62,43.6667,TRUE,0,0,0,5,0
d4a284350046a931d0f91ed2fa1a4fa786e5880b,1401253727,1,1,1,0,18,0,0,3,7.07,142,8,111,105.87,34,FALSE,0,0,0,0,0
e7ad49bbbe9825368fb97439a770f7192cce748d,1401251429,1,1,1,0,6,0,0,2,409.52,221,17,110,104.88,33,FALSE,0,0,0,0,0
ad9a414faed0f15652f27b76fa6b464fcc70570d,1401251064,2,4,6,0.492185,43,14,0,4,41.47,56.67,7.83,109,103.88,18.5,TRUE,0,0,0,0,0
c18c2a8e68c6e260ce9346847038c9a259b2eb1b,1401250047,1,27,27,0.653685,91,39,0,3,562.26,61.85,7.93,108,102.88,4,TRUE,0,0,0,0,0
1d54868c12c34bc6e1d84011d55d1befae0612ef,1401249274,1,1,0,0,0,0,0,0,0,0,0,107,101.88,78,FALSE,0,0,0,0,0
dfefea5e9db42c90d8f2c5ff591316ed642c17f4,1401249107,1,1,0,0,0,0,0,0,0,0,0,106,100.88,77,FALSE,0,0,0,0,0
3fbab91231ee611a8080abd20267929c3376adeb,1401248987,0,0,0,0,0,0,0,0,0,0,0,105,99.88,0,FALSE,0,0,0,0,0
f7e73e2da07cb625859824794346c1b74a98c3b5,1401248593,1,1,0,0,0,0,0,0,0,0,0,104,98.89,76,FALSE,0,0,0,0,0
867728b5ab54f50112afab7efbb7f6301e5f60ea,1401246147,1,1,0,0,0,0,0,0,0,0,0,103,97.89,75,FALSE,0,0,0,0,0
87e02c30e74fccce0c2ca77c0e0de8a1d8c62368,1400886688,1,1,0,0,0,0,0,0,0,0,0,102,97.97,74,FALSE,0,0,0,0,0
c3470c9c964c0efe408f335a33508776ea17b51c,1400885160,1,1,1,0,39,0,0,5,15.1,595,45,101,96.97,31,FALSE,0,0,0,0,0
7f049164b7f253166b43b789475971d6dd8ec2c0,1400884520,3,3,2,0.625469,8,57,1,8,8.34,328,97.5,100,95.97,39.6667,FALSE,0,0,0,3,1
4e12a728736735400c72035cd800b7f1a57ed2f5,1400652783,1,1,0,0,0,0,0,0,0,0,0,99,95.65,72,FALSE,0,0,0,0,0
91e0c2725260bd40ec2c771a603299aa0f63b28d,1400652691,1,1,0,0,0,0,0,0,0,0,0,98,94.65,71,FALSE,0,0,0,0,0
db4a061ed6244afb2c4aa11244bbf0d694586614,1400652484,0,0,0,0,0,0,0,0,0,0,0,97,93.66,0,TRUE,0,0,0,0,0
f6bbeafd26daf12891d912ef604bad5b206d904f,1400651534,1,1,0,0,0,0,0,0,0,0,0,96,92.66,70,FALSE,0,0,0,0,0
b0f72e13d95b56e78673e9fdf0bc7214f23f4bcf,1400648110,1,1,0,0,0,0,0,0,0,0,0,95,91.67,69,FALSE,0,0,0,0,0
8d7d80ef9d307a3b76e9d202e7527350d47c4531,1400645297,1,1,1,0,67,6,0,2,75.92,48,3,94,90.68,29,FALSE,0,0,0,0,0
cf5de082b5f8a41d56d24d3f7eb885b7e8c84519,1400645286,1,1,1,0,41,2,0,3,75.92,34,3,93,89.68,28,FALSE,0,0,0,0,0
1944451082e8cdb2882f8b00fb1ddc04e8eab1a5,1400644258,1,1,1,0,32,5,0,2,75.91,22,5,92,88.68,27,FALSE,0,0,0,0,0
602e5a82004d243f626002c52d843a0c14ac7ed4,1400643669,2,2,2,0.038837,52,14,0,2,415.29,58.5,4,91,87.68,14.5,FALSE,0,0,1,0,0
83b8b7acb7d90730654f6ee4d707fd9da47826ba,1400642751,1,1,3,0.43342,61,2,0,2,456.41,68,4,90,86.68,25,FALSE,0,0,0,1,0
e660f195078b914846692a5140233c7bfb184429,1400642009,1,1,1,0,53,0,0,0,0,0,0,89,85.68,24,TRUE,0,0,0,0,0
ff412b927d539234fc1a037c26fc05ca8892084f,1400641673,1,1,1,0,36,0,0,0,0,0,0,88,84.69,23,TRUE,0,0,0,0,0
392ef1eb064ecd3ceb158a263ce0f187a9bbb092,1400641020,1,1,1,0,115,0,0,2,150.39,179,10,87,83.69,22,TRUE,0,0,0,0,0
dcecdc9be630e86c504efe75996c6759a346e516,1400635322,1,1,0,0,0,0,0,0,0,0,0,86,82.7,68,FALSE,0,0,0,0,0
ed69b688923c8649ef53090a0f94e98d1e133ce3,1400635256,1,1,0,0,0,0,0,0,0,0,0,85,81.7,67,FALSE,0,0,0,0,0
42b982e13c031beb0ba1fdeab9c2160758e55f47,1400631775,1,1,0,0,0,0,0,0,0,0,0,84,80.71,66,FALSE,0,0,0,0,0
e7e25923579b1537d1f1c8f1d7197e0e241f7c6d,1400597919,1,1,1,0,56,0,0,2,75.37,99,8,83,79.79,21,FALSE,0,0,0,0,0
739586f96aec6587e9fd9b7f7642c835614a5c25,1400474366,3,3,2,0.203657,99,2,1,5,0.17,206.5,48.5,82,79.1,33.3333,TRUE,0,0,0,2,0
4c0f1f53d3851477e7c9af988cb3ff1e5ab0b3bd,1400468879,1,1,0,0,0,0,0,0,0,0,0,81,78.11,64,FALSE,0,0,0,0,0
359f12791a5cb87fab6854d76135430676fba291,1400468545,1,1,0,0,0,0,1,0,0,0,0,80,77.11,63,FALSE,0,0,0,0,0
9354ab62ddd1fe3e34d868d05b11ce575bf13960,1400468545,1,1,0,0,0,0,1,0,0,0,0,79,76.11,62,FALSE,0,0,0,0,0
23ff74bb3f1ea1fddfc190d216a3ed5480025e75,1400445191,2,2,1,0,5,3,0,4,0.01,278,19,78,75.16,40,FALSE,0,0,0,0,0
98d17e2293fe1a1bc55402d7aabbf766d4d2257f,1400444461,3,3,2,0.734496,76,14,1,5,0.04,314.5,51,77,74.17,30.6667,TRUE,0,0,0,3,0
ababa6ae5b5e2aafa183817f292adcb19fa1c917,1400441248,3,3,2,0.33446,44,3,1,5,28.54,294,50.5,76,73.17,29.6667,FALSE,0,0,0,0,0
097cd0c242debb3c7f369fab68fc8461bd4e891c,1400426257,0,0,0,0,0,0,0,0,0,0,0,75,72.21,0,TRUE,0,0,0,0,0
b91cd66fc59790cb838b9b3dde32de8c99ded2c2,1400424013,1,1,0,0,0,0,0,0,0,0,0,74,71.21,58,FALSE,0,0,0,0,0
787d6301570e7c54cc433a11778c3363bf26976e,1400423922,1,1,0,0,0,0,0,0,0,0,0,73,70.21,57,FALSE,0,0,0,0,0
1f938c560a398d7b65de35e6f3077fbb4f36272e,1400392445,1,1,1,0,76,16,0,3,72.99,42,7,72,69.28,16,FALSE,0,0,0,0,0
a96924a55501afde39d0021f0fc70638527b643b,1400391312,1,1,1,0,1,3,0,1,814.03,4,2,71,68.28,56,FALSE,0,0,0,0,0
33dc6629ff13a5cc6db04460cd1c6cf982a3ba6d,1400391044,1,1,0,0,0,0,0,0,0,0,0,70,67.28,55,FALSE,0,0,0,0,0
1b3fb0af8c918f9f1400086c937b8c51ccf9f783,1400390715,1,1,0,0,0,0,0,0,0,0,0,69,66.28,54,FALSE,0,0,0,0,0
12da523ff7165ce6a2d0f50450d8e902f3b6ec87,1400390439,1,1,0,0,0,0,0,0,0,0,0,68,65.28,53,FALSE,0,0,0,0,0
0f49d8062369f3782287e9e0209acbc2264ae61a,1400390198,1,1,0,0,0,0,0,0,0,0,0,67,64.28,52,FALSE,0,0,0,0,0
1717516a7832df763b3dc8dfdf98c4fc5498f348,1400389992,2,2,1,0,2,0,0,0,0,0,0,66,63.28,33,FALSE,0,0,0,0,0
65f13c3cc62ff2f5162df73f78b4e5e451adf3b3,1400351452,3,4,4,0.452915,14,14,0,14,88.1,480,107.25,65,62.36,25.3333,FALSE,0,0,0,0,0
31b2e2d7b4774eed16a93f9a8a20a9967e91e524,1400164252,3,3,2,0.625469,57,8,1,7,11.91,299.5,96,64,61.72,24.3333,TRUE,0,0,0,3,1
8fe8d740565bdedd3cb12bcb6d8f8648e455eccf,1400041539,1,1,0,0,0,0,0,0,0,0,0,63,60.95,48,FALSE,0,0,0,0,0
fcc4742056675f488ad489a5a90ca000cb22c165,1400041367,1,1,0,0,0,0,0,0,0,0,0,62,59.95,47,FALSE,0,0,0,0,0
d98e2e74983e5ec84bdb86abdb02339cdf77bda1,1400015205,1,1,1,0,13,4,0,6,4.92,330,50,61,59,10,FALSE,0,0,0,2,0
d37ffa1149274820d90ce363a1287cc7f8c91ffa,1399923954,1,1,0,0,0,0,0,0,0,0,0,70,55.39,30,FALSE,0,0,0,0,0
cf709f302120c0de62978036916778c29fed7d98,1399860030,1,1,0,0,0,0,0,0,0,0,0,60,58.28,46,FALSE,0,0,0,0,0
7515ee6a783f6d09bf6d49ed59ec8b8d7c02d8ff,1399858169,1,1,0,0,0,0,1,0,0,0,0,59,57.28,45,FALSE,0,0,0,0,0
b8d6d258b0b356077cf3f67217ec4e2fd2abfad4,1399857942,1,1,0,0,0,0,0,0,0,0,0,58,56.28,44,FALSE,0,0,0,0,0
35c50601bdd67b54b5e8b7a779d24f6dee54c3fd,1399671206,0,0,0,0,0,0,0,0,0,0,0,57,55.61,0,FALSE,0,0,0,0,0
f7be983a7718d4b6a74bd5d6ba7a6073ae3bfa6a,1399669403,1,1,0,0,0,0,0,0,0,0,0,56,54.61,43,FALSE,0,0,0,0,0
bc9bcb0317400ffa70d89e558305305fd0bcac18,1399668795,3,3,2,0.853347,42,5,1,4,39.85,263,53.5,55,53.61,21,TRUE,0,0,0,0,0
a2553126ddefe44c8c2d48e3b3bec185d62be66e,1399645160,1,1,0,0,0,0,0,0,0,0,0,54,52.65,41,FALSE,0,0,0,0,0
566720be15838f3fe9b30263a7058a8b497c28f5,1399611227,3,3,7,0.516099,189,22,0,12,298.27,236.29,46,53,51.71,19.6667,TRUE,0,0,0,5,3
f14e39d4515c81c1e5c980b7ce31566eeeb84734,1399606041,3,3,8,0.303677,178,143,0,13,41.52,301.88,39.25,52,50.72,18.6667,TRUE,0,0,0,2,2
e4302b21208c90ae86949933063ccfc1c9fd5c54,1399605738,1,1,2,0.759789,42,36,1,5,31.26,228,13,51,49.72,9,FALSE,0,0,0,0,0
3d6b4ba013b590b8804e8721c8c09682807d6a5e,1399601329,2,4,3,0.627308,0,15,0,2,42.41,65.67,13,50,48.72,20,FALSE,0,0,0,0,0
920f46ad65678e752fe644b0eee7dfbcde30a13d,1399598821,1,1,2,0.756895,87,1,0,4,0.04,243,11.5,49,47.73,8,FALSE,0,0,0,0,0
35a66d8a1478ba07ab1a4256dee9c93debd459d0,1399598148,1,1,1,0,22,4,0,1,242.8,141,12,48,46.73,7,FALSE,0,0,0,0,0
4e1e252e17d63ef4a70be79819b732f74a391d4e,1399595412,3,3,3,0.964934,53,0,0,9,84.91,418.33,84,47,45.73,16.3333,FALSE,0,0,0,2,2
0461e55380d29d357fdbaafcb2107b27e535172e,1399590975,3,5,4,0.592809,8,7,0,7,562.03,192,47,46,44.74,14,FALSE,0,0,0,0,0
8dc4ff26f9ae86d031a2af5e5faf6716d1045218,1399590036,1,1,2,0.786857,27,11,0,5,148.32,198,70,45,43.74,4,FALSE,0,0,0,1,0
417999884b1cf040625844f083ed773b0d48adb1,1399580894,1,1,0,0,0,0,0,0,0,0,0,44,42.75,35,FALSE,0,0,0,0,0
a8bb4bab2b480b40bf1078310fc71be0dc150e45,1399580847,1,1,1,0,8,7,0,3,147.9,624,40,43,41.75,5,FALSE,0,0,0,1,0
17a739e35f0893a70bba9d06d98dc0bdf447d363,1399580706,1,1,0,0,0,0,0,0,0,0,0,42,40.75,34,FALSE,0,0,0,0,0
555ffe37b290d4e9bb010f28417b9eb560f50201,1399575464,1,1,0,0,0,0,0,0,0,0,0,41,39.76,33,FALSE,0,0,0,0,0
165578a1dad1959b51453bd32ddb5d50bae3e382,1399574904,1,1,0,0,0,0,0,0,0,0,0,40,38.76,32,FALSE,0,0,0,0,0
0bbbc849593476764cae46f335f96b4894f8c7cc,1399574747,0,0,0,0,0,0,0,0,0,0,0,39,37.76,0,FALSE,0,0,0,0,0
92d37671c52d89b37d1546677ad4f48b9bdaab42,1399574564,1,1,0,0,0,0,0,0,0,0,0,38,36.76,31,FALSE,0,0,0,0,0
2901bd6916f90accfcf0f1ae1ae3acf48de61038,1399572062,0,0,0,0,0,0,0,0,0,0,0,37,35.76,0,FALSE,0,0,0,0,0
66b38b58bc17d6b6642ab3e91f12194ed9a27efe,1399571700,0,0,0,0,0,0,0,0,0,0,0,36,34.76,0,FALSE,0,0,0,0,0
dc31ea34b858f94b79690573db3f2fd632074a94,1399571486,1,1,0,0,0,0,0,0,0,0,0,35,33.76,30,FALSE,0,0,0,0,0
d58ca520c8d30f65bb506dbd84009c405bd444e4,1399570939,3,3,2,0.47756,24,4,1,9,183.93,525.5,121.5,34,32.76,12,FALSE,0,0,0,1,1
4b646c2f8dd8cb9b9b97c55b86b962a245e9aab4,1399518535,1,1,0,0,0,0,0,0,0,0,0,33,31.82,28,FALSE,0,0,0,0,0
35757ed1f59c5544b93e47f803e7bd80b6ed61db,1399517896,1,1,0,0,0,0,0,0,0,0,0,32,30.82,27,FALSE,0,0,0,0,0
fed0d5df5c72fea3fb4a7344f11484e14a98052b,1399517825,1,1,0,0,0,0,0,0,0,0,0,31,29.82,26,FALSE,0,0,0,0,0
c99fa6a19268e87b300c1775f90814a23095f199,1399486079,3,3,2,0.257651,46,1,1,4,313.46,281.5,61,30,28.85,10,FALSE,0,0,0,1,0
0d468cbe6cf64598cb82a6ad193c58bd522dbfa3,1399264950,1,1,0,0,0,0,0,0,0,0,0,29,28.04,24,FALSE,0,0,0,0,0
f92ba6d0cf3773c8ce5e4f36177a0dd805fd8d72,1399264543,1,1,0,0,0,0,0,0,0,0,0,28,27.04,23,FALSE,0,0,0,0,0
0408e3727e15b89827ab2e4bdeeca1afc08550ca,1399064548,1,1,0,0,0,0,1,0,0,0,0,27,26.21,22,FALSE,0,0,0,0,0
be997fd654243a8633aa059343665cf2c88fe609,1399055589,2,2,2,0.141182,19,1,0,12,30.06,512.5,130,0,0,0,TRUE,0,0,0,0,0
084f5d891b4dd413caca21283a3127bb28f9069d,1399055589,3,3,2,0.141182,19,1,0,10,21.26,579.5,124,1,1,0.666667,FALSE,0,0,0,0,0
5c3852b91c17fa66d25527045f49aa6f50ee7e41,1399035633,1,1,0,0,0,0,1,0,0,0,0,26,25.23,2,FALSE,0,0,0,0,0
3c0ec59432f738ee70d25c3e4213c17c82a84ec5,1398678891,3,3,2,0.110372,24,1,0,11,21.21,440,126,1,1,0.666667,FALSE,0,0,0,0,0
3c7310ebcbee1d65f47e6c6115ade2fa4cbd5b59,1398678891,2,2,2,0.110372,24,1,1,11,28.33,411.5,130.5,0,0,0,FALSE,0,0,0,0,0
61f2929a35b7588ee707c02ab64512c3fac5f61f,1398642545,1,1,0,0,0,0,0,0,0,0,0,25,24.54,21,FALSE,0,0,0,0,0
c0545813706ffa17161293af00fe39b7f2f43fe2,1398642245,1,1,0,0,0,0,1,0,0,0,0,24,23.54,20,FALSE,0,0,0,0,0
dbea8312bbd6b59e5d78e145696a876c7397a332,1398377321,1,1,0,0,0,0,0,0,0,0,0,23,22.74,19,FALSE,0,0,0,0,0
1536a2196e695523f991a5dab2d99d3702bd6007,1398376734,1,1,1,0,1,2,1,11,0.11,781,256,22,21.74,1,FALSE,0,0,0,0,0
374e6c3789911c14b1e9c7b2150b80f934e6b5d3,1398376220,2,2,1,0,35,25,1,2,24.04,49,20,21,20.74,9,FALSE,0,0,0,4,0
203fb05d3e90b7e22d3660aee6046b77577ff62c,1398373520,2,2,2,0.57938,3,3,0,3,86.89,225.5,12,20,19.74,9,FALSE,0,0,0,0,0
ce8555c6906a5b5688c6802d206d4fc7cb0daf83,1398372709,1,1,0,0,0,0,0,0,0,0,0,19,18.74,16,FALSE,0,0,0,0,0
9863fa0903b7094ef63d9d7a6681128b1bcdb86f,1398372411,1,1,0,0,0,0,0,0,0,0,0,18,17.74,15,FALSE,0,0,0,0,0
8ccceacf91bffc535ef9f05ab2084c7111529896,1398372231,0,0,0,0,0,0,0,0,0,0,0,17,16.74,0,FALSE,0,0,0,0,0
d5815922caca984435cbd4d75aeaf12afe73b8cb,1398371797,1,1,0,0,0,0,0,0,0,0,0,16,15.74,14,FALSE,0,0,0,0,0
972c01afc993aa117d6f83e9f275deb8aee2830a,1398371458,1,1,0,0,0,0,0,0,0,0,0,15,14.74,13,FALSE,0,0,0,0,0
8894e30869e1015b0abc5d8efe202347314f0131,1398371220,1,1,0,0,0,0,0,0,0,0,0,14,13.74,12,FALSE,0,0,0,0,0
5d8dba5fe0ffaca4843ca4822f1ab033c6a53afc,1398371038,1,1,0,0,0,0,0,0,0,0,0,13,12.74,11,FALSE,0,0,0,0,0
90fbc1a33ed60819d9beb4ef2dee747c9f281986,1398370882,1,1,0,0,0,0,0,0,0,0,0,12,11.74,10,FALSE,0,0,0,0,0
55dea47b94b5c472c96a4d5d162c133fb3088204,1398370831,1,1,0,0,0,0,0,0,0,0,0,11,10.74,9,FALSE,0,0,0,0,0
30d18888b952b0806b90b5863a609b3878760bad,1398368750,1,1,0,0,0,0,0,0,0,0,0,10,9.74,8,FALSE,0,0,0,0,0
6ac6305b533d3569f91ff411eee5e3c8918a4253,1398368561,0,0,0,0,0,0,0,0,0,0,0,9,8.74,0,FALSE,0,0,0,0,0
2fd3e72a19aaeca9c5916df643758bed8c1a8697,1398367042,2,3,2,0.495023,31,3,1,10,26.22,509.5,133.5,8,7.74,0,TRUE,0,0,0,0,0
c7791a207bf463d752627c83b5f3a417694fcb8d,1398366007,1,1,0,0,0,0,1,0,0,0,0,7,6.74,7,FALSE,0,0,0,0,0
29e8ccef4ec7cf3797b68193232451dfd3b6d52e,1398262886,0,0,0,0,0,0,0,0,0,0,0,69,56.88,0,FALSE,0,0,0,0,0
5480cb95716339e0a581db3b9e66bb6f8dc3b37f,1398222589,0,0,0,0,0,0,0,0,0,0,0,68,55.94,0,FALSE,0,0,0,0,0
ce17efd95babe62369e73fc843214bc94f1ecd37,1398220669,1,4,7,0.499889,3,54,0,2,519.46,25.29,1.71,4,3.99,3,TRUE,0,0,0,0,0
b38ffd7376a97f249001c52481fea545b5b28ab1,1398220217,1,1,0,0,0,0,1,0,0,0,0,3,2.99,2,FALSE,0,0,0,0,0
8d8f44f352392758d4660becd1bce147a115bb2c,1398217612,1,1,0,0,0,0,1,0,0,0,0,2,1.99,1,FALSE,0,0,0,0,0
af5f21b2e22bb4f41b0d3b87cd05565b5d63d091,1398212638,0,0,0,0,0,0,0,0,0,0,0,67,54.95,0,FALSE,0,0,0,0,0
4ac7474e4e83c3b5f8557e591bae9da54e4420d8,1398211374,1,1,1,0,29,27,1,4,28.07,383,91,0,0,0,TRUE,0,0,0,2,0
bdb3bb98f681a2cfdb705a4b1773e9a5031a91bc,1398132758,0,0,0,0,0,0,0,0,0,0,0,66,54.07,0,FALSE,0,0,0,0,0
896609c859758e2f71fec7862bc666caea37b2ac,1398093021,1,1,1,0,1,1,1,1,24.95,29,3,1,1,1,FALSE,0,0,0,0,0
50158b851c441d6b7dcd360cde04f2eb9adafe18,1398092914,2,2,1,0,4,0,0,2,24.95,97,9,0,0,0,FALSE,0,0,0,0,0
56b672e6570e64f4536e72c76f92c0e2144c2afa,1397963771,4,4,4,0.360882,59,5,0,12,29.69,244.75,78.25,0,0,0,TRUE,0,0,0,0,0
b9e957608383605d20f5a3e3803394f47c71bdf6,1397806123,1,1,0,0,0,0,0,0,0,0,0,82,63.95,43,FALSE,0,0,0,0,0
79cc5a4d2745cc96a481c133836e042852f178fe,1397607143,1,1,1,0,2,1,0,3,18.5,92,105,0,0,0,FALSE,0,0,0,0,0
5f1d57704e6307afbfa17d3ce1ab773c46e6aeed,1397568856,0,0,0,0,0,0,0,0,0,0,0,65,53.9,0,FALSE,0,0,0,0,0
19983272f3d43eba9e5afbc7af1b97972045033c,1397535069,1,1,1,0,12,8,0,2,39.92,70,3,0,0,0,FALSE,0,0,0,0,0
e1ab302234d82390f280ecfb478994cdff8809b6,1397487095,0,0,0,0,0,0,0,0,0,0,0,64,53.02,0,FALSE,0,0,0,0,0
6b1c44321245f62274d002ed861cf40c227c6745,1397397949,1,1,0,0,0,0,0,0,0,0,0,0,0,0,FALSE,0,0,0,0,0
b79a2715538e377db9d96c25c662439e00182f98,1397348733,1,1,0,0,0,0,0,0,0,0,0,81,63.7,42,FALSE,0,0,0,0,0
260141ee089eb36335d1281f6a4b58933c75d863,1397163859,1,1,0,0,0,0,0,0,0,0,0,5,5,5,FALSE,0,0,0,0,0
0639c45acdc8333ed896bf2fecd70afe02e827cf,1397163859,1,1,0,0,0,0,0,0,0,0,0,6,6,6,FALSE,0,0,0,0,0
0dbaacfe12fab8801b4bb40ddfd288f32f3c0e90,1397163420,1,1,0,0,0,0,0,0,0,0,0,4,4,4,FALSE,0,0,0,0,0
fb1232043da3aa42bea6bccc4cf3b1a07392703b,1397158982,1,1,0,0,0,0,0,0,0,0,0,3,3,3,FALSE,0,0,0,0,0
2377fc8bcf0a3dcdf02e5596b94e4180e7ba0523,1397158900,1,1,0,0,0,0,0,0,0,0,0,2,2,2,FALSE,0,0,0,0,0
c610902b671a1449aa15d9d7c3b051c9c01f221e,1397158735,1,1,0,0,0,0,0,0,0,0,0,1,1,1,FALSE,0,0,0,0,0
a802405e19bb36e648a7e33601a6d10333b82dee,1397158669,1,1,0,0,0,0,0,0,0,0,0,0,0,0,FALSE,0,0,0,0,0
b8dd60dec7aa927496b6a341a77d9e0bed5a4570,1397138250,1,1,0,0,0,0,0,0,0,0,0,63,52.53,29,FALSE,0,0,0,0,0
147c2507c3bdcd22c7c0176e57c9d585d0aa2642,1397075920,1,1,0,0,0,0,0,0,0,0,0,62,51.62,28,FALSE,0,0,0,0,0
d72f27909fd869908998a7650172782e13c6dca4,1396983026,2,2,2,0.56105,38,2,0,4,28.81,163,13.5,61,50.75,22.5,FALSE,0,0,0,0,0
1ee5329b1c93d2a4d9aac8c8a234d63473c6b9ca,1396732089,0,0,0,0,0,0,0,0,0,0,0,60,50.1,0,FALSE,0,0,0,0,0
ba0b046a9513f0b72a7ab7fba39b06c5971070c0,1396730146,1,1,0,0,0,0,0,0,0,0,0,0,0,0,FALSE,0,0,0,0,0
412eb2a9ce3a0c53a501450e8af6b777b54d9c4d,1396310955,0,0,0,0,0,0,0,0,0,0,0,80,64.43,0,FALSE,0,0,0,0,0
dd8e279cac316ad8ba1c52d8a12d37302a7cfa14,1396299142,1,1,1,0,18,3,0,2,4.19,34,19,0,0,0,TRUE,0,0,0,2,0
642432cb5e3874e4b6cab19e52dd503765f152bb,1396072623,0,0,0,0,0,0,0,0,0,0,0,79,63.83,0,FALSE,0,0,0,0,0
001c9380be1631ea44069745ee695a09083bfa2c,1396009169,1,1,1,0,1,1,0,3,2.58,92,104,0,0,0,FALSE,0,0,0,0,0
2e830fff995fabe4394ce734bba9c3bc33367fb9,1395958969,0,0,0,0,0,0,0,0,0,0,0,78,63.02,0,FALSE,0,0,0,0,0
06dcb22ae22b1346d3b6e207799c0d92fdd42617,1395936927,1,33,42,0.597924,149,143,0,3,379.97,48.81,5.43,1,1,0,TRUE,0,0,0,0,0
0120874b8e50c35355b0f21878e8909453abc15d,1395786634,0,0,0,0,0,0,0,0,0,0,0,77,62.31,0,FALSE,0,0,0,0,0
13475977af6ef4c1409ca473566349c3242b14cf,1395786184,1,3,11,0.42948,73,66,0,16,42.06,243.73,69.55,0,0,0,TRUE,0,0,0,0,0
df50669092d3de0ec4bd041aabb3b2a4d2954e01,1395781014,1,1,0,0,0,0,0,0,0,0,0,59,50.43,27,FALSE,0,0,0,0,0
abd6b7c5c338ad1aa58c46ca95ba139cf3b5ac97,1395780957,1,1,0,0,0,0,0,0,0,0,0,58,49.43,0,FALSE,0,0,0,0,0
e36746363aeee402c0d85b6ad8b4035922174c95,1395716015,1,1,0,0,0,0,0,0,0,0,0,57,48.52,26,FALSE,0,0,0,0,0
1eba854f23ee050fe36ee979177761def8226ea5,1395624599,1,2,3,0.18626,50,43,0,9,4.55,364,87.67,56,47.65,28,TRUE,0,0,0,6,6
6f9e9276338a8a83bd811cda21192c199d28823b,1395623257,1,1,1,0,0,5,0,6,78.17,534,168,55,46.65,27,FALSE,0,0,0,0,0
6b19e3dc0a3b303c541708860a6f9de2ae281b9d,1395623257,1,1,1,0,0,5,0,6,28.36,541,181,54,45.65,26,FALSE,0,0,0,0,0
cb1fbce46b078dff2da0aab4dcf1d3c2ce840e24,1395600166,2,2,2,0.133748,20,1,1,4,6.03,275.5,46.5,53,44.68,20,TRUE,0,0,0,0,0
cc38cccae1f7a4fb860039cbca6112f2fcb0bf4a,1395189927,0,0,0,0,0,0,0,0,0,0,0,52,44.19,0,FALSE,0,0,0,0,0
efbe1779e370a8cd7409dde569607e5e1e818f2c,1395079264,2,2,3,0.382196,3,8,0,4,7.03,212.67,32.33,4,3.92,2.5,TRUE,0,0,0,0,0
8e3d0a6569f82662903523d1831fbc58ea3fe877,1394756404,1,1,0,0,0,0,0,0,0,0,0,51,43.73,25,FALSE,0,0,0,0,0
8bd5d54b0e1d518ec7e9b8f9368c8393b8d59aee,1394742454,1,1,0,0,0,0,0,0,0,0,0,50,42.75,24,FALSE,0,0,0,0,0
4867cf1e7b59e6fc4f4b4439bab004461dcc46c7,1394728188,0,0,0,0,0,0,0,0,0,0,0,49,41.77,0,FALSE,0,0,0,0,0
3ea3250dbe7e0def1311e1a5bbdd44b9f34cf33b,1394634430,1,1,1,0,0,8,0,2,24.55,45,3,48,40.88,3,FALSE,0,0,0,0,0
3bbcbfdcf9f050255a0cc80499c2fef51fe193fa,1394588341,1,1,0,0,0,0,0,0,0,0,0,47,39.93,23,FALSE,0,0,0,0,0
c7e84d804450b1799611191d6aed12b44dc8201c,1394471943,2,2,3,0.503806,13,16,0,7,0.21,244,33.67,3,3,1.5,TRUE,0,0,0,0,0
9ae1d0d22def9b905a3dc77506b853457be911b9,1394471903,1,1,1,0,1,18,0,5,0,406,85,2,2,1,FALSE,0,0,0,0,0
51e80ffd481ca8af8c0d44a1c13b9b4b53c938f5,1394471799,1,1,3,0.935355,42,0,0,4,6.87,87.33,6.33,1,1,0,FALSE,0,0,0,0,0
be52dbbaa1bb8a096ce5cfd55afe014935284406,1394471619,2,2,2,0.47756,9,5,0,4,1.62,231,43,0,0,0,TRUE,0,0,0,2,0
76147c78a15904d4e4e469095a29d1bec9775ab6,1394419773,1,1,0,0,0,0,0,0,0,0,0,46,39.12,22,FALSE,0,0,0,0,0
59da745d6c847957a1b35cb47e34036e0dc7db60,1394419612,1,1,0,0,0,0,0,0,0,0,0,76,63.62,41,FALSE,0,0,0,0,0
68996d7561f911856dd2fab18e6b5f3def074e0b,1394419543,3,3,2,0.299184,0,124,0,5,2.06,263,64,75,62.62,24,FALSE,0,0,0,0,0
5e12bab5ccea6f0a0d4b071a74b7519a3109849f,1394418647,1,1,2,1,12,0,0,6,4.08,281.5,46.5,45,38.12,24,TRUE,0,0,0,2,2
7693aa5464203d7eec896f3751be789327d66a1b,1394245646,2,4,4,0.291154,3,30,0,8,5.5,249.25,61,74,61.92,27.5,FALSE,0,0,0,0,0
110f471efa6e08103242d5bbc74e8630cc7ddf0c,1394244243,1,2,2,0.405639,1,7,0,6,1.81,102,29,73,60.92,15,FALSE,0,0,0,0,0
2064f412cbadfe64e84f8a40f3edb0c2a98bb34d,1394239614,2,2,2,0.57938,5,13,0,10,0.89,463,128.5,72,59.93,14,TRUE,0,0,0,0,0
3228fd3cbc6486d1f60fff2789447077834aa9ac,1394238797,1,1,0,0,0,0,0,0,0,0,0,71,58.93,38,FALSE,0,0,0,0,0
bad55f797721fcce2c1879165d4b498a735f37e0,1394238761,2,2,8,0.379564,42,87,0,10,1.77,259.25,36.12,70,57.93,13,TRUE,0,0,0,0,0
3cf7b2e39ee42bf6f3a195dc3275193c40ac1c77,1394237931,3,3,2,0.382468,21,21,0,5,1.75,263.5,63,69,56.93,20.3333,FALSE,0,0,0,0,0
b443da410a21b08018f8dc7450f65f04da5735fa,1394146776,1,1,0,0,0,0,0,0,0,0,0,68,56.07,36,FALSE,0,0,0,0,0
87912103c96d2032bbb93d0b3667a41714955dc5,1394146650,1,1,0,0,0,0,0,0,0,0,0,67,55.07,35,FALSE,0,0,0,0,0
4ce1ee458ec1e0580d53a1b9d060b900176b023b,1394146625,1,1,0,0,0,0,0,0,0,0,0,66,54.07,34,FALSE,0,0,0,0,0
b0351a08de73058df37cfacd624de2e26eacced8,1394088336,1,1,0,0,0,0,0,0,0,0,0,65,53.15,33,FALSE,0,0,0,0,0
3321055025fcfc6e41cd41ea11d8f46ee71b84f3,1394087755,2,3,2,0.339907,4,47,0,6,5.13,123.5,28.5,64,52.15,21.5,FALSE,0,0,0,0,0
5572897998a961ebd3038316c5137c43b025dbab,1394087075,1,2,5,0.453944,9,14,0,12,7.14,358.4,103.8,63,51.15,10,TRUE,0,0,0,0,2
3112f92d08198a3b009fab53584c420e8808b31d,1394086858,1,1,3,0.25964,23,45,0,10,5.36,306.67,114.67,62,50.15,9,FALSE,0,0,0,0,0
74f55a863a63dcc40d5cc595582ca27e3018fe70,1394086645,1,1,1,0,0,13,0,1,16.06,54,3,61,49.15,8,FALSE,0,0,0,2,2
9ea18e10c999d99278ad7ad1cac74009bf579c50,1394086434,1,1,1,0,33,0,0,3,0.01,65,100,60,48.15,7,FALSE,0,0,0,0,0
d84457b9c2984019ec3806a93675fafddb5c2ec0,1394086076,1,1,0,0,0,0,0,0,0,0,0,59,47.15,0,FALSE,0,0,0,0,0
328c6d30603202cfdf1e479f2486e10521a91a44,1394085974,1,3,69,0.785913,117,119,0,13,470.47,77.91,4.25,58,46.15,11,TRUE,0,0,0,0,0
643397ed21fc7086dc5662d1f291beddfbb976ae,1394085974,1,3,64,0.768938,113,115,0,12,398.07,79.59,5.02,57,45.15,10,TRUE,0,0,0,0,0
85bf9ab76a3d8954b7ba71b6bbad444961f97105,1394085696,1,1,1,0,44,43,0,1,848.2,43,2,56,44.15,9,FALSE,0,0,0,0,0
6ec1904aaca38af3deb7a66ee15d8ac3a82ee261,1394085529,2,3,2,0.0283256,1,88,0,3,18.19,76,49.5,55,43.15,18.5,FALSE,0,0,0,1,0
f1315b9efa6150bd27740842ab0e8fac6dad437f,1394033726,2,5,5,0.738428,25,16,1,2,375.07,38.2,12,44,37.54,11.5,FALSE,0,0,0,0,0
a0e6bb5cb218d30e13ff965900c224df23523b8f,1394019396,1,1,0,0,0,0,0,0,0,0,0,54,42.23,30,FALSE,0,0,0,0,0
eaf63d94f0bcfe1ebac804e93a98f0584dc89ed0,1394001146,1,1,0,0,0,0,0,0,0,0,0,43,36.57,20,FALSE,0,0,0,0,0
45500fba7463efb8703f1de4bafc387383a2ba4a,1393997542,1,1,0,0,0,0,0,0,0,0,0,53,41.25,29,FALSE,0,0,0,0,0
8472effab341203e73da11e8a1c24c3bff79ac5f,1393997510,1,1,0,0,0,0,0,0,0,0,0,52,40.25,28,FALSE,0,0,0,0,0
d368aed150364477c024e166b3db2b770e492a95,1393887013,2,2,2,0.19991,22,0,1,4,8.1,92,11.5,42,35.69,18.5,TRUE,0,0,0,1,1
e3b60e80c02950594e7956eb20eef91c2c04210a,1393831971,1,1,0,0,0,0,0,0,0,0,0,51,39.42,27,FALSE,0,0,0,0,0
9df10674f051ab8bf9541b0e8fb0e4a6efb6a9d1,1393777049,1,1,0,0,0,0,0,0,0,0,0,41,34.8,19,FALSE,0,0,0,0,0
e3617fb8ab602acd1f7633a5732865d2c08b231e,1393686512,0,0,0,0,0,0,0,0,0,0,0,40,33.89,0,FALSE,0,0,0,0,0
0fbfce58c6c44d5e6a468b1da21d87deff9827a7,1393669962,1,1,0,0,0,0,1,0,0,0,0,0,0,0,FALSE,0,0,0,0,0
f8b954bcd9a6aeaa5d445a1ea1bbcb37e089f3ef,1393462631,2,2,3,0.203408,52,26,0,4,12.71,197,28,39,33.1,17.5,TRUE,0,0,0,0,5
caa25b506dcfb3a2b95898e31995b5af5e0c09e1,1393349713,0,0,0,0,0,0,0,0,0,0,0,38,32.21,0,FALSE,0,0,0,0,0
691181517117e0784493a8f877beb593923577b5,1393201273,2,3,6,0.370857,167,107,0,8,19.09,170.5,22.83,37,31.34,16.5,TRUE,0,0,0,3,3
0719e5f402ff4b8129f19fe3d0704b31733f1190,1393173103,2,2,2,0.127043,22,0,0,6,2.75,269.5,90,36,30.37,15.5,FALSE,0,0,0,0,0
07b731add0f79ea7e2a256e743adcbbc11d16c80,1393078815,1,1,0,0,0,0,0,0,0,0,0,35,29.45,18,FALSE,0,0,0,0,0
6b05f60badd3cf8e88ec46e192703dd5f3d31071,1392852579,1,1,0,0,0,0,0,0,0,0,0,4070,1071.19,690,FALSE,0,0,0,0,0
d42d8f5b078eb8136d9fc645d43cdbbf17873854,1392699022,2,2,3,0.386449,16,17,0,10,0.72,337.33,86,34,28.76,14.5,FALSE,0,0,0,0,0
143e72dd8507701d243fb21b03823be8e21c973d,1392698349,1,1,0,0,0,0,0,0,0,0,0,33,27.76,17,FALSE,0,0,0,0,0
6835289564270d5dedbfa04524694230a2b66b70,1392698216,3,3,4,0.479905,7,19,0,11,29.11,407.5,102.25,32,26.76,14.3333,TRUE,0,0,0,0,0
1396e0855d1f7cf0ef86913e74c262bb9ade7e7e,1392513612,5,18,28,0.439267,314,154,0,15,256.94,114.86,26.64,31,25.9,8.4,TRUE,0,0,0,3,2
25e6629bcc2a7cf1b7da5342ad9e6cf28f94f790,1391888448,1,1,0,0,0,0,0,0,0,0,0,50,40.41,26,FALSE,0,0,0,0,0
0796c1d2d2bd9383205d54383d3823dccf22b60e,1391888366,1,1,1,0,2,0,0,4,13.86,594,42,49,39.41,8,FALSE,0,0,0,1,0
aac1d52c4fa1ce19e17bb2b4e06669e8756f6816,1391888263,2,3,4,0.25941,6,273,1,12,201.05,318.5,65.75,48,38.41,6,TRUE,0,0,1,0,0
6a7363e4aec1186a4a1cbfacfe03fa176c38cf21,1391526946,1,2,3,0.705321,5,4,0,8,13.96,329.33,78.67,30,25.64,16,FALSE,0,0,0,0,0
9bc63d92a02dc895bafe32dc327b26629944a295,1391526656,2,2,3,0.347933,61,4,0,9,10.29,243,74,29,24.64,14.5,FALSE,0,0,0,0,0
8aff64f89a107673724367b7b0d5346c1776d821,1391043998,1,1,0,0,0,0,0,0,0,0,0,28,23.98,13,FALSE,0,0,0,0,0
4bf9cfd4779c614d05c9c0983ee4a7427df38216,1391043670,1,1,0,0,0,0,0,0,0,0,0,27,22.98,12,FALSE,0,0,0,0,0
08cbc442f5490adc1135b3b16766b779b251726a,1391043623,1,1,0,0,0,0,1,0,0,0,0,26,21.98,11,FALSE,0,0,0,0,0
a02dd201e6379fc65d995b2e814848fb5c75c6ff,1391043533,1,1,0,0,0,0,0,0,0,0,0,25,20.98,10,FALSE,0,0,0,0,0
a5f7dcee0420e82ebc797858f4c291349e8bd4d1,1391026636,1,1,0,0,0,0,0,0,0,0,0,4069,1088.9,689,FALSE,0,0,0,0,0
0ddd761904a7a8dd4bfac5a669b8745c476a7097,1391007611,1,1,0,0,0,0,0,0,0,0,0,24,20,9,FALSE,0,0,0,0,0
991c2a9d0587c5a0625bb58c43447018ea5f3a9c,1390947832,0,0,0,0,0,0,0,0,0,0,0,23,19.04,0,FALSE,0,0,0,0,0
f41d09a3cf0592b65a1359495b65d3d7cf949c50,1390690645,4,7,14,0.309895,816,507,0,10,296.94,155.21,28.93,22,18.17,7.25,TRUE,0,0,0,16,6
4983c38298d1c6dad1a8a09241cf8beee66beb7e,1390610985,3,4,6,0.467165,21,29,1,9,307.02,168.83,39.33,21,17.21,8.66667,FALSE,0,0,0,0,0
337ab24899098b108319e028b00c6cf02b40ff68,1390609892,1,1,1,0,0,1,0,6,0.01,477,174,20,16.22,12,FALSE,0,0,0,0,0
63c6a9c5ad6e7f6b93433c6917e611dcda593887,1390609281,3,3,3,0.493809,2,25,0,12,14.38,347.67,96,19,15.22,7.33333,TRUE,0,0,0,0,0
718e68ffae3875c9d294471a1e1683fffc2e28e0,1390608997,3,3,4,0.730841,14,11,0,11,88.49,379,120.5,18,14.22,6.33333,TRUE,0,0,0,0,0
f56a5f01c46677320cb9efa09800af13de1790d9,1390158312,2,2,1,0,0,15,0,2,39.47,82,95,17,13.39,6.5,FALSE,0,0,0,0,0
b77ffe022839210d7a301d34c3fe433220a3dc34,1390151909,0,0,0,0,0,0,0,0,0,0,0,16,12.39,0,FALSE,0,0,0,0,0
fd6439bb36c9d39dc05067310edaf770dc5bb262,1390146828,1,1,1,0,1,1,0,5,8.01,476,172,0,0,0,FALSE,0,0,0,0,0
121f8d02f34cfcfc2a519dfbfb9712cd987d33d3,1389719824,0,0,0,0,0,0,0,0,0,0,0,47,39.66,0,FALSE,0,0,0,0,0
ff23423d34d9d7f829d160aeb91b5c939ab4a4e1,1389675051,1,1,0,0,0,0,0,0,0,0,0,46,38.71,25,FALSE,0,0,0,0,0
5ddbb6965fc10bd6dd4d6aa7845a3434350bb082,1389653106,0,0,0,0,0,0,0,0,0,0,0,15,11.56,0,FALSE,0,0,0,0,0
ac2cbef8be60f7c58cf5ff27ff42397171825e57,1389483775,0,0,0,0,0,0,0,0,0,0,0,14,10.62,0,FALSE,0,0,0,0,0
8c3f153dd464aeac054521650fb7fd52e54e0522,1389455558,1,1,1,0,2,2,0,5,6.78,534,169,13,9.63,8,FALSE,0,0,0,1,0
dff22e9d095c5f9e848fada72e60cd801c6815ca,1389455131,1,1,0,0,0,0,0,0,0,0,0,12,8.63,3,FALSE,0,0,0,0,0
7282b50ad0dbd9553ac8170d7eeda5a5f5992c8d,1389454953,2,2,2,0.639571,0,150,0,6,397.3,313,86.5,11,7.63,5,FALSE,0,0,0,0,0
8c059469fd1e009211cdf3aafa925e941eea4b00,1389454935,2,2,3,0.535189,4,22,0,7,74.87,323.33,62.33,10,6.63,4,FALSE,0,0,0,0,0
185b526e6038a5e0d35b73a6a779be5a7c55e70c,1388892224,0,0,0,0,0,0,0,0,0,0,0,45,38.54,0,FALSE,0,0,0,0,0
e465624fd02bc27824249e3c673151055dac4c39,1388891678,1,1,0,0,0,0,0,0,0,0,0,1,1,1,FALSE,0,0,0,0,0
38996b30b1df2924655f153a06022d7845fcb6e8,1388891678,1,1,0,0,0,0,0,0,0,0,0,0,0,0,FALSE,0,0,0,0,0
827dfed7c273be7ebb9443d160e9e3570b387875,1388887972,0,0,0,0,0,0,0,0,0,0,0,4068,1110.76,0,FALSE,0,0,0,0,0
28af21baeb7e8c77ea618b106ae3d0893875de4e,1388869519,1,1,1,0,1,1,0,6,0.18,534,168,1,1,1,FALSE,0,0,0,0,0
40a43eb7534808eedadb9582c6febbb429920570,1388869519,1,1,1,0,1,1,0,5,15.39,534,167,2,2,2,FALSE,0,0,0,0,0
951c70496b7d6e6c1938ab326b37e5f2445485af,1388854227,1,1,1,0,1,1,0,5,15.22,534,167,0,0,0,FALSE,0,0,0,0,0
a36eeb96f3d9836a7205d54bcfea2e8a124781a7,1388771277,1,1,1,0,5,1,0,3,64.59,394,29,0,0,0,FALSE,0,0,0,0,0
7018d3d0e61a70a8720d6871af48191b0d6307ff,1388746848,1,1,0,0,0,0,0,0,0,0,0,44,37.69,24,FALSE,0,0,0,0,0
3f14b4de1f65c1983780ef4c54d8513174591142,1388746813,0,0,0,0,0,0,0,0,0,0,0,43,36.69,0,FALSE,0,0,0,0,0
26c0be4c4e45276334b8e9afc2e26b3773f443cc,1388746644,1,1,0,0,0,0,0,0,0,0,0,42,35.69,23,FALSE,0,0,0,0,0
cec0c06a70c874298761282984573475293c0071,1388746209,3,3,10,0.412961,41,585,0,7,397,149.8,17.1,41,34.69,10.6667,FALSE,0,0,0,1,1
476f8deb07d48aac146a94262ea65b7991d840be,1388745180,2,2,0,0,0,0,0,0,0,0,0,40,33.69,11,FALSE,0,0,0,0,0
a3b5f6d07f880298a92164fe7f0519d736524dcf,1388685923,2,2,2,0.261507,27,2,0,4,170.02,178.5,38,0,0,0,TRUE,0,0,0,0,0
1d97599f8b2f4ea6be0b7082ac1d9d93c8d00665,1388685923,2,2,2,0.261507,27,2,0,4,170.02,178.5,38,1,1,1,TRUE,0,0,0,0,0
dc5932d1774e9567d52e9d1eedc97b330663c838,1387823687,0,0,0,0,0,0,0,0,0,0,0,4067,1121.54,0,FALSE,0,0,0,0,0
cfd93b752936087a58c8d0616bbae3cd699e42fc,1387821801,1,1,0,0,0,0,0,0,0,0,0,0,0,0,FALSE,0,0,0,0,0
8b2208f3942e3cfff60d29aa51ae40ac2c693179,1387815026,0,0,0,0,0,0,0,0,0,0,0,39,33.56,0,FALSE,0,0,0,0,0
00a3b01f391f472e895934f6ccad65c9f59a34a8,1387804385,1,1,0,0,0,0,0,0,0,0,0,0,0,0,FALSE,0,0,0,0,0
3baca251f0888fa66cb23be1b1bb301ff4341f0a,1387731424,1,1,0,0,0,0,0,0,0,0,0,4066,1121.57,37,FALSE,0,0,0,0,0
72daae1d920086b785a822adbda38a803f09e71d,1387653184,0,0,0,0,0,0,0,0,0,0,0,4065,1121.44,0,FALSE,0,0,0,0,0
fcbe53ddb5fd64063d8d65c3faf8a4c2e7dd5237,1387647299,1,1,1,0,1,1,0,2,252.03,179,9,1,1,0,FALSE,0,0,0,0,0
e9851672eb77232b1a92a6ee4a282cc69465480c,1387602917,1,1,0,0,0,0,0,0,0,0,0,38,32.75,0,FALSE,0,0,0,0,0
9a45f7bd3d46c4278561c8bc6f254ce272ac0046,1387596899,3,3,1,0,23,0,0,0,0,0,0,4064,1121.07,302.667,FALSE,0,0,0,0,0
85834fd146392dafb98211dc89472fe3ed2f329d,1387539571,1,1,1,0,1,1,1,5,63.14,534,166,0,0,0,FALSE,0,0,0,0,0
a0c1ac7b454b7ab4161f63ed1f5ca2c40eebe4bb,1387379816,1,1,0,0,0,0,0,0,0,0,0,9,5.97,2,FALSE,0,0,0,0,0
7b0dca0f9c7eb0c79fbc4e487a06357ab35347e7,1386802156,2,3,3,0.428854,52,39,0,5,89.61,334.33,32,0,0,0,TRUE,0,0,0,0,2
34c83d7d29d3acb718cac56aa4361c3a320fd80d,1386748659,1,1,0,0,0,0,0,0,0,0,0,37,32.54,20,FALSE,0,0,0,0,0
7c6882234e44234ac048f6c8f44f75a1a6a9be88,1386748447,1,1,0,0,0,0,0,0,0,0,0,36,31.54,19,FALSE,0,0,0,0,0
2e68ddbae9cec2d0b22f48f35ef4da964f51949e,1386748368,2,2,1,0,2,6,0,1,166.68,86,94,35,30.54,10.5,TRUE,0,0,0,0,0
7724fc6af7b7ff636f7ae284a05d3d8500fc84d0,1385929268,1,1,0,0,0,0,0,0,0,0,0,34,30.25,17,FALSE,0,0,0,0,0
2939075f030cdc109dcd131d5333f97506f52ae3,1385655522,0,0,0,0,0,0,0,0,0,0,0,8,5.23,0,FALSE,0,0,0,0,0
606f68de021139778ca935541a9e65fcc0d1abff,1385645781,1,1,0,0,0,0,1,0,0,0,0,0,0,0,FALSE,0,0,0,0,0
c6c71abf4d4d6b10e040d0ee9e09ce304b172fff,1385610399,2,2,2,0.906557,8,7,0,3,93.32,335,28,4063,1142.73,1296.5,FALSE,0,0,0,0,0
863160ae499b056ac7ade9737ca049fa5f5cb357,1385596481,1,1,0,0,0,0,0,0,0,0,0,33,29.54,16,FALSE,0,0,0,0,0
edd39fb194eddd7baf414f2c85828474009f6662,1385537975,1,1,1,0,2,2,1,1,0,43,10,4062,1142.58,482,FALSE,0,0,0,0,0
a71d264d45ab6773443bdebc9f6c314b1e99a4d8,1385537948,1,1,1,0,2,2,1,1,94.85,43,9,4061,1141.58,481,TRUE,0,0,0,0,0
8a7a695836e6c2fe1145ad100a6eaae6235722e4,1385493176,1,1,1,0,1,1,0,9,0,799,242,4060,1141.1,1851,FALSE,0,0,0,1,0
de54af40615d154978cfd8ef6af4f4b84855f58b,1385493133,0,0,0,0,0,0,0,0,0,0,0,4059,1140.1,0,FALSE,0,0,0,0,0
2f2a652bc9420f2d05ddfe914048cfe5c327d7c7,1385493075,1,1,1,0,3,7,1,9,24.78,803,241,0,0,0,FALSE,0,0,0,1,0
1e638663de5049aea04c3d76bb14e4512e79f324,1385065959,0,0,0,0,0,0,0,0,0,0,0,4058,1144.06,0,FALSE,0,0,0,0,0
1684a8792a5caf894d6e1b1b4d59b6d0cdaa6dc9,1385060516,1,1,1,0,3,3,0,1,230.52,48,3,0,0,0,FALSE,0,0,0,0,0
89e7264e53beee9c243efcb54ceb1a20d80d59d2,1384054239,1,1,0,0,0,0,0,0,0,0,0,7,4.44,1,FALSE,0,0,0,0,0
cada9f61c805ed63dd01321383a45ffb8d6ecb5a,1384053828,1,1,0,0,0,0,0,0,0,0,0,6,3.44,0,FALSE,0,0,0,0,0
373fa55981c88a4ad38181aead00120262f5c0af,1384052905,1,1,1,0,1,1,1,2,577.26,21,3,32,29.89,5,FALSE,0,0,0,0,0
b0da4b1a94542f63e971b695c4bbafd9d8131426,1384050421,2,2,4,0.280054,104,6,0,10,124.94,373.5,114,5,2.44,3,FALSE,0,0,0,0,0
2bc703cfc2d9f44541b564b7c4c8e76c7aa5be82,1383430170,0,0,0,0,0,0,0,0,0,0,0,31,29.45,0,FALSE,0,0,0,0,0
c9865b821dae889f62ae986660d4f6ffaca4c06d,1383352187,1,1,1,0,17,0,0,2,0,171,2,3,3,1,TRUE,0,0,0,0,0
9c0de236456069fbc5cd9dc8c19d98c19913b698,1383352144,1,1,2,0.47756,7,7,0,2,253.32,207.5,14.5,2,2,0,TRUE,0,0,0,0,0
b7a38af41d517a25e2161b3800609fdb0b9ef899,1383352087,1,1,1,0,5,4,0,10,0.03,802,240,1,1,1,TRUE,0,0,0,0,0
661914781ed5c66f99b389320d99cb175a2c665f,1383349172,1,1,1,0,2,2,0,9,1.84,802,239,0,0,0,TRUE,0,0,0,0,0
6e3f3887e9367543e9adb72af279bdad19e863d4,1383191711,1,1,0,0,0,0,0,0,0,0,0,30,28.67,15,FALSE,0,0,0,0,0
a66d6bb0341b34204549ce966e94951c8281b21d,1383191470,1,1,0,0,0,0,0,0,0,0,0,29,27.67,14,FALSE,0,0,0,0,0
2e197e2b98823e0f332c1c76e410379458c84242,1383190621,1,1,1,0,1,1,0,1,290.34,242,18,28,26.67,4,TRUE,0,0,0,0,0
55d1a4f96463c114bb13d9dcc9fa1866ef6eb0b0,1383190456,2,2,2,0.169252,16,1,0,9,38.54,590.5,125.5,27,25.67,2.5,TRUE,0,0,0,0,0
82a7d7a9778a6047b2ec53fba9fd086a47e93c5a,1383111841,1,1,0,0,0,0,0,0,0,0,0,26,24.73,13,FALSE,0,0,0,0,0
dae54b456f7fc768a974b8c3885a3de7ae05371c,1383068012,1,1,0,0,0,0,0,0,0,0,0,25,23.76,12,FALSE,0,0,0,0,0
1b7a044f334c13708a8a77814bd17265cbdfb943,1383067826,1,1,0,0,0,0,0,0,0,0,0,24,22.76,11,FALSE,0,0,0,0,0
18264403b1c4a8116694d7a2ca131e1bc59c3e4d,1382999088,2,2,1,0,1,0,0,1,199.1,36,1,23,21.81,6,FALSE,0,0,0,0,0
04d43b7039ccc05a41aff2eec3090459ff10239f,1382996326,1,1,0,0,0,0,0,0,0,0,0,22,20.81,9,FALSE,0,0,0,0,0
2dfecfb661b889f93dc58a6971d9d7f1090c211f,1382986944,1,1,0,0,0,0,0,0,0,0,0,4057,1167.91,687,FALSE,0,0,0,0,0
250f1f5f6e2b38e496a275f30744acdda90c5a9d,1382723988,0,0,0,0,0,0,0,0,0,0,0,21,19.98,0,FALSE,0,0,0,0,0
3ac718763f66c00452d59e1ec9513b46aefb8d0c,1382704104,1,1,0,0,0,0,0,0,0,0,0,0,0,0,FALSE,0,0,0,0,0
05e1555c0d5507a55f0c96940946dfd00785feca,1382697084,0,0,0,0,0,0,0,0,0,0,0,20,19,0,FALSE,0,0,0,0,0
855d1e2bf562e543557bae0e8def5f02bda971d9,1382696125,1,1,0,0,0,0,0,0,0,0,0,0,0,0,FALSE,0,0,0,0,0
f0bfb3b2b2609128c57f299bd4ccb617272ce2d2,1382552388,1,1,0,0,0,0,0,0,0,0,0,19,18.08,8,FALSE,0,0,0,0,0
4b4db0f7fba1f63f53d4f9c5dd00db45aec86de4,1382148141,1,1,0,0,0,0,0,0,0,0,0,18,17.31,7,FALSE,0,0,0,0,0
9bed2b80eecb91a537823d6ca1b5fcfa8b042c19,1382084336,1,2,4,0.555834,8,12,0,11,42.7,496,115.75,17,16.34,1,TRUE,0,0,0,0,0
bb157c0cbf2d251e8645c2c82d97366b19f69c94,1382040373,1,1,0,0,0,0,0,0,0,0,0,16,15.36,6,FALSE,0,0,0,0,0
1ef05d4a2878b19004ed7ba5697ea523375d55fe,1382039859,1,1,0,0,0,0,0,0,0,0,0,15,14.36,5,FALSE,0,0,0,0,0
0b88208022fae3562c081de3003f856b6fcee9fb,1381978320,0,0,0,0,0,0,0,0,0,0,0,4056,1179.41,0,FALSE,0,0,0,0,0
c9d9ed3493b7e5aed21e9d36fe5e340a0befea12,1381978261,1,1,1,0,2,2,1,8,1.3,804,236,4055,1178.41,1850,TRUE,0,0,0,0,0
bd8b9f57811bc6abab3b2d4063b14187a018d04f,1381976469,0,0,0,0,0,0,0,0,0,0,0,4054,1177.43,0,FALSE,0,0,0,0,0
9cbcf23df0a56946e4b55fa061de1ca101ba249f,1381976269,1,1,0,0,0,0,0,0,0,0,0,4053,1176.43,686,FALSE,0,0,0,0,0
36e42db05bd7b95b86c65debc7dfb7d46701b0a7,1381887227,1,1,0,0,0,0,0,0,0,0,0,14,13.43,4,FALSE,0,0,0,0,0
2bf6a1d813e61427202d4a9ce0f3a29c326d5113,1381886929,1,1,0,0,0,0,0,0,0,0,0,13,12.43,3,FALSE,0,0,0,0,0
e8373d35646ecb03b3c3c0ad8ce77cbc2bb6e5aa,1381886521,0,0,0,0,0,0,0,0,0,0,0,12,11.43,0,FALSE,0,0,0,0,0
e218377a3d9d5c37790823f4e346a4f83b733e7d,1381865972,2,2,2,0.278129,11,11,0,8,55.03,528,117.5,11,10.44,0.5,FALSE,0,0,0,7,7
7d1aed4955706ea6ea3d401486b13a3e1219a7c2,1381810939,1,1,0,0,0,0,0,0,0,0,0,10,9.46,2,FALSE,0,0,0,0,0
b4acbcf1fe467b5dbdc1f996d624635717bad50e,1381810617,1,1,0,0,0,0,0,0,0,0,0,9,8.46,0,FALSE,0,0,0,0,0
50cb62c5d20a154d72a553cf065c423577083978,1381800946,2,2,2,0.805983,7,7,1,1,152.86,81,7,8,7.46,0.5,TRUE,0,0,0,0,0
4cf868bd74f6ed673d882dffac598bf6ab95233e,1381800814,0,0,0,0,0,0,0,0,0,0,0,7,6.46,0,FALSE,0,0,0,0,0
baa5a7c3e9918360191a1f59a4a14e927634b966,1381785378,1,1,0,0,0,0,0,0,0,0,0,0,0,0,FALSE,0,0,0,0,0
ee228f7aea6448cf85cc052697f8d831dce785d5,1379619822,0,0,0,0,0,0,0,0,0,0,0,6,5.9,0,FALSE,0,0,0,0,0
d5b11c7d1b1c4d5fe193c29e6299a9c0d2a0b2d6,1379619501,0,0,0,0,0,0,0,0,0,0,0,5,4.9,0,FALSE,0,0,0,0,0
ed7db34bab08df4b2703b96c52f6c8a2c147a3f7,1379612505,1,1,1,0,1,1,1,4,67.76,536,164,0,0,0,FALSE,0,0,0,0,0
57e45e3af80d21ad1201606bc5147d714a626d6c,1379611641,1,1,1,0,6,6,1,1,133.05,102,4,0,0,0,TRUE,0,0,0,0,0
1dc46478cb01f27009da843e8521546f06589c49,1379403323,1,1,0,0,0,0,0,0,0,0,0,4,3.93,0,FALSE,0,0,0,0,0
113ed0927d0263c9b2014f68298a769103dfbc9b,1379374456,1,1,1,0,1,1,1,1,31.05,137,5,4052,1208.89,740,FALSE,0,0,0,0,0
ab8be2d741543c15452aa088a6ec143a9ccc0026,1379374422,1,1,1,0,0,24,0,2,0,63,6,4051,1207.89,739,FALSE,0,0,0,0,0
3b53b11fcd53efd5c96a8ca249b537276722f8b9,1379374354,1,1,1,0,20,13,1,2,0.01,56,5,4050,1206.89,738,TRUE,0,0,0,0,0
9fb661559ba238bed45530864485776738751f80,1379373894,1,1,1,0,14,18,0,1,203.98,60,4,4049,1205.89,737,TRUE,0,0,0,0,0
04882cf72c36f8b44dc09dbc037f8652837934d3,1379370777,0,0,0,0,0,0,0,0,0,0,0,3,2.94,0,FALSE,0,0,0,0,0
5638a4fc624510ad0be27ca2c2a02fcf89c1d334,1378788319,0,0,0,0,0,0,0,0,0,0,0,2,1.99,0,FALSE,0,0,0,0,0
3b4ce91fa3c7bc95848493ce9ac8f6e0771eff00,1378657859,1,1,1,0,1,3,0,8,0.41,806,234,4048,1214.42,1849,FALSE,0,0,0,0,0
1c87e5e9a8c8bf287b97570c45450e8c553c31bf,1378657823,0,0,0,0,0,0,0,0,0,0,0,4047,1213.42,0,FALSE,0,0,0,0,0
a887e6a8813ade540ea3738db642e2d9a04fe3d6,1378622092,1,1,1,0,2,2,0,9,0.02,806,233,3,2.99,2,FALSE,0,0,0,0,0
69290cad6fc66154181650d4eedd10d487488ad5,1378620646,2,2,2,0.44391,24,2,1,8,17.48,462.5,118,2,1.99,1.5,FALSE,0,0,0,0,0
b66c7da05f8f7e1f58f69ddbcb2a6bb7b1fd4587,1378615425,0,0,0,0,0,0,0,0,0,0,0,1,1,0,FALSE,0,0,0,0,0
92ddf77453435b3fa01aebceb315bc9ab97da864,1378615386,0,0,0,0,0,0,0,0,0,0,0,0,0,0,FALSE,0,0,0,0,0
8e2f5389834e639ab937920a4cf0e6eb51223cea,1378592772,2,2,2,0.405639,4,4,0,8,0.79,421,116,4046,1213.29,1292,FALSE,0,0,0,1,1
2817d8caf2c1c021f16a7eb3f5444073e04e942b,1378592690,0,0,0,0,0,0,0,0,0,0,0,4045,1212.29,0,FALSE,0,0,0,0,0
b7f08fb1599b3ecf34afa9315ce0a34419bdbf56,1378581900,1,1,0,0,0,0,0,0,0,0,0,4044,1211.44,685,FALSE,0,0,0,0,0
0c2768f5bdc92e649a0fe3139b6f3b9d82ec5f1c,1378581864,1,1,0,0,0,0,0,0,0,0,0,4043,1210.44,684,FALSE,0,0,0,0,0
09bede1a92694328df761936d19a786e3e4bede4,1378530613,1,1,1,0,10,1,1,2,0.14,32,2,1,1,1,FALSE,0,0,0,0,0
7059d3b71e0d72e9d01d25c05e151f7ec457beef,1378518243,2,2,2,0.377073,16,1,1,8,225.24,409,115,0,0,0,FALSE,0,0,0,1,1
e5de08faa182fc48a371e1df57338f5e6e9aacd8,1378138201,2,2,2,0.786857,94,1,0,7,2.9,380.5,114.5,0,0,0,FALSE,0,0,0,0,0
e43ff076fdba4896f31a6afea8559b33d6b6dda3,1378137363,0,0,0,0,0,0,0,0,0,0,0,4042,1215.37,0,FALSE,0,0,0,0,0
3ea7381deabe68c1bd7586aa63042883576fb1f7,1378137323,0,0,0,0,0,0,0,0,0,0,0,4041,1214.37,0,FALSE,0,0,0,0,0
f1c46f51e5a99413addf4b6eaebf2714fe841669,1378134067,1,1,0,0,0,0,0,0,0,0,0,4040,1213.42,683,FALSE,0,0,0,0,0
297fb4e0b05adf7a6bd11dc2f21ac749a2d187b8,1378134048,1,1,0,0,0,0,0,0,0,0,0,4039,1212.42,682,FALSE,0,0,0,0,0
9e406dfee22f172c084c900e235e1ac7e9497a24,1377991009,1,1,1,0,1,0,0,3,140.29,313,45,0,0,0,FALSE,0,0,0,0,0
30b7aa8a17527937e446db44caa6a9d577ef88a3,1377709422,1,1,0,0,0,0,0,0,0,0,0,4038,1217.1,681,FALSE,0,0,0,0,0
c1d16e0016fec5180fefeeab5653d7e355be3c6d,1377707971,1,1,0,0,0,0,0,0,0,0,0,4037,1216.12,680,FALSE,0,0,0,0,0
929ffb8d777e745ee59a64193f11f1d5b1b4e682,1377707865,1,1,0,0,0,0,0,0,0,0,0,4036,1215.12,679,FALSE,0,0,0,0,0
197a2e3b54260c8003371f29291fca1f545b6c02,1377636549,1,1,0,0,0,0,0,0,0,0,0,4035,1215.07,678,FALSE,0,0,0,0,0
6cf6c8b9187d9c61d29cfc439373f2cd9d53d289,1377636498,2,2,3,0.204123,9,8,0,7,63.71,441,82,4034,1214.08,1291,FALSE,0,0,0,0,0
288176bbc9bd66f6844f13fdb72d2a1928545bc3,1377547488,2,3,3,0.30521,32,1,0,4,202.65,324,31.33,0,0,0,FALSE,0,0,0,0,0
058d7ec2eaf6b9cdbd5186278b2c1609faffeebe,1377342884,1,1,1,0,8,6,0,1,436.45,41,8,0,0,0,TRUE,0,0,0,0,0
752b5f705e1663b21ea42b8ed7b0aa0b136da2b7,1376726837,0,0,0,0,0,0,0,0,0,0,0,4033,1225.34,0,FALSE,0,0,0,0,0
e7fa579637a2a311541a70a64e7b4e3e6dea8751,1376726829,1,1,0,0,0,0,0,0,0,0,0,4032,1224.34,677,FALSE,0,0,0,0,0
97781d41126124811be453f79a1f6ab55fed1b14,1376695968,0,0,0,0,0,0,0,0,0,0,0,4031,1223.76,0,FALSE,0,0,0,0,0
3ddd8e66a74117b6184fea3faa6f166b7144487c,1376691435,2,2,2,0.461259,17,1,0,4,119.83,325,61.5,5,3.09,5,FALSE,0,0,0,0,0
8a1e865e37016f279d957f04117007c36ac195e3,1376579881,1,1,0,0,0,0,0,0,0,0,0,4030,1224.34,676,FALSE,0,0,0,0,0
e850cb3ea3a03318b2446c52fa2844831e9565cb,1376171451,1,1,0,0,0,0,0,0,0,0,0,4029,1228.92,675,FALSE,0,0,0,0,0
13d3efe8df63f0f1530f5e55d3404afc3e7cd76a,1376171355,1,1,0,0,0,0,0,0,0,0,0,4028,1227.92,674,FALSE,0,0,0,0,0
d6ecf785a2716e8d725157306303ffb44dc8e379,1376085825,0,0,0,0,0,0,0,0,0,0,0,4027,1228.09,0,FALSE,0,0,0,0,0
19cb39869f0917967ea8c5c8d96c6e2a08d61492,1375638410,1,1,1,0,1,1,1,9,0.84,758,224,1,1,1,TRUE,0,0,0,0,0
a38bdf67585764290a4a2d18110f365d2ab6f481,1375628528,1,1,1,0,3,3,1,1,403.62,124,10,1,0.78,0,FALSE,0,0,0,0,0
bdbdab7fcce56b67ea958165fe360948ed2c96b2,1375565595,2,2,2,0.15876,17,1,1,8,143.48,497,111.5,0,0,0,TRUE,0,0,0,0,1
5aa967012001807a3620202182d6a7c1f4298475,1375480000,0,0,0,0,0,0,0,0,0,0,0,4026,1235.44,0,FALSE,0,0,0,0,0
8ad8cb93cc8ed80a2fc944d774e21847be9e753b,1375479985,1,1,1,0,1,1,0,7,58.12,760,225,4025,1234.44,1846,FALSE,0,0,0,0,0
610e172fcf9306bd5812bb2bae8904c23e0e8043,1375479937,0,0,0,0,0,0,0,0,0,0,0,4024,1233.44,0,FALSE,0,0,0,0,0
6942070a21de9aeb8d2c11ec1c36498587569f70,1375479892,1,1,0,0,0,0,0,0,0,0,0,4023,1232.44,162,FALSE,0,0,0,0,0
e2832005112f09571e84cd2764d5276200f3b14e,1375380621,1,1,0,0,0,0,0,0,0,0,0,4022,1232.81,161,FALSE,0,0,0,0,0
c3bd65eda2fd6abe9775d32da4944e802111de1a,1373998922,2,2,2,0.980877,75,0,0,2,99.55,136.5,36.5,4021,1251.19,1289.5,TRUE,0,0,0,0,0
f47c0d9774e1be00ec3316f496a5c1d297cc3343,1373993195,2,2,2,0.57938,27,0,0,3,60.04,207,39.5,4,1.96,2,FALSE,0,0,0,0,0
7c2ed1d2d66bc004f55cba51c074f7ea6a985956,1373868812,1,1,0,0,0,0,0,0,0,0,0,0,0,0,FALSE,0,0,0,0,0
3de81e0147385820a13653fd810d1fa5c3f2a757,1373758322,1,1,1,0,1,1,1,4,32.33,535,162,0,0,0,FALSE,0,0,0,0,0
8fe1e2a5b45263bcc3c833917ab7bb21ba435215,1373319765,1,1,0,0,0,0,0,0,0,0,0,4020,1259.97,673,FALSE,0,0,0,0,0
909dbb81d5ba3c954011d3ced32aabeee7945707,1373319602,1,1,0,0,0,0,0,0,0,0,0,4019,1258.98,672,FALSE,0,0,0,0,0
26802a689cbd20c9b2c5b7760205a7f57a381e77,1372970376,0,0,0,0,0,0,0,0,0,0,0,4018,1263.06,0,FALSE,0,0,0,0,0
37239fb67fd4d306f817bfd7589164e096761766,1372948637,1,1,0,0,0,0,0,0,0,0,0,4017,1262.37,671,FALSE,0,0,0,0,0
018dc40b322df7754d68043c3041836e2dd56c5f,1372948617,1,1,0,0,0,0,0,0,0,0,0,4016,1261.37,670,FALSE,0,0,0,0,0
52440955e64b9e68f97c06b97ea698ccfae8f082,1372875954,1,1,0,0,0,0,0,0,0,0,0,4015,1261.43,669,FALSE,0,0,0,0,0
c2f3d6ce2bd04d612b769ab3bf1a376e9635eb11,1372875915,1,1,0,0,0,0,0,0,0,0,0,4014,1260.43,668,FALSE,0,0,0,0,0
be858f5d073f3ad10c1ea3f9276e695a34e7b33d,1372875871,1,1,0,0,0,0,0,0,0,0,0,4013,1259.43,667,FALSE,0,0,0,0,0
1f14734f91dda3721d9c2df969e9d3587d286d48,1372702455,0,0,0,0,0,0,0,0,0,0,0,4012,1260.95,0,FALSE,0,0,0,0,0
6d1d694dbbea28b84a0a9fc77c5b94e7124be4b9,1372436132,1,1,0,0,0,0,0,0,0,0,0,0,0,0,FALSE,0,0,0,0,0
ba5c48aa864202ae9962a4bb7d5b570efa9caa44,1372347533,2,2,2,0.57938,4,14,0,1,165.47,79.5,49,4011,1265.12,1288.5,FALSE,0,0,0,0,0
320d7807a95fcf16d733887bdbe14adac30eab75,1372347157,1,1,0,0,0,0,0,0,0,0,0,4010,1264.13,666,FALSE,0,0,0,0,0
6650a312b7125f6f3b6b1cc4f35855eec8408661,1372347140,1,1,0,0,0,0,0,0,0,0,0,4009,1263.13,665,FALSE,0,0,0,0,0
832c3b374417a093224a8bcf69a0b81b9ab396d4,1372266454,1,1,0,0,0,0,0,0,0,0,0,4008,1263.3,664,FALSE,0,0,0,0,0
76691bfd6b85ddb7610596a00d5a100ce927a7ef,1372266340,1,1,0,0,0,0,0,0,0,0,0,4007,1262.3,663,FALSE,0,0,0,0,0
29fe5ea78581e29e2e5d43d44f9f5240b9dcd5fa,1372265664,0,0,0,0,0,0,0,0,0,0,0,4006,1261.31,0,FALSE,0,0,0,0,0
7a31a1d3118da4ae4b2d546fec8b36f612b295df,1372022638,1,1,1,0,1,1,1,1,34.78,46,7,0,0,0,FALSE,0,0,0,0,0
52a820113faec0db9b4d86c9855aa434cafe384c,1371941360,1,1,0,0,0,0,0,0,0,0,0,0,0,0,FALSE,0,0,0,0,0
aec3428489e3e379e34efabf1ba39d656afe5032,1370979599,0,0,0,0,0,0,0,0,0,0,0,4005,1279.29,0,FALSE,0,0,0,0,0
a10f695b6f695745d20bd67dfed27378a4f03181,1370978657,1,1,0,0,0,0,0,0,0,0,0,4004,1278.3,662,FALSE,0,0,0,0,0
a3c9eacaf149502f0fad38c2dec9bd5fbe0a5cd2,1370965027,1,1,3,0.484196,2,4,0,4,73.64,220.33,82,0,0,0,FALSE,0,0,0,0,0
19d685b1525d5372b9fe00f26dcb32465c713ef7,1370551638,1,1,1,0,3,3,0,4,1.07,526,119,4003,1283.73,1843,FALSE,0,0,0,0,0
8ab44081d4a6812e6dc790bbc2f9305f9d88eff4,1370459145,2,2,2,0.368404,34,5,0,4,13.56,290,59.5,4002,1284.13,1287,TRUE,0,0,0,0,0
0431d22822c709e6556ebc2454639f5bf3835ffc,1370458787,1,1,1,0,53,0,0,0,0,0,0,4001,1283.14,731,FALSE,0,0,0,0,0
138d74aefa75b0287aab8a905406553ecd3073c5,1370458319,2,2,3,0.204123,8,9,0,7,95.89,421,81,4000,1282.14,1285.5,FALSE,0,0,0,0,0
28562b2cf87cc5381b6863e181b0bcb27133c962,1370296369,0,0,0,0,0,0,0,0,0,0,0,3999,1283.59,0,FALSE,0,0,0,0,0
e0afda444f776ddec94ebdae8e1ed7501e26fb22,1370218539,1,1,0,0,0,0,0,0,0,0,0,3998,1283.76,661,FALSE,0,0,0,0,0
5a4cac58af950fcab15171326dfb1a614aed783c,1370218514,1,1,0,0,0,0,0,0,0,0,0,3997,1282.76,660,FALSE,0,0,0,0,0
545dca6c4de04602db81331064a5257415a72d20,1370214290,0,0,0,0,0,0,0,0,0,0,0,3996,1281.83,0,FALSE,0,0,0,0,0
e59a88238975e7873f984d42d02a89a05a3c96a2,1370213905,0,0,0,0,0,0,0,0,0,0,0,3995,1280.83,0,FALSE,0,0,0,0,0
ccd9828535e15f87ed8b75ca7e9de959cfe48102,1370213445,0,0,0,0,0,0,0,0,0,0,0,3994,1279.84,0,FALSE,0,0,0,0,0
41f0d32355f39b0a0fadf5e90084272a1ead397c,1370213256,0,0,0,0,0,0,0,0,0,0,0,3993,1278.84,0,FALSE,0,0,0,0,0
2f19b4fefc29ba35e3f9fa1d36e913dbc9d5a5ae,1369622152,1,1,1,0,1,0,0,7,13.26,757,222,0,0,0,TRUE,0,0,0,0,1
cd31cecfd190a860d7b5e6b781eac2b333678b2a,1369605094,1,4,0,0,0,0,0,0,0,0,0,0,0,0,FALSE,0,0,0,0,0
2fe46b39059a55b7edc4175def83c7d9dfc083f1,1369195284,2,2,1,0,1,1,0,1,12.49,92,91,3992,1293.27,1249.5,FALSE,0,0,0,0,0
24974f1f8f4e923d2742940c70d0fddc8fc33bac,1369194968,1,1,0,0,0,0,0,0,0,0,0,3991,1292.28,658,FALSE,0,0,0,0,0
fd73bd006e744f088d0b03b33793ff510d063f85,1369018024,1,1,1,0,4,4,0,1,18.14,46,6,0,0,0,TRUE,0,0,0,0,0
7388c2c223d9f2b4a18ec7ce903f8dd0cacd22d7,1368812241,1,1,0,0,0,0,0,0,0,0,0,0,0,0,FALSE,0,0,0,0,0
e2210b0b92a8448eabac3db0e7b709f389afdb56,1368631667,0,0,0,0,0,0,0,0,0,0,0,3990,1299.97,0,FALSE,0,0,0,0,0
30919be2a01e3e04037ba6a9f92161a31367b685,1368580689,1,1,1,0,1,0,0,1,74.73,76,85,0,0,0,FALSE,0,0,0,0,0
10b21b41f72cb38567b3a06759fb056feb1ac8fc,1368476603,1,1,1,0,0,4,1,7,0,761,221,3989,1301.39,1839,FALSE,0,0,0,0,1
28b8a3b5f72829fecdaea5f0d585654470337a9a,1368476551,1,1,1,0,4,0,1,7,2.94,757,220,3988,1300.39,1838,TRUE,0,0,0,0,1
8b2f1bba952d3b789c2a0530c7fb2bd5fed612f6,1368395032,1,1,0,0,0,0,1,0,0,0,0,0,0,0,FALSE,0,0,0,0,0
c805d80a9bff33891c0a307242dd2e02c01a7255,1368311799,0,0,0,0,0,0,0,0,0,0,0,3987,1301.95,0,FALSE,0,0,0,0,0
d876778d22cbda402cf2e3c4effaf1131fb28fd6,1368311730,0,0,0,0,0,0,0,0,0,0,0,3986,1300.95,0,FALSE,0,0,0,0,0
412e57160019647903680996e8d5c4090228326f,1368311182,0,0,0,0,0,0,0,0,0,0,0,3985,1299.96,0,FALSE,0,0,0,0,0
3296ed9cb3629fe29cce8ca9f6feef9631c194d5,1368222239,2,2,2,0.310917,29,11,0,7,79.65,530,116,3984,1300.34,1283,TRUE,0,0,0,0,0
91835e6816287c40238674a3d4cc6e862ddd186e,1368198337,1,1,1,0,2,3,0,1,300.96,93,6,0,0,0,FALSE,0,0,0,0,0
f9766252817352bddf4579047e88629db16887b4,1368116268,2,2,1,0,1,1,0,1,2.06,92,90,3983,1300.99,1246.5,FALSE,0,0,0,0,0
028d9d8a0c99996d8f998b53dae9d4c570b2be1c,1368115974,0,0,0,0,0,0,0,0,0,0,0,3982,1300,0,FALSE,0,0,0,0,0
8559c0e2a40323907a5452c7b701c9c763302079,1368115852,2,2,2,0.169252,16,1,1,4,54.66,307,59,3981,1299,1281.5,TRUE,0,0,0,0,0
06ead58240eda894778497909c6f5def9cf9f633,1368115571,2,2,2,0.097504,14,0,1,4,13.42,273.5,58.5,3980,1298,1280.5,FALSE,0,0,0,0,0
28ca1b52214bbb922411728d05e6ac01963a9008,1368115432,1,1,1,0,21,0,0,0,0,0,0,3979,1297,726,FALSE,0,0,0,0,0
6d872e6693907a940d5be13baad9e1950371d30f,1367938734,1,1,0,0,0,0,0,0,0,0,0,3978,1298.74,656,FALSE,0,0,0,0,0
0b09c8981f187f35ca73d4bfe16760faf7da29bf,1367938506,2,2,1,0,1,1,0,1,3.79,92,89,3977,1297.74,1244,FALSE,0,0,0,0,0
a1d5676ecbb60d289df20d45d2bf99f512c60de9,1367938488,1,1,0,0,0,0,0,0,0,0,0,3976,1296.74,654,FALSE,0,0,0,0,0
f862ad29f55b925ec94c4013ca1f6973e07bf214,1367610892,2,2,1,0,1,1,0,1,18.01,92,88,3975,1300.81,1242.5,FALSE,0,0,0,0,0
15496da8fd8db5e679ee14cd76f18943b5dffb5f,1367610868,1,1,1,0,0,25,0,1,489.87,25,1,3974,1299.81,652,FALSE,0,0,0,0,0
802fb1632cca9e6fd9969201ac27a892cc8b28e9,1367610830,1,1,0,0,0,0,0,0,0,0,0,3973,1298.81,651,FALSE,0,0,0,0,0
69453ff88936e9cebb40052ff86390725d83899b,1367450849,1,1,1,0,1,2,0,1,108.16,47,5,0,0,0,FALSE,0,0,0,0,0
28752cc3c02cb19bd99056fb4c4d835459a3ac2e,1367436314,1,1,0,0,0,0,0,0,0,0,0,0,0,0,FALSE,0,0,0,0,0
9f06d9b03fa27fb159a6a7656ad711df9d02d195,1367288228,1,1,0,0,0,0,0,0,0,0,0,3972,1302.81,650,FALSE,0,0,0,0,0
3fb7c4e1db7b3aabc1cc77e8c18805b60055d5d4,1367288193,1,1,0,0,0,0,0,0,0,0,0,3971,1301.81,649,FALSE,0,0,0,0,0
5fa685b602c103ba3d3ba52bc3ece27dbf51391d,1367244749,1,1,1,0,1,1,0,2,15.87,47,2,1,1,1,FALSE,0,0,0,0,0
eb1bbb92c05711c7669ea3437b9dde805f699f3f,1367243992,2,2,1,0,1,1,0,2,15.88,45,10,0,0,0,FALSE,0,0,0,0,0
d0e49f1a8afc42467573dae24b1614154016aae4,1367007153,1,1,0,0,0,0,0,0,0,0,0,3970,1305.2,648,FALSE,0,0,0,0,0
ea2664a4b8e25834b40c7add11499bcccdb7813a,1366932590,0,0,0,0,0,0,0,0,0,0,0,3969,1305.36,0,FALSE,0,0,0,0,0
da6524bd06fd195289895dfc5a388a3169a327eb,1366932579,0,0,0,0,0,0,0,0,0,0,0,3968,1304.36,0,FALSE,0,0,0,0,0
a231406931464b6ee02f5fc038e2e93fb5489ccc,1366932404,0,0,0,0,0,0,0,0,0,0,0,3967,1303.36,0,FALSE,0,0,0,0,0
6d39ed8ef7827fccc373155fd91b1c43b020e389,1366737815,1,1,1,0,1,0,0,7,12.08,756,218,0,0,0,FALSE,0,0,0,0,1
f2563f4dde3c244aef3d6ab62a71c17c98f23d4e,1366593499,0,0,0,0,0,0,0,0,0,0,0,3966,1307.66,0,FALSE,0,0,0,0,0
3df265b36a2e81b1a4ff2db1130e87a8a9314fa4,1366548102,1,1,0,0,0,0,0,0,0,0,0,0,0,0,FALSE,0,0,0,0,0
e382e6adc7d397d0a8b60702fede89929c31e531,1366120196,1,1,0,0,0,0,0,0,0,0,0,3965,1314.13,647,FALSE,0,0,0,0,0
91c71d6c2ec2e39bf9f11be79494f76c83bec4c5,1366064308,2,2,2,0.093145,30,43,0,5,82.15,567.5,97.5,3964,1314.02,1278,FALSE,0,0,0,0,0
0d40c65b7fdb8287788732a899cdc26dda8d97dd,1366054481,2,2,1,0,1,1,0,1,3.01,92,87,3963,1313.18,1238,FALSE,0,0,0,0,0
58f2057ba7771b999816b739c7f20598abde8393,1366054392,1,1,0,0,0,0,0,0,0,0,0,3962,1312.18,645,FALSE,0,0,0,0,0
37179109dbb9e5ad9fadd755609ffa58862d8e33,1366054182,1,1,1,0,4,4,1,1,3.01,174,18,3961,1311.18,724,FALSE,0,0,0,0,0
579857cfaadb72302175d2db12ae50cec695c990,1365873263,1,1,1,0,1,1,1,1,0.01,47,1,3960,1313.04,480,FALSE,0,0,0,0,0
0b4e2df4805d262785352fa3acf4ce8c791c5023,1365872030,3,4,5,0.328675,131,8,0,3,157.82,146.2,34.8,0,0,0,TRUE,0,0,0,0,0
49cc1a70b12ee8baf993178f291d9146b5e84ad5,1365870911,0,0,0,0,0,0,0,0,0,0,0,3959,1312.08,0,FALSE,0,0,0,0,0
f8a33d137a6ae84fb0694fe38689402235208ad9,1365869775,1,1,1,0,7,1,0,3,0.24,307,44,3958,1311.1,1829,FALSE,0,0,0,0,0
2db135dfc7c6057842e242b303106873b9398780,1365869681,0,0,0,0,0,0,0,0,0,0,0,3957,1310.1,0,FALSE,0,0,0,0,0
99bc628ad1d41f46fa301f9cd1723f8895bd8f09,1365869268,1,1,1,0,19,36,1,2,0.23,238,16,3956,1309.1,723,FALSE,0,0,0,0,0
5ba6c301d73b84c13cae594841d969deebd40b54,1365869169,0,0,0,0,0,0,0,0,0,0,0,3955,1308.1,0,FALSE,0,0,0,0,0
88273a59f88d832cd71f9b66af11023344ccca2c,1365849395,2,2,2,0.347994,39,11,0,3,1.79,258.5,23.5,0,0,0,TRUE,0,0,0,1,0
2e53cb72ec523e4d5d4874628ddae5f279551ec9,1365796610,1,1,1,0,12,0,0,4,0,514,115,3954,1308.24,1828,FALSE,0,0,0,0,0
3b1597d79e3321f5004e3388e320499b445e4d3d,1365796553,2,2,2,0.57938,54,0,0,4,0.59,248,57,3953,1307.24,1274.5,FALSE,0,0,0,0,0
776ee26bc3644c39f1db7de779e1744f8a24068f,1365794042,2,2,1,0,1,1,0,1,11.03,92,86,3952,1306.28,1235,FALSE,0,0,0,0,0
ed273448b9155fdff538758d21d02972ba3c54fd,1365793992,1,1,1,0,4,4,1,1,99.68,174,17,3951,1305.28,721,TRUE,0,0,0,0,0
4bb91b3f676755ab56bc7a77e83e77c14fb1e0a0,1365793848,1,1,0,0,0,0,0,0,0,0,0,3950,1304.29,643,FALSE,0,0,0,0,0
c5f866098e83f471f0eb7f20ff438caaff97a929,1365793663,1,1,0,0,0,0,0,0,0,0,0,3949,1303.29,642,FALSE,0,0,0,0,0
6cfd01be6bfbebf50a6294d3b70edfea409b6f9a,1365694925,0,0,0,0,0,0,0,0,0,0,0,3948,1303.82,0,FALSE,0,0,0,0,0
53b8e25731554ec9c4c17172638cb8ad905335d9,1365694612,1,1,1,0,2,0,0,3,0,300,41,3947,1302.83,1825,FALSE,0,0,0,0,0
9e684d45bce6ef10992ebd4855e6777e197be56e,1365694420,2,2,4,0.268232,72,42,0,9,57.57,434.25,86,0,0,0,TRUE,0,0,0,0,0
09d9201787c4f8aa2d9a90284279e170ecec8565,1365547651,0,0,0,0,0,0,0,0,0,0,0,3946,1304.11,0,FALSE,0,0,0,0,0
a732d6d4716895803212c164e74656b04782f4cc,1365531530,1,1,0,0,0,0,0,0,0,0,0,0,0,0,FALSE,0,0,0,0,0
ee9d50c1283c74f6b2aabeeb76a294362e75a37b,1365143187,1,1,1,0,5,3,0,1,281.39,46,2,0,0,0,FALSE,0,0,0,0,0
d1bafa06855d89d9edcaf7ba928a02997e20fc2a,1365027118,1,1,1,0,1,1,0,3,2.17,496,112,3945,1311.24,1824,FALSE,0,0,0,0,0
2604be5491951aa5dbc5a63328f6ae629e798f16,1365002783,0,0,0,0,0,0,0,0,0,0,0,3944,1310.62,0,FALSE,0,0,0,0,0
c52d9cdfbe7f8dbcea5244ae66e188101d3a9470,1365002051,1,1,0,0,0,0,0,0,0,0,0,3943,1309.63,641,FALSE,0,0,0,0,0
aab6b7e7218a703d24dbf7dbaa40a8b1a7e9ab33,1364938926,0,0,0,0,0,0,0,0,0,0,0,3942,1309.62,0,FALSE,0,0,0,0,0
d13cea46d5269b3cb37cb2a0684ea08745dfe0a1,1364912190,1,1,0,0,0,0,1,0,0,0,0,0,0,0,FALSE,0,0,0,0,0
82731dae6e316b791e7ad31df4625047864cd4a7,1364851760,0,0,0,0,0,0,0,0,0,0,0,3941,1309.99,0,FALSE,0,0,0,0,0
476fba3e8bded7550205d62b0b7db66823bd2151,1364840758,2,2,1,0,1,1,0,1,65.58,92,85,3940,1309.16,1231.5,FALSE,0,0,0,0,0
a566624f2df70a4e2b06f33a8ebde404994e7b86,1364840536,1,1,1,0,34,52,0,1,35.8,262,28,3939,1308.16,720,TRUE,0,0,2,0,0
c6d7352f5c488e5882f0de9bd38eccb1de8db9ab,1364840342,0,0,0,0,0,0,0,0,0,0,0,3938,1307.17,0,FALSE,0,0,0,0,0
771573be30dcc1022c31e798089f19555a2e2666,1364840330,0,0,0,0,0,0,0,0,0,0,0,3937,1306.17,0,FALSE,0,0,0,0,0
b7afa4f0f411d74155465079b2a4373331deedd6,1364840047,0,0,0,0,0,0,0,0,0,0,0,3936,1305.17,0,FALSE,0,0,0,0,0
4a1fa58704e3d047a53464dcb6017067077384b7,1364839763,2,2,2,0.343098,3,20,0,3,150.7,256.5,55.5,3935,1304.17,1270.5,TRUE,0,0,0,0,0
6654b7162c8d33b4a07151711f877f70f61207a9,1364839625,0,0,0,0,0,0,0,0,0,0,0,3934,1303.18,0,FALSE,0,0,0,0,0
f26a3cc806f9acabf97080840227634a53753197,1364839599,0,0,0,0,0,0,0,0,0,0,0,3933,1302.18,0,FALSE,0,0,0,0,0
57e48c4767b345a6c098a0cfc32ee745ce1ec972,1364839412,2,2,2,1,2,2,1,2,152.28,189.5,21.5,0,0,0,FALSE,0,0,0,0,2
66d9a4ad43471c9dcb2ef984d2dfacca47de5bcd,1364839376,0,0,0,0,0,0,0,0,0,0,0,3932,1301.18,0,FALSE,0,0,0,0,0
78d9c981871e3d6c5b5dd97e703094feac2977e5,1364839349,1,1,0,0,0,0,0,0,0,0,0,3931,1300.18,639,FALSE,0,0,0,0,0
b686ec1182cc74e1ea1555d621df3c5e023a763d,1364689714,1,1,1,0,3,1,0,3,65.85,493,110,0,0,0,FALSE,0,0,0,0,0
158f452b507cd0062ec6e63f8100035de5c7914f,1363214598,0,0,0,0,0,0,0,0,0,0,0,3930,1324.68,0,FALSE,0,0,0,0,0
916acd1dd3c8bff0af0433332f899e0e6d07ea46,1363134384,1,1,0,0,0,0,0,0,0,0,0,3929,1324.96,638,FALSE,0,0,0,0,0
b4f612474b5336cc4037e4e676bb611cf533ee02,1363134276,0,0,0,0,0,0,0,0,0,0,0,3928,1323.97,0,FALSE,0,0,0,0,0
9a884aa9eeb4d14a94aa3e1748fc908511267fb9,1363093351,1,1,0,0,0,0,0,0,0,0,0,0,0,0,FALSE,0,0,0,0,0
db5636199ee2a04fb9bc7e8eda0fb6256599bc04,1363017564,0,0,0,0,0,0,0,0,0,0,0,3927,1324.83,0,FALSE,0,0,0,0,0
8211562cf61d05c7ea018f195d6fc198958c4a01,1362654742,1,1,0,0,0,0,0,0,0,0,0,0,0,0,FALSE,0,0,0,0,0
9df93d6deca235774bc82dfbae4d85d1b55e4069,1362609105,0,0,0,0,0,0,0,0,0,0,0,3926,1330.41,0,FALSE,0,0,0,0,0
1e251af8d3fc2b920bf97aa11942374963f1eb12,1362607970,1,1,2,0.310917,1,4,0,4,88.23,407.5,91,0,0,0,FALSE,0,0,0,0,0
eed0f598a03fbace7806ca3a44f54e8526b15a1e,1362124050,2,2,4,0.827729,10,10,0,2,239.26,132.75,29.5,0,0,0,FALSE,0,0,0,0,0
ec4d4a792a8fef773d1e3c9ae514400fffd34446,1362082587,0,0,0,0,0,0,0,0,0,0,0,3925,1337.99,0,FALSE,0,0,0,0,0
84e745f67ce57be113f47c6e6e71889bea948baf,1361899146,1,1,0,0,0,0,1,0,0,0,0,0,0,0,FALSE,0,0,0,0,0
97edb23dbafdfae03084a92bc5c19070f7f17d18,1361750057,1,1,1,0,10,2,0,2,0,52,3,7,7,4,FALSE,0,0,0,0,0
856782c81c2b0dc3ca733303c8d57f179a695ff7,1361749663,1,1,1,0,2,2,0,2,0,52,2,6,6,3,TRUE,0,0,0,0,0
a7266392f9b6d14192cfeee17b0db6741db50412,1361749399,1,1,1,0,2,2,1,1,194.86,52,1,5,5,2,FALSE,0,0,0,0,0
04b0c44bdfc6d305f299992f12537f8e9dea11cc,1361747111,1,1,1,0,0,14,0,7,0.18,770,216,4,4,2,FALSE,0,0,0,0,0
99c9eecde557c2bc6f8718fc902e1cabd4f9ba68,1361747009,1,1,1,0,23,23,0,2,0,262,27,3,3,1,TRUE,0,0,2,0,0
4d65bbf6127fd29950015d347eab4d8a45655c26,1361746910,1,1,1,0,92,2,0,1,42.33,172,26,2,2,0,TRUE,0,0,1,0,0
956aa0cfffe89a2a07b3001fbb207388fe8a1433,1361731251,1,1,1,0,19,9,0,7,0.02,760,215,1,1,1,TRUE,0,0,0,0,0
d874476f0b320b5198c8e25dfe9b66db2dcb5c41,1361729449,1,1,1,0,7,1,0,6,31.57,754,214,0,0,0,FALSE,0,0,0,0,0
30f980553910b9cf9d6f0046cacdf4600184e8c7,1361550939,0,0,0,0,0,0,0,0,0,0,0,3924,1345.76,0,FALSE,0,0,0,0,0
46536dee398b63addbcaf79e3030fbf7427c7c45,1361533962,1,1,1,0,1,1,1,3,13.8,534,156,0,0,0,FALSE,0,0,0,0,0
24087d94dfcfd708b65bb317d2ee9ad3b3b61b16,1361380722,1,1,0,0,0,0,0,0,0,0,0,3923,1347.59,637,FALSE,0,0,0,0,0
d02df2ebd5a4849f8b8341dca7d569f241bd2448,1361317823,1,1,0,0,0,0,0,0,0,0,0,3922,1347.64,636,FALSE,0,0,0,0,0
16ba1f62a3323cae6665f0bde3e490d67181e116,1360781795,0,0,0,0,0,0,0,0,0,0,0,3921,1355.62,0,FALSE,0,0,0,0,0
684dd1a3c6735a35315db2afd5714450fac6817c,1360781782,1,1,0,0,0,0,0,0,0,0,0,3920,1354.62,635,FALSE,0,0,0,0,0
8bcdcfeeddc69592b7a1d59df2d18dd34875ec9c,1360781755,1,1,0,0,0,0,0,0,0,0,0,3919,1353.62,634,FALSE,0,0,0,0,0
3bc372aa337c8ee19668b5b3a29eb9568b077683,1360781675,0,0,0,0,0,0,0,0,0,0,0,3918,1352.63,0,FALSE,0,0,0,0,0
fc1c0240417a2c628c459cf6287893391070bc8a,1360765711,1,1,0,0,0,0,0,0,0,0,0,0,0,0,FALSE,0,0,0,0,0
89427228d1104deb9ac167cbfc86a3c0a12cf736,1360341767,1,1,1,0,1,1,0,3,15.52,534,155,3917,1359.05,1821,FALSE,0,0,0,0,0
420225f37025f75893aaf260c87a9166f5b483e2,1360321087,1,1,1,0,2,5,0,3,15.28,534,155,0,0,0,FALSE,0,0,0,0,0
44a3fa63598925badd595955f6cb4a41ac7c7ea6,1360252436,1,1,0,0,0,0,0,0,0,0,0,0,0,0,FALSE,0,0,0,0,0
d853c833f0d693ef0c0352ac3a02016701b6fe07,1359174538,2,2,1,0,1,1,0,1,37.28,92,84,3916,1378.18,1226.5,FALSE,0,0,0,0,0
03a796c4604a031cf729d3cac7bf38ee99f3e74b,1359045204,0,0,0,0,0,0,0,0,0,0,0,3915,1379.45,0,FALSE,0,0,0,0,0
75e47f2883dc00b86b0e2f3f6c7cac009055c7a6,1359006955,1,1,1,0,15,0,0,1,294.43,65,5,1,0.97,0,FALSE,0,0,0,0,0
a4b2e48dfea095f722a17b6b6d89e0a2ccee3fad,1359001885,1,1,1,0,7,4,0,6,1.09,751,213,3914,1379.21,1819,TRUE,0,0,0,0,0
57cda1578da747f440be6a9c4fba5d5068e07193,1359001757,0,0,0,0,0,0,0,0,0,0,0,3913,1378.21,0,FALSE,0,0,0,0,0
6b1d7a94ffe259a0ec02ee7db66fffe35391a69f,1359001303,0,0,0,0,0,0,0,0,0,0,0,3912,1377.22,0,FALSE,0,0,0,0,0
49abd7bec1cd02ae686ceb7c60c70a23f5ec5399,1359001296,0,0,0,0,0,0,0,0,0,0,0,3911,1376.22,0,FALSE,0,0,0,0,0
0ebebd80feecf66f23e78dbe51f277d45fc4f640,1359001062,0,0,0,0,0,0,0,0,0,0,0,3910,1375.22,0,FALSE,0,0,0,0,0
d157d47c6e0ce825fc1f8834c5426a61cffa5285,1359000994,1,1,0,0,0,0,0,0,0,0,0,3909,1374.22,632,FALSE,0,0,0,0,0
e3ac2c5b02a83f7fb3d70a2335ff6efd62919e99,1359000674,1,1,1,0,4,1,0,3,0,490,109,3908,1373.23,1818,TRUE,0,0,0,0,0
cd54faa4afdea27cc1cfc8c2a0555714480921f7,1359000629,1,1,2,0.0570388,11,12,0,5,4.53,512.5,127.5,3907,1372.23,1817,FALSE,0,0,0,0,0
5beb1c4e30e47d80dbd4cd1d0211af1b4c274907,1359000565,0,0,0,0,0,0,0,0,0,0,0,3906,1371.23,0,FALSE,0,0,0,0,0
4031aaa591a1206bfb1232ff83cc60741f2a9c8d,1358907750,2,2,2,0.35218,24,3,1,6,109.69,387,106,4,3.75,4,FALSE,0,0,0,0,0
ba00e236302e9f74d0d35c1dd8522580076cab9b,1358670297,2,2,2,0.412983,61,6,0,3,110.73,262,54,3,2.78,3,TRUE,0,0,0,0,0
8beb1f21efa995800112b1ca8eedc24727b07e08,1358548730,1,1,2,1,2,2,0,3,12.02,283,79,3905,1378.09,1816,FALSE,0,0,0,0,0
fa8eec449bf406cebd7a92d376a098a39a804879,1358548612,1,1,1,0,1,1,0,1,127.24,33,10,3904,1377.09,1815,FALSE,0,0,0,0,0
ab75fa048e861666ee2bb000107662cf9c54c8cc,1358105573,3,3,3,0.626185,34,37,0,7,119.07,348,74.33,3903,1383.87,1003.67,FALSE,0,0,0,0,0
bb29da5980df289ceccb3b18cff16368c7f54452,1358105573,3,3,3,0.619232,35,38,0,6,122.57,338,74,3902,1382.87,1002.67,TRUE,0,0,0,0,0
a4d7b75129330928b7144afa5da9a7fbcc2bd907,1358089631,2,2,3,0.682356,230,187,0,6,21.33,350.67,72.33,0,0,0,TRUE,0,0,0,0,2
0fdceb3de379923ea8087b1f1cc9e6382e6ef41d,1357872084,1,1,1,0,1,1,0,1,251.51,76,83,0,0,0,FALSE,0,0,0,0,0
480d0064e12159962b00cb3b7328931135e1ab23,1357764449,0,0,0,0,0,0,0,0,0,0,0,3901,1387.91,0,FALSE,0,0,0,0,0
17bf04d1efeab0f220ad59fc0467bb3816f8c4b5,1357450537,2,2,2,0.210758,33,2,0,3,78.45,275,53,2,1.88,2,FALSE,0,0,0,0,0
3ab30210a26368812c2f08af7f737f3c9b740985,1357354324,1,1,0,0,0,0,0,0,0,0,0,3900,1394.24,631,FALSE,0,0,0,0,0
14fcfdee7e04ae0a35643a1408be6b2ac060b769,1357353441,1,1,0,0,0,0,0,0,0,0,0,3899,1393.26,630,FALSE,0,0,0,0,0
d4e56c1fa234a34b7f2ef8d1667b100237437579,1357244757,0,0,0,0,0,0,0,0,0,0,0,3898,1394.21,0,FALSE,0,0,0,0,0
39ee6f8e79a294823c6ff3a33b10557c59486cd4,1357182035,2,2,2,0.47756,25,3,0,6,27.91,437,108,1,0.89,1,TRUE,0,0,0,0,0
8d21f1e45c5149600b7eb00734a7eee6e90677a8,1356796353,1,1,1,0,6,4,0,2,3.76,271,72,3897,1401.3,1812,FALSE,0,0,0,0,0
618484a4fe35763d32e70613fea9cc01e6d564fe,1356715820,0,0,0,0,0,0,0,0,0,0,0,3896,1401.77,0,FALSE,0,0,0,0,0
64a234958a9704bb68793fbed30b2d2a00a4285a,1356715475,2,2,2,0.310917,19,1,1,5,40.94,469,103.5,6,1.65,3,FALSE,0,0,0,0,0
e4907ce8e8c4fb53be9cccd086e326cf5faf14bb,1356471588,1,2,2,1,15,3,0,4,14.94,396,104,3,1.8,3,FALSE,0,0,0,0,0
33eaa8329cbcec28acc0a806e52561a524ef91d9,1355953576,2,2,1,0,2,2,0,1,36.19,92,83,3895,1414.77,1220,FALSE,0,0,0,0,0
3c4fd57e5162a303ab91f24aa55058a233f377b6,1355952856,0,0,0,0,0,0,0,0,0,0,0,3894,1413.78,0,FALSE,0,0,0,0,0
a1e42ac33fc5ab7c29aeed79879322ffb0468ed7,1355943197,2,2,2,0.127043,7,4,0,5,12.82,509,109.5,0,0,0,FALSE,0,0,0,0,0
ce7d7bfd8dc985df02c12ee819ff5dbd423a7458,1355526371,2,2,2,0.461259,33,3,0,1,104.73,167.5,37,0,0,0,FALSE,0,0,0,0,1
9bd86cdddc5f78f37f0c33ba7f094977e7aaf0cb,1354835749,2,2,3,0.148689,10,72,0,5,0.94,536.67,115.33,3893,1433.83,1263,FALSE,0,0,0,0,0
0117464ac24e423b622b155db4e132bee69d6c78,1354756259,1,1,0,0,0,0,0,0,0,0,0,3892,1434.35,628,FALSE,0,0,0,0,0
6f6eec7d8d929112a37de61c6b78a50bd9f46a73,1354754932,2,2,3,0.148689,72,10,0,4,37.58,516,115,1,0.96,1,FALSE,0,0,0,0,0
a4e93c0fb82e987e9611303ba6ff5acd09302136,1354754144,1,1,0,0,0,0,0,0,0,0,0,3891,1433.39,627,FALSE,0,0,0,0,0
e2ad0d3d6e7cd3d47a81030e01f47d324af4e2bd,1353516396,0,0,0,0,0,0,0,0,0,0,0,3890,1456.52,0,FALSE,0,0,0,0,0
763be5e6310c086a87ac4aecf8f8880864b32e8a,1353516342,0,0,0,0,0,0,0,0,0,0,0,3889,1455.52,0,FALSE,0,0,0,0,0
c8526932f3658cfde30079298ebb132eca353b10,1353516193,0,0,0,0,0,0,0,0,0,0,0,3888,1454.53,0,FALSE,0,0,0,0,0
5cf29a3d2906e8f2218ab1febbef392bb4925b14,1353516153,0,0,0,0,0,0,0,0,0,0,0,3887,1453.53,0,FALSE,0,0,0,0,0
18a3cc03eec3a722ac0720b6d0165c52558290ae,1353498247,3,3,2,0.368404,22,4,0,2,162.27,234.5,21,0,0,0,FALSE,0,0,0,0,0
ea5e254c7d620c41e515f30991dedc1d56097dc5,1353468176,2,2,2,0.149468,18,1,0,4,20.54,514.5,105,0,0,0,TRUE,0,0,0,0,0
060653bd4cf83cbcfc2241b6a3bb8a82f0589330,1353450330,0,0,0,0,0,0,0,0,0,0,0,3886,1453.83,0,FALSE,0,0,0,0,0
54a192a5c5e72a29a876f706c80afcdb5f63d277,1353276920,2,2,3,0.0849673,63,1,0,8,-200.81,537.67,125,0,0,0,FALSE,0,0,0,0,0
b709009bc911888935fba15efc3a5002df7b4027,1352826853,2,2,1,0,1,1,0,1,5,92,82,3885,1465.27,1217.5,FALSE,0,0,0,0,0
b80d7ec2571234335df1fe0106fc0a803d0ab28c,1352826767,1,1,0,0,0,0,0,0,0,0,0,3884,1464.27,625,FALSE,0,0,0,0,0
ff0384e610b6fa30f97ddaa6f30c19d14cad459d,1352826752,1,1,0,0,0,0,0,0,0,0,0,3883,1463.27,624,FALSE,0,0,0,0,0
ab9c275bde7deff97b84aeb3ce16e0504ac64f8d,1352826517,2,2,2,0.0789627,17,0,1,4,48.49,427,105,3882,1462.28,1261.5,FALSE,0,0,0,0,0
c70db96b0640aa9d7a01c1041eb8def9bd1d5437,1352411540,1,1,1,0,1,1,0,1,4.02,46,3,3881,1469.64,477,FALSE,0,0,0,0,0
1c616e29e22ca1a41d6079214f1f7aaa1b86fa17,1352395229,0,0,0,0,0,0,0,0,0,0,0,3880,1468.98,0,FALSE,0,0,0,0,0
cb7518435fba95b9f01b8966584b76ab251d2c82,1352395220,0,0,0,0,0,0,0,0,0,0,0,3879,1467.98,0,FALSE,0,0,0,0,0
79f81c0a253427de408d6ff9814f42af014d1317,1352395208,0,0,0,0,0,0,0,0,0,0,0,3878,1466.98,0,FALSE,0,0,0,0,0
72b9e483312661e1f8f8185aad47511da69f44a6,1352394959,2,2,1,0,1,1,0,1,0,92,81,3877,1465.98,1215,FALSE,0,0,0,0,0
eba6aa1767c4624a9bfddfd9a92c9d58367ae520,1352394924,1,1,1,0,1,1,1,1,15.78,92,80,3876,1464.98,1806,FALSE,0,0,0,0,0
534fbdb3071e3faf184762d59bb1c21dd0041dbe,1352380028,2,2,1,0,2,4,0,2,3.69,532,149,0,0,0,TRUE,0,0,0,0,0
6b309a4457a6992c97f6ea71cccab9042cc47df2,1352360618,1,1,1,0,0,1,0,4,6.3,717,201,0,0,0,FALSE,0,0,0,0,0
af5e38c31adf6fc2734a02ccd9f0a535e7cbe3d0,1352135434,1,1,0,0,0,0,0,0,0,0,0,3875,1469.22,622,FALSE,0,0,0,0,0
4283f38698688a2d879d14d8ce3d38c7f3ab0ca8,1352064115,1,1,1,0,1,0,0,1,95.04,45,2,3874,1469.67,476,FALSE,0,0,0,0,0
2d49c0d1f38e2291be30a132e3c7f05ea0f21d84,1352060933,0,0,0,0,0,0,0,0,0,0,0,3873,1468.73,0,FALSE,0,0,0,0,0
a7ca3817db6d2939ecf317618423c5b8bb17ece4,1352060915,2,2,2,1,8,2,1,3,76.56,567,91,3872,1467.73,1259.5,FALSE,0,0,0,0,0
1f044547eeef2d0e9ab3413f5d86baaa30918ccc,1351816073,1,1,0,0,0,0,0,0,0,0,0,3871,1471.7,621,FALSE,0,0,0,0,0
612fc47044ddcc54d66236416ea153a48ad5c173,1351816053,2,2,1,0,2,1,0,4,9.14,718,199,3870,1470.7,1212,FALSE,0,0,0,0,0
8959ff155bc1011e328f7cc6f4cbcc01af1cc988,1351368614,0,0,0,0,0,0,0,0,0,0,0,3869,1478.85,0,FALSE,0,0,0,0,0
dadf57cc8b913685c2f11243abe2409b7ffa641e,1351368240,2,3,4,0.711744,8,18,0,4,56.64,394.75,96.25,2,1.02,1,FALSE,0,0,0,0,0
764b6c61d9087ece2bec1845b6153b37d21f6845,1351259093,0,0,0,0,0,0,0,0,0,0,0,3868,1480.11,0,FALSE,0,0,0,0,0
582dadf78713a2c6ab0e8e2d347f30a5776c2b6b,1351234441,1,1,0,0,0,0,0,0,0,0,0,0,0,0,FALSE,0,0,0,0,0
12d97169d729529ae5dd7f453373e35da0fe1b6c,1351031360,2,2,1,0,1,1,0,1,13.85,92,79,3867,1483.82,1211,TRUE,0,0,0,0,0
c29cfa823d13f50ad56897006585f927b2195827,1351026498,2,2,2,0.310917,8,12,0,4,17.15,517.5,103,3866,1482.92,1257.5,TRUE,0,0,0,0,0
e183a9694e62a55c8ad553da9dae69b33d7ddc8b,1350672456,1,1,0,0,0,0,0,0,0,0,0,3865,1489.29,618,FALSE,0,0,0,0,0
d6cb4490111302077f8b02531907dc3fc5cc4fe2,1350672406,2,2,2,0.47756,19,2,0,3,0,266.5,52.5,3864,1488.29,1256.5,FALSE,0,0,0,0,0
7bf4ad30fce7a203e62221888591194ddbd785de,1350672284,2,2,2,0.15554,52,3,0,3,59.4,242,52,3863,1487.29,1255.5,FALSE,0,0,0,0,0
b3936b96e518d845c5b69d1f1da8fa99918b3333,1350413857,2,2,2,0.450982,6,5,0,4,33.61,470.5,98.5,3862,1491.7,1254.5,FALSE,0,0,0,0,0
44d0625e919ff6f600ec91dffd0e8b7d9333b9ad,1350342476,1,1,1,0,0,5,1,1,89.23,151,4,3861,1492.2,475,FALSE,0,0,0,0,0
c492cde0488a327c8a163f30121db4ce8caa7c65,1349836316,0,0,0,0,0,0,0,0,0,0,0,3860,1501.93,0,FALSE,0,0,0,0,0
c2fa6cc94d27d842d407b44a9fdb484421a5bf86,1349836312,1,3,3,0.389973,11,9,1,2,450.36,31.33,3.33,3859,1500.93,474,FALSE,0,0,0,0,0
464608025b908529b0d9e9ef09b1c50150e4c892,1349836015,1,1,1,0,2,9,0,1,0,20,1,3858,1499.93,473,FALSE,0,0,0,0,0
d653d2308b0f5933890e8f1b16c366679830595f,1349835977,2,6,10,0.533189,32,65,0,2,10.94,13.5,1.5,3857,1498.93,590.5,FALSE,0,0,0,0,0
a52b1f121c868c5009cb2f36814c6a3d4d0895c9,1349835710,1,2,1,0,1,4,0,2,0,127,28,3856,1497.94,471,TRUE,0,0,0,0,0
9edd8be520b06b175003bfe54bdc1e88118d3d98,1349835630,1,1,0,0,0,0,0,0,0,0,0,3855,1496.94,470,FALSE,0,0,0,0,0
aa1d47600a0063307bdaadab27ae580593e24277,1349835594,1,1,1,0,3,2,1,2,0.61,126,27,3854,1495.94,469,TRUE,0,0,0,0,0
fee0f0dce066012631b039f43f634785f4f00af9,1349834961,0,0,0,0,0,0,0,0,0,0,0,3853,1494.95,0,FALSE,0,0,0,0,0
0dd80e7b502abb75515deffb1f37188c055cdc88,1349834952,1,1,1,0,17,11,0,2,0,37,2,3852,1493.95,708,TRUE,0,0,0,0,0
78d5b72081e3b95059a4a1227b2ac379e8b66678,1349834783,1,1,1,0,1,1,0,1,0.63,37,1,3851,1492.96,707,FALSE,0,0,0,0,0
02b9d0b2e68d3596ae6e57385c6a8a2af405e30c,1349834384,1,1,1,0,1,2,1,1,21.3,93,78,3850,1491.97,1798,FALSE,0,0,0,0,0
927e181db798749da6a8c653710c8cf1f46dcfb8,1349834207,1,1,0,0,0,0,0,0,0,0,0,3849,1490.97,617,FALSE,0,0,0,0,0
dc411b317556262ba836dc8cd674f9c2334f17c5,1349797417,0,0,0,0,0,0,0,0,0,0,0,3848,1490.74,0,FALSE,0,0,0,0,0
1e870f0f0d8706f2bd66290d415a68f9a3440b1a,1349795676,1,1,0,0,0,0,1,0,0,0,0,1,0.3,0,FALSE,0,0,0,0,0
be7ec8b40e729b8f88e503934a74898e1334e77e,1349782580,1,6,8,0.588145,70,4,0,2,63.02,21.88,4.62,2,1.98,2,FALSE,0,0,0,0,0
e0df865401605a4ce555cdb5a9784f00987d3ba4,1349780118,2,2,2,0.171515,40,2,1,2,0.57,128.5,34,1,1,0.5,FALSE,0,0,0,0,0
2abcbed67ab692eaa4399562877d684e7ef5b594,1349681074,1,1,1,0,1,1,0,1,40.29,257,67,0,0,0,TRUE,0,0,0,0,0
8e12dd9c17506e914d22afa90f6832e465635c33,1349632310,1,9,4,0.757902,16,8,0,1,65.32,61.5,10.5,1,0.99,1,TRUE,0,0,0,0,0
3cd01598a5f940310453bcf825f07380243c5f06,1349562307,0,0,0,0,0,0,0,0,0,0,0,3847,1494.69,0,FALSE,0,0,0,0,0
3b6d683b7f2d24d61c910398ad1bbde22c536f98,1349560697,1,1,1,0,2,0,0,1,223.08,72,3,0,0,0,FALSE,0,0,0,0,0
eeef763f6d3bb2d61b4b9add65ff9fba2275cc41,1349542707,0,0,0,0,0,0,0,0,0,0,0,3846,1494.11,0,FALSE,0,0,0,0,0
76d3ec583d9ea7dba164765a106d3b7a6f764180,1349542697,1,1,1,0,4,3,0,2,23,534,146,3845,1493.11,1797,FALSE,0,0,0,0,0
077d8b924733e1ea39930ff076eecbe3332fdcad,1349453838,0,0,0,0,0,0,0,0,0,0,0,3844,1493.98,0,FALSE,0,0,0,0,0
92840b9f683b9835c93f3819deba1110d3919e14,1349425391,1,1,1,0,3,6,1,1,83.68,126,24,0,0,0,TRUE,0,0,0,0,0
bf60d5a0416bdea55b9a5f8e119c61f6ba76643b,1348774766,1,1,0,0,0,0,0,0,0,0,0,3843,1507.46,616,FALSE,0,0,0,0,0
56ffab045eefb6249ae5a257efbfbdabbe6fdb46,1348675642,2,2,2,0.529349,26,3,0,4,11.35,505.5,102,3842,1508.6,1251,FALSE,0,0,0,0,1
496ee401d74868ae76a876977c7260e550bc379d,1348675475,0,0,0,0,0,0,0,0,0,0,0,3841,1507.6,0,FALSE,0,0,0,0,0
f0d5b3b368c4f7ce1db6f4e52b5e5294747b6825,1348675466,2,2,2,0.105729,0,39,0,4,13.49,528,104,3840,1506.6,1250,FALSE,0,0,0,0,1
88072a56eadae93cb5a34aef5d73e1c15a73d83b,1348675315,1,1,1,0,1,1,0,4,0,719,194,3839,1505.61,1794,TRUE,0,0,0,0,0
0d3a637389ce39646dfa8bd55708c4ac6b3640d6,1348675252,2,2,2,0.141182,19,1,0,4,24.84,442.5,100.5,3838,1504.61,1248.5,TRUE,0,0,0,0,0
dc44f3c226c84eccfc8a88917debd221def91e59,1348606557,1,1,0,0,0,0,0,0,0,0,0,3837,1505.08,615,FALSE,0,0,0,0,0
1029b0b97f842f7abfaec82e28ffe53b5d572747,1348587909,1,1,1,0,2,2,0,1,90.65,257,11,3836,1504.48,703,FALSE,0,0,0,0,0
84f8228b8c20fef8fd8821194299eaa30797781f,1348079866,1,1,0,0,0,0,0,0,0,0,0,3835,1514.47,614,FALSE,0,0,0,0,0
968e8f012156979e6cbe20bd0d2c5d20dfc2f537,1347994100,2,2,1,0,1,1,0,1,18.57,93,77,3834,1515.34,1202.5,FALSE,0,0,0,0,0
9eb1da4568bc5b6811fec5679e61e4a332e9122f,1347993890,1,1,0,0,0,0,0,0,0,0,0,3833,1514.34,612,FALSE,0,0,0,0,0
315e79e9f0bb5ce7aec8334ebb916d7e2842f8af,1347985872,1,1,2,0.305781,71,0,0,0,0,0,0,3832,1513.52,468,FALSE,0,0,2,0,0
363d0d4f41620443efdbed2ef15982d5f528625d,1347555166,0,0,0,0,0,0,0,0,0,0,0,3831,1521.95,0,FALSE,0,0,0,0,0
5ac631a270aa9d301bead847b531222fab7cb064,1347555155,1,1,2,0.57938,2,1,0,2,39.03,283,74,3830,1520.95,1791,FALSE,0,0,0,0,0
75fc8820016739a38b395955902ce118467c8f42,1346788246,0,0,0,0,0,0,0,0,0,0,0,3829,1537.05,0,FALSE,0,0,0,0,0
d7cb213eebd6966b295b84455ab3e9e720949a9d,1346786437,1,1,1,0,1,1,0,2,7.13,533,144,0,0,0,FALSE,0,0,0,0,0
568e0d297a5d71109686043d944755207765afc2,1346714269,1,1,1,0,1,1,0,1,31.86,295,21,3828,1537.72,702,FALSE,0,0,0,0,0
8edf358739447e259616adc474fc17c3e8e9dcff,1346714206,1,1,1,0,2,2,0,4,4.28,719,192,3827,1536.72,1790,FALSE,0,0,0,0,0
40be3ed05d75e631d175cf63ad28897b4eff141d,1346708986,1,1,0,0,0,0,0,0,0,0,0,3826,1535.83,611,FALSE,0,0,0,0,0
2c174d6b3bd4cb56184bddeae15d714bb8e09c9e,1346687679,1,1,1,0,8,0,0,1,0,36,1,3825,1535.31,467,FALSE,0,0,0,0,0
60ee465bf77bd2883b592a8cee4fa562a2a0f3fb,1346687573,1,4,2,0.0344098,37,0,1,0,0,0,0,3824,1534.32,466,FALSE,0,0,0,0,0
51210d6b959469c9b26cf646d39d4a35fc1c430d,1346390018,2,2,1,0,1,1,0,1,17.08,93,76,3823,1540.04,1199.5,FALSE,0,0,0,0,0
a6caa267bd1948f014885d6fe8463cd7d1b7af77,1346344183,2,2,4,0.30168,287,76,0,4,0.43,307.75,52.75,3822,1540.08,1244.5,TRUE,0,0,0,1,1
cdb3e9dc0ddb938bc471a296f6cee12bfb4522db,1346341788,2,2,2,0.734496,5,5,1,2,32.33,304.5,27,3821,1539.13,1243.5,FALSE,0,0,0,0,0
f2f09767fbb1ec953f9de452bb83ab9766f5de70,1346340477,1,1,2,0.489908,20,4,0,5,28.58,473.5,108,3820,1538.16,1786,TRUE,0,0,0,0,0
eec31d7126a778b8c30fb2417f2fa09a1cf732a6,1346262449,1,1,1,0,1,1,1,2,63.73,102,4,3819,1538.93,699,FALSE,0,0,0,0,0
3c5ad753b6b65eb5b7ee572cb7fcaf516c752cb3,1346262412,1,2,1,0,12,1,0,1,0.01,101,22,3818,1537.93,465,FALSE,0,0,0,0,0
dd338b5567605044a47950638ea8bb775239dded,1346262162,0,0,0,0,0,0,0,0,0,0,0,3817,1536.93,0,FALSE,0,0,0,0,0
1b15af713c0fb5759c0ec7e1bff55dbe7227cc36,1346261473,1,1,1,0,3,2,1,1,1,100,21,0,0,0,FALSE,0,0,0,0,0
89c5affc3ba24f5186feb493cb4db9dc473f3479,1346202709,2,2,2,0.149468,18,1,1,4,7.65,444,98.5,3816,1537.28,1241.5,FALSE,0,0,0,0,0
2bba69f6333eddaa140346ef3ee3226c5efb5195,1346199892,2,2,2,0.980877,0,75,0,1,58.2,166,35,3815,1536.34,1240.5,FALSE,0,0,0,0,0
4403f136b7a57751aa5534f9dccc474d30edae64,1346195880,1,1,0,0,0,0,0,0,0,0,0,3814,1535.43,160,FALSE,0,0,0,0,0
f7c1c638bbe79aa9dd3e8e329af164dbe06859c1,1346174938,1,2,1,0,5,0,0,1,124.23,95,20,3813,1534.9,464,FALSE,0,0,0,0,0
f2d7bbe0e9b6615894df72abe162aa77ff511bd8,1346170121,2,2,2,0.181188,6,2,0,2,34.88,369.5,75.5,3812,1534.01,1239.5,FALSE,0,0,0,0,0
87468cffce1fd4e24679c7c4cd7ae0fa1460e01c,1345601358,1,1,0,0,0,0,0,0,0,0,0,3811,1545.92,609,FALSE,0,0,0,0,0
3f7e3a714e082e0f22b1fbca66e9daa09a0ceecb,1345137245,1,1,1,0,3,2,0,1,50.94,66,7,3810,1555.64,695,FALSE,0,0,0,0,0
38a9caf1594ceafd61d45b0d59a784501b8ddd64,1345136935,1,1,0,0,0,0,0,0,0,0,0,3809,1554.64,608,FALSE,0,0,0,0,0
500c8ab4b306ce394f5d08b22da17a6af9e9e0e9,1344942877,1,1,1,0,2,1,0,1,0,53,1,3808,1558.16,463,FALSE,0,0,0,0,0
c4ad97d555f1328a395e3c22e439f4f02e0429f1,1344942835,1,1,1,0,53,0,0,0,0,0,0,3807,1557.16,462,FALSE,0,0,0,0,0
b96401ac83c659be59395d112d532ce2334a02c7,1344914639,2,2,1,0,1,1,0,1,5.11,93,75,3806,1556.82,1194.5,FALSE,0,0,0,0,0
32a5c9cba591fe901cf7b4ccc0d0f0caae43388b,1344914496,0,0,0,0,0,0,0,0,0,0,0,3805,1555.82,0,FALSE,0,0,0,0,0
0217e6ce968c3737043002b437210a1f73397e1a,1344913277,2,2,3,0.118327,55,3,1,4,7.49,272,65.33,0,0,0,TRUE,0,0,0,0,0
6bebe0837fea2eda552495878ff45e945804b129,1344722694,1,1,2,0.57938,3,3,0,4,20.04,606,154.5,3804,1559.3,1781,TRUE,0,0,0,0,0
ff1c6f0cfa6787d71468b57c724310b31d79d0e0,1344568083,1,1,1,0,1,1,0,1,173.2,36,16,3803,1561.92,461,FALSE,0,0,0,0,0
8ac3e80bf02c083fbdaaeef745830c663cf0969c,1344532527,0,0,0,0,0,0,0,0,0,0,0,3802,1561.76,0,FALSE,0,0,0,0,0
3923ec89f7a2d54cd5c1bcd2fcdc824b1aed5755,1344532512,1,4,4,0.439791,0,68,0,1,249.74,17,0.5,3801,1560.76,460,FALSE,0,0,0,0,0
fd8ca32ab28155a2c00e691dfa4df4d98bb59f85,1344527183,0,0,0,0,0,0,0,0,0,0,0,3800,1559.88,0,FALSE,0,0,0,0,0
ba2f66d765fdb5d732d9dcacdae0d47d73a47831,1344473464,1,1,1,0,1,3,0,1,5.18,95,74,0,0,0,FALSE,0,0,0,0,0
056c840a067981714e19487421a8b029c63fac47,1344355840,1,1,0,0,0,0,0,0,0,0,0,3799,1562.91,606,FALSE,0,0,0,0,0
20e8f08cb2f072eb3f04b729d0b0021d3bad7901,1344025973,2,2,1,0,1,1,0,1,9.91,95,73,3798,1569.71,1192.5,FALSE,0,0,0,0,0
bac0c646338f91108273bb858f0b1dd7f2ec6bd4,1343961697,2,2,2,0.222816,19,1,0,4,12.34,477.5,96.5,3797,1570.24,1236.5,TRUE,0,0,0,0,0
48923055eb53a2b79896682284cf6080e3f6b803,1343852310,1,1,1,0,1,1,0,1,0,45,1,3796,1571.85,459,FALSE,0,0,0,0,0
0f20a5e06af75c07ab92b3a2266e4021acd053d1,1343852266,1,2,2,0.330299,57,0,0,0,0,0,0,3795,1570.85,458,FALSE,0,0,0,0,0
56bfb9249f31b0a82ff91f9e5e61c0cd2dc66765,1343793067,0,0,0,0,0,0,0,0,0,0,0,3794,1571.26,0,FALSE,0,0,0,0,0
5ed1544cabebdc742591293f47dc81a6a8494ebb,1343793052,2,2,0,0,0,0,0,0,0,0,0,3793,1570.26,456.5,FALSE,0,0,0,0,0
e5c7be936449bd1d8de18f0e69f3f342b56583af,1343332386,0,0,0,0,0,0,0,0,0,0,0,3792,1580.32,0,FALSE,0,0,0,0,0
73ce9d028cfe17355f0c6d9e9d76a748cd7f35dc,1343331982,1,1,1,0,0,1,1,1,91.33,74,5,0,0,0,FALSE,0,0,0,0,0
75debbe5bc12f55b07a5d764f85c7d2bc69139a7,1343233580,1,1,0,0,0,0,0,0,0,0,0,3791,1581.71,603,FALSE,0,0,0,0,0
5f33d89ea5d1eb275311fb382e832ff663b5e6c9,1343169672,1,1,1,0,5,5,1,1,431.25,50,2,3790,1582.26,457,FALSE,0,0,0,0,0
42fd29efe8c11cfb3485a872295448225afc1e89,1343169605,2,12,7,0.354326,16,135,0,2,308.65,54.57,17.29,3789,1581.26,1117,FALSE,0,0,0,0,0
2d91eac81116cecca2331b5d1f84230d339e1983,1343161969,2,2,1,0,1,1,0,1,8.17,86,71,3788,1580.45,1189.5,FALSE,0,0,0,0,0
a50f02e87d570e696db4664247c4675a3c22b607,1343161844,2,2,1,0,1,1,0,1,27.84,138,13,3787,1579.45,647,FALSE,0,0,0,0,0
214f913b0c32f18045d366038651a6d11d7a8005,1343161683,2,2,1,0,75,1,0,4,0.44,603,185,3786,1578.45,1188,TRUE,0,0,0,1,4
1021c86300891cb9e83f6d9dadd3f6068e2a4fbb,1343161550,1,1,0,0,0,0,0,0,0,0,0,3785,1577.46,599,FALSE,0,0,0,0,0
386516815a9bedaab16d1b8348431287d3bce104,1343149020,0,0,0,0,0,0,0,0,0,0,0,3784,1576.76,0,FALSE,0,0,0,0,0
d5e5647bbaeff14989167de9d6518217036fb707,1343149008,1,1,0,0,0,0,1,0,0,0,0,3783,1575.76,159,FALSE,0,0,0,0,0
a861ea7eaf9c94fc2011a5325038acff31bc1d20,1343144771,0,0,0,0,0,0,0,0,0,0,0,3782,1574.86,0,FALSE,0,0,0,0,0
cb844132e621a57f5855abab2bedb85bb3b0ddd6,1343144213,0,0,0,0,0,0,0,0,0,0,0,3781,1573.87,0,FALSE,0,0,0,0,0
8050308706a4a62b148ba70dd8ea6ccc07495c48,1343123822,1,1,1,0,8,2,0,4,3.4,597,184,0,0,0,TRUE,0,0,0,0,0
e79f72bf880a6f816ccc7533d9c905e1e3a1b0fd,1343107096,1,1,0,0,0,0,1,0,0,0,0,0,0,0,FALSE,0,0,0,0,0
07b6c9f5638d46c2784e6721ed5ccb594b0777dd,1343068554,1,1,0,0,0,0,0,0,0,0,0,3780,1574.69,598,FALSE,0,0,0,0,0
8f4e61a4747fd611035eb491d9ce69b35db79167,1342830141,1,1,1,0,0,5,1,4,2.33,602,183,3779,1579.44,1775,FALSE,0,0,0,0,0
54d37c60f5618444ff25847d4a3fc701d421996f,1342633267,1,1,1,0,41,0,0,1,5.07,110,3,3778,1583.22,455,FALSE,0,0,0,0,0
a93d375accd93b3e5aba4fc344396ca28e051ebe,1342628951,2,2,2,0.133748,20,1,0,4,0.02,430.5,94.5,3777,1582.32,1233,TRUE,0,0,0,0,0
d66f0e5eb9d494e171152954ff49dbc08a1b29fe,1342627641,2,2,2,0.0700276,9,29,0,4,13.33,440.5,94,3776,1581.35,1232,FALSE,0,0,0,0,0
e84db12783eb656a89ba6b0545f44bf57f426216,1342492073,1,1,0,0,0,0,0,0,0,0,0,3775,1583.65,597,FALSE,0,0,0,0,0
1ad2ecefe8c75bc84043a0a983350dba1ea13379,1342455903,2,2,1,0,1,1,0,1,3,86,70,3774,1583.53,1184,FALSE,0,0,0,0,0
08b68ec8cda9e68b194598c73420b8fcab41ec08,1342455820,1,1,0,0,0,0,0,0,0,0,0,3773,1582.53,595,FALSE,0,0,0,0,0
48be9233d820009eb38fdb0c71758feb0d31dd71,1342196649,1,1,1,0,39,0,0,1,16.67,79,3,3772,1587.87,690,FALSE,0,0,0,0,0
a512d9b47d47ce80f6d7037f6e75b38cf1868e49,1342196364,2,2,1,0,3,2,0,1,9.96,85,69,3771,1586.87,1182.5,TRUE,0,0,0,0,0
62234cc106f0801dc8741cdc591b4129ecbad57b,1342195226,1,1,0,0,0,0,0,0,0,0,0,3770,1585.9,593,FALSE,0,0,0,0,0
ab61837885f8698f12105acbf0b41bb496e623c5,1342195120,4,7,8,0.411762,107,78,0,4,73.98,160.12,28.25,3769,1584.9,876.25,TRUE,0,0,0,0,0
7a5041bf9c439dc3ceb0496f0ab5729b226bdf52,1342122689,1,1,0,0,0,0,0,0,0,0,0,3768,1585.67,591,FALSE,0,0,0,0,0
4d219135b2a52426a83711ef27a0165cf28ab4de,1342119801,1,1,0,0,0,0,0,0,0,0,0,3767,1584.75,590,FALSE,0,0,0,0,0
26eeb64640ca15a494edd1c54d0b0c4c677f52bd,1342021537,1,1,1,0,3,1,0,2,4.99,532,141,3766,1586.15,1769,TRUE,0,0,0,0,0
5426eb0b62b8307c00939e51357f03510a5eacff,1341589999,2,2,3,0.22054,20,3,0,3,3.33,435.67,102,2,1.99,1.5,FALSE,0,0,0,0,0
b9e32ec2c4d68d857ec494cbbfc9ecee3b97a010,1341587728,1,1,1,0,3,2,0,1,0,78,6,3765,1595.85,688,FALSE,0,0,0,0,0
32b8613708c2870d7632b5f3651442be37a5a4f0,1341587693,2,2,1,0,5,5,1,1,1.93,78,5,3764,1594.85,638,FALSE,0,0,0,0,0
90eddb3439f0620501aa1057045e2a88f7a56db0,1341587567,1,1,1,0,0,1,0,1,0,296,65,3763,1593.86,1768,FALSE,0,0,0,0,0
accd6180c17b6c63abbb3bd4a0ea7c75c003c166,1341587553,1,1,1,0,4,4,0,1,1.19,296,64,3762,1592.86,1767,FALSE,0,0,0,0,0
e770b674ffd1d9dd2b9a012066a8bdd768663fba,1341587291,0,0,0,0,0,0,0,0,0,0,0,3761,1591.86,0,FALSE,0,0,0,0,0
4f7c4d10513bf2b04e7ddf5c1fafacc15fa3ecf2,1341539179,2,2,6,0.265058,13,303,0,4,38.06,284.17,54.83,3760,1592.05,1226,FALSE,0,0,0,0,0
78845e7d231692054b526ee3956ef5768413621d,1341538262,3,3,3,0.235425,61,1,1,1,9.13,241,47.67,3759,1591.08,1012.67,FALSE,0,0,0,0,0
93f1cecc9211ea8e78bffbc3c439150a7480a92a,1341506604,1,1,0,0,0,0,0,0,0,0,0,3758,1590.86,587,FALSE,0,0,0,0,0
8ccd89f6ad15553c998f9c45d4f9b92d20809071,1341484353,1,1,1,0,1,2,0,2,0.97,297,63,1,1,1,FALSE,0,0,0,0,0
0a210cce7a4e514dd7b51692433a3433293b853e,1341420708,1,1,1,0,2,2,1,2,0.23,78,4,2,1.99,1,FALSE,0,0,0,0,0
f11024846215e8024e4d29daba9f6ca7733dc3b6,1341400780,2,2,2,0.75117,51,8,0,1,98.18,166,31.5,0,0,0,TRUE,0,0,0,0,0
96e4014a70b8db48759bab48ef5877cb54553bba,1341374957,2,2,1,0,1,76,0,3,6.31,689,177,3757,1593.11,1175,FALSE,0,0,0,1,4
2173d0082907ee38a7cca001638f0ca9e7c95c99,1341349060,1,1,1,0,1,0,0,2,0.07,598,35,3756,1592.76,684,FALSE,0,0,0,0,0
3827f5ef8b551f9525ddc951614ddc1c18a9a415,1341342857,2,2,2,0.110372,24,1,1,2,3.9,428,32.5,1,1,0.5,FALSE,0,0,0,0,0
ee89ff502654fc057a4b7fcbd72e55005048a172,1341336019,2,2,1,0,1,1,0,1,6.95,85,68,3755,1592.08,1174,FALSE,0,0,0,0,0
8df9e745d5f4366e1d70635bb3ce869de95f308a,1341333592,0,0,0,0,0,0,0,0,0,0,0,3754,1591.14,0,FALSE,0,0,0,0,0
c76e9545048bbbe7dd7d3303277c9e7a3fdeb54b,1341333053,1,1,0,0,0,0,0,0,0,0,0,3753,1590.15,584,FALSE,0,0,0,0,0
73bed61afabfa0b868b51b72744b963156ccf881,1341255950,1,1,1,0,3,2,0,1,10.16,280,32,0,0,0,TRUE,0,0,0,0,0
136f0546144ccb6d527102bda8bfa8298de94777,1341254469,0,0,0,0,0,0,0,0,0,0,0,3752,1591.09,0,FALSE,0,0,0,0,0
e9a4b4f8ffa7b6eb7f72e58760c1f4c33141a033,1341236733,1,1,0,0,0,0,0,0,0,0,0,0,0,0,FALSE,0,0,0,0,0
5415c98ff90b4d9c9cde212bfec5f0a49c3e47bf,1341083912,2,2,2,0.141182,48,2,0,1,0.57,31,0.5,3751,1594.32,568,FALSE,0,0,0,0,0
0ac1ba527e75e700698bcb4dad5905cea80e29f5,1341005254,2,2,1,0,1,1,0,1,13.94,79,53,3750,1595.28,1172.5,FALSE,0,0,0,0,0
2968bb00b5a2d15dbda82c5a044ec2afefbcc1e1,1341005218,1,1,1,0,19,6,1,3,46.07,344,23,3749,1594.28,1761,FALSE,0,0,0,0,0
39efa452fcb075a9a5870f1f71fe60a8742e687b,1340985666,1,1,1,0,62,0,0,0,0,0,0,3748,1593.77,452,FALSE,0,0,0,0,1
bddcdee3fe309c3306126a515a7c5a2fde39d73b,1340830715,1,1,1,0,2,0,0,1,0.03,44,1,3747,1596.63,451,FALSE,0,0,0,0,0
2e8d44b4445eda3ec85a9b8b718a88d8ed9abbf4,1340829372,1,1,1,0,3,0,0,3,0,686,176,3746,1595.66,1760,FALSE,0,0,0,0,0
70d68419b03de465da6ec598c9a1b80c3ba22dca,1340829293,2,2,2,0.553262,26,2,0,3,3.36,425,91,3745,1594.66,1220.5,TRUE,0,0,0,0,1
26fab2a27dc44d7a930a2d8b704595049fa2541e,1340828439,1,1,2,0.897722,63,19,0,1,31.18,60.5,11,3744,1593.68,450,TRUE,0,0,0,0,0
0f5560eebda3111d25e80e0b84c1943c6146de05,1340756047,2,4,42,0.530472,273,688,0,2,115.35,95.67,4.5,3743,1594.48,631.5,TRUE,0,0,0,0,2
170dcc2907e3ae6f114ca775f06352389c651e94,1340735935,3,5,7,0.451729,8,54,0,1,48.32,241,40.29,3742,1593.99,1006.33,FALSE,0,0,0,0,1
18d6c78ef4027b1a03b47c34a93267c094422e3c,1340653371,1,1,1,0,3,6,1,1,45.78,244,13,3741,1595.04,679,TRUE,0,0,0,0,0
1248f0338b34602957b052d4d82820dda85c5549,1340651302,2,2,1,0,1,1,0,1,10.02,91,66,3740,1594.09,1168.5,FALSE,0,0,0,0,0
b400814d000613745673e39a6e1cd294a69a2677,1340407531,1,1,1,0,27,0,0,3,4.89,457,103,3739,1599.19,1756,FALSE,0,0,0,0,0
a934929bb3838b24a5e4306030f256b835f06468,1340387287,1,1,0,0,0,0,0,0,0,0,0,3738,1598.69,579,FALSE,0,0,0,0,0
140efb574c4d10e11f7a0fc83b6c51ec674165c3,1340378423,2,2,2,0.0613135,18,25,0,1,14.84,429.5,30.5,3737,1597.92,1216.5,FALSE,0,0,0,0,0
3c0c96114f1105655cb335a0eba9298fd9b45091,1340321846,2,2,2,0.674494,28,4,0,3,3.19,505,92.5,3736,1598.33,1215.5,FALSE,0,0,0,0,2
362c96c8c1ba47c57b094f5c92fc6ad058c38cb4,1340292343,1,1,1,0,1,1,0,3,3.66,675,173,3735,1598.07,1753,TRUE,0,0,0,0,0
5db3d0f9fcfeb8cf962c6fb1f5228ef5a5c76d32,1340037457,0,0,0,0,0,0,0,0,0,0,0,3734,1603.49,0,FALSE,0,0,0,0,0
80c814c3937158c5fdc659ffd0fa80fe6d412de8,1340037445,0,0,0,0,0,0,0,0,0,0,0,3733,1602.49,0,FALSE,0,0,0,0,0
bf66465937a00fa641142f7e71d9ca9595386e55,1339994184,0,0,0,0,0,0,0,0,0,0,0,3732,1602.58,0,FALSE,0,0,0,0,0
72eea7e6cdd754217c6efb3dcd7c601a24bc8f67,1339993071,1,1,0,0,0,0,0,0,0,0,0,2,1.98,1,FALSE,0,0,0,0,0
8f4cd13c8976daa141027992eb413429463d5cf1,1339984841,1,1,1,0,0,23,0,3,0.04,480,102,3731,1601.82,1752,FALSE,0,0,0,0,0
6556cefc7189ba83d53557b52916e59e824a8f06,1339984525,1,1,1,0,1,3,0,1,45.42,534,136,0,0,0,FALSE,0,0,0,0,0
7bfb58920a3dff1a188053f86939a12393536c81,1339981715,1,1,1,0,20,20,0,3,0,480,101,3730,1600.9,1751,FALSE,0,0,0,0,0
2e324ccf5f0ffe1c58a7c4fec44c83dcd5be44b2,1339981694,1,1,1,0,2,0,0,3,0,478,100,3729,1599.9,1750,FALSE,0,0,0,0,0
1a10ee76b300902cbc552be98314156426aebf3a,1339981564,2,2,1,0,20,17,0,3,0.01,475,99,3728,1598.9,1163.5,FALSE,0,0,0,2,0
619e6349f6566c684a57f40768cee10ab757b88c,1339980532,1,1,1,0,0,1,0,3,0.01,476,98,3727,1597.93,1748,FALSE,0,0,0,0,0
b1ff68548f9edccb8fd3cc4a9a30e169957b407e,1339980088,1,1,1,0,19,0,0,3,0,457,97,3726,1596.94,1747,FALSE,0,0,0,2,0
376b6c3badcf1aa2cc2a8b9b6b933f2d9547b851,1339979862,1,1,1,0,4,0,0,3,0,453,96,3725,1595.94,1746,FALSE,0,0,0,0,0
f4c8a59b17b47d6284b6a3a30f235f99f8d60081,1339979585,3,3,2,0.799228,54,0,0,3,1.03,215,47.5,3724,1594.95,999.333,FALSE,0,0,0,0,0
e6129d8ba513d3473f098b28bc815d08d72a59fb,1339976082,2,2,2,0.929418,40,0,0,3,0.07,327,86,3723,1594.04,1209.5,TRUE,0,0,0,0,0
d2baf11b8a165b5ece84a3678f93a78e5f082990,1339964473,1,1,1,0,3,3,0,3,0,654,171,3722,1593.33,1743,FALSE,0,0,0,0,0
82b5b12ca721f3c08fc0a3b502355e6cbfe5589f,1339964155,2,2,2,0.892647,31,8,0,3,33.8,382,86,3721,1592.33,1208,TRUE,0,0,0,0,0
c145ab9b81980946a345231ce697446ccb9d9e37,1339802116,1,1,0,0,0,0,0,0,0,0,0,3720,1595.38,576,FALSE,0,0,0,0,0
c10223b803c38d67cd14fba9534e1180e64cc4f1,1339801772,1,1,1,0,4,0,0,3,0,426,94,3719,1594.39,1741,FALSE,0,0,0,0,0
1e09b54ad21faa4dc1bbeb3fa5a3ca5ba28b11b3,1339801647,1,1,0,0,0,0,0,0,0,0,0,3718,1593.4,575,FALSE,0,0,0,0,0
d073e0aeb5468674e5b143eccaf44189af0dbce1,1339801400,1,1,2,0.523683,9,4,0,5,2.58,535,122.5,3717,1592.4,1740,TRUE,0,0,0,0,0
ee0917fe4aa1003d6cb09ef206f9210817a93e08,1339800671,2,2,1,0,1,1,0,1,73.85,79,52,3716,1591.42,1156.5,FALSE,0,0,0,0,0
ce7293de13f44e0928a803ea4530d526f19c1305,1339800284,1,1,1,0,1,1,0,3,0,651,168,3715,1590.43,1738,FALSE,0,0,0,1,0
108e66c24bbd56ae795725a56fd1bc6e7901a555,1339800166,2,2,2,0.239918,23,2,1,3,0.17,482.5,89,3714,1589.43,1205,FALSE,0,0,0,1,0
d536345c089cc42a2569da348f38168fce234ea3,1339799807,1,1,0,0,0,0,0,0,0,0,0,3713,1588.44,573,FALSE,0,0,0,0,0
f90401b8c05e3f1fcdd73dad118c7569477e47e9,1339785649,2,2,1,0,1,1,0,1,7.08,91,65,3712,1587.79,1154,FALSE,0,0,0,0,0
a32e705d499b1d5acda3f8e1011088aca97acb80,1339785544,0,0,0,0,0,0,0,0,0,0,0,3711,1586.79,0,FALSE,0,0,0,0,0
640cf4ca21ea9749f10f913f6746b46495f3f0ce,1339785531,2,2,4,0.637149,19,9,0,3,72.64,257.75,44.5,3710,1585.8,1203.5,TRUE,0,0,0,0,0
442e782692da3815bef3b45769d2adca5262d783,1339776061,0,0,0,0,0,0,0,0,0,0,0,3709,1585.03,0,FALSE,0,0,0,0,0
0a874ad8b3b0f406b80cf7afc7f4ca16ddd3dad3,1339667093,1,1,0,0,0,0,0,0,0,0,0,1,1,0,FALSE,0,0,0,0,0
18083f0c13b07705a906beda881628f5991264f8,1339667086,1,1,0,0,0,0,0,0,0,0,0,0,0,0,FALSE,0,0,0,0,0
f25aaf11e93b091a0ba2d21c860592fd6e9d0388,1339633964,1,1,3,0.581085,40,7,0,1,27.32,11.33,2.33,3708,1587.55,449,FALSE,0,0,0,0,0
9b09257b28d32b61f0c02ac49e481f3353769dcb,1339433595,1,1,0,0,0,0,0,0,0,0,0,3707,1591.53,571,FALSE,0,0,0,0,0
f895516a2c3746d3e1ff4ca0645b674365570f40,1339356063,2,2,1,0,3,2,0,3,2.11,418,92,3706,1592.47,1152,FALSE,0,0,0,0,0
76aa718b758aa49d426604a5e9dfd85f74e287f8,1339189912,1,1,0,0,0,0,0,0,0,0,0,3705,1595.64,308,FALSE,0,0,0,0,0
0acee673391640c40cd258321564485dd55e3f62,1339174076,0,0,0,0,0,0,0,0,0,0,0,3704,1595.03,0,FALSE,0,0,0,0,0
4475e335ef563ddf80041e4271d86ca76331c46e,1339174065,1,1,1,0,5,1,0,1,173.86,69,5,3703,1594.03,671,FALSE,0,0,0,0,0
895673141d88323b89d5e86192b7a34b620a304f,1339174033,2,2,4,0.693426,9,3,1,5,2.02,358,79.75,3702,1593.03,1151,FALSE,0,0,0,0,0
e4cd99ae1cfe879a59e68326e4c8846e6df46989,1339084324,0,0,0,0,0,0,0,0,0,0,0,3701,1594.28,0,FALSE,0,0,0,0,0
c39a398d8363aee66c3a229b4f3eae6743f2a784,1339046265,1,1,1,0,1,1,0,3,0.4,647,164,0,0,0,FALSE,0,0,0,0,0
2787bd5bf029b6cabc82cf0482ee176cf8782a86,1339019212,2,2,1,0,1,1,0,1,5.1,85,63,3700,1594.92,1150,FALSE,0,0,0,0,0
6aaa7dc26dc12de5f91e5f747408f121fb39d2cc,1339018702,2,2,2,0.0613135,25,18,0,1,30.65,426,29.5,3699,1593.93,1200.5,FALSE,0,0,0,0,0
ebf60d23408c20fe9e14ecd4a2f543cf5da618a2,1339011291,2,2,2,1,2,2,0,3,0.01,392.5,84.5,3698,1593.12,1199.5,FALSE,0,0,0,0,0
02d43846f68fa9f76b22ea55190b5bcebfca8dbe,1339010714,3,3,3,0.463104,13,12,1,3,62.35,275,56.33,3697,1592.13,988,TRUE,0,0,0,0,0
8930cd563c8b44aca2c588aa34cafc483fcbac6c,1339009235,1,1,0,0,0,0,0,0,0,0,0,3696,1591.17,566,FALSE,0,0,0,0,0
2b90cd7d51a49a52f0b36ff206c13c734690af78,1338949489,2,2,2,0.684676,29,0,0,3,0.01,203.5,45,3695,1591.66,1197.5,FALSE,0,0,0,0,0
d5fde6a4b9954d7b3dc4d188e0f7ed6577a5f2b6,1338948148,2,2,2,0.57938,3,3,0,3,104.04,240,45.5,3694,1590.7,1196.5,FALSE,0,0,0,0,0
99b2e0fa080214bd85ab8388c07fb5865fb7a21f,1338947966,1,1,1,0,6,13,0,3,0.01,414,88,3693,1589.7,1726,FALSE,0,0,0,3,0
ebcb1ca90e9cc768d2aeb3e858c59075634e348a,1338947502,1,1,1,0,4,4,0,3,2.95,414,87,3692,1588.71,1725,FALSE,0,0,0,2,0
1763b073f9ba28ccbf345128a877e4954b9997b0,1338828499,1,1,0,0,0,0,0,0,0,0,0,3691,1590.68,565,FALSE,0,0,0,0,0
908e4675482e063c2d974ab9b63f7ec27b3829dd,1338692691,1,1,1,0,0,11,0,3,4.05,425,86,3690,1593.08,1724,FALSE,0,0,0,0,0
3c6ad5350b3d8bf87d7fd771a5bdad8f68ae5161,1338578839,2,2,1,0,1,1,0,1,1.82,85,62,3689,1594.95,1143.5,FALSE,0,0,0,0,0
0ff3aa4b20e7ba1d6797aef5d78e377fd3a5e547,1338578657,1,1,0,0,0,0,0,0,0,0,0,3688,1593.95,563,FALSE,0,0,0,0,0
fd42b5c42c8598ab7f2ab25f442ff95a9124caa9,1338567335,1,1,1,0,7,0,0,3,0,640,161,3687,1593.24,1722,FALSE,0,0,0,0,0
1311f2ac25337ef7051e33a2bdcaef12d98f34dd,1338567267,2,2,2,0.37331,29,1,1,3,52.2,445.5,83,3686,1592.24,1193,TRUE,0,0,0,0,0
82a98170617ddac1079a2581f5e763b663d9a990,1338421702,2,2,1,0,1,1,0,1,21.06,85,61,3685,1594.9,1141,FALSE,0,0,0,0,0
685eec01495d6e1ccb7048c2e9f5c0d4e2df904a,1338413143,1,1,1,0,3,1,0,1,113.2,39,3,3684,1594.11,664,FALSE,0,0,0,1,0
910dae16abea8c8800b34f6bf47ac867fc666399,1338342668,1,1,1,0,1,1,0,3,0,425,85,3683,1594.89,1719,FALSE,0,0,0,0,0
fd53197b46ab05017ed7b071212cb5688cba4926,1338342397,1,1,1,0,57,0,0,0,0,0,0,3682,1593.89,663,TRUE,0,0,0,0,0
d84d0b69effd3d5a549dc502b5a2d8ee1f1a0b7d,1338342367,2,2,2,0.377073,15,2,0,3,0,233.5,42,3681,1592.89,1190,FALSE,0,0,0,0,0
b694ba27be156c8102c6ad4710a72f7616ab5376,1338342060,2,2,2,0.57938,3,3,0,3,0,233.5,41.5,3680,1591.9,1189,FALSE,0,0,0,0,0
e3cbac2d7799cb64fb9c2680aaf536808865e706,1338341806,2,2,2,0.102841,30,10,1,3,43.75,223.5,41,3679,1590.91,1188,FALSE,0,0,0,0,0
bbaa295ee2a464f8116d3ed560e3b28f60090a81,1338144786,0,0,0,0,0,0,0,0,0,0,0,3678,1594.86,0,FALSE,0,0,0,0,0
1150a8800189972302e00aa966ceadec3ac80cb9,1338144692,2,2,3,0.677105,46,64,0,3,77.83,263.33,55.67,3677,1593.86,1187,TRUE,0,0,0,0,1
58cfd60000dce7e5715e75ec8e56a0dbbbf77984,1337643649,1,1,0,0,0,0,0,0,0,0,0,3676,1605.59,158,FALSE,0,0,0,0,0
fcf268742d61e265d1f60e24917fe596fbf5cd3e,1337214869,1,1,0,0,0,0,0,0,0,0,0,3675,1615.66,561,FALSE,0,0,0,0,0
5e3bb4d380b598764886f45d59612122d72d7fc1,1337028917,0,0,0,0,0,0,0,0,0,0,0,3674,1619.51,0,FALSE,0,0,0,0,0
319f5c6787dd7b86a5f3b9a903f1495df7e6808d,1337024856,1,1,2,0.29694,23,3,0,5,166.26,391.5,37,0,0,0,TRUE,0,0,0,0,0
30d71c8f8fd42cd7f3851875bc930487f1b587cb,1337010577,1,1,0,0,0,0,0,0,0,0,0,3673,1618.99,157,FALSE,0,0,0,0,0
c3f9398b12ebe5e4208e8d3ab43db79e6334dd2e,1336829558,0,0,0,0,0,0,0,0,0,0,0,3672,1622.74,0,FALSE,0,0,0,0,0
f1ac6ab7644f1c0b5a0756428694d16d1934c28b,1336828742,1,1,0,0,0,0,0,0,0,0,0,0,0,0,FALSE,0,0,0,0,0
d6ca5f71bca7847b76185a57ceb88bf061718eeb,1336698041,1,1,1,0,16,1,0,1,142.14,229,12,3671,1625.2,658,TRUE,0,0,0,0,0
cdca9cf88f83d64bfd9928af61c44f3a587084ac,1336695350,1,1,1,0,1,0,0,1,0,78,1,3670,1624.27,657,FALSE,0,0,0,0,0
5840b42f4aba1254d546b1e9e2a942e62ce62ec3,1336695103,2,2,2,0.097504,82,2,0,3,0.66,323,79,3669,1623.28,1185,FALSE,0,0,0,0,0
a5be68b5b29005c070d2d9d50c2fe67dcfa66048,1336683567,1,1,1,0,6,15,0,1,183.81,23,2,3668,1622.58,655,FALSE,0,0,0,0,0
9fda13bc25537ca3fdf9085e83aacc029aa7b92b,1336680783,1,1,1,0,18,0,0,1,7.89,554,29,3667,1621.66,654,FALSE,0,0,0,0,0
125dd7a5942975078d81a3110eec2b5047abde77,1336601901,2,2,1,0,1,1,0,1,4.92,85,60,3666,1622.73,1136.5,FALSE,0,0,0,0,0
df2584cc3bca2829eeb2799df910ce27e317f67e,1336581592,2,2,2,0.149468,17,2,0,3,14.98,400,81.5,3665,1622.26,1182.5,TRUE,0,0,0,0,0
4de95c0e7b4250b0517f49a3ac11b787e94439d5,1336424297,1,1,0,0,0,0,0,0,0,0,0,3664,1625.41,559,FALSE,0,0,0,0,0
9ed1f2a446feeb09d255443a078b1493ca54e925,1336420376,2,7,5,0.537849,0,312,0,2,99.36,62.4,5.2,3663,1624.52,550,FALSE,0,0,0,0,0
833a4873a44c86df1c1a69c3cb79d797f42e12fc,1336419843,1,1,1,0,2,1,0,1,78.92,96,8,3662,1623.53,447,FALSE,0,0,0,0,0
6ca180737261478d2ccc25b09d120227c28eada7,1336417279,0,0,0,0,0,0,0,0,0,0,0,3661,1622.6,0,FALSE,0,0,0,0,0
9da3e9ccc75976d668161045a6b69049a153b548,1336417172,0,0,0,0,0,0,0,0,0,0,0,3660,1621.6,0,FALSE,0,0,0,0,0
5f65c361715f4ab4bb340fec2908f81cd93069e5,1336416701,1,1,0,0,0,0,0,0,0,0,0,1,1,1,FALSE,0,0,0,0,0
d64bb2f886b3143f3205d4f5f4e1a1e157642501,1336369746,1,1,0,0,0,0,1,0,0,0,0,0,0,0,FALSE,0,0,0,0,0
fc179c8fc3ad4f100cb6b23d6c6254803e9a12f6,1336177167,2,2,1,0,1,1,0,1,1.36,85,59,3659,1626.94,1134.5,FALSE,0,0,0,0,0
8235af47fee7826c3e2c691c3fb4e976718bf807,1336147150,0,0,0,0,0,0,0,0,0,0,0,3658,1626.74,0,FALSE,0,0,0,0,0
908f3da3da50c6f843cb4d3629635a84a39f9712,1336141973,1,1,1,0,2,2,0,1,0.95,76,82,0,0,0,FALSE,0,0,0,0,0
64aac199dee7edb8e26cb150e9dcd76f51521aaa,1336091589,1,1,0,0,0,0,0,0,0,0,0,3657,1627.21,557,FALSE,0,0,0,0,0
503c45840f95409b8b3650183cf5a2b0e5f9d2e3,1336062927,1,1,1,0,2,0,0,1,0,131,1,3656,1626.97,446,FALSE,0,0,0,0,0
6f102ff40f4479c3d82dc889f8a36052fabc7d8d,1336062914,1,1,2,0.304209,163,0,0,0,0,0,0,3655,1625.97,445,TRUE,0,0,0,0,0
6e26a8d36674b11ef55c60fc3eda8928a494e7f1,1336059907,1,1,1,0,2,2,1,1,0,104,1,3654,1625.05,651,FALSE,0,0,0,0,0
d9aea70ccc07c935eab37050e97966aaa70ed4f2,1336059822,1,2,10,1,0,60,0,6,3.77,251.1,52.2,3653,1624.06,1710,FALSE,0,0,0,0,0
dd33ef2eb6570881262105a7f73442759039c46e,1336059738,2,2,5,0.253776,150,25,0,3,2.27,299.2,58.8,3652,1623.06,1179.5,TRUE,0,0,0,0,0
f3a32f2e293f7cdc239e1ac848b07c9926bf81cf,1336010747,1,1,0,0,0,0,0,0,0,0,0,3651,1623.35,156,FALSE,0,0,0,0,0
1a3e40d818ab045d642d726ec978176c267227ee,1336000835,1,1,1,0,1,1,0,3,3.85,652,154,3650,1622.62,1708,FALSE,0,0,0,0,0
18cdb3d845313c7da77e2b3c3f86081129804f7a,1336000781,2,2,2,0.0521748,49,1,0,1,3.24,277.5,66.5,3649,1621.62,1178,FALSE,0,0,0,0,0
0fca62c0375b7225d663144eb3cedb4e7e3d8665,1335999588,1,1,1,0,0,6,0,1,0.98,296,59,3648,1620.65,1706,FALSE,0,0,0,0,0
e9cd82b72d6d9ea9a145d9cfbd844550b0ace31c,1335999146,1,1,1,0,17,1,0,1,0,538,28,3647,1619.66,648,FALSE,0,0,0,0,0
4d9ad210474b44a01f62ed0a6de7ee67b56d6fec,1335998978,1,1,1,0,2,2,0,1,30.01,538,27,3646,1618.66,647,FALSE,0,0,0,0,0
1cc2dc7150a713ad68ba1b5b1c489bd38903985a,1335914710,1,1,1,0,1,1,1,1,5.77,296,58,3645,1619.88,1705,FALSE,0,0,0,0,0
3dc88b2c0c0ed218aa4ca047338c58a6963da96a,1335833656,1,1,0,0,0,0,0,0,0,0,0,3644,1621.02,155,FALSE,0,0,0,0,0
53f1ffb4e7e05c0cb1df91ff584f0522cb8e28aa,1335822664,1,1,1,0,1,2,0,1,4.71,254,26,3643,1620.31,1704,FALSE,0,0,0,0,1
579a1be7c88e1a0f688109bdcbfde610301d44e1,1335668558,1,1,1,0,14,0,0,1,0,288,13,3642,1623.38,646,TRUE,0,0,0,0,0
c0a68fcd0d42a65674fc22a9393b6994c9e1f6d7,1335668430,2,2,2,0.489908,41,7,0,3,4,453,81.5,3641,1622.39,1174,FALSE,0,0,0,0,1
b79853e9bd5417f271de6e13eb70a037710d7ff6,1335667836,1,1,0,0,0,0,0,0,0,0,0,3640,1621.4,556,FALSE,0,0,0,0,0
f86838ceabe17b8a50252c0383d8d8e17612d73f,1335633600,1,1,0,0,0,0,0,0,0,0,0,3639,1621.31,555,FALSE,0,0,0,0,0
809e0b8c922362b2a4d59d06b77914e60d09fbcf,1335548787,2,2,2,0.550159,1,24,0,3,0,370.5,79.5,3638,1622.55,942.5,FALSE,0,0,0,8,0
a58e3deac27fca9ddbb7e389fdfe7be3aebea639,1335548679,4,4,3,0.828332,63,4,0,3,0.45,235.33,52.67,3637,1621.55,720.25,FALSE,0,0,0,8,1
430699c0828aa6378185326279bfe5819d444bb7,1335503495,1,1,1,0,8,0,0,1,0,57,6,3636,1621.75,181,FALSE,0,0,0,0,0
b04233981f348cb618258967740bcdc79b22cab2,1335503354,1,1,1,0,7,1,0,1,0.4,51,5,3635,1620.75,180,FALSE,0,0,0,0,0
de10194f33f9e7e831f9bff6ca595baa3711c622,1335491160,1,1,0,0,0,0,0,0,0,0,0,3634,1620.08,553,FALSE,0,0,0,0,0
7c2e1ad0ed218fd4aae14a6dc2df56e61cecf13f,1335475948,1,1,1,0,3,3,0,3,0.03,641,150,3633,1619.48,1700,FALSE,0,0,0,0,0
67ddb429e3d8ee8d6757eab79355699beea7f501,1335473557,2,2,2,0.330299,16,3,0,3,85.22,342,75,3632,1618.54,1171.5,TRUE,0,0,0,0,0
a169cc7119e6aaa448ea095a61884b82fde7f43c,1335468986,1,2,1,0,7,0,0,1,0.38,44,4,3631,1617.66,179,FALSE,0,0,0,0,0
9719b585754e6a6a1255416da78a9924f0eedc96,1335441448,2,2,3,0.0742324,28,26,0,2,43.27,60.67,3.67,3630,1617.39,543,FALSE,0,0,0,0,0
13c18fa3638ea8bb3456d4656632ab48cf9d58d7,1335441383,1,1,1,0,4,5,0,1,129.81,49,8,3629,1616.39,442,FALSE,0,0,0,0,0
c17ad6ef652a040dc31e2758c09e139c80569bba,1335441324,1,1,1,0,0,0,0,1,67.59,95,19,3628,1615.39,441,FALSE,0,0,0,0,0
2c14d0c966ad9f216038ac2c9c7981f8e02fd91b,1335441306,1,1,1,0,7,2,0,1,129.8,101,1,3627,1614.39,642,FALSE,0,0,0,0,0
2cd17836133e1fcf88a07570ee7ad775bea4dd27,1335441236,1,2,1,0,0,4,1,1,67.58,15,7,3626,1613.39,440,FALSE,0,0,0,0,0
06db11cd610fd92e13360c65acb7c5e6f064a9ff,1335441108,1,1,1,0,0,79,0,1,129.8,79,11,3625,1612.4,439,FALSE,0,0,0,0,0
125421ec4535634fa24da91642d215c31ebc92bb,1335441085,1,3,1,0,0,113,0,1,67.58,113,16,3624,1611.4,438,FALSE,0,0,0,0,0
cc84f40d61e4f0a10c4107a67cc4c08380ca3be5,1335440797,1,1,1,0,1,2,0,1,0.01,75,4,3623,1610.4,437,FALSE,0,0,0,0,0
c1309181357a59a9894536ed072245fcac070cf8,1335440542,1,1,1,0,7,3,0,1,0.01,88,3,3622,1609.41,641,FALSE,0,0,0,0,0
babeb4633e2a3a71957b92c877734e1ba6f6b62c,1335440466,1,1,0,0,0,0,0,0,0,0,0,3621,1608.41,552,FALSE,0,0,0,0,0
30167356f20d5751ec88b08e27f8ce0c82d52679,1335440404,1,2,2,0.310917,3,7,0,1,7.36,108.5,12.5,3620,1607.41,436,TRUE,0,0,0,0,0
441b30995998c4698f69780e637f886b9a3e4a4e,1335440313,1,1,1,0,2,0,1,1,0.03,553,132,3619,1606.42,1698,FALSE,0,0,0,0,0
b7b032f8e05c71f395156861e9080285e4caf321,1335440077,1,1,1,0,13,0,0,1,0.02,75,2,3618,1605.42,640,FALSE,0,0,0,0,0
50f43462aec60f2ccc417bff8921832c3680c7c0,1335439945,1,1,1,0,3,0,0,1,0.02,93,3,3617,1604.43,435,FALSE,0,0,0,0,0
bd2a972dba44d699a4fc3d656fd5a55f514efabe,1335439709,1,1,1,0,4,1,1,1,0,72,3,3616,1603.43,434,FALSE,0,0,0,0,0
3c162ae030dc5555144f6aa8c153ac30e6bd27d6,1335439401,1,3,3,0.546159,35,22,0,1,0.02,39.67,0.67,3615,1602.44,433,TRUE,0,0,0,0,0
3c12757d9e3c29a4172d425b8c28c170899d04f6,1335438657,1,1,1,0,12,0,0,1,0.01,63,1,3614,1601.46,639,FALSE,0,0,0,0,0
fa746cc027e37e1d521d8f237f775804311bcf76,1335438538,1,2,3,0.287932,29,0,0,1,0,23.33,0.67,3613,1600.46,432,FALSE,0,0,0,0,1
1e85178c737820d98a83efdebac3e58caecd593d,1335438134,3,4,3,0.317546,74,8,0,1,0,44,0.33,3612,1599.47,540,FALSE,0,0,1,0,0
d0bc0ad2caef182fddc025470c326d43dae29922,1335437629,2,10,11,0.493258,269,0,0,1,0,49.73,11.91,3611,1598.49,1063.5,TRUE,0,0,0,0,0
c33f1bac089165128ad24c499aa13ffcc14f08de,1335435882,1,1,1,0,8,1,0,1,0.52,37,3,3610,1597.53,178,FALSE,0,0,0,0,0
58d522d82417c81b17bdf5572f2458f04c05b2ef,1335435764,1,1,2,1,2,2,0,1,0.23,291.5,66.5,3609,1596.53,1696,FALSE,0,0,0,0,0
858e4dccdc338d8f7d7be0c44a45aeb8a4f84146,1335435137,1,1,0,0,0,0,0,0,0,0,0,3608,1595.55,550,FALSE,0,0,0,0,0
c2054077f49670d484e41d9b7bc60d041411f819,1335435007,2,2,1,0,1,1,0,1,0.22,91,57,3607,1594.55,1122,FALSE,0,0,0,0,0
754dd320ff8e87b1d2f66458f762f64d5bb5e9cb,1335434309,1,1,0,0,0,0,0,0,0,0,0,3606,1593.57,548,FALSE,0,0,0,0,0
a376980a698e536f45a4c4fb2ce52ebd72212fc0,1335415783,1,2,10,0.912717,13,11,0,6,24.66,247.6,50.6,3605,1593.05,1694,FALSE,0,0,0,0,0
cf7d710bc145b552b31b07f963e3b56c555c24e8,1335415699,1,1,1,0,1,6,0,3,0.01,646,147,3604,1592.05,1693,FALSE,0,0,0,0,1
8f8740028c362dfeebc3246f458667494bee00fc,1335415253,1,1,2,0.310917,5,5,1,5,0.33,531.5,106,3603,1591.06,1692,FALSE,0,0,0,0,0
b0e03eb8a83a1c9e9e0574890f6f5a52bdc525bd,1335415030,1,1,1,0,3,1,0,1,0,36,3,3602,1590.06,1691,FALSE,0,0,0,0,0
929dc703caabed1c44b8a123901a9c8c0fae416a,1335414990,1,1,1,0,0,1,0,1,26.27,37,2,3601,1589.07,1690,FALSE,0,0,0,0,0
18a6bbfd802e8b29e71c391282756cf4d0f6ffdc,1335401942,1,1,2,0.405639,4,4,0,3,3.55,481,101,3600,1588.4,1689,FALSE,0,0,0,0,0
73092c9898fa8e8ddef108af271d73f277b492ac,1335395560,1,2,2,0.734496,5,5,0,3,14.98,356,66.5,3599,1587.56,1688,FALSE,0,0,0,0,0
b7391267079858e8efa3feda03f494dfaa0ef5c5,1335395332,0,0,0,0,0,0,0,0,0,0,0,3598,1586.57,0,FALSE,0,0,0,0,0
c39cf1ef845f070b8ed6674f7fdbc3bcfe817acb,1335395263,1,1,0,0,0,0,0,0,0,0,0,3597,1585.57,547,FALSE,0,0,0,0,0
861f6baa66a4f625be7cd4d5228009e53265e1b6,1335391249,1,1,1,0,1,1,0,1,0,37,2,3596,1584.67,177,FALSE,0,0,0,0,0
25fe426266c9f29de290ec389db071a2b80fdcff,1335390861,1,1,1,0,11,0,0,1,249.48,26,1,3595,1583.68,176,FALSE,0,0,0,0,0
85fc586ee588b3a809d8ddcdc1ab8f8b2c7f5559,1335390705,2,2,0,0,0,0,0,0,0,0,0,3594,1582.68,360.5,FALSE,0,0,0,0,0
2a951e961b9727e11c62d1805aaf2368398b1e9f,1335376198,0,0,0,0,0,0,0,0,0,0,0,3593,1582.05,0,FALSE,0,0,0,0,0
42aeab500b50f16c12d9757b5a6085d4820a7e83,1335375056,1,1,2,0.268649,11,23,1,1,147.51,36.5,7,3592,1581.08,429,TRUE,0,0,0,0,0
808a8a314a52a802afbb0287cf7e28a0d8ecdf3b,1335374955,1,1,1,0,11,12,1,1,341.03,33,11,3591,1580.08,428,TRUE,0,0,0,0,0
411b59f7fbe0e1c0cf250fc7a4c311857a458684,1335374345,0,0,0,0,0,0,0,0,0,0,0,3590,1579.1,0,FALSE,0,0,0,0,0
b80904189446aa8c67fa96d5ec302e560c07c79b,1335371939,1,1,1,0,2,3,0,3,3.2,647,145,3589,1578.16,1687,FALSE,0,0,0,0,2
1ddf0c8a426a5d652c4b5198ddbed426dcd8ac58,1335371899,0,0,0,0,0,0,0,0,0,0,0,3588,1577.16,0,FALSE,0,0,0,0,0
d8caf209e38a214cb90b11ed59fd15b717b3f9bc,1335294317,1,1,1,0,1,1,1,1,12.92,67,6,0,0,0,FALSE,0,0,0,0,0
f61df956b1231278f7f9b59ff053392d57e67822,1335239860,1,1,0,0,0,0,0,0,0,0,0,0,0,0,FALSE,0,0,0,0,0
22668555ad5ec215be4dfd0a066c0c3aba641d3f,1335096373,1,1,1,0,1,1,1,2,0.01,256,11,1,1,1,FALSE,0,0,0,0,0
0f585931a43b37a92c82eac9d601f20324b81eb5,1335095390,2,2,2,0.141182,40,0,0,3,40.32,431.5,76.5,0,0,0,FALSE,0,0,0,0,1
d03386571d8e00ce0c91667c98da60215a6b527b,1334887405,1,1,0,0,0,0,0,0,0,0,0,3587,1588.41,545,FALSE,0,0,0,0,0
72948068e253ebbfe2ad475b3d76cba83b184abb,1334886706,1,1,0,0,0,0,0,0,0,0,0,3586,1587.42,544,FALSE,0,0,0,0,0
97808383ed9ede0237cee528a6b0f95226c0ab7e,1334876602,1,2,1,0,68,0,0,0,0,0,0,3585,1586.68,427,FALSE,0,0,0,0,0
de6f30042f059274ac5ba0f0de0e46f05f27eb20,1334796137,1,1,0,0,0,0,0,0,0,0,0,3584,1587.73,307,FALSE,0,0,0,0,0
b5cee82604f9eab2a0737e8e0f0a9be8329a748d,1334796133,1,1,1,0,1,2,0,3,2.37,418,76,3583,1586.73,1686,FALSE,0,0,0,0,0
fab3e919735bc044a5c1498246c8d73efc8072cf,1334795034,2,2,1,0,15,4,0,1,2.85,534,127,3582,1585.76,995.5,FALSE,0,0,0,0,0
c937c797c2569b26e0bad76502b93d04bb0b34b8,1334794702,2,2,0,0,0,0,0,0,0,0,0,3581,1584.77,424,FALSE,0,0,0,0,0
0ddc40ad7f87368c469a3b63ced3468cc4433dcd,1334720346,0,0,0,0,0,0,0,0,0,0,0,3580,1585.66,0,FALSE,0,0,0,0,0
e3f6faa350046f37f16e98d61c3b02d2b1c110cf,1334720332,1,3,6,0.286555,0,107,0,1,253.13,17.83,1.5,3579,1584.66,426,FALSE,0,0,0,0,0
cc69d50c609fb3c1ef3ba4dda959b090e651fdd0,1334720275,1,6,12,0.323366,0,277,0,1,495.49,23.08,2.08,3578,1583.66,425,FALSE,0,0,0,2,1
b55eb5acf59f75ec850f9d1fa0e85850fe2a864d,1334719588,1,1,1,0,0,52,0,1,121.44,52,1,3577,1582.68,637,FALSE,0,0,0,0,0
ebabce99820fcbfddd6e946d7f51eb816fbbe0a4,1334719569,1,4,2,0.805983,2,5,1,1,272.33,20.5,0.5,3576,1581.68,424,FALSE,0,0,0,0,0
037d3490ca5e76ffbbdfbfb38fcd18025b98bd07,1334719265,1,1,1,0,0,69,0,1,59.23,69,8,3575,1580.68,423,FALSE,0,0,0,0,0
ba7bcbb0d6f439f455463754e0905a7152994a27,1334719239,1,1,1,0,4,1,1,1,25.08,29,2,3574,1579.68,422,FALSE,0,0,0,0,0
79ce6eda6f243fd8f9158f5b4453f9c32437a5eb,1334719113,1,1,1,0,12,10,1,1,121.36,40,1,3573,1578.69,636,FALSE,0,0,0,0,0
9f7c9cfc4cacbf457c905c2a5b37057a7c8e7326,1334719018,1,1,0,0,0,0,1,0,0,0,0,3572,1577.69,635,FALSE,0,0,0,0,0
5dcc4f46db0ab500bd4622708bc66e94143ae43e,1334718917,1,4,1,0,1,29,1,1,333.45,74,21,3571,1576.69,421,TRUE,0,0,0,0,0
2f542017742fecbd4cd0dbf192becf42b0635f57,1334596033,0,0,0,0,0,0,0,0,0,0,0,3570,1578.79,0,FALSE,0,0,0,0,0
e8eef6460185ea1f8e2007800f24034db7dd9c83,1334594631,1,1,0,0,0,0,1,0,0,0,0,0,0,0,FALSE,0,0,0,0,0
27b1b5e3b38c0eb90d74fd70a29d54f902a4964d,1334591596,1,1,2,0.57938,5,1,0,5,0.02,528.5,103,3569,1577.9,1684,FALSE,0,0,0,0,0
5fa2f8954282a78a7817535f43264c7d3f1af677,1334590290,1,1,2,1,4,2,0,5,0.48,527.5,102.5,3568,1576.93,1683,TRUE,0,0,0,0,0
c998b91c0939c651ae1ff933cb4ab2669179550e,1334553292,1,1,0,0,0,0,0,0,0,0,0,3567,1576.86,154,FALSE,0,0,0,0,0
5be23951701e8eca323d47aff2af07370fc4bd96,1334553231,1,1,0,0,0,0,1,0,0,0,0,3566,1575.87,153,FALSE,0,0,0,0,0
b4cd6bb8f02a9265fd7c465cd52732986b0fc0a5,1334548893,1,1,1,0,0,15,0,1,0,549,126,3565,1574.97,1682,FALSE,0,0,0,0,0
7e81cad0bf253f5b673daa2d07d5378f8f77e15d,1334548877,4,4,3,0.0902345,125,89,0,5,1.28,522.67,104.67,3564,1573.97,675.25,FALSE,0,0,0,0,1
856f3b3be681bf2c9c955455639eb5e35cc97c36,1334544175,1,4,9,0.243004,0,3590,0,1,305.99,398.89,17.11,3563,1573.09,303,FALSE,0,0,0,0,0
785ac87846416e198bd1171ae38ce8379320010d,1334541777,1,1,1,0,6,0,0,1,0.32,85,55,3562,1572.15,1680,FALSE,0,0,0,0,0
75c29bd42a809f33ff84738f93aa7acc4c955cae,1334521558,1,1,0,0,0,0,0,0,0,0,0,3561,1571.66,541,FALSE,0,0,0,0,0
221a46a3964b266fcf42a6e520ad223338a5f8e2,1334516258,1,1,0,0,0,0,0,0,0,0,0,3560,1570.79,540,FALSE,0,0,0,0,0
abe5cc7184afb4f8c47a71c17c721ca9decd2ea7,1334515231,2,2,1,0,1,1,0,3,16.79,415,72,3559,1569.82,1109,FALSE,0,0,0,0,0
12ada75cadf29e620b42b0d78ac6c623213399f2,1334514248,1,1,0,0,0,0,0,0,0,0,0,3558,1568.84,538,FALSE,0,0,0,0,0
5a74d94558c09eb06fd76c4000c720179b276fbc,1334514196,1,1,0,0,0,0,0,0,0,0,0,3557,1567.84,152,FALSE,0,0,0,0,0
d1d3f310e9553fefbaa0e00baac4256af8c3fe27,1334514100,2,2,1,0,1,1,0,1,130.74,85,54,3556,1566.84,1107.5,FALSE,0,0,0,0,0
089a83363fac3bb9111892acc613e5bd61256f59,1334514025,2,2,2,1,3,1,0,1,7.29,343.5,64.5,3555,1565.85,1155.5,FALSE,0,0,0,0,0
c28e6db428a82590a55be447931bafc43e37496b,1334513918,1,1,0,0,0,0,0,0,0,0,0,3554,1564.85,536,FALSE,0,0,0,0,0
05253272cb3faeb7659f7c147102b363aefa946b,1334333776,1,1,1,0,4,1,0,1,125.67,43,11,3553,1568.33,420,FALSE,0,0,0,0,0
12e087820c60a3b69ab28c47e3686fbb4740cca7,1334286675,2,2,2,0.251463,12,0,0,3,10.05,360.5,71,3552,1568.5,1154.5,FALSE,0,0,0,0,0
8dc001567ba1c2cabbb8603cc6e7b5c00eba1648,1334285213,2,2,2,0.57938,0,60,0,3,78.23,338,69.5,3551,1567.54,1153.5,FALSE,0,0,0,0,0
9af3256f727cbfe81a3aab47a73dd746f652ed88,1334201241,1,1,1,0,19,0,0,1,18.38,135,5,3550,1568.63,631,FALSE,0,0,0,0,0
cdd333a2e02c66c820e5e8a4727364f21d1b9e87,1334180128,1,1,0,0,0,0,0,0,0,0,0,3549,1568.16,535,FALSE,0,0,0,0,0
aa4ec8f3e23e72736ea8c07785a5f72e1ae9db42,1334177768,3,4,3,0.734496,3,2,1,2,52.96,65,7.67,3548,1567.22,527.667,TRUE,0,0,0,0,0
5ea78cf25977e5a9128d1499b173f56620b19a43,1334177441,1,1,1,0,1,0,0,2,0.04,20,2,3547,1566.22,629,FALSE,0,0,0,0,0
600eaea2d175e384f1bfa4383687dab55ecff49a,1334173758,1,1,1,0,1,1,1,1,115.08,20,1,3546,1565.32,628,FALSE,0,0,0,0,0
81b15833f797533437009d53621be0c3f9e298a3,1334170980,1,1,0,0,0,0,0,0,0,0,0,3545,1564.39,533,FALSE,0,0,0,0,0
9abc22155965334145b27873ae8101e71e16cfc1,1334168249,1,1,0,0,0,0,0,0,0,0,0,3544,1563.45,532,FALSE,0,0,0,0,0
7048be2830d68b7c8934d18d8db8aabf401284bf,1334168232,1,1,1,0,5,1,0,1,52.87,117,20,3543,1562.45,418,FALSE,0,0,0,0,0
91eb27513a8350feb38dddfa31950eabe1849fa8,1334164092,1,1,0,0,0,0,0,0,0,0,0,3542,1561.56,531,FALSE,0,0,0,0,0
04f0682439d1be3bfba24171dad51af9d77a3f4f,1334163463,2,2,0,0,0,0,0,0,0,0,0,3541,1560.57,351.5,FALSE,0,0,0,0,0
36bab5408d41b6708f05e8bc5d0a8c30be561305,1334163432,2,2,1,0,0,44,0,1,390.03,44,6,3540,1559.57,350.5,FALSE,0,0,0,0,0
c483dab4b8ba14149c9ddff831b2b2ac68457398,1334162689,1,1,0,0,0,0,0,0,0,0,0,3539,1558.59,151,FALSE,0,0,0,0,0
f1d759f27934e33fb494c7a8a9b5fd0c2f45a241,1334158365,0,0,0,0,0,0,0,0,0,0,0,3538,1557.7,0,FALSE,0,0,0,0,0
4c1afb29849e81c2f5202fe7e19f84048c765dab,1334152454,1,1,0,0,0,0,0,0,0,0,0,1,1,1,FALSE,0,0,0,0,0
db9b2bfbe1d1e3e46d11255da5dbb63b5371f0f1,1334151780,1,1,0,0,0,0,0,0,0,0,0,0,0,0,FALSE,0,0,0,0,0
377677cf30ca2234a65f20d6f905c9893d2fb91c,1334085591,0,0,0,0,0,0,0,0,0,0,0,3537,1558.49,0,FALSE,0,0,0,0,0
24a4e95ffe5b7d1085e4739cd55b288c2344971f,1334085574,2,2,2,0.771862,42,11,0,3,79.93,329,69.5,3536,1557.49,1150.5,FALSE,0,0,0,0,0
8fdd9e967aee1e3fdb65bdfba235d103deec5198,1333641256,0,0,0,0,0,0,0,0,0,0,0,3535,1567.5,0,FALSE,0,0,0,0,0
acfa6a692e1f57c807444d9187e3b0089558a451,1333640276,1,1,1,0,1,1,0,1,254.65,1807,105,0,0,0,FALSE,0,0,0,0,0
67ca22b6e4b2daa68f385f39385bd9efcc6e979b,1333567825,2,2,2,0.141182,9,1,0,1,73.88,295,63,3534,1568.34,1149.5,FALSE,0,0,0,0,1
ba413ee98d112f4d34489401aad21cc29dbba4dd,1333554192,1,1,1,0,1,0,0,3,11.61,635,137,3533,1567.68,1672,FALSE,0,0,0,0,0
acc0e934cb8b6ba7977d360c3194c603067fcae9,1333422830,1,1,1,0,3,3,0,1,0,45,8,3532,1569.97,417,FALSE,0,0,0,0,0
1d485840fd113e54e5d89b090ebcb6fea01eb6cc,1333422811,1,1,1,0,3,3,0,1,0.01,45,7,3531,1568.97,416,FALSE,0,0,0,0,0
dcb147608a79ddb9225cbf3b9f8cc0c9edd208c5,1333422073,1,1,1,0,1,1,0,1,0,45,6,3530,1567.99,415,FALSE,0,0,0,0,0
ddf24d1fd6f6389e38ee69d20f800d6a46c18130,1333422053,1,1,1,0,2,0,1,1,44.21,43,5,3529,1566.99,414,FALSE,0,0,0,0,0
e3e7d0def6b26333965b5a55b43d9f34d25b2bb2,1333419678,2,2,1,0,1,1,0,1,54.26,79,51,3528,1566.05,1099.5,FALSE,0,0,0,0,0
886d7e6903638a9d992e1f51f1521a0cf8b9a391,1333407638,0,0,0,0,0,0,0,0,0,0,0,3527,1565.35,0,FALSE,0,0,0,0,0
2079ccbf42a6f6795a0755461591709f573a3766,1333407623,1,1,1,0,4,3,0,1,0,45,2,3526,1564.35,625,FALSE,0,0,0,0,0
5ec88b0f6cbb8773ef56b2dc883528661a716842,1333407418,1,1,1,0,1,1,0,1,144.11,45,1,3525,1563.35,624,FALSE,0,0,0,0,0
b0bcd27124cbb55f17ad79cd129adf4428a6a075,1333407400,1,1,1,0,0,66,0,1,144.11,66,2,3524,1562.35,623,FALSE,0,0,0,0,0
4dfee21e9146fe9dd5f7ceb837d0160f28b35b05,1333407381,1,1,1,0,0,43,0,1,144.12,43,1,3523,1561.35,622,FALSE,0,0,0,0,0
18fa2c9c7d032eedb9074953a264ff224bf3167e,1333407259,1,1,1,0,0,1,1,1,0,533,122,3522,1560.36,1670,FALSE,0,0,0,0,0
04d43d60b780084626ebc71cada17afcc6f15e3c,1333406830,2,2,2,0.377073,16,1,1,1,91.49,337,63.5,3521,1559.37,1145,FALSE,0,0,0,0,0
419731ec4133ad8fb969dc9a888d2a8550ed607e,1333406646,1,1,1,0,0,2,0,1,144.04,83,79,0,0,0,FALSE,0,0,0,0,0
082ba8808444db23b96ab87c1dfaf71642070047,1333406464,1,1,1,0,16,16,0,1,0.02,538,26,3520,1558.38,620,FALSE,0,0,0,0,0
09a8474521fa00c918e54d82ba69adad678c1138,1333406360,1,1,2,0.888497,26,24,0,2,0.02,185.5,30.5,3519,1557.38,1668,FALSE,0,0,0,0,2
6d323d3ff7788a5442716c27695c8442d47a4737,1333404905,1,1,1,0,12,0,0,1,50.28,526,25,3518,1556.42,619,FALSE,0,0,0,0,0
c4e003518aed19a43f471d1de48cb508dd52839c,1333404591,0,0,0,0,0,0,0,0,0,0,0,3517,1555.42,0,FALSE,0,0,0,0,0
9e251d14afb61f8e8c3e6a77dbb498b1ce9ff343,1333404579,1,1,2,0.570071,0,158,0,1,61.35,236,28,3516,1554.42,1667,FALSE,0,0,0,0,0
9abba7d69a2d7222817b4535357cc9615de9a322,1333404461,1,1,1,0,0,1,0,1,0,255,24,3515,1553.43,1666,FALSE,0,0,0,0,0
0377540e2dd7eeba93775a30f6d362a5217c0a6a,1333404445,1,2,2,0.87387,48,40,0,2,29.71,152,17.5,3514,1552.43,1665,TRUE,0,0,0,0,4
e6a15f66fc97e499f1d7ba3458509f44e856ed0f,1333145954,0,0,0,0,0,0,0,0,0,0,0,3513,1557.79,0,FALSE,0,0,0,0,0
1787fd1b525a2abb626a335754556a090c77bca1,1333145111,1,1,1,0,2,2,0,1,127.08,37,1,0,0,0,FALSE,0,0,0,0,0
54c3d5c113de15b966bb332e30a009ba60dedc14,1333064372,2,2,2,0.734496,7,3,0,3,0,223.5,35.5,3512,1558.81,1141,TRUE,0,0,0,0,0
6d0f9a37a260549c3421b1a291deb2a7527760b7,1333064196,2,2,2,0.47756,3,11,0,3,0.01,227.5,35,3511,1557.81,1140,TRUE,0,0,0,0,0
60dac4d2ff22105eefe703f8f6d6d4fa4d3808e4,1333063636,0,0,0,0,0,0,0,0,0,0,0,3510,1556.83,0,FALSE,0,0,0,0,0
dd468fbe9aae9d69ddf629764a424caa828f6289,1333063619,2,2,2,0.554579,59,0,0,3,0,198,34.5,3509,1555.83,1139,TRUE,0,0,0,0,0
04ecf04832465ae8cf62a6ab1441ff6a20b15574,1333063064,1,1,1,0,5,3,0,3,5.19,394,68,3508,1554.84,1661,FALSE,0,0,0,0,0
6d45616a7aaa22f066670c7152abe0dc225f6362,1333036728,0,0,0,0,0,0,0,0,0,0,0,3507,1554.49,0,FALSE,0,0,0,0,0
06d2016ee78a181a0de0b52f1a76f5e61957c627,1332989006,1,1,1,0,1,2,0,1,34.97,421,53,1,0.49,1,FALSE,0,0,0,0,0
984bfadcdd67324b270022d4e929b6f5b04f6d54,1332862469,0,0,0,0,0,0,0,0,0,0,0,3506,1557.79,0,FALSE,0,0,0,0,0
f79f3f8b22a74fe5cafcba4fca52f2035dd97ddf,1332861108,1,1,0,0,0,0,0,0,0,0,0,0,0,0,FALSE,0,0,0,0,0
ba570a9842ee100215e9e970f2083451f54a7b9a,1332614546,1,1,1,0,3,3,0,3,0,394,67,3505,1562.95,1660,FALSE,0,0,0,0,0
365a98d00f19d950ad3e197d856d1a2f84443636,1332614387,1,1,1,0,16,14,0,3,0,392,66,3504,1561.96,1659,FALSE,0,0,0,0,0
4e2677fe2c1ba0b34ff6babf14f52e02252fefe6,1332614246,1,1,1,0,4,3,0,3,0.73,391,65,3503,1560.96,1658,FALSE,0,0,0,0,0
d6d16b7899a61cf6772f9d05f1f6bf71a1e7d739,1332614212,2,2,3,0.25544,41,2,0,1,0.25,161.67,9.33,3502,1559.96,1136,FALSE,0,0,0,0,1
86a9e0803aaea5fc4a82b8d4c5dd6eee0941b0c7,1332613948,2,2,2,0.56034,26,51,0,1,43.86,199.5,13,3501,1558.97,1135,FALSE,0,0,0,0,0
fdf96922b51f0ee60db0b05b0380cc04f4cfa74c,1332612833,1,1,1,0,18,0,0,1,46.28,117,4,3500,1557.99,613,FALSE,0,0,0,0,0
d396761f76493db467cb1e74a35929ce9d7a7ac3,1332552150,1,1,1,0,6,24,0,1,97.09,47,1,3499,1558.5,413,TRUE,0,0,0,0,0
711519361c6f250c351503962ce96910896857f4,1332551472,1,1,1,0,4,4,1,1,33.98,34,6,3498,1557.52,412,FALSE,0,0,0,0,0
e4827b8d8941126b6de3da5249a1f660397f8388,1332550999,1,1,1,0,7,1,0,3,0,385,64,3497,1556.53,1655,FALSE,0,0,0,0,0
7ec7cb94f9ca9571cba18440138a2c8488ab098b,1332550748,0,0,0,0,0,0,0,0,0,0,0,3496,1555.53,0,FALSE,0,0,0,0,0
43b35a4ae02de2e662c9fe4f090b577abf7a8cdd,1332550695,2,2,5,0.24441,146,41,0,5,49.34,273.4,41.4,3494,1553.54,1132,FALSE,0,0,0,0,0
298899d02c5ddcf59775d4f3417436872c1dca02,1332550695,2,2,5,0.24441,146,41,0,5,49.34,273.4,41.4,3495,1554.54,1133,TRUE,0,0,0,0,0
585039f487fe47944db008c95945c89dccf581d6,1330984101,0,0,0,0,0,0,0,0,0,0,0,3493,1592.24,0,FALSE,0,0,0,0,0
de4bc808a4fdd32bb2f531d604aa7bb6ee187399,1330983314,1,1,1,0,10,1,0,1,307.2,70,3,0,0,0,FALSE,0,0,0,0,0
a7a8dcd61730e37e1fd8d64be276ed4359e839a6,1330560699,1,1,0,0,0,0,0,0,0,0,0,3492,1602.36,150,FALSE,0,0,0,0,0
bdf0b26a12416dcf339a587b08c159e9a058bf3f,1330560635,1,1,0,0,0,0,0,0,0,0,0,3491,1601.36,149,FALSE,0,0,0,0,0
73e87b6a2e36e9a231d14dea515e44b0e472e27f,1330399887,1,1,0,0,0,0,0,0,0,0,0,3490,1604.62,527,FALSE,0,0,0,0,0
ac3d002cb25bd0880654517ec584a866eb7e71fc,1330286209,1,1,1,0,16,0,0,1,81.85,56,2,3489,1606.64,610,TRUE,0,0,0,0,0
ada2d0c627363b782c4c1742e74d417a59d6c933,1330285943,1,1,1,0,38,0,0,1,0,70,2,3488,1605.65,609,TRUE,0,0,0,0,0
286d3a1ff8af6ecac1075decd482f5bdaff2c778,1330285832,1,1,1,0,26,0,0,1,0,44,1,3487,1604.65,608,TRUE,0,0,0,0,0
937f01a2256c714aa1a78ff52f941b81bcf5d047,1330285604,1,1,1,0,44,0,0,0,0,0,0,3486,1603.66,607,TRUE,0,0,0,0,1
c9559e03daec8a86cec7e003c085c8dcaa88cd2d,1330061717,1,1,0,0,0,0,0,0,0,0,0,3485,1608.62,526,FALSE,0,0,0,0,0
d115798d5b1c10f7540e7a6db21d194c94595b37,1330061688,1,1,1,0,1,0,0,1,1.52,528,120,3484,1607.62,1652,FALSE,0,0,0,0,0
b6ee5fafd0d6c79cf7df5560cb324ebee4fe3a7f,1330058990,1,1,1,0,3,1,0,1,596.19,2,1,3483,1606.69,525,FALSE,0,0,0,0,0
533b31237ccdcb438635b897fa6dafb4a3274b91,1330023594,1,1,1,0,9,6,0,3,0,662,135,3482,1606.63,1651,FALSE,0,0,0,0,0
812a470122cad1fc6904a29307d00e881bb26239,1330023537,1,1,1,0,2,0,0,3,0,660,134,3481,1605.64,1650,FALSE,0,0,0,0,0
eb3105ef25483b227b25c7cc36b6a87ad9e0dc69,1330023486,2,2,2,0.5583,97,42,0,3,0.62,354.5,67.5,3480,1604.64,1127.5,TRUE,0,0,0,0,0
ffcaa04d2c80696234c83eb756fb09bc8d59f65f,1329969592,2,2,2,0.734496,5,5,0,3,0.7,354.5,67,3479,1605.07,1126.5,TRUE,0,0,0,0,0
a47660ba67b3dc8356f25c4fd47a6a774b150159,1329969516,2,2,2,0.15876,10,8,0,3,9.8,441.5,68.5,3478,1604.07,1125.5,FALSE,0,0,0,0,0
e2291184dc3673f092fe8f5df1c2094b7b1ede60,1329967764,1,1,1,0,1,1,1,1,13.24,421,52,3477,1603.12,1646,FALSE,0,0,0,0,0
4e332452b790e4f29f39df1e49c7bc3ff2711eac,1329957373,2,2,2,0.47265,60,0,0,3,7.67,180.5,31,3476,1602.4,1124,FALSE,0,0,0,0,0
e2f43df5e9d324402a3db081f90e77d35c744f49,1329930299,1,1,1,0,1,4,0,1,6.03,531,119,3475,1602.12,1644,FALSE,0,0,0,0,0
1515d53f55173dd0b42031d2debb4e2cb02ed4b3,1329929869,0,0,0,0,0,0,0,0,0,0,0,3474,1601.13,0,FALSE,0,0,0,0,0
c92c10d8fffe08b59f5482624b395c45c8ed0633,1329905016,1,1,1,0,2,2,1,3,53.44,323,21,0,0,0,FALSE,0,0,0,0,0
141929cd6e817deba43dadc6c1a93889a55bd279,1329848600,1,1,1,0,4,4,0,1,0.04,80,3,3473,1602.28,602,FALSE,0,0,0,0,0
ec03968bd4e7884b5c1e5f82a29b850058ae1178,1329845405,1,1,1,0,6,2,0,1,2.67,76,2,3472,1601.37,601,FALSE,0,0,0,0,0
a21435cb053e43bd1157244184f666e2d5c315df,1329615467,2,2,2,0.665028,38,86,0,1,71.09,54,2.5,3471,1606.49,505.5,TRUE,0,0,0,0,0
bdfa6d1fe79dc6e5c9589df7585d97a2adb3c46a,1329614582,2,2,2,0.288282,14,2,0,3,0.01,345.5,65,3470,1605.52,1121,FALSE,0,0,0,0,0
b565e258cb4b2f59f5062515f2289cd312679843,1329614020,2,2,3,0.547549,148,6,0,3,32.48,241.33,48.67,3469,1604.53,1120,TRUE,0,0,0,0,0
892b605ab5b6128148bbdf769d1856477f7aeb26,1329608107,1,1,0,0,0,0,0,0,0,0,0,3468,1603.69,148,FALSE,0,0,0,0,0
4d99352526166bb83578e2ea414c082b9fa65db5,1329608074,0,0,0,0,0,0,0,0,0,0,0,3467,1602.69,0,FALSE,0,0,0,0,0
cbf0eaa4295b51fffca36bf222869bd088986472,1329606056,1,1,0,0,0,0,0,0,0,0,0,0,0,0,FALSE,0,0,0,0,0
80e16c8ca342b361fe763b9ebaef4e3c6efe8f88,1329603249,1,1,1,0,1,3,0,1,62.15,38,15,3466,1601.82,410,TRUE,0,0,0,0,0
0ae024afa8bb745ca778aeedf574fc39bc862470,1329602805,0,0,0,0,0,0,0,0,0,0,0,3465,1600.83,0,FALSE,0,0,0,0,0
73caacbd42dcbbc0352250e64a1b26b8ea5afa74,1329602801,2,2,2,0.847128,0,45,0,3,62.17,22.5,3.5,3464,1599.83,503,FALSE,0,0,0,0,0
b667bda8f2adc1cd64b3d2c4c161781f502c408c,1329602782,1,1,1,0,1,1,0,2,0,78,3,3463,1598.83,596,FALSE,0,0,0,0,0
463e38cf67a16098ce7728524ae89b043face14b,1329602757,1,1,1,0,6,6,0,2,0,78,2,3462,1597.83,595,FALSE,0,0,0,0,0
83c8d65e3dce469d6f50c9ae0a1687d6ab0d287c,1329602705,1,1,2,0.423935,16,11,0,2,34.61,83,2.5,3461,1596.83,594,FALSE,0,0,0,0,0
9548e7d1e21e32b8334fdf7457dd3b7909a50d19,1329602665,1,1,1,0,0,12,0,1,62.2,12,1,3460,1595.83,593,FALSE,0,0,0,0,0
ee290d82d1e3d80557597ca9e157c02e20988324,1329602651,1,1,1,0,23,9,1,1,69.22,78,3,3459,1594.83,592,FALSE,0,0,0,0,0
b75bb003bdabe5f4e21c795792ec0ff7e5ce706a,1329602076,2,2,1,0,1,2,1,2,62.17,44,4,3458,1593.85,466,TRUE,0,0,0,0,0
6c2194fdb48f6a0ad2a5cebab6d4428f1f7e62d5,1329601951,1,1,1,0,3,5,0,2,62.2,17,6,3457,1592.85,407,TRUE,0,0,0,0,0
da61d8b6398059daefa6c33b1fb57952694c537c,1329601922,1,2,1,0,1,1,1,1,274.23,113,15,3456,1591.85,406,FALSE,0,0,0,0,0
863ba199f6825fbc114a7c964a2863cf00ba4d4c,1329601748,1,1,1,0,1,1,0,2,62.21,69,7,3455,1590.86,405,FALSE,0,0,0,0,0
161ebb354fcf806f5570bfb2793b5c691492c55f,1329601712,1,2,1,0,0,46,0,1,274.22,46,11,3454,1589.86,404,FALSE,0,0,0,0,0
1516ebf7f94b44254171691d1e86c6a9b34c4b1a,1329601582,1,1,1,0,1,2,0,2,62.21,96,18,3453,1588.86,403,FALSE,0,0,0,0,0
2820f2227de0229c5d7f28009aa432f9f3a7b5f9,1329601544,1,1,1,0,3,5,1,2,62.22,46,10,3452,1587.86,402,FALSE,0,0,0,0,0
a078f5f5c17d5008bec7b9309861eae22b1dd1a4,1329601304,1,1,1,0,3,0,0,2,0,47,17,3451,1586.87,401,FALSE,0,0,0,0,0
d0a83053d3abdb9396c1cdd391846953c28dd5d3,1329601270,1,6,3,0.780639,17,7,1,2,159.33,66.67,5.67,3450,1585.87,400,TRUE,0,0,0,0,0
b6bc01abde3ad712f0412993abde460a7afa2144,1329600536,1,4,2,0.0207032,0,60,1,2,69.19,49,7.5,3449,1584.89,399,FALSE,0,0,0,0,0
196a1eb6adea89bc95c0d4d401f9aa2a666800be,1329600023,1,1,1,0,2,1,0,2,0,116,19,3448,1583.9,398,TRUE,0,0,0,0,0
593271f536b672019f27d8c34c6b749dc8aaf4ac,1329599880,1,1,1,0,1,7,0,2,0,122,18,3447,1582.91,397,TRUE,0,0,0,1,0
0f24f715bad686beb591d194888ee0a45253f0f3,1329599777,1,2,1,0,8,8,0,2,69.18,122,17,3446,1581.91,396,TRUE,0,0,0,0,0
6368ab49b483d3dff34973485cd5398cf898cc58,1329598762,1,1,0,0,0,0,0,0,0,0,0,3445,1580.93,147,FALSE,0,0,0,0,0
16b6a64ef9560e2919d944f19c3b7b4c5943d9f1,1329598216,1,1,0,0,0,0,0,0,0,0,0,3444,1579.95,146,FALSE,0,0,0,0,0
e46431ee0eb4d403a2dd611095a391abe27c0ee2,1329598051,1,1,0,0,0,0,0,0,0,0,0,3443,1578.95,145,FALSE,0,0,0,0,0
2e4cf0aa5c7c2130ec1fcd4443d88fb8b0fb062e,1329597996,1,1,0,0,0,0,0,0,0,0,0,3442,1577.95,523,FALSE,0,0,0,0,0
3f8a7f05e84112e016476f1de549c0874fca518b,1329597986,1,1,0,0,0,0,0,0,0,0,0,3441,1576.95,522,FALSE,0,0,0,0,0
3360613bcd71b2d719428f7eb4058196f2b67e0c,1329597715,0,0,0,0,0,0,0,0,0,0,0,3440,1575.96,0,FALSE,0,0,0,0,0
f8a9cbe0745478a806da1311b5d36dc69255af51,1329597684,1,1,2,1,82,0,0,0,0,0,0,3439,1574.96,591,FALSE,0,0,0,0,0
15f2e0c899c488544113a7b27762ba7b3929b0ae,1329496959,0,0,0,0,0,0,0,0,0,0,0,3438,1576.56,0,FALSE,0,0,0,0,0
6518e746c19608956781a319697a95f0de62cd18,1329409079,1,1,1,0,1,2,0,1,6.78,532,118,3437,1577.83,1641,FALSE,0,0,0,0,0
bc81e7441c7f8b25b3f5c6ee1436963bd6dfaa73,1329157754,0,0,0,0,0,0,0,0,0,0,0,3436,1583.35,0,FALSE,0,0,0,0,0
78b874e881998891d0caf869853f53e0d548aef4,1329061427,1,1,0,0,0,0,0,0,0,0,0,1,0.91,0,FALSE,0,0,0,0,0
38b046d6ad86530412a602bb07de8275ff63886f,1329060392,1,1,1,0,18,1,0,1,92.72,509,24,1,1,0,FALSE,0,0,0,0,0
28d7750eda15594a551ce834c16c168f55bca502,1329060201,1,1,1,0,3,2,0,2,178.69,88,12,0,0,0,FALSE,0,0,0,0,1
e5fc85bddc1ddd709d2ec1b89e9bc26319d9398f,1328823633,1,1,1,0,1,1,1,1,0.02,421,51,3435,1591.11,1640,FALSE,0,0,0,0,0
2a40571118090d04ee7900ce91c93167f2b39778,1328822961,1,1,1,0,3,0,1,1,2.42,529,117,3434,1590.12,1639,TRUE,0,0,0,0,0
f1aa57c57e145689075b6e75577abbd8c2208940,1328822145,1,1,1,0,1,0,1,1,0,420,50,3433,1589.15,1638,FALSE,0,0,0,0,0
0b876ece41de561ea608aa69445eb925ef259a92,1328821933,1,1,1,0,4,0,1,1,2.2,416,49,3432,1588.15,1637,TRUE,0,0,0,0,0
ca0bd1a0b508575fbf1883b7532695538ec84f8d,1328818471,1,1,0,0,0,0,1,0,0,0,0,3431,1587.24,521,FALSE,0,0,0,0,0
2d31b5df3412faef671f50bdf66fbb80eb267b53,1328734230,1,1,0,0,0,0,0,0,0,0,0,3430,1588.45,520,FALSE,0,0,0,0,0
5c50e3a58cc99c6e0992416dbb465525a484a891,1328731554,3,3,1,0,1,1,0,1,2.08,79,50,3429,1587.52,766.333,FALSE,0,0,0,0,0
508e8cc64e7f4051b860a8e7d3b85f26ea2ebf59,1328731491,1,1,0,0,0,0,0,0,0,0,0,3428,1586.53,518,FALSE,0,0,0,0,0
10f7ca0ebfcbacb4f39cb2e75026a2804aa35d02,1328731405,1,1,0,0,0,0,0,0,0,0,0,3427,1585.53,517,FALSE,0,0,0,0,0
85d696487459047a7da192ce672a3034fb917f58,1328632328,2,2,2,0.912242,10,22,0,3,0.08,206,30.5,3426,1587.13,1112.5,TRUE,0,0,0,0,0
76fd462bcc13ccf719cba8dd1512c56a3858ab5c,1328632227,2,3,4,0.212582,5,82,0,3,53.33,318.5,46.5,3425,1586.13,1111.5,TRUE,0,0,0,0,0
c44f01879fdb800a00f305ba08171b74f8550a79,1328632120,1,1,1,0,13,13,0,3,0.01,576,127,3424,1585.13,1633,TRUE,0,0,0,2,0
fe27989a694ac441af21a59bbe96145b67c01aed,1328631940,1,1,1,0,1,1,0,3,0,364,60,3423,1584.14,1632,FALSE,0,0,0,0,0
b04f3eeede36059785d8a626d76602bcd532db47,1328631898,1,1,1,0,2,1,0,3,0,363,59,3422,1583.14,1631,FALSE,0,0,0,0,0
6ab61d023f6b46dbfd9c335c97af067aaece6077,1328631692,1,1,1,0,1,1,0,3,0,363,58,3421,1582.14,1630,FALSE,0,0,0,0,0
4d87efc771265622dd8ccb1d5aceb94ad1fa3306,1328631570,2,2,4,0.364459,25,16,0,5,15.32,315.75,45.25,3420,1581.15,1108.5,TRUE,0,0,0,0,0
e47d3682394dbf6a4ff3f1897d0b8e5d9d9b9baa,1328619338,1,1,0,0,0,0,0,0,0,0,0,3419,1580.46,516,FALSE,0,0,0,0,0
5b1235addc55c2b23b66ebfe4f5fdc49c3b93243,1328619307,1,1,0,0,0,0,0,0,0,0,0,3418,1579.47,515,FALSE,0,0,0,0,0
8c2c1240e13c1a41832ec772c9dedc8aa44aac03,1328619000,1,1,1,0,0,26,0,3,0,386,56,3417,1578.47,1628,FALSE,0,0,0,0,0
27e696b7b17b0784c389f1063ca9ff45b9b6bedb,1328618952,2,2,2,0.507374,21,9,0,3,0,211,27.5,3416,1577.47,1107,FALSE,0,0,0,0,0
bfba98f5320489770a316a1eab80244c9522fd50,1328618871,2,2,2,0.405639,43,9,0,3,0,194,27,3415,1576.48,1106,FALSE,0,0,0,0,0
8de3ad50b2618b05a84ab29f24b08637f1f91c6e,1328618615,1,1,1,0,2,5,0,3,0.05,579,125,3414,1575.48,1625,FALSE,0,0,0,0,0
2ba343d2b5739384a767e0cf46f22d357f43d8de,1328618350,2,2,2,0.306908,91,0,0,3,19.28,185,26.5,3413,1574.49,1104.5,FALSE,0,0,0,0,0
ff92afa557140d4bb8b87bda723c4fa92ab311d3,1328614234,2,2,3,0.262364,67,5,0,3,47.56,387.67,76.67,3412,1573.6,1103.5,TRUE,0,0,0,1,0
c3c0fb95a840aa7322d20a7c51b4c61221d71333,1328551979,2,2,2,0.181188,15,1,1,1,9.36,273,58,3411,1574.21,1102.5,FALSE,0,0,0,0,0
bb56a094bbfce6e42fc65691e644b0c4844b5dab,1328551669,1,1,1,0,21,0,0,0,0,0,0,3410,1573.21,582,FALSE,0,0,0,0,0
9bcb46848b6956d3ce581fcdf9748d552d8cdc32,1328551507,0,0,0,0,0,0,0,0,0,0,0,3409,1572.22,0,FALSE,0,0,0,0,0
5c962ba27b19c09bde1b17a4c5f39121be6eba5f,1328551473,3,3,1,0,1,1,0,1,23.77,79,49,3408,1571.22,759.333,FALSE,0,0,0,0,0
4363b20186af5191caa8ce017e063d018823c1f8,1328415216,1,1,1,0,20,0,0,2,103.27,825,33,0,0,0,FALSE,0,0,0,1,0
77645bcc93fcc12a2dca41fd94855e936848b35d,1328339321,1,1,1,0,1,2,1,1,170.61,583,42,0,0,0,FALSE,0,0,0,0,0
22119431709394ea1e45bedc3f297611c9cac7d1,1328068118,2,2,1,0,0,13,0,1,32.2,13,1,3407,1582.78,327.5,FALSE,0,0,0,0,0
b0a66fe6c96b10f2bf8119a6a268b81fb092f54a,1327964996,0,0,0,0,0,0,0,0,0,0,0,3406,1584.48,0,FALSE,0,0,0,0,0
e8dd0a12672ab6a89ec8f2723393a660e5b4fe94,1327962597,1,1,0,0,0,0,0,0,0,0,0,0,0,0,FALSE,0,0,0,0,0
4eb8bc0857309c028578d13b077db192cd833ff0,1326935860,0,0,0,0,0,0,0,0,0,0,0,3405,1611.02,0,FALSE,0,0,0,0,0
fa51cb8d63cd8790b80d496140692dacb2d50929,1326935670,1,1,1,0,1,2,0,1,19.09,526,114,0,0,0,FALSE,0,0,0,0,0
706dec93a44c1b52291176f07afaa90f08872c4c,1326822709,1,1,0,0,0,0,0,0,0,0,0,3404,1613.12,512,FALSE,0,0,0,0,0
7a329204485b5f0173b0763ad9b800b9ceb0e4ec,1326822699,0,0,0,0,0,0,0,0,0,0,0,3403,1612.12,0,FALSE,0,0,0,0,0
57a3899c1dea22d93b33fef0cccf3c600f2180c6,1326822687,1,1,0,0,0,0,0,0,0,0,0,3402,1611.12,511,FALSE,0,0,0,0,0
374d159e0e5d3b845ae127c4e49b67563c23db24,1326822542,1,1,0,0,0,0,0,0,0,0,0,3401,1610.12,510,FALSE,0,0,0,0,0
4f5a41b84f03185b7388d5a16b6fdd3fbe6203b2,1326773768,1,1,0,0,0,0,0,0,0,0,0,3400,1610.45,509,FALSE,0,0,0,0,0
9dd7b7b63ac5ab1a9923a63e3cff8a94cbe1c86a,1326497876,2,2,1,0,1,1,0,1,5.13,79,48,3399,1617.01,1064,FALSE,0,0,0,0,0
ba80b7ba97a966a0b2836c20354fccf35cd4e134,1326492390,1,1,0,0,0,0,0,0,0,0,0,3398,1616.16,507,FALSE,0,0,0,0,0
a2f380fdd6a0c7aeed83e27312e21cfbd8604b25,1326071290,0,0,0,0,0,0,0,0,0,0,0,3397,1626.84,0,FALSE,0,0,0,0,0
301085e5102e07b2fb6026ca52335caa3a380716,1326071003,1,1,0,0,0,0,0,0,0,0,0,0,0,0,FALSE,0,0,0,0,0
45bb4aff0972cbe98448a97a8463f803d7bd553f,1326054708,3,3,1,0,1,1,0,1,6.17,79,47,3396,1626.3,755.333,FALSE,0,0,0,0,0
bb14a86e1721e1fb18388123900cd59b09e558a8,1326054635,0,0,0,0,0,0,0,0,0,0,0,3395,1625.31,0,FALSE,0,0,0,0,0
1773681ef8c518595b617d770b27971370c00829,1326023067,1,1,1,0,19,16,0,1,143.59,457,62,0,0,0,FALSE,0,0,0,0,0
af5b64a434b07d55523fd09141c17dad5eb9b18e,1325863943,0,0,0,0,0,0,0,0,0,0,0,3394,1629.64,0,FALSE,0,0,0,0,0
fa088e37bce28ba6705eb69951fc8cebe22b2cc6,1325860777,1,1,1,0,1,2,0,1,8.82,417,47,0,0,0,FALSE,0,0,0,0,0
2ac612f14d0c06f3cc45abed9e0d42a434e23f8c,1325522021,3,3,1,0,1,1,0,1,2.71,79,46,3393,1638.3,754.333,FALSE,0,0,0,0,0
20570fc80ddb975eb2ec0032e58bbca65714931c,1325521985,1,1,0,0,0,0,1,0,0,0,0,3392,1637.3,139,FALSE,0,0,0,0,0
613bdc91e57428d963f541858bf0f0e7eaffda7c,1325521720,0,0,0,0,0,0,0,0,0,0,0,3391,1636.31,0,FALSE,0,0,0,0,0
92c1c953dc6cfad962d685fd3d75930c920d4974,1325287870,2,2,1,0,1,1,0,1,20.18,79,45,3390,1641.96,1060.5,FALSE,0,0,0,0,0
8b372b3faa9033506dc8e66514a6bf4a6cf8516c,1325287800,1,1,1,0,1,1,1,3,135.08,1126,125,3389,1640.96,581,FALSE,0,0,0,0,0
da3a743c1b7dc4027174d05a01fe1a405fd2909c,1325287761,1,1,1,0,9,7,1,3,115.05,321,20,3388,1639.97,1616,FALSE,0,0,0,0,0
edfe50e71398732c339f67a9c18eb8da6b88eb3b,1325286651,2,2,3,0.222476,3,33,0,3,0.73,342,54.33,3387,1639,1097.5,FALSE,0,0,0,0,0
26fb403cedcfe02dd24a82bc08d367beac5022e1,1325286281,1,1,1,0,8,6,1,3,0,381,51,3386,1638.01,1614,FALSE,0,0,0,0,0
014fb464492848d5892e6f77432c0a3be8404ca9,1325286094,3,3,4,0.194062,140,1,0,3,5.52,95.25,12.5,3385,1637.01,898.333,TRUE,0,0,0,0,0
144a88b109a476c75351fd4a935206281de743a3,1325099398,1,1,1,0,0,17,0,1,0.01,559,112,3384,1641.34,1612,FALSE,0,0,0,0,0
34c0d2509a007e162efdac7ef68f03dac287fd85,1325099266,1,1,1,0,1,0,0,1,0,52,2,3383,1640.34,578,FALSE,0,0,0,0,0
a12a9e3fd98a55e036d3a6a39bdb6787164b6b79,1325099030,2,2,2,0.187793,29,2,0,1,0.01,221,23,3382,1639.35,1094,FALSE,0,0,0,0,0
8df73f3d838089204717092a591122e982fb903a,1325098665,1,1,1,0,19,19,0,1,0,415,45,3381,1638.36,1610,FALSE,0,0,0,0,0
6dac874ff47013ff1795ab3c0027ec7248051aca,1325098511,2,3,4,0.188197,30,3,0,1,9.49,284.25,38.75,3380,1637.36,1092.5,TRUE,0,0,0,0,0
81d25f6861ad5477971fbd855480df6ffe988c75,1325096110,0,0,0,0,0,0,0,0,0,0,0,3379,1636.43,0,FALSE,0,0,0,0,0
c0c1975da6998d7b638b09e271f711841250dde4,1325096097,1,2,2,0.310917,12,8,0,1,29.94,484.5,72,3378,1635.43,1608,FALSE,0,0,0,0,0
09c9537381b84f7786113666a41879b22e89b28f,1325092518,1,1,0,0,0,0,0,0,0,0,0,3377,1634.53,138,FALSE,0,0,0,0,0
9cf18007312539843b944aefbba93787146c4c0c,1325092496,0,0,0,0,0,0,0,0,0,0,0,3376,1633.53,0,FALSE,0,0,0,0,0
0d0fd347abd9ba6cc7f6002b56ae1630aa746f3d,1325064413,1,1,0,0,0,0,0,0,0,0,0,0,0,0,FALSE,0,0,0,0,0
dd7af291032b5cb65a6c34992290e6924a2c12e9,1324431426,2,2,0,0,0,0,0,0,0,0,0,3375,1651.51,538.5,FALSE,0,0,0,0,0
85ea5f67f498ca7fa43263abca7c3d68a1d518f9,1324416794,0,0,0,0,0,0,0,0,0,0,0,3374,1650.94,0,FALSE,0,0,0,0,0
8e3cb6174d91d4605a0256159a3d75f07c704c29,1324416759,1,1,1,0,17,1,0,1,26.04,213,11,3373,1649.94,574,TRUE,0,0,0,0,0
6c01e9a43abab5f899697de971f0d65986de58e3,1324398834,1,1,0,0,0,0,0,0,0,0,0,3372,1649.46,137,FALSE,0,0,0,0,0
606167016111c355467b885aeb0870a0e3e83c13,1324398792,0,0,0,0,0,0,0,0,0,0,0,3371,1648.46,0,FALSE,0,0,0,0,0
7c66db2c458082a0294d6c44e6787d9b38bf98c6,1324364150,1,1,0,0,0,0,0,0,0,0,0,0,0,0,FALSE,0,0,0,0,0
bb9bfa56188ba2df7752702166600a23e0cdbfc9,1324248485,1,1,1,0,1,13,0,1,0,64,1,20,19.81,16,FALSE,0,0,0,0,0
8120a06cd607f36be54659a106dbd44ad261a442,1324248450,2,2,2,0.19787,70,4,0,1,106.13,44.5,5,19,18.81,15,TRUE,0,0,0,0,0
a15308212053b2782e1dbad8f20684038cc43c32,1324247805,2,2,2,0.744941,42,5,0,1,106.12,30.5,2,18,17.81,14,TRUE,0,0,0,0,0
970031e26738a4908d486a70020d110fcf6c0726,1324233320,2,2,2,0.847128,60,30,0,1,106.04,24,7,17,16.82,13,TRUE,0,0,0,0,0
a819856f3fc0877210162ac427a02ecebe10546e,1324230936,2,2,2,0.847128,29,7,0,2,80.95,11.5,3,16,15.82,12,FALSE,0,0,0,0,0
4dbaaa285559f9008d0df34668fcd2ebc0dee509,1324230580,2,2,2,0.461259,50,22,0,1,106.03,18,1.5,15,14.82,11,TRUE,0,0,0,0,0
0593cf43790ab112743784253dd462f8b64a475d,1324228248,2,2,2,0.805983,18,3,0,1,145.47,7,2.5,14,13.82,10,TRUE,0,0,0,0,0
cd0e5dbb4c9de70f708878233732ae10489e8e4f,1324227166,2,2,2,0.310917,59,6,0,1,106.01,34,3,13,12.82,9,FALSE,0,0,0,0,0
7cb1c3cabbc8ea54dce1ef022b4768a21fc7ebb4,1324226737,1,1,1,0,6,8,0,1,290.94,81,10,12,11.82,8,FALSE,0,0,0,0,0
550b9101b85cc36fba487bfb0f3edfa6f1119968,1324226477,2,2,2,0.175877,110,5,0,1,13.93,46,8.5,11,10.82,7.5,FALSE,0,0,0,0,0
9d9564568bed319ce8cdfc33ce4d4b011e379da8,1324225633,2,2,2,0.57938,37,5,0,1,13.92,22.5,3.5,10,9.82,6.5,FALSE,0,0,0,0,0
7ea7a53e7c6c14822d3dd437e19b1617c2cf37d9,1324225323,2,2,2,0.51657,41,5,0,1,13.93,21,4.5,9,8.82,5.5,TRUE,0,0,0,0,0
05e95ae55abc3de8eb3c50959660bae4a8580522,1324222868,1,1,0,0,0,0,0,0,0,0,0,3370,1652.58,136,FALSE,0,0,0,0,0
416ad564d0c7ce89f8d726772f8aac00db56d962,1324163512,1,1,1,0,47,0,0,0,0,0,0,3369,1653.31,395,FALSE,0,0,0,0,0
55f8f9bc4222f4f39a04b253d389e2155b45c95e,1324158808,1,1,1,0,22,0,0,0,0,0,0,3368,1652.45,573,FALSE,0,0,0,0,0
386a9e88b48795c712b49c2ece9dff3212fa297b,1324158231,2,2,3,0.293047,1,37,0,3,10.69,249.67,43.33,3367,1651.46,1089.5,FALSE,0,0,0,1,0
f6ca25edbe6755958f3a5da98ec2b02813fe343e,1324154695,2,2,2,0.869298,74,32,0,1,67.51,60.5,1.5,3366,1650.57,482.5,FALSE,0,0,0,0,0
1ea221aa4ee5f73016cd353766b8a2211a8ef8e4,1324153302,1,1,1,0,3,3,1,1,7.84,20,2,3365,1649.61,570,FALSE,0,0,0,0,0
d72a6666a1a5fa94a0f0a83b865e062239ecd9ae,1324153012,1,1,0,0,0,0,0,0,0,0,0,3364,1648.62,135,FALSE,0,0,0,0,0
b69199f884c3e0da8d999b13fef04db70d494654,1324152912,1,1,0,0,0,0,1,0,0,0,0,3363,1647.62,134,FALSE,0,0,0,0,0
65042c86a6a680bad4846aba1e7bf928781d2cfe,1324152154,1,1,1,0,1,1,0,1,22.9,114,7,3362,1646.64,569,FALSE,0,0,0,0,0
d7dccfd56d68643219695749a491cfac9b904f86,1324152131,1,1,1,0,3,3,0,1,10.81,69,4,3361,1645.64,568,FALSE,0,0,0,0,0
e60f4a5e1ec9cf43857c62e3d9458da86aa90700,1324075475,0,0,0,0,0,0,0,0,0,0,0,3360,1646.86,0,FALSE,0,0,0,0,0
fa3d4cbb23e3d622d26910f185ac99d927a921aa,1324075452,1,1,0,0,0,0,0,0,0,0,0,3359,1645.86,133,FALSE,0,0,0,0,0
5cf8023dc3746a3e15d22a37288c0d597628dd22,1324054315,1,1,0,0,0,0,0,0,0,0,0,3358,1645.48,501,FALSE,0,0,0,0,0
56d303ec09a8498837255983e605d835ec070e0b,1323969009,0,0,0,0,0,0,0,0,0,0,0,3357,1646.95,0,FALSE,0,0,0,0,0
4600548b4db3fd985eb1cf26dac7de53b3e047d9,1323968768,1,1,0,0,0,0,0,0,0,0,0,0,0,0,FALSE,0,0,0,0,0
7d24c2ba4023d8eb1a6881350fca34947879bae7,1323968439,2,2,2,0.47756,6,1,1,1,13.25,323,56,3356,1645.97,1086.5,TRUE,0,0,0,1,0
ac387caf2157f1d70f2ebd5fddb15d3db83c2b96,1323680170,2,2,2,0.405639,40,4,0,1,10.78,25.5,4.5,8,7.98,4.5,TRUE,0,0,0,0,0
ad3f1e84aa2353b19123eb4192469f93645439d4,1323622384,1,6,4,0.430568,40,9,0,2,107.54,71,7,7,6.99,3,TRUE,0,0,0,1,0
2432a0dda541428423c52e194f5ee6f2e1886656,1323622356,1,1,1,0,74,0,0,0,0,0,0,6,5.99,4,TRUE,0,0,0,0,0
03e591991075b8f7bdb49e6e7a99bf6a21864d61,1323622288,1,1,1,0,12,15,0,1,0.82,81,2,5,4.99,3,FALSE,0,0,0,0,0
277e35f8c8b7c8a5417fea11a5f4533aa2874e54,1323622237,1,1,1,0,2,0,0,1,29.85,103,5,4,3.99,2,FALSE,0,0,0,0,1
0dd5836f3fb7d93b43e5341336ac8ee6880129ca,1323551785,1,1,1,0,19,10,0,1,0.02,72,1,3,3,1,TRUE,0,0,0,0,0
9290f0d40707d1b60469d53a8ac08f37516087eb,1323550929,1,1,1,0,2,4,0,2,0.01,123,15,2,2,2,FALSE,0,0,0,0,0
9bd3ad846ebda79bd0bddbf6442d91d522bac968,1323549776,1,1,1,0,2,1,0,2,0,122,14,1,1,1,FALSE,0,0,0,1,0
a8c73649ce2b468a9dfff2d255f0a817b14ebb4b,1323549723,3,3,2,0.684676,93,23,0,1,68.1,62,6.5,0,0,0,TRUE,0,0,0,1,0
380a6c5363727a54b9f64525d1ff20c9af923194,1323544041,3,3,1,0,1,1,0,1,22.98,79,44,3355,1657.38,745.667,FALSE,0,0,0,0,0
c047b64ab5c3106865316f0a3501a8417e38dcca,1323543949,1,1,0,0,0,0,0,0,0,0,0,3354,1656.38,131,FALSE,0,0,0,0,0
ae2bcb26158f04d920a24fe57c902fb7b10d833e,1323543920,1,1,0,0,0,0,0,0,0,0,0,3353,1655.38,130,FALSE,0,0,0,0,0
b4ce57caecc0c3580ea6e1ff703c4f1a7a481bdf,1323476063,1,1,0,0,0,0,0,0,0,0,0,3352,1656.38,499,FALSE,0,0,0,0,0
43c09b2eaa9b3eec32040cae81bd2fbcd7337d9e,1323475635,2,2,2,1,7,5,0,1,0.03,30.5,5,3351,1655.39,479.5,TRUE,0,0,0,0,0
b32fd0bee4868e75f7f686c82298da45237e3031,1323474941,1,1,0,0,0,0,0,0,0,0,0,3350,1654.41,498,FALSE,0,0,0,0,0
3b6e96efa91346aaecf03a1c12c12f9ea63f5015,1323473349,2,3,4,0.313817,26,5,0,1,4.79,37,3.25,3349,1653.46,478.5,FALSE,0,0,0,0,0
29ef828b9cda45680f2f6342b43aa90ff6060f32,1323472870,3,3,2,0.300055,63,4,0,1,9.58,24.5,1.5,3348,1652.47,484,FALSE,0,0,0,0,0
39ae44343336d014b8c79147301d0ccae0fbc7d3,1323472154,1,1,0,0,0,0,0,0,0,0,0,3347,1651.5,129,FALSE,0,0,0,0,0
c30c2f8d38ff9774998d347c32c36b5b8502e5a2,1323469955,1,1,1,0,1,1,0,1,2.94,557,108,3346,1650.56,1604,FALSE,0,0,0,0,0
5757f875f2e92ba2007f457793b6b69fe182337d,1323377146,2,2,3,0.274283,21,2,0,5,1.61,397.33,56.67,3345,1652.28,1083,FALSE,0,0,0,0,0
e49c482a3f0c3e9f0eb9ddce4e7d155a6be08efe,1323276082,1,1,1,0,9,8,0,3,12.73,380,48,3344,1654.25,1602,FALSE,0,0,0,4,0
a592d6c1aacb89bb7c1ab20942fa24b43dd27f6c,1323219185,1,1,1,0,0,1,0,1,60.11,53,2,3343,1654.93,1601,FALSE,0,0,0,0,0
88f154fecdc67f3b3a106f9a53bd3eb20a3cb90a,1323218655,2,2,2,0.310917,21,4,0,3,0.01,397,63.5,3342,1653.95,1081,FALSE,0,0,0,0,0
d7dfe3e8123cd54cba24ab9d9d3959448b28d9e7,1323218212,2,2,2,0.57938,6,0,0,1,8.2,74,27.5,3341,1652.96,1080,TRUE,0,0,0,0,0
489265e3caa0c435854230c0bb6a203efaafed6a,1323217968,2,2,2,0.57938,23,4,0,3,0.01,387.5,63,3340,1651.97,1079,TRUE,0,0,0,0,0
3212a70a0c1e169996a4096802df7600a4cc5398,1323217264,1,1,1,0,4,4,0,1,0.02,200,10,3339,1650.99,559,FALSE,0,0,0,0,0
1cda0a96ca0ca650b8ef2749aa8dcb3b81d791e1,1323216822,1,1,1,0,1,5,0,3,0.01,579,119,3338,1650,1597,FALSE,0,0,0,0,0
83fb9f75483dc2cfd2862c78bbd16fd294b7a2d6,1323216762,1,1,1,0,0,24,0,1,26.33,327,9,3337,1649,558,FALSE,0,0,0,0,0
43295289bfb4c0147cf4e11bb6735a7c17db9a12,1323216246,2,2,3,0.527846,1,100,0,3,9.3,411.67,71.33,3336,1648.02,1076.5,TRUE,0,0,0,0,1
0f72ca823bc5f265e391c1928bbe2089b6400266,1323215936,1,1,1,0,13,0,0,3,0,603,117,3335,1647.02,1595,FALSE,0,0,0,0,0
41786bc77657942fab5b7865a33482605718c18f,1323215665,1,1,1,0,1,1,0,3,0,603,116,3334,1646.03,1594,FALSE,0,0,0,0,0
cca5d7ebbfc98bb25b9f6fa520337e2eb917aaab,1323215597,2,2,2,0.127043,20,2,0,3,0,392.5,60,3333,1645.03,1074.5,FALSE,0,0,0,0,0
43c8764465686ba108fcba0adff0493c51269730,1323215408,2,2,2,0.327084,71,20,0,3,6.03,367,59.5,3332,1644.04,1073.5,TRUE,0,0,0,0,0
a1e325a2d99b0d7d887b758e4679f65b38263356,1323214817,1,1,1,0,3,1,0,3,12.05,596,113,3331,1643.06,1591,FALSE,0,0,0,0,0
17a831e32fb0906e08623e60a0eeb232d9603cfd,1323214604,2,2,2,0.405639,63,1,0,1,12.1,283,53.5,3330,1642.06,1072,TRUE,0,0,0,0,0
2a13db3bb835d7f0c30bf3e9e6b12e9f27576a13,1323144085,1,1,0,0,0,0,0,0,0,0,0,3329,1643.12,128,FALSE,0,0,0,0,0
eb5a73538a60c40a1325a8f65170fbc31b20f43f,1323142865,1,1,0,0,0,0,0,0,0,0,0,3328,1642.15,127,FALSE,0,0,0,0,0
006a6c787b9f4b02d7c17cb624a50b170506fc79,1322509707,2,2,2,0.115431,45,3,0,1,18.92,53,27,3327,1659.8,1071,TRUE,0,0,0,0,0
c3d96df0f013e7a2f72756127acee254e7a459ae,1322186340,1,1,1,0,27,0,0,0,0,0,0,3326,1668.51,552,FALSE,0,0,0,0,0
15e7218bc465677b03b7773fc93c1060222a7141,1322177229,1,1,1,0,22,0,0,1,15.99,67,2,3325,1667.78,551,TRUE,0,0,0,0,0
28f32b9b8eb62812df669425a5988a12dc7bc4c1,1322176345,1,1,2,0.307475,0,106,0,3,4.1,324.5,31,3324,1666.81,1588,FALSE,0,0,0,0,0
1d0a56b673b53d7beea5c0407dd7cf00a469adf5,1322174003,2,2,2,0.47756,1,6,0,3,7.91,368.5,58.5,3323,1665.88,1068.5,FALSE,0,0,0,0,0
ad1424681b8820abf960b500373ffd4f811fc1a9,1322173902,1,1,1,0,17,17,0,1,14.1,114,6,3322,1664.88,549,FALSE,0,0,0,0,0
87b991c076e79a520722778127680b3fce0f1fa9,1322173648,2,2,5,0.29916,22,40,0,3,6.84,264.6,42.2,3321,1663.89,1067,FALSE,0,0,0,2,0
5d593f26af7c427c84d37ca604bf48957fe0fe2c,1322172277,2,2,2,0.222816,17,3,0,1,0.02,312,53,3320,1662.93,1066,FALSE,0,0,0,0,0
853c270fceccd8eea195b523664a30d144f29624,1322171464,1,1,1,0,19,4,0,1,0,46,1,3319,1661.96,546,FALSE,0,0,0,0,0
fcf34e05871b6b02f39b595047401ba4fdce3a9b,1322171367,1,1,2,0.445142,46,17,0,1,0.01,8.5,0.5,3318,1660.96,545,TRUE,0,0,0,0,0
b6611c8a3b8aee0e58bfb5fac780937ac5b8e25c,1322169874,2,2,2,0.0742324,18,0,0,1,0,281,51.5,3317,1660,1064,FALSE,0,0,0,0,0
aab08d774b1d58283d9e367388481ba8afe77739,1322169610,1,1,1,0,0,1,0,1,0,563,102,3316,1659.01,1583,FALSE,0,0,0,0,0
321aa523848a152af8c7e597c122d0543f7fdd7d,1322169593,1,1,1,0,0,26,0,1,0.02,589,101,3315,1658.01,1582,FALSE,0,0,0,0,0
1334a74ef138c59d1a8ed1fa9b63e91b00fda18d,1322167819,1,1,1,0,6,8,0,1,0.02,591,100,3314,1657.06,1581,TRUE,0,0,0,0,2
19e3384bb17a3399fc5224b8d83c6564e8e1ca04,1322166887,1,2,1,0,16,0,0,1,14.82,197,10,3313,1656.09,543,TRUE,0,0,0,0,0
6ae32fd596e344e0a79ccdf43d165f15276584b1,1322166179,1,1,1,0,2,0,0,1,0.01,589,99,3312,1655.11,1580,FALSE,0,0,0,0,0
4c316ba4ce1d2ea50ba51386af2e8b4be4d609d7,1322165652,1,1,2,0.69424,40,20,0,1,6.39,303,49,3311,1654.13,1579,FALSE,0,0,0,0,0
f2719411b701c02c80904ca47a3271ef2f22144b,1322165408,1,1,1,0,10,0,0,0,0,0,0,3310,1653.14,542,FALSE,0,0,0,0,0
11faf6684e257b6f1d65ea9315e0a42d48e39d8d,1322164714,1,1,0,0,0,0,0,0,0,0,0,3309,1652.16,496,FALSE,0,0,0,0,0
547d18ce46ec4bc6592b125202984950f769b4db,1322073542,0,0,0,0,0,0,0,0,0,0,0,3308,1653.87,0,FALSE,0,0,0,0,0
f183a812896fd58d2770e85033516d8812a36c25,1322012541,1,1,0,0,0,0,0,0,0,0,0,3307,1654.68,495,FALSE,0,0,0,0,0
e44c874cab6ae251ef356ca6a7ee88e7e3acdb39,1321822488,2,2,2,0.57938,9,0,1,1,0.01,169.5,10.5,3306,1659.37,1059.5,FALSE,0,0,0,0,0
9c7380efe408f8f6bb99c71c3a13445572e6dfd4,1321822381,1,1,1,0,16,0,0,3,0,449,46,3305,1658.37,1577,FALSE,0,0,0,0,0
5e071a2e4b5a37dfaf4eb4580c160259176c32b7,1321822287,2,2,2,0.4646,67,1,0,3,0,216,22.5,3304,1657.37,1058,TRUE,0,0,0,0,0
ff9b82c4f6924aba90aa1bedc009085a31c5bd66,1321821865,1,1,1,0,1,0,0,3,0,431,44,3303,1656.38,1575,FALSE,0,0,0,0,0
a0d0ac6cff383d700af7720ef14a577531585fcd,1321821786,1,1,1,0,1,6,0,3,0,436,43,3302,1655.39,1574,FALSE,0,0,0,0,0
b605a5de878e9faaa81d9ae8b3cdf93e59ead8c0,1321821726,1,1,1,0,1,18,0,3,0.6,453,42,3301,1654.39,1573,FALSE,0,0,0,0,0
36be2b0688d85eb53d511db2349f8c9887794d97,1321821672,2,2,2,0.610174,121,0,0,1,0.61,109,10,3300,1653.39,1055.5,TRUE,0,0,0,0,0
376a5da705931029756c335972d60250baf6cc80,1321820645,1,1,1,0,45,0,0,0,0,0,0,3299,1652.42,538,FALSE,0,0,0,0,0
c25258b75c63b62157ed8b94d7ad09eddbd93d8f,1321820249,1,3,4,0.16588,0,86,0,1,138.99,21.5,0.25,3298,1651.43,390,FALSE,0,0,0,0,0
c685f3a2945cee8ecb80d14bbe5fb26ff9774845,1321820164,1,1,0,0,0,0,0,0,0,0,0,3297,1650.43,389,FALSE,0,0,0,0,0
f63767af0e8bf06e9fb5a8aab8d7f6d259d9a3cd,1321820147,1,2,1,0,1,0,0,1,0,91,16,3296,1649.43,388,FALSE,0,0,0,0,0
4fa9a2e54bd82693b6109051820ee1e460a3a1b1,1321820004,1,2,1,0,29,21,1,1,141.96,83,15,3295,1648.44,387,TRUE,0,0,0,0,0
68bc592a05e11bd783da45ebf2d630a522d47c52,1321819425,1,1,1,0,27,8,1,1,184.16,26,6,3294,1647.46,386,FALSE,0,0,0,0,0
543fe2f2a4d97c53826cf0ef7dc8f1dd17f2d5aa,1321819150,1,3,5,0.351148,20,15,1,1,194.47,8.2,2,3293,1646.46,385,FALSE,0,0,0,0,0
be52f38d8f13ee2b6363b32841b153d957d475fa,1321818220,2,2,2,0.145209,16,23,1,3,70.96,323.5,59,3292,1645.49,977.5,FALSE,0,0,0,0,0
722a92f37451fc7e45459048ddc00aadfcf6b1ee,1321817586,1,1,1,0,18,12,1,1,170.94,45,8,3291,1644.51,383,FALSE,0,0,0,0,0
d771d06e19131a01ef89ada11cf259e23312f74c,1321817348,1,1,1,0,3,0,0,1,0,46,2,3290,1643.52,382,FALSE,0,0,0,0,0
a5227191b5be506e344e5259ca7a4431443751e7,1321817292,1,2,2,0.44391,9,17,1,1,135.42,45.5,7,3289,1642.52,381,TRUE,0,0,0,0,0
499d3d6d78ac5924402665f559beb7bc50803720,1321769776,2,2,2,0.718534,61,0,0,3,0,214.5,20.5,3288,1642.92,1053.5,FALSE,0,0,0,0,0
2adf02075329451e513730e0421a6998d9e314c6,1321769587,1,1,1,0,2,6,0,1,0,41,2,3287,1641.93,536,FALSE,0,0,0,0,0
e8c373694c02ecd6be67eaf64361b809ffafe8bd,1321769529,2,2,3,0.228912,62,1,0,3,0,148.67,13.33,3286,1640.93,1052,FALSE,0,0,0,0,0
a8fd8cb6459c96bd5593d07c309ccde796c9bb92,1321769306,2,2,4,0.35661,72,5,0,3,2.37,149.25,14,3285,1639.93,1051,FALSE,0,0,0,0,0
fd06084106a5b043718a3b2f2329bf0b44c52bfc,1321768160,1,1,1,0,8,0,0,1,0,71,6,3284,1638.97,533,FALSE,0,0,0,0,0
285500488d6283c4327820ed94924107a174e7e8,1321768042,2,2,2,0.541048,37,1,0,1,0,87,8.5,3283,1637.97,1049.5,FALSE,0,0,0,0,0
29d4ffd089eaa251ac0c0c3c4fcf6b41841f9144,1321767828,2,2,2,0.857219,25,33,0,1,0,91,8,3282,1636.98,1048.5,FALSE,0,0,0,0,0
fe5efa597b000ef8850a2b8f937d4729328d7ed9,1321767612,2,2,2,0.682469,74,0,0,1,8.3,54,7.5,3281,1635.98,1047.5,FALSE,0,0,0,0,0
b93629a9039818ef5c84880888fd0c71b3734074,1321747362,1,1,0,0,0,0,0,0,0,0,0,3280,1635.58,494,FALSE,0,0,0,0,0
02cdf0c72b0ed43fc6450dd20f672fe3d24131e6,1321632196,1,1,0,0,0,0,1,0,0,0,0,3279,1637.95,126,FALSE,0,0,0,0,0
a7520ad00c037f6af6e83a41153e8d41f68e85c8,1321558573,2,2,1,0,1,1,0,1,23.86,79,43,3278,1639.12,1028.5,FALSE,0,0,0,0,0
bf7807619dcb9856069a9655b9c9f15e7c563d67,1321558376,1,1,0,0,0,0,0,0,0,0,0,3277,1638.12,492,FALSE,0,0,0,0,0
0c7294093374688cc8649197db048c163b8e6d6e,1321545152,1,1,0,0,0,0,0,0,0,0,0,3276,1637.51,491,FALSE,0,0,0,0,0
96f5279e3e355f74ba70c0645012e66a7911da3c,1321483089,1,1,0,0,0,0,0,0,0,0,0,3275,1638.34,490,FALSE,0,0,0,0,0
821fa10203c7855f2af7e6ef48a8d32b2c007892,1321482938,1,1,0,0,0,0,0,0,0,0,0,3274,1637.34,489,FALSE,0,0,0,0,0
9082e74971f4273ccc556bfd9b1f9f6e1f3d628f,1321060945,2,2,2,0.57938,44,10,0,1,0.06,295,48.5,3273,1648.85,1046,FALSE,0,0,0,0,0
7a7d77e7bda3daecd7d35a449dbe358ddab62eb9,1321050627,1,2,3,0.543094,4,23,0,1,11.99,366,45.33,3272,1648.15,1562,FALSE,0,0,0,0,0
ce2ec94e967b881ff49633f02ebfb87e295d516d,1321050563,1,1,1,0,8,2,0,1,0,25,2,3271,1647.16,528,FALSE,0,0,0,0,0
d56e5d6923d9c242d8395df371c1ecfd78926c3d,1321050456,1,1,1,0,9,0,0,1,0,16,1,3270,1646.16,527,FALSE,0,0,0,0,0
5221ecc055ac710ac41b54fc87484fc687792a78,1321050403,1,1,1,0,16,0,0,0,0,0,0,3269,1645.16,526,FALSE,0,0,0,0,0
6ac2c6f578a2308ba12fee04beec7c237168de80,1321048963,1,1,1,0,36,0,0,1,0,473,23,3268,1644.2,525,FALSE,0,0,0,0,0
772b752fa5b0efec7791a320b19d034a635d3289,1321048870,1,1,1,0,35,1,0,1,0,439,22,3267,1643.21,524,FALSE,0,0,0,0,0
3c002d08c2804f414aaee12d577374a72072492d,1321048452,1,1,1,0,5,1,1,1,0.01,435,21,3266,1642.22,523,FALSE,0,0,0,0,0
2876424240c95a3412985839a7d264bbd5634c17,1321048400,2,2,2,0.251463,14,4,0,1,0.01,223,21.5,3265,1641.22,1041.5,FALSE,0,0,0,0,0
74a0177ec92a86cb0ed1cc7a73d0a47b82a3c346,1321048175,1,1,1,0,26,2,0,1,0,18,1,3264,1640.23,521,TRUE,0,0,0,0,0
da96844e9a61d8774821b4dba6b0631f16ea840f,1321048078,1,1,1,0,18,0,0,0,0,0,0,3263,1639.23,520,FALSE,0,0,0,0,0
81652c82445e981276317168a22da677713a5614,1321048004,1,1,2,0.0742324,18,0,0,1,0,21.5,1,3262,1638.23,519,FALSE,0,0,0,0,0
f17434c95b493e8a229c3487256afe086bbe498a,1321047911,1,1,1,0,4,14,0,1,0,53,1,3261,1637.23,518,FALSE,0,0,0,0,0
01e854b5d2fd6564e14b6819830bf98a0fa199fa,1321047882,1,1,2,0.493385,53,22,0,1,0,228.5,10,3260,1636.24,517,FALSE,0,0,0,0,0
42953c7c444216c8d79766405d672de7677ad1bf,1321047104,2,2,2,0.115431,23,1,1,1,0.03,419.5,29,3259,1635.26,1038,FALSE,0,0,0,0,0
5e56446d269b33bc80601625bf952e6723d54f4d,1321046716,1,1,1,0,28,62,0,1,2.82,70,4,3258,1634.27,1559,FALSE,0,0,0,0,0
61652f4ad980c91db2bfb1dff1aca29545a2f69e,1321046433,1,1,1,0,1,1,0,1,0,435,18,3257,1633.28,515,FALSE,0,0,0,0,0
fc1e84941d8180d12648f48a5d86b216f29f1f70,1321046406,1,1,1,0,1,1,1,1,0,435,17,3256,1632.28,514,FALSE,0,0,0,0,0
953eba03769870d94bb5c74fc8af1b3239741865,1321046330,1,1,1,0,17,0,0,1,0.01,418,16,3255,1631.28,513,TRUE,0,0,0,0,0
5c032269e37bfb23b3229898c30df99e9c393240,1321045448,1,1,1,0,36,0,0,1,0.01,382,15,3254,1630.31,512,FALSE,0,0,0,0,0
1322d5a2c154a3e6c0257cefa116d03b4d8fa4d0,1321044172,1,1,1,0,15,0,0,1,0,367,14,3253,1629.34,511,FALSE,0,0,0,0,0
114f27290679ceb0da63e9cbf2d1e40fbf780177,1321044073,1,1,1,0,17,0,0,1,0,350,13,3252,1628.35,510,FALSE,0,0,0,0,0
1286bbb9827ccda2e20a425d52680944a149e8a9,1321043776,1,1,1,0,13,0,0,1,0,337,12,3251,1627.36,509,FALSE,0,0,0,0,0
9141c649e7ca09b3267b05f81f579da26662355c,1321043649,1,1,1,0,16,2,0,1,0,323,11,3250,1626.36,508,FALSE,0,0,0,0,0
ff2242da310c78c7c8aa15da22ceea8d5872b5d2,1321043534,1,1,1,0,50,0,0,1,0.01,273,10,3249,1625.36,507,TRUE,0,0,0,0,0
730a419984d2ac06ff840ebda4227973affad451,1321042941,1,2,2,0.405639,20,4,0,1,0.01,180,6,3248,1624.38,506,FALSE,0,0,0,0,1
25bd7d7997868dfb956a1adde5355fa4fe492254,1321042789,1,1,1,0,28,0,0,1,0,233,8,3247,1623.38,505,FALSE,0,0,0,0,0
77c9d9207d9825741c429f6e78998f7c04c38878,1321042475,2,2,2,0.405639,4,4,0,1,13.91,318.5,23,3246,1622.39,1031,FALSE,0,0,0,0,0
1e77629f1fe96d60fd09b19b48def4fda19b365d,1321042404,1,1,1,0,58,0,0,1,0,175,6,3245,1621.4,503,FALSE,0,0,0,0,0
76f65456ab726584130772869d2ac34018f3eea5,1321042238,1,1,1,0,30,0,0,1,0,145,5,3244,1620.4,502,FALSE,0,0,0,0,0
26e20e7ae50ae88b9429a55ea9c76bb83750a409,1321041990,1,1,1,0,14,0,0,1,0,131,4,3243,1619.41,501,FALSE,0,0,0,0,0
96217cf3fe7b28e314bf788ec2f643bae4c111ba,1321041918,1,1,1,0,15,1,0,1,0,117,3,3242,1618.41,500,FALSE,0,0,0,0,0
e9c96d8ccd24063773d9d60ab1a6767ad3676cfe,1321041857,1,2,2,0.205972,47,3,0,1,1.38,86,2.5,3241,1617.41,499,FALSE,0,0,0,0,0
7ae2b968bb2d678f2e62158fe03ef4794b05cb18,1321041296,1,1,1,0,17,0,0,1,0,63,1,3240,1616.43,498,FALSE,0,0,0,0,0
83ea42afe56ccfbb57d3f0b43c7f1552e1ae2c52,1321041069,1,1,1,0,63,0,0,0,0,0,0,3239,1615.43,497,FALSE,0,0,0,0,0
16587fcce108b840dafb785adf9821cbdf6437c5,1320970411,1,1,1,0,17,0,0,1,0,56,1,3238,1616.47,496,FALSE,0,0,0,0,0
ffded44f324d76f39f6fff5cf5633fbe7ee4314a,1320970310,1,1,1,0,56,0,0,0,0,0,0,3237,1615.48,495,FALSE,0,0,0,0,0
92c5284b805cb4c179ade3a17e49c5300c2d7147,1320970295,1,1,1,0,2,2,1,1,0.19,591,95,3236,1614.48,1557,FALSE,0,0,0,0,0
f96102224c5b961a7bc197a39e7dada28d60f814,1320966284,2,2,2,0.149468,0,38,0,3,0,337,54.5,3235,1613.59,1025,FALSE,0,0,0,0,0
bf87d626eb7df5f258ec373d8d549938315c05db,1320966082,1,1,1,0,6,0,0,3,0,594,108,3234,1612.6,1555,FALSE,0,0,0,0,0
e21a79dc61fd99901b39bee3b7691e2827b809e5,1320966050,2,2,2,0.305781,64,7,0,3,0,305.5,53.5,3233,1611.6,1023.5,FALSE,0,0,0,0,0
caec590fe107f121d819fde573fefae7ca50d2ec,1320965663,2,2,2,0.600605,35,0,0,3,0,288,53,3232,1610.61,1022.5,FALSE,0,0,0,0,0
61ce6c59c2269925d083e8cc346c24ce8a0a4dd5,1320965280,1,1,1,0,13,13,0,3,0.11,576,105,3231,1609.62,1552,FALSE,0,0,0,0,0
205a1a14c7ddbd0bbc9dafd0c661f64fee9355fc,1320963249,1,1,1,0,23,0,0,1,0.24,69,2,3230,1608.68,491,FALSE,0,0,0,0,0
6709ab5f27d4a8ec66ca2af11974f628e86b1155,1320962121,1,1,0,0,0,0,0,0,0,0,0,3229,1607.71,488,FALSE,0,0,0,0,0
2d77279c943ae3e795273a8cec2c81cf69f85723,1320961334,0,0,0,0,0,0,0,0,0,0,0,3228,1606.73,0,FALSE,0,0,0,0,0
e9d7b6fbad057258ed2e59bd1deead672b1e71ab,1320961328,2,2,2,0.86606,11,20,0,1,0.97,75,40.5,3227,1605.73,1020.5,FALSE,0,0,0,0,0
3e6171c7ff6eea607f5d4235e6960be72b45af11,1320956989,1,1,0,0,0,0,1,0,0,0,0,3226,1604.86,125,FALSE,0,0,0,0,0
04389fd6ff4ce37acf167ba544b139481d8fa494,1320956413,1,1,1,0,21,0,0,1,0,45,1,3225,1603.87,489,FALSE,0,0,0,0,0
a47b5990487602f7ddd1bee0fac377f1fa219b8e,1320956296,1,1,1,0,45,0,0,0,0,0,0,3224,1602.88,488,FALSE,0,0,0,0,0
58eddd5ab4a88a47a5e65beeb8ef344839f11a7f,1320956073,2,2,2,0.523683,64,1,0,3,0,279,52,3223,1601.88,1018.5,FALSE,0,0,0,0,1
7ac857acef7bc62eab31ec38f4cea877c58746ca,1320955461,2,2,3,0.169185,64,2,0,3,0.59,217.67,35.67,3222,1600.9,1017.5,TRUE,0,0,0,0,1
e27b2249334f5d8ce3a4781f834b63673ded9aa4,1320953498,2,2,3,0.331586,7,17,0,1,0.01,244,46,3221,1599.96,1016.5,TRUE,0,0,0,0,0
4f087df2869d72f4cb4464f30facb4324818922b,1320953375,1,1,1,0,24,0,0,1,0.01,26,1,3220,1598.96,484,FALSE,0,0,0,0,0
87f6f6a3e3342fb9ab1465bca739277a1713cf7f,1320953154,1,1,1,0,26,0,0,0,0,0,0,3219,1597.97,483,FALSE,0,0,0,0,0
94d1e94cf2556183752819385e1868f49a2e5dab,1320952884,2,2,2,0.194885,28,2,0,1,0,44.5,25,3218,1596.97,1014.5,FALSE,0,0,0,0,0
d249868e07db51973c93af9287890e1e6f4aaf65,1320952723,1,1,4,0.773743,27,8,0,5,2,399.75,64.75,3217,1595.98,1546,FALSE,0,0,0,0,0
429e48d8733e86071ca6e10ee5ca986ffd8d2683,1320942978,1,1,1,0,11,0,0,1,0.65,17,2,3216,1595.25,481,FALSE,0,0,0,0,0
abb414c70281715372059c7419fcc9a26a7ad272,1320942396,1,1,1,0,25,0,0,1,0,44,1,3215,1594.27,480,FALSE,0,0,0,0,0
8f45dd41907bbb405cad04a9792b6ac023deaffc,1320942250,1,1,1,0,35,0,0,1,0.03,292,8,3214,1593.27,479,FALSE,0,0,0,0,0
d9098c5fcd9f5c0e8b87847f6b63fb568acc11a9,1320942192,1,1,1,0,13,0,0,1,0,132,6,3213,1592.28,478,FALSE,0,0,0,0,0
b9dee730a8d14f2ae40b30a566d44f37ab500898,1320942162,2,2,3,0.492846,16,3,1,1,12.25,268,55,3212,1591.28,1011,FALSE,0,0,0,0,0
26c62a667fc6d3aa582e3629bdfc2b51f2e31c63,1320941997,1,2,1,0,44,0,0,0,0,0,0,3211,1590.28,476,FALSE,0,0,0,0,0
7d42ad00ffbd3a3fcf4b8b9fdb860a5dca35522c,1320940024,2,2,2,0.190101,0,46,0,3,0.65,444,54,3210,1589.34,1009.5,FALSE,0,0,0,0,0
4a5776b5132eb665339067fb169612f2976297ca,1320886975,1,1,1,0,2,1,0,1,0.88,16,1,3209,1589.82,474,TRUE,0,0,0,0,0
f68ba2ef352dc9ac04a3bbf163eb5ad396fc831d,1320886617,2,2,2,0.229363,9,17,0,3,0.02,380.5,52.5,3208,1588.83,1008,TRUE,0,0,0,0,0
a95a0ab5f994095872c6dc05fdb960a470fecedd,1320884868,2,2,2,1,3,1,0,3,0.01,379.5,52,3207,1587.88,1007,FALSE,0,0,0,0,1
30911f4a75a859a5ad9f379206cab7b187f275c0,1320884078,2,2,2,0.284135,26,1,1,3,0,367,51.5,3206,1586.9,1006,TRUE,0,0,0,0,0
c9f184c8d560d6f8fd83572dd8d5b13ea6c54ad1,1320883906,2,2,2,0.284135,26,1,0,3,0,354.5,51,3205,1585.91,1005,TRUE,0,0,0,0,0
545f1fd07d27bad96abb95c5e35f8574ca901479,1320883572,1,1,1,0,22,0,0,1,0,131,5,3204,1584.92,469,TRUE,0,0,0,0,0
2f762265a8417e8f964dfbb2921dcf31b6e55bd8,1320883422,2,2,2,0.0843225,48,0,0,3,0.01,319.5,50,3203,1583.92,1003.5,TRUE,0,0,0,0,0
7e6d8f39b469617d33d560233fa1c9c2286bfe60,1320882984,1,1,1,0,16,0,0,1,0,70,3,3202,1582.93,467,TRUE,0,0,0,0,0
bea74b77118b5eb3607e61dad18a7d5bdff03ec3,1320882891,1,1,1,0,1,1,1,3,0.01,553,95,3201,1581.94,1538,FALSE,0,0,0,0,0
10e8dc57eb5738d2a2dd07f5344834bf469fa017,1320882671,1,1,1,0,62,15,1,1,0.01,23,2,3200,1580.94,466,TRUE,0,0,0,0,0
f7b6dde0860c0f9439a603704ad8240141481125,1320882111,1,1,1,0,5,14,0,1,0,32,1,3199,1579.96,465,TRUE,0,0,0,0,0
2fa36fa7219348176706dad4ee1ca433858f37d6,1320881993,1,1,1,0,32,0,0,0,0,0,0,3198,1578.96,464,TRUE,0,0,0,0,0
40f8202402ba164f092f715678bc468e4ce9a6ee,1320881928,1,1,1,0,2,6,0,3,0,557,94,3197,1577.96,1537,FALSE,0,0,0,0,0
4b0b55c1b7e2fbce85a979c32cffbc1c79fd0176,1320881634,1,1,1,0,1,1,0,3,0.86,557,93,3196,1576.97,1536,FALSE,0,0,0,0,0
0e395973c98abcd057c010fc8df0c8ed2fe557a8,1320881491,1,1,1,0,56,0,0,0,0,0,0,3195,1575.98,463,FALSE,0,0,0,0,0
1f53cdb62deac4d00b37435434bc4afb4b76020e,1320880898,1,1,1,0,25,0,0,1,0,307,6,3194,1574.99,462,FALSE,0,0,0,0,0
c32023d8ed829307f5bc3b483da2de4fc9c688ae,1320880664,1,1,1,0,20,0,0,1,0,287,5,3193,1574,461,FALSE,0,0,0,0,0
d2f98940d85b5158538ac4d0c0c26042082f0b8c,1320880555,1,1,1,0,20,0,0,1,0,267,4,3192,1573,460,FALSE,0,0,0,0,0
536b16c7a947658804782e5e6c889226a8276f63,1320880267,1,1,1,0,24,1,0,1,0,244,3,3191,1572.01,459,FALSE,0,0,0,0,0
9bfeae2df15fa179f8da8d664a9587a54b4ccc93,1320880187,1,1,1,0,44,0,0,1,0,200,2,3190,1571.01,458,FALSE,0,0,0,0,0
4d450ea25e182d8bff6ee3635e1aa8b9790c7a80,1320879892,1,1,1,0,57,1,0,1,0,144,1,3189,1570.02,457,FALSE,0,0,0,0,0
84f01d1e30d8193025c954b0310c44bf87bb7a30,1320879640,1,1,1,0,144,0,0,0,0,0,0,3188,1569.03,456,FALSE,0,0,0,0,0
1a5636b1997c960c7dcdea2c83a2981f53e9ee2e,1320812988,2,2,2,0.236296,17,2,0,3,0,213.5,19,3187,1569.85,995,TRUE,0,0,0,0,0
af46df7eaea3e5687e483d0aeceb250d14f10aa3,1320812935,1,1,1,0,4,8,0,3,26.49,377,36,3186,1568.86,1534,FALSE,0,0,0,1,0
801a1791d61fe5ac488e303ad2f4dcbb20b5490d,1320812886,1,1,1,0,54,0,0,0,0,0,0,3185,1567.86,454,TRUE,0,0,0,0,0
333cf0b2809e5beaab442a5cc6f80dbcd307d10e,1320812734,1,1,1,0,22,0,0,0,0,0,0,3184,1566.86,453,FALSE,0,0,0,0,0
52e26697a92caca0fb7972c4a19120e9cc492a77,1320812547,1,2,2,0.566027,36,19,0,1,0.01,78.5,3,3183,1565.87,452,FALSE,0,0,0,0,0
fdf620b688df03804959770546153a05042ffdfc,1320812287,1,1,1,0,14,0,0,1,0,38,1,3182,1564.87,451,FALSE,0,0,0,0,0
66f8ca52d6fc5ea567ebe3d85515595f097f42dc,1320812093,2,3,3,0.130304,42,3,0,1,0,196.33,30.33,3181,1563.88,991.5,FALSE,0,0,0,0,0
f98c1127a6d25804ad065ad1bed1e2a57f0cc191,1320811753,1,1,1,0,26,1,0,1,0,80,3,3180,1562.89,449,FALSE,0,0,0,0,0
7e352fe28d566ed4394bbcde84b60a18ddd15673,1320811669,1,1,1,0,12,0,0,1,0,68,2,3179,1561.89,448,FALSE,0,0,0,0,0
d3b48e2fd5026331ce4fcea9521dcb23a8170313,1320811575,1,1,1,0,32,0,0,1,0,36,1,3178,1560.89,447,FALSE,0,0,0,0,0
23159c094dc9b668331a64cb288cf849427b3a2e,1320811203,1,2,1,0,36,0,0,0,0,0,0,3177,1559.9,446,FALSE,0,0,0,0,0
2e22887f718758a941a767794736581ef25d5415,1320810941,1,1,1,0,1,1,0,1,0.01,589,90,3176,1558.91,1532,FALSE,0,0,0,0,0
c9b04b8be711aadea90e725c61e6f8ffe860c62f,1320810886,1,1,1,0,16,0,0,0,0,0,0,3175,1557.91,445,TRUE,0,0,0,0,0
2c0e13b513e6275ce84fc528dc3b1918fbb0d343,1320810802,1,1,1,0,25,0,0,0,0,0,0,3174,1556.91,444,TRUE,0,0,0,0,0
2937309f006eeaac32b6d7005eca7a4beec10363,1320810398,1,1,1,0,40,0,0,0,0,0,0,3173,1555.92,443,FALSE,0,0,0,0,0
377056a33cddb130ac21d8611bf73e5c55ea634f,1320810256,1,1,1,0,0,3,0,1,0.03,592,89,3172,1554.93,1531,FALSE,0,0,0,0,0
f42ce5be2bc305d67a10142282fb74f4959b80f2,1320810192,1,1,0,0,0,0,1,0,0,0,0,3171,1553.93,487,FALSE,0,0,0,0,0
ddeee9b6dbcd282350163875ad559ad7a1f32229,1320809229,1,1,1,0,37,0,0,0,0,0,0,3170,1552.96,442,FALSE,0,0,0,0,0
6bee32c1749a622dedfb4c22c0980576c1d87af6,1320808705,1,1,1,0,0,34,0,1,0.09,34,1,3169,1551.97,1530,FALSE,0,0,0,0,0
11f55a06dd611b3e9e22b5357542fd3ca61b197e,1320808623,1,1,1,0,47,0,0,0,0,0,0,3168,1550.97,441,FALSE,0,0,0,0,0
6a2d6b872bc649230722822a069ea160d3708052,1320808209,1,1,1,0,5,0,0,1,0.01,136,6,3167,1549.98,440,FALSE,0,0,0,0,0
d8787867c41bf629c78d1d21d5ee7cb97acd2ac2,1320807680,1,1,1,0,0,2,0,1,0,138,5,3166,1549,439,FALSE,0,0,0,0,0
43d9f6ea17717f10162d7b847d8d2a4a5902bd84,1320807580,2,2,3,0.606848,31,8,0,3,0.01,421.33,58,3165,1548,983.5,FALSE,0,0,0,0,0
1faba1302fe94d9d0b4602b6893e5d4296415a74,1320807075,1,1,1,0,3,2,1,3,0,556,91,3164,1547.01,1528,FALSE,0,0,0,0,0
55ee0a093421c9138ca080340a07fd131e29fa41,1320806783,2,2,2,0.47756,23,5,0,3,0.01,326.5,46.5,3163,1546.02,982,FALSE,0,0,0,0,0
0653f73779a56e63da63d917a5449c72bfb55e8e,1320806486,1,1,1,0,38,0,0,1,0,59,2,3162,1545.03,436,TRUE,0,0,0,0,0
7a24021dc97c47d4a6bca2d4be382a8d4be48013,1320806401,1,1,1,0,37,1,0,1,0,23,1,3161,1544.03,435,FALSE,0,0,0,0,0
9f2fe94484cc90cc781f81b567afb3ca499ecdbc,1320806187,1,1,1,0,23,0,0,0,0,0,0,3160,1543.04,434,TRUE,0,0,0,0,0
a3950b56387e9e3fc25cb569521f88c9af770b1c,1320805980,1,1,1,0,18,0,0,1,0,78,4,3159,1542.04,433,FALSE,0,0,0,0,0
8c03428279dfa07a45f1aa137d99c213f3e2512a,1320805848,1,1,1,0,19,0,0,1,0,59,3,3158,1541.05,432,TRUE,0,0,0,0,0
f4d7ea386d02d3caa47d8b3cfda2751d111bf7ca,1320805739,1,1,1,0,18,0,0,1,0,41,2,3157,1540.05,431,FALSE,0,0,0,0,0
bee0496cb1d805e6a85776431b5b41e886c0b2ed,1320805702,2,2,2,0.57938,3,3,1,3,0,298.5,45,3156,1539.05,978,TRUE,0,0,0,2,0
5960b90efe867134c9e191c1e127518559a3fbf9,1320805638,1,1,1,0,41,0,0,0,0,0,0,3155,1538.05,429,TRUE,0,0,0,0,0
0f2f3d4e2942840dd4be6cfdab1faaef3a7dbca8,1320805521,2,2,3,0.267877,22,4,1,3,16.84,396.33,56,3154,1537.05,976.5,TRUE,0,0,0,0,0
bc673bef79816393e2490a422993757aa4ad5ee0,1320805268,1,1,1,0,41,0,0,0,0,0,0,3153,1536.06,427,TRUE,0,0,0,0,0
3fb7391b974c2e9c3e950f6377a4403b9f2820af,1320804931,1,1,1,0,43,0,0,0,0,0,0,3152,1535.07,426,FALSE,0,0,0,0,0
442cd7515d355ed2767d3594d51aca8c80044b02,1320804790,1,1,1,0,22,0,0,0,0,0,0,3151,1534.07,425,FALSE,0,0,0,0,0
a013ffe547834fccc992f3fbc444a4d544c1ba2a,1320803845,1,1,1,0,19,0,0,1,0,43,2,3150,1533.1,424,FALSE,0,0,0,0,0
835558229f58d032eb399d6c3241015d10c3c531,1320803741,1,1,1,0,30,20,0,1,0,33,1,3149,1532.1,423,FALSE,0,0,0,0,0
dce23c79a1ed2d228a2bc478f628e68931fe63b6,1320803676,1,1,1,0,33,0,0,0,0,0,0,3148,1531.1,422,FALSE,0,0,0,0,0
4106bae79ee98b498bcf093bdf4de71931f3cc10,1320803267,2,2,2,0.194885,7,8,0,1,94.69,81.5,2.5,3147,1530.11,972.5,FALSE,0,0,0,0,0
b756474d9da0a26e290fb5c7f7e4f2492121fa2a,1320803168,1,2,2,0.264142,22,1,0,1,0.02,146,4.5,3146,1529.12,420,FALSE,0,0,0,0,0
b0c9209726a888fad34ce43f51aa06a140b69e49,1320803045,1,1,1,0,38,0,0,1,0,165,7,3145,1528.12,419,FALSE,0,0,0,0,0
c96b778771314ba39df6f7f7fe9172b7ec424836,1320802841,1,1,0,0,0,0,0,0,0,0,0,3144,1527.12,486,FALSE,0,0,0,0,0
d0d721d80b99c4679575b3ed74fd435d36e80798,1320802820,1,1,1,0,18,0,0,1,0,147,6,3143,1526.13,418,FALSE,0,0,0,0,0
7b50a78662e196c3574b076a6f81bdce3026b258,1320802698,1,1,1,0,34,0,0,1,0,113,5,3142,1525.13,417,FALSE,0,0,0,0,0
aa869c637a28916ff4c22ba19b1b67f4158c2e6b,1320802584,1,1,1,0,34,0,0,1,0,79,4,3141,1524.13,416,FALSE,0,0,0,0,0
f467fe1cbf5cb793fa4a1b6764309934048cba6e,1320802444,1,1,1,0,20,1,0,1,0,60,3,3140,1523.14,415,FALSE,0,0,0,0,0
15fd639cd97bbef7ab21bf47d4a244635cb4a92e,1320802378,1,1,1,0,19,0,0,1,0,41,2,3139,1522.14,414,FALSE,0,0,0,0,0
f96f2cf56e4f13690f912c25cd2ef779ff4306fc,1320802311,1,1,1,0,19,1,0,1,0,23,1,3138,1521.14,413,FALSE,0,0,0,0,0
b0f6278ceacd19a464d39d453d602fe57c73f535,1320802229,1,1,1,0,23,0,0,0,0,0,0,3137,1520.14,412,FALSE,0,0,0,0,0
ae7bac9a6bd003426091799e00dd08f04a46131b,1320802141,1,1,1,0,21,0,0,1,0,41,1,3136,1519.14,411,FALSE,0,0,0,0,0
c8997204d4f8b565dd46698333ff7107f6c23daf,1320802025,1,1,2,0.0613135,42,1,0,1,0,11.5,0.5,3135,1518.15,410,FALSE,0,0,0,0,0
a2c51984a83078b11474c5be182e054a9edb4269,1320801905,1,1,1,0,23,0,0,0,0,0,0,3134,1517.15,409,FALSE,0,0,0,0,0
ed93e33d59eaccbe84267a49383c5c3484b30690,1320801833,1,1,1,0,2,1,0,1,0,22,2,3133,1516.15,408,FALSE,0,0,0,0,0
6e15b1cd203b7a0c8d11322cdf3aa98407ee6298,1320801794,1,1,1,0,14,5,0,1,0,13,1,3132,1515.15,407,FALSE,0,0,0,0,0
cc2513facffdec8a715772eb032973e34420046f,1320801524,1,1,2,0.191548,56,43,0,1,0.01,21.5,0.5,3131,1514.16,406,FALSE,0,0,0,0,0
e303dcc915859bb7b8b19dc8c7ea55c5d771ff3a,1320801309,1,1,1,0,28,1,0,1,0,69,1,3130,1513.16,405,FALSE,0,0,0,0,0
8ad17abb7b2fbada5aa14c2690ecb01e5268bb7c,1320801196,2,2,1,0,69,0,0,0,0,0,0,3129,1512.17,444.5,FALSE,0,0,0,0,0
5b296b525736f7374ea10bef3aaadaa8085d491e,1320800535,2,3,4,0.543185,166,19,0,1,0.01,4.75,0.25,3128,1511.18,963,FALSE,0,0,0,0,0
1a5c32f3ef432f1cb9af04ae2f85044047aec2af,1320796844,1,1,1,0,19,0,0,0,0,0,0,3127,1510.28,402,FALSE,0,0,0,0,0
a15e745d4224e79a2bbb62c8ba78e88b1b456a3b,1320795930,1,1,1,0,4,0,0,1,0,21,1,3126,1509.3,401,FALSE,0,0,0,0,0
d17dd3e3d833d8513d3d2f81c831ff9702dfb5e5,1320795742,1,1,1,0,26,0,0,1,0,41,1,3125,1508.31,400,TRUE,0,0,0,0,0
51a5c829bbbd8b6765e223110f37c83164b5235f,1320795634,1,1,3,0.751572,62,23,0,1,0,7.67,0.67,3124,1507.31,399,TRUE,0,0,0,1,2
8a91749e12c23d1c11bb63b42dfaab01b6920fdc,1320794756,0,0,0,0,0,0,0,0,0,0,0,3123,1506.33,0,FALSE,0,0,0,0,0
42fc0f9ee840205ef3fc1abd11cdd33ed3d99584,1320794582,2,2,1,0,14,1,0,1,0,10,1,3122,1505.34,441,FALSE,0,0,0,0,1
17ccd55d112152f92aac6f47fe6d708875bf51ef,1320794393,1,1,0,0,0,0,0,0,0,0,0,3121,1504.34,483,FALSE,0,0,0,0,0
b8a589d76f7df07b14cb775d3a4ebd92080cdf8d,1320794359,2,2,1,0,10,0,0,0,0,0,0,3120,1503.34,439.5,FALSE,0,0,0,0,0
becf6d9413e1375d4b035a83ad0e1676bfc2ec0e,1320793651,1,1,0,0,0,0,0,0,0,0,0,3119,1502.36,481,FALSE,0,0,0,0,0
9efc4b23dc77e106dcb09ec4774254a7a53372eb,1320793547,1,8,6,0.296344,0,3460,0,7,69.66,576.67,61.17,3118,1501.36,396,FALSE,0,0,0,3,8
6b1dc31759c925d8925cd521830d81c59186cfbd,1320422805,2,2,1,0,1,1,0,1,27.83,88,48,3117,1509.79,1001,FALSE,0,0,0,0,0
9205d632cc9bf42b9b38951bf7740f3406e6e228,1320422783,1,1,0,0,0,0,1,0,0,0,0,3116,1508.79,124,FALSE,0,0,0,0,0
a751346b20edde459a53b6c335e3985b42e426fe,1320422503,1,1,0,0,0,0,0,0,0,0,0,3115,1507.79,123,FALSE,0,0,0,0,0
b5346005af39ebd27a361952a78c4f46b36d6ea8,1320422157,1,1,0,0,0,0,0,0,0,0,0,3114,1506.8,122,FALSE,0,0,0,0,0
8111a193070195e85f5145a262c196edcbbfb4b5,1320420969,1,1,0,0,0,0,0,0,0,0,0,3113,1505.83,121,FALSE,0,0,0,0,0
334a8d3fa2365a363bbd5431e48aa4b2b7a2897b,1320420910,1,1,0,0,0,0,0,0,0,0,0,3112,1504.83,120,FALSE,0,0,0,0,0
860b4f1a3bdf67f56bf8ec34ac2e55aa7a6bb776,1320002711,0,0,0,0,0,0,0,0,0,0,0,3111,1514.54,0,FALSE,0,0,0,0,0
a5b1aa9ca7cb46d27680e12e384c9054e7bf4263,1320002405,1,1,0,0,0,0,0,0,0,0,0,0,0,0,FALSE,0,0,0,0,0
7c6c07497a63410c58b8f49679c0e2ff5dea4509,1319497306,1,1,0,0,0,0,0,0,0,0,0,3110,1526.7,479,FALSE,0,0,0,0,0
95f6cda9c411d5b5953908941cfa5696b8960ed3,1319497246,1,1,0,0,0,0,0,0,0,0,0,3109,1525.7,478,FALSE,0,0,0,0,0
e2de941d094f23a81ce9da134bfe9479b824e54e,1319497235,3,3,1,0,1,1,0,1,19.01,79,42,3108,1524.7,705.667,FALSE,0,0,0,0,0
f7d67ce7660de08345e82c1859e5e1978871da56,1319497102,1,1,0,0,0,0,0,0,0,0,0,3107,1523.7,118,FALSE,0,0,0,0,0
b63f2ca903fd2e8e7d9a97b20178984f6497a84e,1319496402,2,2,1,0,23,23,0,1,0.03,502,76,3106,1522.72,256,FALSE,0,0,0,0,0
77c2d89be6b008cf3f03421feb4df0293871367e,1319493561,1,1,1,0,75,76,1,1,0.01,503,75,3105,1521.79,394,FALSE,0,0,0,0,0
458097fe7b7826f9a787e1c6b76027c0b87b502a,1319493069,1,1,3,1,3,3,1,5,52.79,654,51.33,3104,1520.81,393,FALSE,0,0,0,0,0
1b25240d36625acf21b83ca066538a2d1c24d73a,1319492826,2,2,1,0,1,1,0,1,68.22,503,74,3103,1519.81,434,FALSE,0,0,0,0,0
1cce4d98ffb85d529251875305f6831aa1a4d5e7,1319492229,1,1,0,0,0,0,0,0,0,0,0,3102,1518.83,475,FALSE,0,0,0,0,0
09b5c79073be60bcd2bb96fd67f44b5c8a0f51e6,1319492205,1,1,0,0,0,0,0,0,0,0,0,3101,1517.83,474,FALSE,0,0,0,0,0
93485003661075d56173ecf68ff900354c4d4cf3,1319492190,1,1,0,0,0,0,0,0,0,0,0,3100,1516.83,473,FALSE,0,0,0,0,0
62257bce187ae673940fa59da2a06ca2b7d0729b,1318639883,1,1,1,0,13,13,0,1,0,592,86,3099,1538.29,1520,TRUE,0,0,0,0,0
0ed74aa68b4e9a59695a29b5800e6ce2a005303e,1318639737,1,2,2,0.0700276,13,6,0,1,26.67,494.5,58,3098,1537.3,1519,FALSE,0,0,0,0,0
e0bd0d64702456aff9f60bde75a9b0b914c0116d,1318639043,1,1,1,0,1,2,0,1,5.19,592,84,3097,1536.32,1518,FALSE,0,0,0,0,0
b433550556cc66ff41dab8a590bd43cc9e57d830,1318607162,1,1,1,0,16,10,0,3,2.96,550,87,3096,1536.17,1517,FALSE,0,0,0,0,0
0f6a044d982d3e1ff12af39a69fe6c8dcd649b7f,1318606701,1,1,0,0,0,0,1,0,0,0,0,3094,1534.18,115,FALSE,0,0,0,0,0
04ebd8875b2b47a26c678e558f9ceca723d8d899,1318606701,1,1,0,0,0,0,1,0,0,0,0,3095,1535.18,116,FALSE,0,0,0,0,0
1a1ed0ae4526ff7d8dd5d7337d1f29a9a0414351,1318524408,1,1,1,0,2,2,0,3,0,377,35,3093,1535.37,1516,FALSE,0,0,0,0,0
d6fabb6f8ee5d8b3007c24c68d7619542d2e2799,1318524386,1,1,1,0,22,22,0,3,0,377,34,3092,1534.38,1515,FALSE,0,0,0,0,0
08e8194db1580ffeee755332896bd2b9144364ad,1318524359,0,0,0,0,0,0,0,0,0,0,0,3091,1533.38,0,FALSE,0,0,0,0,0
0e4e050b2177e503c3d7a4e0ac823b682e3956a1,1318524211,1,1,1,0,27,0,0,3,2,350,33,3090,1532.38,1514,FALSE,0,0,0,0,0
de17b285b1ac29a0ecd3f5477625d5e3ed91569d,1318351501,1,1,2,0.229363,12,1,0,5,18.32,444.5,56.5,3089,1535.99,1513,TRUE,0,0,0,0,0
f640d0973d11cb1d3f0f908fb35e2fffd7dfd498,1318308751,0,0,0,0,0,0,0,0,0,0,0,3088,1536.13,0,FALSE,0,0,0,0,0
47ff0dc0cc29debf510658c5cfdb92f6d5cdcd3d,1318308584,1,1,0,0,0,0,0,0,0,0,0,0,0,0,FALSE,0,0,0,0,0
965e1d63dcb4dfe1091a744b7918b057aaf2b4f9,1318190900,1,1,1,0,8,1,0,1,0.01,585,25,3087,1538.29,1512,FALSE,0,0,0,0,0
73f1da2ff7eeea88433efbea5df193d4e132f18c,1318190492,1,1,1,0,33,13,0,3,1.96,530,85,3086,1537.3,1511,FALSE,0,0,0,0,0
0f6ad43e9128f516d2aa215331e83efb3bbf8643,1318190055,1,1,1,0,6,0,0,1,0,579,24,3085,1536.31,1510,FALSE,0,0,0,0,0
8d804a6c4a936a45713b26e22ed096e80b7b7aad,1318189887,1,1,1,0,0,15,0,1,1.9,594,23,3084,1535.32,1509,FALSE,0,0,0,0,0
02f48aabbf8c7a3cb5271f1f535f75cb7bea5e9f,1318026316,1,1,1,0,4,5,0,1,0.01,96,7,3083,1538.71,1508,FALSE,0,0,0,0,0
d4b08e95665708703d8d4ea8e3250397cd8c0c1f,1318025880,1,1,1,0,1,1,0,1,0,594,22,3082,1537.72,1507,FALSE,0,0,0,0,0
9f1f58fd4b6c38d3991df38da35d13afe28857b8,1318025593,1,1,1,0,1,1,0,1,137.06,53,1,3081,1536.73,1506,FALSE,0,0,0,0,0
4ed92d50e035ebd0cd2350fc03dd9ee78db17e8a,1318025544,1,1,1,0,2,24,0,1,0,616,21,3080,1535.73,1505,FALSE,0,0,0,0,0
8848004cb74b82acaa0c558b83ec3b1428c8c59a,1318025430,1,1,1,0,36,25,0,1,0.01,605,20,3079,1534.73,1504,FALSE,0,0,0,0,0
371b381074b3821be8207383fb250c80f9fba855,1318025048,1,1,1,0,4,1,0,1,0,93,6,3078,1533.74,1503,FALSE,0,0,0,0,0
6d47011dcf38a1054ad7b467b5ba2845916f4ee3,1318024896,1,1,1,0,12,1,0,1,0,82,5,3077,1532.75,1502,FALSE,0,0,0,0,0
705cdb636897df24733534ef2bd4e00f895209c0,1318024820,1,1,1,0,3,3,0,1,0,82,4,3076,1531.75,1501,FALSE,0,0,0,0,0
90fc80fd872cb9a16efbc7c9ecd8e75917a82dcb,1318024782,1,1,1,0,11,3,0,1,0,74,3,3075,1530.75,1500,TRUE,0,0,0,0,0
041974ee0114d246119424bb8f44e3a767967f3d,1318024738,1,1,1,0,18,4,0,1,0,60,2,3074,1529.75,1499,FALSE,0,0,0,0,0
7369d861cacf67fd17dd1014691eda3ffc253a26,1318024346,1,1,1,0,15,1,0,1,0,46,1,3073,1528.76,1498,FALSE,0,0,0,0,0
e1da383aed5d6e3bc7fce42f5d5d19f987482bf0,1318024266,1,1,3,0.192365,71,36,0,1,0.02,236.67,9.33,3072,1527.76,1497,TRUE,0,0,0,0,0
6bcf29152f09a43cc0c1daf719586d2bb6c5d885,1318022709,1,1,1,0,2,1,0,1,0.01,615,18,3071,1526.8,1496,FALSE,0,0,0,0,0
8a38211bd9af80c1805961f5a7200962adb04722,1318022165,1,1,1,0,4,1,0,1,0,612,17,3070,1525.82,1495,FALSE,0,0,0,0,0
cb2b9feb5f4cdc6de90ed1b41d60e2e79edddeeb,1318021993,1,1,1,0,8,0,0,1,0,604,16,3069,1524.82,1494,FALSE,0,0,0,0,0
c2d5d5619bbde64135ee2880a7683fe579f3d2d8,1318021957,1,1,1,0,8,5,0,1,0,601,15,3068,1523.82,1493,FALSE,0,0,0,0,0
76b7d6975f324543344625db965ed914140341a3,1318021868,1,1,1,0,8,3,0,1,0,596,14,3067,1522.83,1492,FALSE,0,0,0,0,0
7e9186d1aeb95be0d32d3eca935a90f3365a1995,1318021686,1,1,1,0,0,5,0,1,0,601,13,3066,1521.83,1491,FALSE,0,0,0,0,0
d1ce4c99235ccb35167f8456e7a68546ccf2a76a,1318021499,1,1,1,0,3,1,0,1,0.01,599,12,3065,1520.84,1490,FALSE,0,0,0,0,0
fed7fa4cd2f3fa21a09b344487bc951592932bd3,1318020974,2,2,3,0.172436,0,45,0,3,81.9,229,32,3064,1519.85,940,FALSE,0,0,0,0,0
0d0125fc29e1adcf7f0d96e3b1345fee2b83bb07,1318020659,1,1,2,0.0500365,0,26,0,1,19.61,376,9.5,3063,1518.86,1488,FALSE,0,0,0,0,0
98e2c0522fd0de213a48c09589586f862df9b7e5,1318020631,1,1,2,0.251463,19,5,0,3,0.01,558.5,46,3062,1517.86,1487,TRUE,0,0,0,0,0
294bc8c1d770f6fce9b6ad4286a847772a0af356,1318019643,1,1,1,0,5,9,0,1,0,594,9,3061,1516.88,1486,FALSE,0,0,0,0,2
ae11d836841f825b8bc29ea94ef86dd7608c8a14,1318019472,1,1,1,0,1,1,0,3,0,527,82,3060,1515.89,1485,FALSE,0,0,0,0,0
aab9b08ec2cc96949665f7972696a928df50b66b,1318019433,1,1,1,0,3,0,0,3,0,524,81,3059,1514.89,1484,FALSE,0,0,0,0,0
31ff7db01903072eabda11073eac75d3076ac8bb,1318019365,1,1,1,0,3,0,0,3,0,521,80,3058,1513.89,1483,FALSE,0,0,0,0,0
c40c54fbee840d322e54fa45bc14ddeeba550edf,1318019263,1,1,2,0.0301032,41,1,0,3,0.98,537.5,43.5,3057,1512.89,1482,FALSE,0,0,0,0,1
cecbaf2efeb51d25e39ccd165e76bef6db5b27ba,1318018975,1,1,2,0.0117933,0,103,0,1,0.01,349,38,3056,1511.9,1481,FALSE,0,0,0,0,1
e90413243ee5eda266826f611c0917a7541cd9cb,1318018861,1,1,1,0,2,3,0,1,0,597,6,3055,1510.91,1480,FALSE,0,0,0,0,0
a9396efeaf9a824c454e5dc31c1d115845b5773d,1318018769,1,1,1,0,15,3,0,1,0.01,585,5,3054,1509.91,1479,FALSE,0,0,0,0,0
60353c6d0536de8ec9c07b990b8114d6c11c1f18,1318018437,1,1,1,0,4,2,0,1,0,86,47,3053,1508.92,1478,FALSE,0,0,0,0,0
7b5ed507860930c08d3158b68a9ff4d9d4c15730,1318018412,1,1,1,0,6,0,0,1,0,80,46,3052,1507.92,1477,FALSE,0,0,0,0,0
02baa2b17c773e1d4ea046d13d3b125e132f2865,1318018373,1,1,1,0,0,580,0,1,0,580,59,3051,1506.92,1476,FALSE,0,0,0,1,3
d0585bd9103c42e99d823de4d08058b5f3581b6a,1318018215,1,1,2,0,1,1,0,1,0.07,332.5,23.5,3050,1505.92,1475,FALSE,0,0,0,2,8
adf71244463809b22f682ac0588d606b0c2038b4,1318018075,1,1,1,0,1,2,0,1,0,586,3,3049,1504.93,1474,FALSE,0,0,0,0,0
7710db4591cbe64f6592f1f237a2a3163a5679b4,1318018039,3,4,6,0.312017,125,644,0,1,58.76,297.83,21.33,3048,1503.93,649.667,FALSE,0,0,0,4,5
ce03cf49d8a9c37d4b35953c92bec3ad8fd5acc6,1318006890,1,1,1,0,46,70,0,1,0,104,44,3047,1503.21,1472,FALSE,0,0,0,0,1
65c0d14a4eb8a3724d7b781d790d315c5ac1fd7d,1318006810,2,2,2,0.847128,17,1,0,1,0.02,51.5,21.5,3046,1502.22,737,FALSE,0,0,0,0,0
667ed6fcf563f6cba7effd7b72fc7dcd0e8a25e7,1318004976,1,1,2,0.00217472,532,1,0,1,0,47.5,21,3045,1501.26,1470,TRUE,0,0,0,1,3
d7da40642d799aeb68b1f5b6743218c72c639247,1318004657,1,1,1,0,0,52,0,1,163.91,52,3,3044,1500.27,1469,FALSE,0,0,0,0,0
d6b504751144269ff8e7a77ef22a2dfae9ec75eb,1318004634,2,2,3,0.0634187,91,72,0,1,16.32,28.33,13.67,3043,1499.27,735,TRUE,0,0,0,0,2
3b5a751b25ad89f871aa62828633da3ba182da9f,1318004284,1,1,0,0,0,0,0,0,0,0,0,3042,1498.28,471,FALSE,0,0,0,0,0
049a5573416d4d434ca3a276f964f05824de26e2,1318001431,2,3,1,0,0,17,0,1,0,17,1,3041,1497.35,235.5,FALSE,0,0,0,0,0
94a6f42efd4c0bb3b52991186821f5626028882c,1318001337,1,3,1,0,0,15,0,1,0,78,23,3040,1496.36,380,FALSE,0,0,0,0,0
a4aed5f51a2798b258efcbde89b55097f46e520b,1318001143,2,5,2,0.717117,24,4,0,1,22.11,37.5,11,3039,1495.36,189.5,FALSE,0,0,0,0,0
3e6f45cb72ff2cc4adedd5b1ed8ba216e5541058,1318000751,1,1,0,0,0,0,0,0,0,0,0,3038,1494.37,469,FALSE,0,0,0,0,0
3bd4de7f7326950bf8ef596cd162c2d8eb200315,1317927944,1,1,0,0,0,0,0,0,0,0,0,3037,1495.23,114,FALSE,0,0,0,0,0
5c04f85f93df5ca1dea84683509d4954a4b4204c,1317854510,2,2,1,0,1,1,0,1,44.22,79,41,3036,1496.11,967.5,FALSE,0,0,0,0,0
77f885d4a0f043667a812d79d93e0e99ef555cb4,1317854062,1,1,0,0,0,0,1,0,0,0,0,3035,1495.12,467,FALSE,0,0,0,0,0
8a7491c97a89fe835ab08c570fe3e2fe4c7a3daf,1317852530,1,1,0,0,0,0,0,0,0,0,0,3034,1494.16,466,FALSE,0,0,0,0,0
b3cab31cf78d50c811a5750eeb06a94fd4185828,1317852283,1,1,0,0,0,0,0,0,0,0,0,3033,1493.16,465,FALSE,0,0,0,0,0
021655a10a6cf326f2ac5bf146de83b24812f065,1317850440,1,1,1,0,15,3,0,3,0.01,468,78,3032,1492.21,1466,TRUE,0,0,0,0,0
e301d43704b520c47297e624887f2dba52c24100,1317849897,1,1,1,0,15,3,0,3,7.17,456,77,3031,1491.22,1465,FALSE,0,0,0,0,0
54c1a208c3b4faf8b051373edc8c838b6073ec1f,1317230833,1,1,1,0,3,1,0,3,21.02,454,76,3030,1506.14,1464,FALSE,0,0,0,0,0
ad9bbda708d4aeeff1aafa712e0dd1152531a5e1,1317167749,1,1,0,0,0,0,0,0,0,0,0,3029,1506.78,171,FALSE,0,0,0,0,0
341e167eabcca5d990706607bcbc9a29c38695a3,1316644530,1,1,0,0,0,0,0,0,0,0,0,3028,1519.52,464,FALSE,0,0,0,0,0
fb031d1ad5ec372d1c8f073e226b77666d568ba7,1316618677,2,2,0,0,0,0,0,0,0,0,0,3027,1519.2,288,FALSE,0,0,0,0,0
c2fc9a83e8f82302a21b30f5c6706aa35d9d2af9,1316618677,2,2,0,0,0,0,0,0,0,0,0,3026,1518.2,287,FALSE,0,0,0,0,0
d8b20bd2d510ad24997122acb88a835c638be9d2,1315929609,1,2,2,0.789817,45,0,0,0,0,0,0,3025,1535.68,378,FALSE,0,0,0,0,0
d3c4fd91c9eda2166bcd6108917c59772234cf0d,1315849162,1,1,0,0,0,0,0,0,0,0,0,3024,1536.86,461,FALSE,0,0,0,0,0
d3937b9a613914b4715526aa3f490a191a201ae6,1315414997,1,1,1,0,2,1,1,3,0,453,75,3023,1547.77,1463,TRUE,0,0,0,0,0
2c734e2e4cbf2dba7ea1fbd9b005bc92e4afb7f9,1315414947,1,1,1,0,4,1,0,3,19.75,450,74,3022,1546.77,1462,FALSE,0,0,0,0,0
00e44f6fc9129b6a5d8fd9207fd0ea9b892587f8,1315414888,2,2,2,0.847128,7,2,1,4,18.52,619.5,64,3021,1545.77,925.5,FALSE,0,0,0,0,0
77d8823261d04ee2935a6358e1f2a67086d2e11a,1315347545,2,2,1,0,2,6,0,3,0,343,31,3020,1546.63,881,FALSE,0,0,0,0,0
6f85c1473839b7931fcc612777f9a52da149703f,1315347495,1,1,0,0,0,0,0,0,0,0,0,3019,1545.63,301,FALSE,0,0,0,0,0
edb1dc067a7a66b278e6df466d390c783cf6e7f5,1315347352,2,2,2,0.523683,8,5,1,3,20.04,348,27,3018,1544.63,924,FALSE,0,0,0,0,0
6692f911ab09a6bada207d9950b20e9940ecb7c6,1315347249,2,2,2,0.647965,7,4,1,3,20.04,335.5,21.5,3017,1543.64,923,FALSE,0,0,0,0,0
6b161d5389339a976937ed2946998b4615bd366c,1314808357,1,1,0,0,0,0,0,0,0,0,0,3016,1557.62,460,FALSE,0,0,0,0,0
c21e3feaa6c80bc262738bec6e4707dda297a279,1314632430,1,2,2,0.288282,15,1,1,1,101.25,174,8,3015,1561.57,1457,FALSE,0,0,0,0,0
cbf330c3db48e2a3e93c34a2e1e32c56a31bea7a,1314632430,1,2,2,0.288282,15,1,1,1,101.25,174,8,3014,1560.57,1456,FALSE,0,0,0,0,0
13010987b0cc8ce573e82b104c8e8435880cb0ca,1314180861,1,1,1,0,1,0,0,1,95.74,74,21,3013,1572.42,377,FALSE,0,0,0,0,0
b078481cdbe038ea59331ea6b43334f5177bf091,1314033604,3,3,1,0,1,1,0,1,3.01,79,40,3012,1575.66,675,FALSE,0,0,0,0,0
05342664901bb1d32e4e24e5905685257081bf94,1314032713,0,0,0,0,0,0,0,0,0,0,0,3011,1574.69,0,FALSE,0,0,0,0,0
a25ef01da32a090b7cf7d3159cb6b283e62d89c5,1314032686,2,2,2,0.119064,34,1,1,2,4.76,601,28.5,3010,1573.69,920.5,FALSE,0,0,0,0,0
3888468a964cef76d2e70d65f4c579ddf33fb040,1314032686,2,2,2,0.119064,34,1,1,2,4.76,595,26,3009,1572.69,919.5,FALSE,0,0,0,0,0
71aca3c199c26f85b298e965d59d1333e2ba94b0,1314031882,1,1,1,0,2,6,1,4,3.74,773,101,3008,1571.71,385,FALSE,0,0,0,0,0
a6b70ceca46356b4d479c9e65d51ef0c263c1949,1314031663,1,1,1,0,0,4,1,4,5.01,784,93,3007,1570.72,384,FALSE,0,0,0,0,0
c8ab0588428a62f224e147c69cced810e49b7aa2,1313997075,1,1,1,0,1,2,1,1,41.54,86,5,0,0,0,FALSE,0,0,0,0,0
72fab80a74b50aaf2d9d7656b282fd0c43d9633e,1313948442,0,0,0,0,0,0,0,0,0,0,0,3006,1572.11,0,FALSE,0,0,0,0,0
b166fd7d6e16a9aef7d2720f96e9b1ab7459b163,1313880796,1,1,0,0,0,0,0,0,0,0,0,3005,1573.05,170,FALSE,0,0,0,0,0
45757a0f1a8a1c59f4263c4780aff19fc6dac4ab,1313840031,1,1,0,0,0,0,0,0,0,0,0,3004,1573.23,110,FALSE,0,0,0,0,0
9545face97db02b7d08f4dc1cfe5068b4551a06d,1313839759,1,1,0,0,0,0,0,0,0,0,0,3003,1572.24,458,FALSE,0,0,0,0,0
6dacd51b81b6187f5dcf716aa3190da49dacce28,1313839728,1,1,0,0,0,0,0,0,0,0,0,3002,1571.24,457,FALSE,0,0,0,0,0
571a1827125704e450e7abbea5653fe3189186a9,1313838153,1,1,0,0,0,0,0,0,0,0,0,3001,1570.28,109,FALSE,0,0,0,0,0
e3aabdc2bc568cda96539dc673eaad74f6307c99,1313835599,2,2,1,0,26,0,0,0,0,0,0,3000,1569.35,312.5,FALSE,0,0,0,0,0
4d8d5b12f2cba5ebfcad8b9f7cc29feaa28b9af7,1313773958,2,2,1,0,1,1,0,1,8.75,85,40,2999,1570.12,953.5,FALSE,0,0,0,0,0
24a4a80ccda4008b0f6af915c33ae6ccf30bc5a2,1313773958,2,2,1,0,1,1,0,1,14.24,79,39,2998,1569.12,952.5,FALSE,0,0,0,0,0
5785e7e2e5278771538299f7216a1a3e354a0625,1313773639,1,1,1,0,0,14,0,1,0,570,57,2997,1568.13,1450,FALSE,0,0,0,0,0
81f311105c33b668bf3bb4fa0ace2fe41d9ce23a,1313773547,1,1,1,0,0,1,0,1,0,571,56,2996,1567.14,1449,FALSE,0,0,0,0,0
ad3679fcb876c0bce9da967c5e79ce6630099de2,1313773525,1,1,1,0,0,2,0,1,0.81,573,55,2995,1566.14,1448,FALSE,0,0,0,2,0
2fdd906a41b1a80fe556eaab565ffe34e186aa06,1313769182,1,1,7,0.940997,96,5,0,1,45.83,488.71,21.86,2994,1565.26,300,FALSE,0,0,0,0,0
71cc6bac2219fa3133aada9cac5d045ae6f70b58,1313769114,1,1,1,0,13,0,0,1,58.73,193,28,2993,1564.26,299,FALSE,0,0,0,0,0
29508f1cc7d6e5327f1c9b36a6b795ed4b344a4a,1313713532,1,1,0,0,0,0,0,0,0,0,0,2992,1564.85,108,FALSE,0,0,0,0,0
426ba623482745d7a2c8df25e52e06a20d51c495,1313713299,2,2,0,0,0,0,0,0,0,0,0,2991,1563.86,280,FALSE,0,0,0,0,0
d2df055abe8b372ffd6ba30db1070012571439f8,1313708375,2,2,2,0.734496,7,3,1,4,0.63,609.5,73.5,2990,1563,915,TRUE,0,0,0,0,0
d3ccdbcf724de8fb7c5c7412c91b2ccafce26cbe,1313707399,1,1,1,0,24,41,0,3,0,463,72,2989,1562.03,1446,TRUE,0,0,0,0,2
7a476fc9642eb8fa2016448ccb1207054ba70a55,1313707102,1,1,1,0,18,3,0,3,0.01,448,71,2988,1561.03,1445,TRUE,0,0,0,0,0
5da28be2b2f0c5c1eeb8f020b4c36ccec57c91f7,1313706499,1,1,1,0,18,6,0,3,1.22,436,70,2987,1560.05,1444,FALSE,0,0,0,0,0
0932bdea30815f443e7f44196c681236d28eb0a0,1313703356,1,1,1,0,3,3,0,1,1.18,573,54,2986,1559.14,1443,FALSE,0,0,0,0,0
3a46660932d5b83009e9b3b6421cb9bbed775dc5,1313683426,1,1,0,0,0,0,0,0,0,0,0,2985,1558.71,298,FALSE,0,0,0,0,0
adca07a858ff069d52009e725c737206460d8cbf,1313621307,2,2,3,0.125303,36,68,0,2,6.45,436.67,18,2983,1558.47,911,FALSE,0,0,0,0,1
75054e17cfd238b47fbbe94589cbbc326591b533,1313621307,2,2,3,0.125303,36,68,0,2,6.87,440.67,19.33,2984,1559.47,912,TRUE,0,0,0,0,1
664907f02e59917f9a2d3b380b314c48890d074c,1313617167,2,2,2,0.917275,54,14,1,2,0,596,27.5,2982,1557.59,910,FALSE,0,0,0,0,0
6b924bf1df541c29223301daea4e920538aaa6c1,1313617167,2,2,2,0.917275,54,14,1,2,0,590,25,2981,1556.59,909,FALSE,0,0,0,0,0
f9772727329628a7afeb06eb719e9fcb3ca8178b,1313616791,2,4,4,0.271987,75,34,0,4,10.94,660.25,58.75,2980,1555.6,908,TRUE,0,0,0,0,0
eb88f160b671bd432b331cb24c9d5187c444116f,1313616791,2,4,4,0.271987,75,34,0,4,29.99,680.5,54.75,2979,1554.6,907,TRUE,0,0,0,0,0
4f0b3f468416594bf129e3bfc721f647e58f0580,1313616010,2,2,2,1,24,0,0,3,57.15,323.5,21,2978,1553.62,906,FALSE,0,0,0,0,0
d10b7b43ea230170f4a00ee0829e933d2e8909b9,1313616010,2,2,2,1,24,0,0,3,8.9,336,26.5,2977,1552.62,905,FALSE,0,0,0,0,0
e9abe1b846894c54739ced703674f4ef4a96ab05,1313601205,2,2,4,0.629025,34,23,0,4,13.42,548.75,64.25,2976,1552.04,904,TRUE,0,0,0,2,0
01e6df759e4adef5878f3e66c9f91992efc7eae1,1313598448,3,3,4,0.578391,48,38,0,4,15.99,579.75,57.75,2975,1551.12,701,FALSE,0,0,0,2,0
cc21f38664f49e9a4bb8accee89e2e6f25a16f78,1313592796,1,1,0,0,0,0,0,0,0,0,0,2974,1550.28,452,FALSE,0,0,0,0,0
1dc4e6fcb4988c47f4b041e48f0b4341ba232f0a,1313592796,1,1,0,0,0,0,0,0,0,0,0,2973,1549.28,451,FALSE,0,0,0,0,0
fff6951d9458c686ddfac5fc2a32b247a3af5a5b,1313544597,1,1,1,0,1,1,0,1,0,410,32,2971,1548.63,1431,FALSE,0,0,0,0,0
34606c26f06c9966c3b4cdae0c83f57ef0412003,1313544597,1,1,1,0,1,1,0,1,0,410,33,2972,1549.63,1432,FALSE,0,0,0,0,0
be9d66a574dc71b4bd1d127f8340eacadba57dc1,1313544521,1,1,1,0,1,1,0,1,0.03,410,32,2970,1547.63,1430,FALSE,0,0,0,0,0
1ebd49af75f2391d76376ac6ebbc10b7abee32bf,1313544521,1,1,1,0,1,1,0,1,0.03,410,31,2969,1546.63,1429,FALSE,0,0,0,0,0
ed9fcde49937f60f5465234296ec74bc70887df2,1313542280,2,2,2,1,25,1,0,2,5.28,549.5,25.5,2968,1545.7,900,FALSE,0,0,0,0,1
8c2107e337b3342ef43d84ffa3e737a6478319bf,1313542280,2,2,2,0.884014,24,0,0,2,5.28,543.5,23,2967,1544.7,899,FALSE,0,0,0,0,1
cddc5442f1a67356d0f620e9f71e42cc3a033c52,1313451071,1,1,0,0,0,0,0,0,0,0,0,2966,1546.25,106,FALSE,0,0,0,0,0
3c2139b0c3a3951255d5c507f772ac94e9cb6b22,1313441218,1,1,1,0,1,1,1,3,4.98,437,68,2965,1545.53,1426,FALSE,0,0,0,0,0
ac8cb270fede2f69d87271bae758e7c312b3dacb,1313441218,1,1,1,0,1,1,1,3,10.39,460,53,2964,1544.53,1425,FALSE,0,0,0,0,0
7eeec91ab5440646cf27fddadf34163b3e37d211,1313339767,1,1,0,0,0,0,0,0,0,0,0,2963,1546.37,450,FALSE,0,0,0,0,0
fdd43ee448119a29414ce88cdf2d0d79179e13e2,1313339703,1,1,0,0,0,0,0,0,0,0,0,2962,1545.37,296,FALSE,0,0,0,0,0
ca75492512dcb8d504b820cb07d84fa19cedced2,1313086024,2,3,3,0.379043,304,13,0,2,9.94,460,31.33,2961,1551.52,897,FALSE,0,0,0,6,1
d54ee58f93afc16e63ba419a0d3c3d3b2c58b1cf,1313086024,2,3,3,0.406549,241,15,0,2,26.96,481.33,25.67,2960,1550.52,896,FALSE,0,0,0,4,1
ce0fa0a3b294469af85f2ed7660a921ad830b22a,1313083043,1,1,1,0,33,0,0,2,0,483,25,2959,1549.6,368,FALSE,0,0,0,0,0
a2a76447947f3bbaa5ee409066ee6e13f4ee09b2,1313082736,1,1,1,0,4,0,0,2,0,491,30,2958,1548.61,367,FALSE,0,0,0,0,0
e2f41147ed99386cadae8b490eddab2f4524a1f5,1313082736,1,1,1,0,4,0,0,2,0,479,24,2957,1547.61,366,FALSE,0,0,0,0,0
af3f7f0a651d24ad1a4ac4fd4e3feaf5c023f020,1313082660,1,1,1,0,28,0,0,2,14.28,451,23,2955,1545.61,364,FALSE,0,0,0,0,1
91aebc758cd4c1a4384c5b047f1ebc8e3f7d860e,1313082660,1,1,1,0,28,0,0,2,13.01,463,29,2956,1546.61,365,FALSE,0,0,0,0,1
ca0d29d8115aa091cdb184992cd12a4cc4da2699,1313017941,1,1,1,0,7,1,0,1,30.05,79,39,2954,1546.44,1422,FALSE,0,0,0,0,0
c8c6aa2a1f137e635a0911a331f3a93daf86c4f4,1313010937,1,1,1,0,20,8,0,3,0,425,67,2953,1545.63,1421,FALSE,0,0,0,0,0
19a1a22e63337375bc3d12e0d3befd01e3093fed,1313010816,1,1,1,0,14,0,0,3,6.03,411,66,2952,1544.64,1420,FALSE,0,0,0,0,0
c729d62f89ae4eb1facf48008e75ed743b9edc87,1312850030,1,2,3,0.353759,7,1,0,1,0.01,19.33,2.67,2951,1548.17,376,FALSE,0,0,0,0,0
1793b50e6bb6ba570b9086109aeef3713d676d95,1312849554,1,3,5,0.475203,13,2,0,1,0,14.8,1.4,2950,1547.18,375,FALSE,0,0,0,0,0
23dbe6a5f0a163e75469b90a82e48a828e202369,1312848913,1,4,4,0.513233,65,7,0,1,0,8,1.5,2949,1546.2,374,FALSE,0,0,0,0,0
509601e617d094ed102495c899cef1ec1d0599d0,1312848067,2,2,2,0.310917,4,6,1,1,12.14,235,36,2948,1545.22,896,FALSE,0,0,0,0,0
d58beed7521aacd5440053bb37e35fd329b3827b,1312847501,2,2,2,0.47756,2,5,0,1,26.21,268,27.5,2947,1544.24,895,TRUE,0,0,0,0,0
fd5d1076dce9e3c4cc0a7413790f073187c001fc,1312847122,2,2,2,0.224419,26,27,0,3,17.19,336.5,26,2946,1543.25,890,TRUE,0,0,0,0,0
05b76a1f93c2560670387c72cef327cbfff68b40,1312846809,2,3,2,0.715423,34,17,0,1,0,29,6,2945,1542.26,410,TRUE,0,0,0,0,0
f84ec803a493f30fc30035fe9e24de3510806028,1312846040,1,1,1,0,1,1,0,1,80.31,58,11,2944,1541.28,370,TRUE,0,0,0,0,0
a37003945b8a82abfff67c7d0315e4b62a5c6857,1312598111,1,1,2,0.120965,37,9,0,1,37.79,1036.5,64.5,2943,1547.26,295,FALSE,0,0,0,0,0
75361fb177c51d4c9cd12c6c30c6bf33192e9d27,1312543792,2,2,1,0,1,1,0,1,21.65,79,38,2942,1547.8,932,FALSE,0,0,0,0,0
21f9b386db4f6e6168ea98db6b2bd8d49d926eac,1312543711,1,1,1,0,1,1,0,3,0,460,52,2941,1546.8,1415,FALSE,0,0,0,0,0
271cb16ecdfc9750641fc74dea977b9338151562,1312543688,2,2,2,0.097504,13,1,1,4,1.35,616,61.5,2940,1545.8,888,FALSE,0,0,0,0,0
c35cd7fcb78a09a11ba650cdd6b53e44deee74c5,1312489812,4,4,3,0.235949,38,31,0,4,12.66,432.67,47,2939,1546.32,609.25,TRUE,0,0,0,0,0
bb9d50579bae0a52c0673a121a8562c6f742bfbb,1312484471,1,1,1,0,1,1,0,3,0.67,404,64,2938,1545.47,1412,FALSE,0,0,0,0,0
54d37512f51f5cf02ad213facb30c5f3f498db86,1312426839,2,2,2,0.405639,4,8,0,4,5.41,590.5,68.5,2937,1546.1,885.5,FALSE,0,0,0,0,0
803ec213d731c21585210ac552ed3bc2ed0900d4,1312426780,2,2,2,0.438746,6,9,1,4,20.23,617.5,61,2936,1545.1,884.5,FALSE,0,0,0,1,0
9e9042f1ebeaa49effa3cad8f870f4b3e3084cec,1312300754,1,1,0,0,0,0,0,0,0,0,0,2934,1546.67,367,FALSE,0,0,0,0,0
c516be8c4b0f4872e5c1a3fcfa244ae4fa3f6804,1312300754,1,1,0,0,0,0,0,0,0,0,0,2935,1547.67,368,FALSE,0,0,0,0,0
82c78ec8f97af090a48860cda100d6f6b94a3472,1311962570,1,1,1,0,1,1,0,3,0,332,27,2933,1555.31,1409,FALSE,0,0,0,0,0
b1d4b716091bc4c6fcaaf18b8f22df4a4cfb8e07,1311962540,1,1,2,0.0429686,13,17,0,5,6.99,371.5,42,2932,1554.31,1408,FALSE,0,0,0,0,0
7440c7ddc76c8f24063ae530cf8d908ab8e5603a,1311958552,1,1,1,0,13,1,0,2,1.27,451,28,2931,1553.43,358,FALSE,0,0,0,0,0
ec4c86f46d81a1b167820fdef661c3a40d5ce312,1311958269,1,1,1,0,1,1,1,2,1.26,90,10,2930,1552.43,1407,FALSE,0,0,0,0,0
624dad5a789b9968472ad804095707acd1c4150b,1311957618,0,0,0,0,0,0,0,0,0,0,0,2929,1551.45,0,FALSE,0,0,0,0,0
c631eb43e3d31881a195b3bc180c895e8347f426,1311957105,1,1,1,0,1,0,1,3,0,407,61,2928,1550.47,1406,FALSE,0,0,0,0,0
376bedf624c8c6d403d115b14343708af19c9853,1311957035,2,2,2,1,12,4,0,4,3.52,586.5,67,2927,1549.47,881,FALSE,0,0,0,0,0
36e9c02f6f602ea6a660653aeb0886d575dbd5a1,1311956818,1,1,1,0,674,674,1,4,13.94,766,95,2926,1548.47,356,TRUE,0,0,0,0,0
0e1eb7205876018af0e6ee4ad4da02305ed34cef,1311956525,1,1,0,0,0,0,1,0,0,0,0,2925,1547.48,355,FALSE,0,0,0,0,0
8f798569a8bc80bc843088cc519d43cd770b803c,1311956525,1,1,0,0,0,0,1,0,0,0,0,2924,1546.48,354,FALSE,0,0,0,0,0
45f22ec602345f5d7bbe45a638523c1b355193d0,1311849134,2,2,2,0.115431,46,2,0,1,28.46,248.5,13.5,1,1,1,FALSE,0,0,0,0,0
f4080210bdc6493e71f58af03cb7d780e5b89893,1311849134,2,2,2,0.251463,22,2,0,2,1.13,260.5,16,0,0,0,FALSE,0,0,0,0,0
8c0e47baf9fcb69bccd58204b1aa3f1802255dcd,1311782551,1,1,1,0,10,2,0,2,0,423,26,2923,1550.44,353,FALSE,0,0,0,0,0
461473e48ec1a3bdcdc835986a3493e3b2e63094,1311782453,1,1,1,0,6,2,0,2,0,419,25,2922,1549.44,352,FALSE,0,0,0,0,0
8b1f109c1d330a6970367087000fb5f273b89fdc,1311782407,1,1,1,0,1,1,0,2,0.71,419,24,2921,1548.44,351,FALSE,0,0,0,0,0
e005cb31d8ebf8c2fc40450aca40d30e4fafd2e4,1311782367,0,0,0,0,0,0,0,0,0,0,0,2920,1547.45,0,FALSE,0,0,0,0,0
579836e221e9767de844dc153c36a99e8c2bbd32,1311782338,1,1,1,0,2,0,0,1,34.01,122,12,2919,1546.45,366,FALSE,0,0,0,0,0
b977ee6160e65b4949e996a6eb93447ddc96aba4,1311720950,2,2,2,0.181188,14,2,1,1,19.09,248.5,14,0,0,0,FALSE,0,0,0,0,0
ddce65b9dd23f7a31ff6dee87a830c1b4af4eb5c,1311641997,0,0,0,0,0,0,0,0,0,0,0,2918,1549.45,0,FALSE,0,0,0,0,0
e0e1105965485eecbd673e33d27b5d111b3f8df5,1311638543,1,1,1,0,3,3,1,1,19.29,1807,104,0,0,0,FALSE,0,0,0,0,0
1f520f9f9968d6297b4fe50cd6f43b4aa7e16c17,1311618032,1,1,0,0,0,0,0,0,0,0,0,2917,1549.13,447,FALSE,0,0,0,0,0
05a929deb67c0519fa91ae589ce7c9b39db68f86,1311617710,1,1,0,0,0,0,0,0,0,0,0,2916,1548.14,105,FALSE,0,0,0,0,0
4690b6cdf2d2d0db24e145c85f67ec140a4d776d,1311617710,1,1,0,0,0,0,0,0,0,0,0,2915,1547.14,104,FALSE,0,0,0,0,0
5ac5352e33ca4e53b97b17a4cd60fc42327f1d26,1311348933,1,1,1,0,1,1,1,3,6.86,407,59,2914,1553.84,1404,FALSE,0,0,0,1,0
22204a5ce11b4f29c9ca8fa4208b7eef8ecf8107,1311348853,1,1,1,0,2,2,1,3,15.51,462,49,2913,1552.85,1403,FALSE,0,0,0,3,0
787a555253934c1bd6729389807fc1b995be7cf9,1311190433,1,4,4,0.433569,71,0,0,0,0,0,0,2912,1556.41,365,TRUE,0,0,0,0,0
388b84e8586a1403e7db9eb556e6e570c1a3d17f,1311117288,1,1,0,0,0,0,0,0,0,0,0,2911,1557.53,446,FALSE,0,0,0,0,0
7ffd17254afe36ce975e34c80ec820aa07cfe5e2,1311117209,1,1,0,0,0,0,0,0,0,0,0,2910,1556.53,445,FALSE,0,0,0,0,0
00affe187cc6de040598eec1dd816d2ec0ed6f6a,1311111833,1,1,0,0,0,0,0,0,0,0,0,2909,1555.69,444,FALSE,0,0,0,0,0
1ec16c04504892248be4a593b7e736f533d87452,1311102519,1,1,0,0,0,0,0,0,0,0,0,2908,1554.96,443,FALSE,0,0,0,0,0
05844efbd6a2bba23257f5939b42b3f0499f1833,1311102519,1,1,0,0,0,0,0,0,0,0,0,2907,1553.96,442,FALSE,0,0,0,0,0
3ab37028fc700e25f47d886713ae80758085ebc5,1310760578,2,2,2,0.772589,32,33,0,3,0.06,338.5,24.5,2906,1562.89,876,TRUE,0,0,0,1,0
3a04888c5f1caab6391b69cc3ff659a109b37f23,1310757166,1,1,0,0,0,0,0,0,0,0,0,2905,1561.99,441,FALSE,0,0,0,0,0
6bd518241a041bd8439053ad0b081e3c752c148c,1310756199,1,1,1,0,3,2,0,3,0,406,58,2904,1561.02,1401,FALSE,0,0,0,0,0
a3cddb856faf41fa39a135607a31cf3c1994fd03,1310756103,1,1,1,0,3,1,0,3,0.05,404,57,2903,1560.02,1400,FALSE,0,0,0,0,0
4b8e08d202bbf6eef4dd882800a12aad4b4af6c5,1310755963,1,1,1,0,5,1,0,3,0.01,332,24,2902,1559.03,1399,FALSE,0,0,0,0,0
9413d30396278a6be0b1d319ce87c942ae5549dc,1310755012,2,2,2,0.405639,6,2,0,3,0.01,334.5,23.5,2901,1558.05,873.5,FALSE,0,0,0,0,0
5982fa63c657529ef43fd8b946731a255d70a4f5,1310754962,1,1,1,0,10,4,0,3,0,322,22,2900,1557.05,1397,FALSE,0,0,0,0,0
a4621a6418fbc485ea379650ebc0966fc35e27e2,1310754837,1,1,1,0,8,8,0,3,0,322,21,2899,1556.06,1396,FALSE,0,0,0,6,0
7eec21a5e6ffcb14544fd36db30da45b868a7f79,1310754707,1,1,1,0,3,0,0,3,0.02,319,20,2898,1555.06,1395,FALSE,0,0,0,0,0
96b72fe2f7a12656552ca45a7b04dac0e803670b,1310753065,2,2,2,0.141182,13,7,0,3,0,327,21.5,2897,1554.11,871,FALSE,0,0,0,0,0
c7c9606e878de9adb6127332360d3c0cf17b809a,1310752635,2,2,2,0.805983,7,0,0,3,24.01,323.5,21,2896,1553.12,870,FALSE,0,0,0,0,0
772c135d98db63550e9d3bece8ecf50a7637a3b2,1310752337,0,0,0,0,0,0,0,0,0,0,0,2895,1552.13,0,FALSE,0,0,0,0,0
365b3a76baf38a3c9c855668b99d3dcfb3a03f5d,1310752331,1,1,1,0,720,719,1,4,0,765,94,2894,1551.13,346,TRUE,0,0,0,0,0
41568b7f2a04dbeec73c331ea278797c2af575d3,1310752058,2,3,4,0.0435904,778,778,0,4,9.84,490,42.25,2893,1550.14,868.5,FALSE,0,0,0,1,0
986916cf3ef8b2529a9a13d04b85e3441cbb493b,1310751112,1,1,1,0,0,17,0,1,0,455,66,2892,1549.17,1391,FALSE,0,0,0,1,0
d689656775dee1e80331ba49f7769895714af63b,1310751051,1,1,1,0,40,9,0,3,0,1051,131,2891,1548.17,344,FALSE,0,0,0,0,0
8c56df7322bae55a6530e583a60de9a3e851904b,1310750873,2,2,2,0.181188,7,9,0,3,0.02,754,88.5,2890,1547.17,866.5,TRUE,0,0,0,0,0
1dc87761a0613a663573e14aaeccfce2cb8cf9aa,1310750001,1,1,1,0,17,34,0,1,0,521,50,2889,1546.2,1389,FALSE,0,0,0,0,0
cd88b92587190647ddc31199a8fb1bcc08df475a,1310749609,2,2,2,0.612902,0,89,0,3,0,831.5,85,2888,1545.21,865,FALSE,0,0,0,0,0
eab03fdfc436dc48a46742f60e469620eea03c12,1310749426,2,2,2,0.423935,1,26,0,1,1.98,495,58,2887,1544.21,864,FALSE,0,0,0,0,0
9a8b86872d710e50cb2a0b93e6b0699c140a7854,1310749291,2,2,4,0.391995,32,51,0,5,3.13,640.75,64.25,2886,1543.22,863,FALSE,0,0,0,0,0
04ce039ba4effc7df680e8dbe06ae56d6a987abe,1310674788,0,0,0,0,0,0,0,0,0,0,0,2885,1544.35,0,FALSE,0,0,0,0,0
c72abc529335a4358f710d9ada3d6c6c2e37b7fa,1310673504,3,3,1,0,1,1,0,1,7.7,79,37,2884,1543.39,642.667,FALSE,0,0,0,0,0
a8930b161e38ba27b68743a1dafe5a67a3617866,1310673050,2,2,1,0,1,1,1,1,2.99,455,63,2882,1541.4,837.5,FALSE,0,0,0,0,0
93189ad0b698f6f4dc68f2e31513872c2c2f8210,1310673050,2,2,1,0,1,1,1,1,16.06,459,60,2883,1542.4,838.5,FALSE,0,0,0,0,0
9605cbda452ad5dcfb4bbb9e105af5965fddb185,1310421520,1,1,1,0,1,1,0,1,-2.92,79,38,2881,1547.62,1382,FALSE,0,0,0,0,0
fa31d452853721aeaca10767cdea0c854448feb5,1310421520,1,1,1,0,1,1,0,1,4.78,79,37,2880,1546.62,1381,FALSE,0,0,0,0,0
3ec2739925cc43ea35e6d485168687bd1603e8f7,1310415540,2,2,1,0,1,1,0,1,52.16,32,3,2879,1545.79,327.5,FALSE,0,0,0,0,0
914e4a4cf780191efcf2b1661a98cfb16ff86184,1310415540,2,2,1,0,1,1,0,1,52.16,32,3,2878,1544.79,326.5,FALSE,0,0,0,0,0
d250bf9b56c01eb1245867c693a70dae386a6eb3,1310415175,1,1,0,0,0,0,0,0,0,0,0,2877,1543.8,289,FALSE,0,0,0,0,0
f36d079f283b9625eaf2eb38962eee57453b4b41,1310415175,1,1,0,0,0,0,0,0,0,0,0,2876,1542.8,288,FALSE,0,0,0,0,0
6ebccb0518a13f90e1e849fbb17b98784dbb8afa,1310415131,2,2,3,0.102602,31,87,0,3,0.02,721.33,70.33,2875,1541.81,859.5,FALSE,0,0,0,0,0
17ddeef3ba0c07a80232446de925a8348c92f57e,1310415131,2,2,3,0.102602,31,87,0,3,0.02,721.33,70,2874,1540.81,858.5,FALSE,0,0,0,0,0
b30efe4e2f03acd32088688ba267b3e5de137eba,1310414032,1,1,1,0,3,3,0,1,0.01,459,62,2873,1539.84,1378,TRUE,0,0,0,0,0
f0c90ce668d86691d63f3bfc8054c665dd636f0d,1310414032,1,1,1,0,3,3,0,1,0.01,459,61,2872,1538.84,1377,FALSE,0,0,0,0,0
c275d279fc52dd7a62dfb31833100b5bff27aea4,1310413820,1,1,1,0,19,4,0,1,0,521,45,2871,1537.84,1376,FALSE,0,0,0,0,0
f19b312c4863844f34349e9ad5a99ada2c14e9df,1310413820,1,1,1,0,19,4,0,1,0,521,45,2870,1536.84,1375,FALSE,0,0,0,0,0
7237a3c3b6777b26c90a55ca23b05fad13a34a3f,1310413570,2,2,3,0.725978,25,8,0,5,0,709.33,70.33,2869,1535.85,855.5,FALSE,0,0,0,2,0
e899a54ba7cb1b28025404a7fdde63815253d4c4,1310413570,2,2,3,0.725978,25,8,0,5,0,709.33,70.33,2868,1534.85,854.5,FALSE,0,0,0,2,0
a4db994c2f4e86a99bc5cff610bddddee5b49939,1310413411,2,2,2,0.492027,30,11,0,3,0.02,478.5,46,2866,1532.86,828.5,FALSE,0,0,0,1,0
f98896f6d7af407c35ee31397c2a003e64b34680,1310413411,2,2,2,0.492027,30,11,0,3,0.02,478.5,46,2867,1533.86,829.5,FALSE,0,0,0,1,0
f98f46c83691d9cc8b148e3ad153aeb749cd3995,1310413055,2,2,2,0.57938,1,2,0,3,0,826.5,81.5,2864,1530.87,851.5,FALSE,0,0,0,0,0
bcb2cdae4c204febe20f04cc99e61b51a1198234,1310413055,2,2,2,0.57938,1,2,0,3,0,826.5,81.5,2865,1531.87,852.5,FALSE,0,0,0,0,0
336aaaec9a0d56ad1443828a44b8a24bab543c21,1310412993,2,2,3,0.358634,11,11,0,3,20.07,704,68,2862,1528.87,849.5,FALSE,0,0,0,2,0
08159211a33a9874962bf6f19ec35022d2a95e46,1310412993,2,2,3,0.358634,11,11,0,3,14.72,704,68.33,2863,1529.87,850.5,TRUE,0,0,0,2,0
d853f6cf0e99c043df080827a935012ccbb99be1,1310412385,2,2,2,0.390849,16,17,1,4,0.02,585,63.5,2861,1527.88,848.5,FALSE,0,0,0,0,0
bcfcce32d317f3b841834950df916e7ddf76367b,1310411036,2,2,2,0.219677,3,24,0,4,-1.95,595.5,63,2860,1526.92,847.5,FALSE,0,0,0,0,1
232b6ab7ef024cc257df366169f6c16358df36b8,1310409796,3,3,2,0.438746,4,11,0,4,2.33,617,61,2859,1525.96,659.333,FALSE,0,0,0,1,0
b13ec8526e2c0f8aba0b05d096cf8b517ad1070e,1310409796,3,3,2,0.438746,4,11,0,4,2.33,617,61,2858,1524.96,658.333,FALSE,0,0,0,1,0
3d2676d0135ebc6609e41f835abf27d6d6498634,1310408545,1,1,1,0,1,2,0,3,4.63,462,49,2857,1523.99,1362,FALSE,0,0,0,0,0
541020ff1b925742ad66bff9768aa58ce3dcd679,1310408545,1,1,1,0,1,2,0,3,4.63,462,49,2856,1522.99,1361,FALSE,0,0,0,0,0
477d06f99089def47fbbfc38be673d4b930899b6,1310408309,1,1,0,0,0,0,0,0,0,0,0,2855,1522,283,FALSE,0,0,0,0,0
9c153737b4a43f662f9743c7d571d898776a0690,1310408309,1,1,0,0,0,0,0,0,0,0,0,2854,1521,282,FALSE,0,0,0,0,0
ed19885ba11179498093d09b39bc3a2f83e69566,1310408295,1,1,0,0,0,0,0,0,0,0,0,2853,1520,281,FALSE,0,0,0,0,0
7d53bb40648a4a6cd4fd3b3646c224d7eb5bdfb5,1310408295,1,1,0,0,0,0,0,0,0,0,0,2852,1519,280,FALSE,0,0,0,0,0
297ae6fdb47f04b1e4e5e556ec405d9b0cfc7269,1310407987,1,3,3,0.86129,3,4,0,1,66.03,95.33,8.67,2851,1518.01,362,FALSE,0,0,0,0,0
46707514799415f8b3d976c63d60e0ac7f9206cc,1310407987,1,3,3,0.86129,3,4,0,1,66.03,95.33,8.67,2850,1517.01,361,FALSE,0,0,0,0,0
456a98566635b040b18b2511b2740ee3b66f8bff,1310407618,2,2,2,0.788163,0,102,0,1,7.08,518,54,2849,1516.02,843.5,FALSE,0,0,0,1,0
8e058f16e498993aa0eec9c3612646938029512a,1310407618,2,2,2,0.788163,0,102,0,1,7.08,518,54,2848,1515.02,842.5,FALSE,0,0,0,1,0
f519f0a5b369267a726b7b0c33223ab6f4a39473,1310407330,0,0,0,0,0,0,0,0,0,0,0,2847,1514.03,0,FALSE,0,0,0,0,0
261203d6c18ca27b261e672cae5ba751fd0b4d58,1310407266,1,1,0,0,0,0,0,0,0,0,0,2846,1513.03,439,FALSE,0,0,0,0,0
bb61304a4956beb36f73d99e171756a2ebe6d4eb,1310407266,1,1,0,0,0,0,0,0,0,0,0,2845,1512.03,438,FALSE,0,0,0,0,0
781d991eac413bc504043671c619a311c3d21596,1310243057,0,0,0,0,0,0,0,0,0,0,0,2844,1515.59,0,FALSE,0,0,0,0,0
d04c1f93a3426e052318287ea3e0983b7f452a26,1310242755,1,1,1,0,1,2,0,1,50.15,24,4,0,0,0,FALSE,0,0,0,0,0
31262d2ea940dd9592298bc432b92886161f0944,1310242755,1,1,1,0,1,2,0,1,50.15,24,4,1,1,1,FALSE,0,0,0,0,0
c0aab3618780058ffde5373daa712ae746fabaaa,1310054974,1,1,0,0,0,0,0,0,0,0,0,2843,1519.85,279,FALSE,0,0,0,0,0
5ae994ee8f017f53f23565cfc32eb6dc04e25815,1310008544,3,3,1,0,1,1,0,1,0.43,79,36,2842,1520.15,632.333,FALSE,0,0,0,0,0
60d16eab777938eeddb0468eb444607ee22ad388,1310008482,2,2,2,0.141182,19,1,0,4,0.44,608.5,60,2841,1519.15,841,TRUE,0,0,0,0,0
fc60dfc1a69d35bfb23f309cdc317d4c7a84f1b8,1309971549,1,1,1,0,2,0,0,1,14.78,1805,103,2840,1519.19,278,FALSE,0,0,0,0,0
45d149c1467a646bb6aa8d3c151043e3940c5e5c,1309971512,1,1,0,0,0,0,0,0,0,0,0,2839,1518.19,277,FALSE,0,0,0,0,0
4dfc1a69c3d08a1218287582bde9d8ce5bf77205,1309971426,3,3,1,0,1,1,0,1,8.01,79,35,2838,1517.19,631,FALSE,0,0,0,0,0
0ae18bca6075c8f6d9a7d58405c5f52c1ae61958,1309970721,2,2,2,0.141182,1,19,0,4,0.01,617.5,59.5,2837,1516.21,839.5,FALSE,0,0,0,0,0
2aaf0defe7fafcaeca8cba21f976b21379517ea2,1309969936,1,1,1,0,1,10,0,3,0,471,46,2836,1515.23,1354,TRUE,0,0,0,0,0
73ea5cd7ee9e46846cd1999bdb420d9d7b48684e,1309969897,1,1,1,0,11,1,0,3,1.82,461,45,2835,1514.23,1353,TRUE,0,0,0,0,0
e7f2d229ec03542372cba6958e3afecdd87b2138,1309969510,1,1,1,0,37,0,1,4,0,736,87,2834,1513.25,323,TRUE,0,0,0,0,0
87bc265817b47f4f5c4b62ed34aaf8b60e5668c6,1309969448,2,2,1,0,46,42,0,4,1.81,732,86,2833,1512.25,299,TRUE,0,0,0,0,0
796aaff295366777203a2bdb3402f2e88bfadf52,1309968429,1,1,0,0,0,0,0,0,0,0,0,2832,1511.28,435,FALSE,0,0,0,0,0
8f87c503200c9b1684a1c4aa6f8e30bb1d9d891a,1309884904,1,1,1,0,17,12,1,1,46.01,36,2,2831,1512.6,360,TRUE,0,0,0,0,0
ee4471b345d3a8f7622d16ea064e97e1f63d9c1e,1309812668,2,2,2,0.133748,20,1,0,4,0.02,587,57,2830,1513.61,836.5,FALSE,0,0,0,1,0
6815feb8cf6e7294adec0e86f823c833bbf945c7,1309812308,1,1,0,0,0,0,0,0,0,0,0,2829,1512.62,275,FALSE,0,0,0,0,0
dbbe7be891768dae61686601c79c1aa3c2399a77,1309811681,1,3,4,0.16588,86,0,0,0,0,0,0,2828,1511.64,359,FALSE,0,0,0,0,0
09c9452e5c1917e95f0f300b224d2a710b0e830d,1309810730,2,2,2,0.0471338,49,6,0,4,6.16,565.5,56.5,2827,1510.67,835.5,FALSE,0,0,0,0,0
b0e669ba00910913e750026f0509dd5f94151187,1309809913,1,1,0,0,0,0,0,0,0,0,0,2826,1509.69,100,FALSE,0,0,0,0,0
f46ae9f3b20c4b547ebdd3b6501d59a835b11244,1309796435,1,1,1,0,4,2,0,1,0,542,39,2825,1509.06,1350,FALSE,0,0,0,0,0
9f2b344be8246f540b9ab6256f8f499d26c38fc0,1309796172,2,2,2,0.789817,39,6,0,1,40.73,500.5,53,2824,1508.07,834,FALSE,0,0,0,0,1
6b47271679daeca2f528bb823b17f625845dfd7d,1309554886,1,2,1,0,39,52,0,1,121.13,96,14,2823,1513.79,358,TRUE,0,0,0,0,2
6f7075be740c26c4c1f3c3e8df4c3472e4907561,1309390549,3,3,3,0.207794,34,6,0,1,33.63,284.33,14,2822,1517.4,646.667,FALSE,0,0,0,0,2
4b9cc3d6988a9ceb8ea59860f7952a421ef68b2d,1309285671,1,1,1,0,1,2,0,1,5.9,460,59,2821,1519.35,1347,FALSE,0,0,0,0,0
3faa790b531acc768365fae3118f0a931e0b9404,1309279281,3,3,1,0,1,1,0,1,5.82,79,34,2820,1518.53,626.333,FALSE,0,0,0,0,0
9477c9b516cfbcb257f415a47b45ad4a013a0ba0,1309278748,1,1,1,0,8,0,0,3,0,451,42,2819,1517.55,1345,FALSE,0,0,0,0,0
b04be51848acc8edbfa5cf32e4cc84cde6aabb09,1309278723,2,2,2,0.495023,17,0,0,4,0.01,553,55.5,2818,1516.55,830.5,FALSE,0,0,0,0,0
9e4020efd340223de5c1ca108edf31d500462749,1309277649,0,0,0,0,0,0,0,0,0,0,0,2817,1515.58,0,FALSE,0,0,0,0,0
6db19db6653a49f059f6dd44c04012a7d060988c,1309277644,1,1,0,0,0,0,0,0,0,0,0,2816,1514.58,273,FALSE,0,0,0,0,0
1386f80ae571e2090e32d116c06dd6bc7beaac23,1309277514,2,2,2,0.688573,63,0,0,4,30.25,521.5,55,2815,1513.58,829.5,TRUE,0,0,0,0,0
e4342a7097c71ce629610a43d37126cb14415451,1309276183,1,1,1,0,54,25,0,1,4.96,92,1,2814,1512.62,357,FALSE,0,0,0,0,0
fda31b75f99828795063a897e2e51a97b815bf9a,1308847519,1,1,1,0,92,0,0,0,0,0,0,2813,1523.72,356,FALSE,0,0,0,0,0
8ca0a45b335d2225070d7a0c83c212ec48e69325,1308844220,1,1,1,0,5,6,0,1,34,123,11,2812,1522.81,355,FALSE,0,0,0,0,0
ce2bcaef6889f06563c5b186e9f727f8b1b1b9d0,1308776173,3,3,1,0,1,1,0,1,18.13,79,33,2811,1523.75,624.333,FALSE,0,0,0,0,0
0db7f26ad3fec2d21ce05893ba91e25ace186ab0,1308776038,1,1,1,0,8,5,1,1,28.16,457,58,2810,1522.75,1341,FALSE,0,0,0,0,0
35370da45864ac5d982ed41aef7b488d558ff593,1308694606,1,1,0,0,0,0,0,0,0,0,0,2809,1524.07,272,FALSE,0,0,0,0,0
fe6c5832c243bfae593ead54dc607a6ce0d794f6,1308694538,1,2,8,0.631325,8,6,1,1,61.13,447.75,18.75,2808,1523.07,271,FALSE,0,0,0,0,0
e8c32df79cd993ed01d61eb0c0867a7aab20b451,1308694431,1,1,2,0.541048,10,9,1,1,0,1037,63,2807,1522.08,270,TRUE,0,0,0,0,0
652e16646299589bb496ccf914e041883a79ce9f,1308694097,1,1,3,0.405192,31,8,0,1,62.59,814.67,46.67,2806,1521.08,269,TRUE,0,0,0,0,0
af6385f8e442e56286643b68dad9fbb75421ad4e,1308694009,1,1,0,0,0,0,0,0,0,0,0,2805,1520.09,268,FALSE,0,0,0,0,0
f0277d377753305953d389cd562f44bd4dc19c7d,1308693546,1,1,0,0,0,0,0,0,0,0,0,2804,1519.1,432,FALSE,0,0,0,0,0
6bb100d7faf91fbf84c4b5d8cefd27be88d33962,1308678514,2,2,1,0,2,2,0,3,0,309,17,2803,1518.53,803.5,FALSE,0,0,0,0,0
f13ea34de34662c1c0a2bddfbbc9691af5be5030,1308678367,1,1,1,0,1,1,0,3,0.01,309,16,2802,1517.53,1339,FALSE,0,0,0,0,0
48a14a443ae4c83c7a74ef52d0947ac115d82c86,1308677407,0,0,0,0,0,0,0,0,0,0,0,2801,1516.56,0,FALSE,0,0,0,0,0
1820ea6f59962c7fc3f178a9a356e865c4ce7bbb,1308677348,0,0,0,0,0,0,0,0,0,0,0,2800,1515.56,0,FALSE,0,0,0,0,0
4d9647923eca023998a1f5ea05cd8041bfced6a5,1308677344,2,2,2,0.771862,53,0,0,3,62.55,297,19.5,2799,1514.56,826.5,FALSE,0,0,0,0,0
943e9b3a28e8494174c0f7580469ace3a8f2b8e0,1308637233,1,1,0,0,0,0,0,0,0,0,0,2798,1514.69,431,FALSE,0,0,0,0,0
6b2ec50a0b8bcb8f8c91669e4df8d16883ced3ea,1307929392,0,0,0,0,0,0,0,0,0,0,0,2797,1533.94,0,FALSE,0,0,0,0,0
7b813b95b65dc2f7d32c2908669fed2b1dc7c931,1307923552,1,1,0,0,0,0,1,0,0,0,0,0,0,0,FALSE,0,0,0,0,0
cdaa2e78d74f31fba464484a39abd2d11a3a7ab4,1307902029,0,0,0,0,0,0,0,0,0,0,0,2796,1533.74,0,FALSE,0,0,0,0,0
add53d32227951b46244de8b840a1a61ac999716,1307901592,1,1,0,0,0,0,0,0,0,0,0,1,1,1,FALSE,0,0,0,0,0
f4f79d2217ff66198837d175407247de23125921,1307896342,0,0,0,0,0,0,0,0,0,0,0,2795,1532.9,0,FALSE,0,0,0,0,0
aa36bc4516fae0b48c736012b14c51a3849a7cbb,1307880325,1,1,1,0,2,2,0,1,10.48,1791,99,0,0,0,FALSE,0,0,0,0,0
9028cacfd1e420f9cdec50bd31b951fed101b947,1307562007,1,1,1,0,1,1,1,3,2.14,422,39,2794,1541.66,1337,FALSE,0,0,0,0,0
40ccb595cd103a3053eecd4ba561b04208a2f0c8,1307465188,2,2,0,0,0,0,0,0,0,0,0,2793,1543.5,348,FALSE,0,0,0,0,0
5606d08ecb85efb88e798c3efc632461882bd9d8,1307464876,2,2,0,0,0,0,0,0,0,0,0,2792,1542.51,347,FALSE,0,0,0,0,0
1888d6fca1b0e4ee8259468ca67acd15a2d27d9a,1307399900,1,1,0,0,0,0,0,0,0,0,0,2791,1543.43,97,FALSE,0,0,0,0,0
5d16e6b302541617eb1c8ca07617b457c437e9bd,1307386713,1,1,1,0,47,0,0,0,0,0,0,2790,1542.81,354,TRUE,0,0,0,0,0
96f7574bc15d225f203bf63ef5e812dbed77ffe8,1307380913,1,1,0,0,0,0,0,0,0,0,0,2789,1541.99,428,FALSE,0,0,0,0,0
490584c8bcd7ca0e1ce2fcd31a657e6dae531bca,1307377229,1,1,1,0,1,3,0,3,0.02,424,38,2788,1541.09,1336,TRUE,0,0,0,0,0
0cbb1f661c0079f36949710d229afbe505e6ee19,1307375730,1,1,1,0,1,1,0,3,13.66,424,37,2787,1540.14,1335,FALSE,0,0,0,0,0
3dc53e105a5fce25c3e4e1d8e0fa8feda5737f55,1307373755,1,1,1,0,2,4,0,3,17.94,289,14,2786,1539.2,1334,FALSE,0,0,0,0,0
e2cdd760d8df52d7ac79f4755f8ac88bce28b04d,1307209810,3,3,1,0,1,1,0,1,8.06,79,32,2785,1543.02,618.667,FALSE,0,0,0,0,0
4169202a41b1e51f25ef3ca5948c6494581ff45d,1307209668,1,1,0,0,0,0,0,0,0,0,0,2784,1542.02,95,FALSE,0,0,0,0,0
835982c561a8766f18338c90b1140716bfdd5bf5,1307209521,1,1,0,0,0,0,0,0,0,0,0,2783,1541.03,94,FALSE,0,0,0,0,0
b67bacea186270cce033fbe72755788716416954,1307048326,1,1,1,0,1,3,0,1,0,47,7,2782,1544.79,353,TRUE,0,0,0,0,0
3205ee7d75d9442d3638b993e023a410e0ba4ec9,1307048274,1,1,1,0,3,2,0,1,13.2,46,6,2781,1543.79,352,TRUE,0,0,0,0,0
ff7d5ff4e530af60f68ab9b9d4cd9d6a14d7190f,1306974927,1,1,2,0.171515,28,14,0,1,45.84,1008,49.5,2780,1544.96,264,FALSE,0,0,0,0,0
723774af277c2f55b6825b9999255870e78cc885,1306974914,2,2,0,0,0,0,0,0,0,0,0,2779,1543.96,344.5,FALSE,0,0,0,0,0
c3fbd3fe107bea911782a8dba98cc8c1a22e7348,1306974847,1,1,0,0,0,0,0,0,0,0,0,2778,1542.96,425,FALSE,0,0,0,0,0
d1d3871550f5c9dacee2fe7d4e5bee654ab985b3,1306974588,1,1,0,0,0,0,1,0,0,0,0,2777,1541.97,93,FALSE,0,0,0,0,0
5462c8c7ecb20f68516f5d7a859e33e45590806c,1306972769,1,1,0,0,0,0,0,0,0,0,0,2776,1541.02,424,FALSE,0,0,0,0,0
9536341e30214bbe455b9692de7dac731ee7d69a,1306790366,1,1,0,0,0,0,0,0,0,0,0,2775,1545.42,423,FALSE,0,0,0,0,0
1bb798d96312a223b6969eb86242a657e263717a,1306513203,3,3,1,0,1,1,0,1,1.96,79,31,2774,1552.7,615.333,FALSE,0,0,0,0,0
91997e9c53db057667981d5f5ece6eb15a8d1059,1306512769,2,2,2,0.115431,23,1,0,1,0.97,373,19.5,2773,1551.71,822.5,FALSE,0,0,0,0,0
1393187040365792c72923c4b18e6601993b9661,1306431089,0,0,0,0,0,0,0,0,0,0,0,2772,1553.17,0,FALSE,0,0,0,0,0
6e69c880d956ee5713265f2d28206a6d66c4202e,1306431081,1,1,0,0,0,0,0,0,0,0,0,2771,1552.17,91,FALSE,0,0,0,0,0
59dcd03972171d34a473dcc24867698141775aad,1306430336,1,1,0,0,0,0,0,0,0,0,0,2770,1551.19,90,FALSE,0,0,0,0,0
11482546a28ef7c61970df183e712f35eb83f73e,1306428964,2,2,3,0.491133,7,7,1,1,1.45,277,13.33,2769,1550.23,821.5,FALSE,0,0,0,1,0
1ce43dd347f40aa6cb9e5c5c08068c578385f41d,1306428487,1,1,1,0,30,1,1,1,0.95,334,18,2768,1549.24,312,FALSE,0,0,0,0,0
d1bfe137d469ae58aaeca1ea27f9ed3246f10164,1306363832,1,1,1,0,12,0,0,1,22.18,465,71,2767,1550.18,311,FALSE,0,0,0,0,0
9d7452cdc27b5236a2906e9643a3a4b739988242,1306346216,1,1,1,0,32,0,0,1,0.55,302,17,2766,1549.71,310,FALSE,0,0,0,0,0
d9cee90efce749c3ab78add8b3a7d0177b3767f6,1306343906,3,3,1,0,1,1,0,1,0.52,79,30,2765,1548.78,613,FALSE,0,0,0,0,0
175aa08500e65f5f9601fa6a404b936f7b87d74b,1306343771,1,1,1,0,9,0,0,3,0,1143,123,2764,1547.78,309,FALSE,0,0,0,0,0
c9ff6198d3c19ffc02472676f59b9fac47675839,1306343721,1,1,1,0,17,0,0,3,0.01,1126,122,2763,1546.79,308,FALSE,0,0,0,0,0
f026218c82ad51a9b941773963b23cb68cd90522,1306343423,1,1,1,0,1,6,0,1,5.05,462,57,2762,1545.79,1328,FALSE,0,0,0,0,0
5bc86b9e2979a896c2724441e2ce2cd87261a3be,1306342495,1,1,1,0,11,0,0,3,0,1115,121,2761,1544.82,307,FALSE,0,0,0,0,0
5830ac993635b1f81459570f5558512cefcf5f8f,1306342446,1,2,1,0,24,0,0,3,5.05,1091,120,2760,1543.82,306,FALSE,0,0,0,0,0
d7c6c9a9f93b3edae85d76551218f5d8f544a99e,1306299188,3,3,1,0,1,1,0,1,1.25,79,29,2759,1544.11,611.667,FALSE,0,0,0,0,0
9c87eed60eca5a489c83fdbe8e8ad431f2974931,1306299172,1,1,1,0,1,1,1,1,0.01,383,25,2758,1543.11,1326,FALSE,0,0,0,0,0
f15eb6d5ef9ab12e61fc17759f95c91dbd8005cd,1306298497,2,2,2,0.120965,22,1,0,1,1.25,332,17,2757,1542.13,815,FALSE,0,0,0,0,0
5b3378835978462bb74925ca871cda346e536a48,1306251944,1,1,0,0,0,0,0,0,0,0,0,2756,1542.52,419,FALSE,0,0,0,0,0
11ec3ccd485143d9cee22c25a4fd27b578efcd8e,1306196162,1,1,0,0,0,0,0,0,0,0,0,2755,1543.18,262,FALSE,0,0,0,0,0
9d498ba3f17823ad8abab1938dd693fb5c35a45f,1306195156,1,1,1,0,1,1,0,3,7.31,424,36,2754,1542.21,1324,TRUE,0,0,0,1,0
15d4047180a41c00ba057b3a74437c10a7144068,1306195056,1,1,0,0,0,0,0,0,0,0,0,2753,1541.21,418,FALSE,0,0,0,0,0
44eae738430ccd9d041903166d390981bad49b3d,1306191257,3,3,1,0,1,1,0,1,3.26,79,28,2752,1540.33,609,FALSE,0,0,0,0,0
d5b1c70731cb5895745501d0149a0619281b7b46,1306190938,1,1,1,0,0,18,0,1,0.01,401,23,2751,1539.34,1322,FALSE,0,0,0,1,1
e78dc18cfd88bb40848245de0368b7211c38e8a9,1306190441,2,3,3,0.564475,3,92,0,1,0.02,431.67,20.67,2750,1538.35,812.5,FALSE,0,0,0,0,3
4d122923e9f0eb89d92ae4b889ec97a2c381651a,1306190020,1,1,1,0,21,13,0,1,0,540,36,2749,1537.36,1320,FALSE,0,0,0,0,0
b1a7310263fe1bc086c4ec085eeb28fe46f3b25c,1306189834,1,2,2,0.191275,47,14,0,1,0.02,462,26,2748,1536.37,1319,FALSE,0,0,0,0,3
d6ef90d98dce6cc54b2d6f070079772eede96f91,1306188419,1,2,2,0.0545004,15,9,0,1,0.03,459,25.5,2747,1535.41,1318,FALSE,0,0,0,0,0
85df59ac316ed69f8bbe6fa5685d3d0c76700d28,1306187795,1,1,1,0,2,2,0,1,0,383,19,2746,1534.43,1317,FALSE,0,0,0,0,2
b789a2858184e156538c0f946ebb5eedbc99cbfb,1306187563,1,1,1,0,8,3,0,1,0.04,378,18,2745,1533.44,1316,FALSE,0,0,0,0,0
4068e7f444a04ce15b6c30540e15c56000e5c6c4,1306185211,1,1,1,0,14,0,0,1,0.02,316,14,2744,1532.51,303,FALSE,0,0,0,0,0
80e9ffbf5d23bfd5cf4f3c0ac3e8e230afac8c2d,1306183711,3,4,6,0.210868,458,306,0,1,10.38,225.67,10.17,2743,1531.55,677.667,TRUE,0,0,0,0,4
610fc92ca3d24511d1403b199accd30706bf618c,1306169531,2,2,2,1,2,2,0,1,0.01,330.5,12.5,2742,1530.97,807.5,FALSE,0,0,0,0,0
0f5dc9bdb285ec9e787e5176e6504d16db66e54a,1306168681,2,2,2,0.536602,49,2,1,1,3.18,307,12,2741,1529.99,806.5,FALSE,0,0,0,1,4
c24b2faec513bf0c8b53187b1feb20f9415e7f6a,1306084681,0,0,0,0,0,0,0,0,0,0,0,2740,1531.47,0,FALSE,0,0,0,0,0
c407f58dc29c5b5f7d610daaf32c6f0659a4097a,1306045077,1,1,0,0,0,0,0,0,0,0,0,0,0,0,FALSE,0,0,0,0,0
380da0e202fea83a7fe582b0af607d092423efbe,1306012644,1,1,0,0,0,0,0,0,0,0,0,2739,1532.59,86,FALSE,0,0,0,0,0
9e5e7a152649b564a7af46d467bf984fc53b5f84,1305931596,1,1,1,0,8,0,0,1,0,275,10,2738,1533.99,299,FALSE,0,0,0,0,0
9016b5aaae7b31b533abe6da7d8d7c7514ccfdaf,1305931565,1,1,1,0,8,0,0,1,3.07,267,9,2737,1532.99,298,FALSE,0,0,0,0,0
45f168e87360072ee32624adc0e83724dc0e6fce,1305909721,3,3,1,0,1,1,0,1,0.09,79,27,2736,1532.63,604,FALSE,0,0,0,0,0
799938683dae95193cc4baccfff1de7670bbada8,1305909574,0,0,0,0,0,0,0,0,0,0,0,2735,1531.64,0,FALSE,0,0,0,0,0
7128f2d11f87cec645cc6d0a4cce72ca241558f1,1305909569,1,2,2,1,0,6,1,1,87.5,53.5,4,2734,1530.64,351,FALSE,0,0,0,0,0
0634bf0b0dae0b005f4b459bf00c163ca2208599,1305909532,2,11,11,0.970296,1,34,1,2,94.91,48.82,5,2733,1529.64,382,TRUE,0,0,0,0,0
f9e48c2972d5720c1bcf621d15a69a507edf9b3e,1305908962,2,2,1,0,0,5,1,1,0.09,41,2,2732,1528.66,381,FALSE,0,0,0,0,0
909960c0b34c0b02f7b5a10e71d8ccca9c105001,1305908807,1,5,5,0.821399,0,14,0,1,64.26,69.4,9.4,2731,1527.66,348,FALSE,0,0,0,0,0
8a7876f4d1dac879f9aad936176fe0071d2407da,1305908195,1,2,2,0.57938,2,7,0,1,78.75,31,5.5,2730,1526.68,347,FALSE,0,0,0,0,0
286c92b13b6952181722123a3406f39e06e1f23d,1305908139,1,1,1,0,9,4,0,1,0,46,6,2729,1525.68,346,FALSE,0,0,0,0,0
b9872a278f8851fbbb2cc238418878f26d7fbd6d,1305908135,1,1,1,0,3,4,0,1,78.92,47,5,2728,1524.68,345,TRUE,0,0,0,0,0
1b34fd7efa8447a87d8152bfe1301fab625bcc1c,1305907875,1,1,1,0,0,3,0,1,78.92,49,5,2727,1523.69,344,FALSE,0,0,0,0,0
f05c35176239c7e4329698ac9f8be265d0947dc5,1305907265,1,1,1,0,3,2,1,1,3.73,461,56,2726,1522.71,1311,FALSE,0,0,0,0,0
8323f19e96ea6924cb28ef5d8e116de3dd213992,1305906985,2,3,2,1,0,6,1,1,72.32,93.5,9,2725,1521.71,377.5,FALSE,0,0,0,0,0
565eda9ee576532d23a53b66e3d3c74fbe723417,1305906026,1,1,0,0,0,0,0,0,0,0,0,2724,1520.74,261,FALSE,0,0,0,0,0
7aea7194d13a183ec6a2309cbe2d348b8b3de415,1305905983,1,1,0,0,0,0,0,0,0,0,0,2723,1519.74,411,FALSE,0,0,0,0,0
2f68957c8c33cccd1b0d3771720b32841cb32ff3,1305905843,2,2,1,0,1,0,1,3,30.93,1090,119,2722,1518.75,353.5,FALSE,0,0,0,0,0
4ca848e5267625e0541f48a47d27d589621a7a24,1305905720,1,1,0,0,0,0,0,0,0,0,0,2721,1517.75,409,FALSE,0,0,0,0,0
31a8c7c19c62e8d71ea35504692f42c64f20b9d3,1305905711,1,1,0,0,0,0,0,0,0,0,0,2720,1516.75,408,FALSE,0,0,0,0,0
f1c435e05093a745fccdcbf1aba25f1ab0cb6ea9,1305905473,2,2,0,0,0,0,0,0,0,0,0,2719,1515.76,287.5,FALSE,0,0,0,0,0
fac75a9bffdbaa02e481b4bcb0ed60afcbf4e39b,1305905342,1,1,0,0,0,0,0,0,0,0,0,2718,1514.76,406,FALSE,0,0,0,0,0
4fe03ab223a00129df6381212f2b9401a151a8a0,1305905282,1,1,0,0,0,0,0,0,0,0,0,2717,1513.76,405,FALSE,0,0,0,0,0
c6122da59b515d3d23b0d311c8f1d6d16b2823be,1305904041,0,0,0,0,0,0,0,0,0,0,0,2716,1512.8,0,FALSE,0,0,0,0,0
131f65877929ab026a01b9c68cf6c604a4a50ffe,1305901936,3,3,1,0,1,1,0,1,3.63,79,26,2715,1511.86,599.333,FALSE,0,0,0,0,0
127f77964e862b323b51f81052fe1c10edbafe8e,1305901013,1,1,1,0,3,3,0,1,78.49,41,1,0,0,0,TRUE,0,0,0,0,0
9f2bd30dc755e07b394b58d62ac0c669b2ce28fc,1305855401,1,1,1,0,2,0,0,1,16.3,329,14,2714,1512.21,1309,FALSE,0,0,0,0,0
6e633b31b4a8ac03d45fa721a6445333f676c77b,1305823699,1,1,1,0,1,1,0,3,23.98,289,13,2713,1512.12,1308,TRUE,0,0,0,0,0
1c656434885d421e88d9624aa84eb74db315bc41,1305765675,1,1,1,0,10,2,0,4,10.29,613,81,2712,1512.8,296,FALSE,0,0,0,0,0
388ad9067a5a9d775c2ea236e78038aa313040b9,1305665964,1,1,1,0,1,1,0,1,17.89,267,8,2711,1514.7,295,FALSE,0,0,0,0,0
f470f0bdc5e7e83e0e58b59bfdb2691a78f0f88e,1305588437,1,1,1,0,2,1,0,1,2.87,78,25,2710,1515.95,1307,FALSE,0,0,0,0,0
72384b0523330be8dd6852899e4df174a0eb3f71,1305584960,1,1,1,0,2,3,0,1,0,462,55,2709,1515.06,1306,FALSE,0,0,0,0,0
1b199b7d989ea8c3e065b6c8f22a9f5949e4762e,1305584772,1,1,1,0,8,0,0,1,0.01,454,54,2708,1514.06,1305,FALSE,0,0,0,0,0
09b384ea444eb41971001301f34f6facf7f5d493,1305584426,0,0,0,0,0,0,0,0,0,0,0,2707,1513.07,0,FALSE,0,0,0,0,0
56ae55f9877a86782d4c75b0a0a6d6b4ad854952,1305584408,1,1,1,0,4,1,0,1,16.95,206,10,2706,1512.07,1304,FALSE,0,0,0,0,0
1c360a89ba2fd5fea9204a3cd43a27312b79c599,1305584226,1,1,1,0,40,19,0,1,0.03,433,53,2705,1511.08,1303,TRUE,0,0,0,0,0
8636dee13e521afa37c0bc63a35c03e6a32a27f5,1305581291,1,1,1,0,1,0,0,1,2.11,432,52,2704,1510.16,1302,FALSE,0,0,0,0,0
70e6baf6fcdf02dc48b9fc4d766a2dba1044340f,1305563573,1,1,1,0,4,3,0,3,7.94,423,35,2703,1509.68,1301,TRUE,0,0,0,0,0
3588c1eedc14b543a30a34957365d375d9f3ce60,1305563236,1,1,1,0,47,8,0,1,12.22,1737,97,2702,1508.68,260,FALSE,0,0,0,0,0
8d6f167a81d151fd3f55be0b6557e1889e8abcdd,1305563093,1,1,0,0,0,0,0,0,0,0,0,2701,1507.69,259,FALSE,0,0,0,0,0
6106188347d42d872607c73f070ca73b7db21b52,1305507707,1,1,0,0,0,0,0,0,0,0,0,2700,1508.29,258,FALSE,0,0,0,0,0
eeb77541cd8361719bfc706276cfa4eb87ae0bbf,1305399206,2,2,1,0,5,0,0,1,0.68,427,51,2699,1510.43,733.5,FALSE,0,0,0,0,0
99b244b47c3e58ac27a0ed51d862f296d2096d44,1305340703,1,1,1,0,1,1,0,1,5.36,78,24,2698,1511.13,1299,FALSE,0,0,0,0,0
3043672448a62b49a803c461d07ccbe48291e1da,1305340631,1,1,1,0,40,26,0,1,16.44,413,50,2697,1510.13,1298,TRUE,0,0,0,0,1
0477a53c9f3733a3be127cd0d65dfdb8d0d53ef9,1305326868,1,1,1,0,3,6,0,1,13.96,503,32,2696,1509.53,1297,FALSE,0,0,0,0,0
d9aa7c3bc933a740bf964d7bd82c07eb690fdc59,1304877237,3,3,1,0,1,1,0,1,4.97,78,23,2695,1521.69,594,FALSE,0,0,0,0,0
986fac583b377995610627da0cb598c681c0aadf,1304877179,0,0,0,0,0,0,0,0,0,0,0,2694,1520.69,0,FALSE,0,0,0,0,0
c6d76086e2149490bf06ab1661a02a1f132b6ad2,1304877136,1,1,1,0,1,1,1,3,14.66,423,34,2693,1519.69,1295,FALSE,0,0,0,0,0
e2771364ebb6fff422747199959940e37e2c846d,1304876742,1,1,0,0,0,0,0,0,0,0,0,2692,1518.7,166,FALSE,0,0,0,0,0
0d5a63798bc38bbdac8164ff8d9e3b40a247ed94,1304876437,1,2,1,0,4,0,1,4,18.74,609,80,2691,1517.71,294,FALSE,0,0,0,0,0
7d15e2bf521a02c7845c83a755d59a666ea4221b,1304526949,0,0,0,0,0,0,0,0,0,0,0,2690,1527.05,0,FALSE,0,0,0,0,0
31fef407b6795ca6ad39a04593ef1f1c623f5b45,1304507680,1,1,1,0,1,1,1,1,34.67,1737,96,0,0,0,FALSE,0,0,0,0,0
6bef3ef891f45f24e99aaa26f532849da5421287,1304466497,1,1,1,0,21,21,0,1,0,47,2,2689,1527.85,342,FALSE,0,0,0,0,0
b8068460492e8885d84fd34f5371785ed5d56071,1304466257,1,1,1,0,14,7,0,1,0,40,1,2688,1526.86,341,FALSE,0,0,0,0,0
bc160209760b18f467e16fc986ff93160becef65,1304466020,1,1,1,0,40,0,0,0,0,0,0,2687,1525.87,340,TRUE,0,0,0,0,0
8afb905a4399aba87e8453ebc1de593299c0d097,1304447476,3,3,1,0,1,1,0,1,6.1,78,22,2686,1525.42,592.667,FALSE,0,0,0,0,0
53667728a85245a11f4f62ed0701d698aa7a8c4b,1304447313,1,1,1,0,2,3,1,1,3.78,330,13,2685,1524.43,1293,FALSE,0,0,0,0,0
5f0a854e291d042c6736182e89fd2045161f53af,1304447154,1,1,1,0,26,0,0,1,6.92,439,70,2684,1523.43,293,FALSE,0,0,0,0,0
e9ef3dd9cd9af75844e8da2367d3ce770c742a17,1304440919,1,1,1,0,1,1,0,1,0.01,70,2,2683,1522.62,1292,FALSE,0,0,0,0,0
f702884704f402072d4551d22dbaf683705af21a,1304439891,1,1,1,0,62,23,0,1,6.9,31,1,2682,1521.65,1291,FALSE,0,0,0,0,0
0cb866845d629d754499efdf66c802d7acdbf803,1304365725,1,1,0,0,0,0,0,0,0,0,0,2681,1522.85,401,FALSE,0,0,0,0,0
26483029db8ef86937ff921d6812348890678d2a,1304273197,1,1,0,0,0,0,0,0,0,0,0,2680,1524.6,257,FALSE,0,0,0,0,0
d2adcbdf676da09a15fca4b389eb7e0eeabce90f,1304120480,3,4,4,0.350243,38,8,0,1,3.12,285.25,12,2679,1528.16,612.667,FALSE,0,0,0,0,0
d2f963db2ab5ff414b3905985357bcc70074def0,1304120062,1,1,1,0,1,1,1,1,2.31,206,9,2678,1527.18,1289,FALSE,0,0,0,0,0
fc2bc1362f30c023e700ff9b8f1d26dd4cfa2cf2,1303955760,0,0,0,0,0,0,0,0,0,0,0,2677,1531.11,0,FALSE,0,0,0,0,0
6ae45d0fd324afb493f7c9768bd70a4ddc1e80f0,1303945899,1,1,1,0,1,2,0,1,25.94,35,1,0,0,0,FALSE,0,0,0,0,0
cc185a8c0ec18e9aa531e9d9395d5e349b07485e,1303920774,3,3,1,0,1,1,0,1,0.74,78,21,2676,1531.16,589.667,FALSE,0,0,0,0,0
ae1078944c11627456fb99aeda2106c809185d16,1303920476,1,2,2,0.115431,7,5,1,1,0.82,308.5,26,2675,1530.17,1287,TRUE,0,0,0,0,0
385a05dd105d97030327671b62f48976fb880424,1303856784,1,1,0,0,0,0,0,0,0,0,0,2674,1531.09,80,FALSE,0,0,0,0,0
2572a78648c60b7431256f9664bb38334c313ba6,1303856764,2,2,1,0,1,1,0,1,0.1,78,20,2673,1530.09,842.5,FALSE,0,0,0,0,0
470774cfba99e35b5ccdb798d7dbb4682fa15abe,1303856671,1,1,1,0,6,3,1,1,1.25,409,48,2672,1529.09,1285,TRUE,0,0,0,0,0
351f6abe4c0327783add1a65ac41feaffd21d60e,1303853811,0,0,0,0,0,0,0,0,0,0,0,2671,1528.18,0,FALSE,0,0,0,0,0
53a16e1795a21fe3437456e89b3e827466e93bab,1303851599,1,1,1,0,1,0,0,1,0,244,6,2670,1527.24,291,FALSE,0,0,0,0,0
ff77c8b205ae5c3d3cb8fe60e0b5472656862098,1303851577,2,2,2,0.127043,9,2,0,1,0,370,16.5,2669,1526.24,787,FALSE,0,0,0,0,0
b33f38b1098ea13e96966615d0f70369e5ad197a,1303851523,2,2,2,0.461259,14,4,0,1,0,365,16,2668,1525.25,786,FALSE,0,0,0,0,0
b9596d7ce8235f95c384ec94e173a864ba4d57af,1303851425,2,3,3,0.449762,54,5,0,1,0.02,336.67,14,2667,1524.25,785,FALSE,0,0,0,0,0
251175c025d44145ba3a33ea6e28b0e8bfb967dc,1303849847,1,1,1,0,1,0,0,1,0.01,214,2,2666,1523.3,287,FALSE,0,0,0,0,0
fda1bc4630d467e573412610f1c79111075ef6ca,1303849821,1,1,2,0.115431,6,6,0,1,0,186,6,2665,1522.3,1281,TRUE,0,0,0,0,0
83c2c176a95bdeb2cc774f2cf003918d914c171b,1303849700,1,1,1,0,6,0,0,1,0,301,9,2664,1521.3,1280,FALSE,0,0,0,0,0
9be5992f22c3c335a95b32a88dde13f4928c1e16,1303849609,1,1,2,0.310917,3,2,0,1,0.01,182.5,5,2663,1520.3,1279,FALSE,0,0,0,1,2
d8d23c0bf8ae2ea9dc6a5ba28bde7418c988961b,1303849279,1,1,1,0,0,3,0,1,0.07,490,27,2662,1519.31,1278,FALSE,0,0,0,0,0
b2689fc40ef5f22deddcd6df5bcc2464aea2fda6,1303848979,1,1,1,0,1,1,0,1,0.02,64,2,2661,1518.32,1277,FALSE,0,0,0,0,0
a4cfde350f2dbb012ae0029691791be0897bfe67,1303848861,1,1,2,1,64,64,0,1,0,326.5,34.5,2660,1517.33,286,FALSE,0,0,0,0,0
7374027457ac01788ac2d9783934cc9f54c190b2,1303848787,1,1,2,0.940971,150,138,0,1,0,320.5,34,2659,1516.33,285,TRUE,0,0,0,0,8
63328c2177dff2d958ec2f30ff2ad39f4a20df89,1303848113,2,2,2,0.828997,13,3,0,1,0,466,36.5,2658,1515.35,780,FALSE,0,0,0,0,2
c4e2ce23e54e7cdc956a1dcca7d892233b84249f,1303847965,1,1,1,0,9,1,0,1,0,624,66,2657,1514.35,283,FALSE,0,0,0,0,3
dacad53b2e481b56e57234555adc564c2c6528ac,1303847834,1,1,1,0,1,0,0,1,0,623,65,2656,1513.36,282,FALSE,0,0,0,0,1
4ffd5280a7dab9ff1dd82833af23852863dd7e44,1303847731,2,2,2,1,6,2,0,1,0.56,348.5,40.5,2655,1512.36,778,FALSE,0,0,0,0,0
74310fb4647733044965a39f7d0cabc02adc5ffa,1303847637,2,2,2,0.194885,5,10,0,1,1.97,463,34.5,2654,1511.36,777,FALSE,0,0,0,0,0
8b2268cf386c5f456efc488adce88b1f241fc38f,1303846865,1,1,2,0.857219,62,54,0,1,0.04,180.5,3,2653,1510.38,1273,TRUE,0,0,0,0,2
fb655f49816f03cd866ad8e73614ee8662dffac6,1303843791,1,1,2,0.878133,35,22,0,1,0.53,181.5,2,2652,1509.48,1272,FALSE,0,0,0,0,0
7208c33d72206ccd03f0d9e91661fa73ae8d69a7,1303843244,1,1,1,0,7,1,0,1,1.06,199,7,2651,1508.49,1271,FALSE,0,0,0,0,0
4efb25d04839d70e8c9b59b8e831996848e27bce,1303843149,1,1,1,0,15,3,0,1,55.86,40,2,2650,1507.49,1270,FALSE,0,0,0,0,0
a3678cd7f69c9fe5d066e118137891f14978336d,1303842881,1,1,1,0,35,23,0,1,1.06,478,26,2649,1506.5,1269,FALSE,0,0,0,0,0
393d38f1ab6279bf89527b6d00e0bdcb2ea0e9e3,1303842691,1,1,1,0,16,0,0,0,0,0,0,2648,1505.51,1268,FALSE,0,0,0,0,0
805b9ac3a918fe798e0400ad3467399f50a0f16d,1303758380,1,1,0,0,0,0,0,0,0,0,0,2647,1506.98,255,FALSE,0,0,0,0,0
379b9812be18b0ef70f9fd4be7e16405b1567f7b,1303752368,1,1,1,0,1,5,0,1,0,367,3,2646,1506.16,1267,FALSE,0,0,0,0,0
a9992b56474a8b5157013f7f9d49d81e82256049,1303751953,1,1,1,0,2,13,0,1,0,378,2,2645,1505.17,1266,FALSE,0,0,0,0,0
b6c0a9b1b50786d922754a22d6ca631e518d90a0,1303751833,1,2,1,0,1,1,0,1,0.01,378,1,2644,1504.18,1265,FALSE,0,0,0,2,4
1d2dd2a3758ddf985bb231fe4db775297f96a979,1303751626,0,0,0,0,0,0,0,0,0,0,0,2643,1503.18,0,FALSE,0,0,0,0,0
63db694aa27cff6a1c43854aa19b5370955c892e,1303751610,1,1,1,0,1,1,0,1,0.03,478,25,2642,1502.18,1264,FALSE,0,0,0,0,0
b6aca36ad94cf70fd5b75bd92964a2f842335e5c,1303751498,1,1,2,1,2,2,0,3,17.37,205.5,8,2641,1501.19,1263,TRUE,0,0,0,0,0
8420ae93fd1275e62fd4eda9bb1d78db2b8614b2,1303751443,1,2,2,0.175022,4,62,0,1,12.76,189.5,4.5,2640,1500.19,1262,FALSE,0,0,0,0,0
6722716fa7d35ed844715d016a508be9d13ee741,1303751334,2,2,2,0.0700276,399,0,0,1,26.43,79.5,1.5,2639,1499.19,829.5,TRUE,0,0,0,1,2
658e064220d9e18faa15b15e7ac3a0254386358b,1303750194,3,3,1,0,1,1,0,1,13.3,76,18,2638,1498.22,578.667,FALSE,0,0,0,0,0
66b472e56768c642756ab31cff844b0ea23518e4,1303749177,1,1,0,0,0,0,0,0,0,0,0,2637,1497.25,396,FALSE,0,0,0,0,0
3d242a607e3da4250d9fe3c6f2b65b6e9294a08e,1303748723,1,1,2,0.105729,4,9,1,1,1.35,446,33.5,2636,1496.27,1259,TRUE,0,0,0,0,0
bc68e5e7a30b1948e80e9a3d7671d8cd9437eac8,1303748431,1,1,1,0,0,2,0,1,4.04,417,46,2635,1495.28,1258,FALSE,0,0,0,0,0
aa6858189c13df76a97c73e843171802963c5b84,1303610089,1,1,1,0,1,1,0,3,3.14,423,33,2634,1498.3,1257,FALSE,0,0,0,0,0
06fda62c9e6e1198af89acce5f9e81a0057736a3,1303516144,0,0,0,0,0,0,0,0,0,0,0,2633,1500.05,0,FALSE,0,0,0,0,0
5688ea650daf22f0f1c6da782a648d05eae87208,1303516134,2,2,1,0,3,20,1,1,1.35,494,23,2632,1499.05,710.5,FALSE,0,0,0,0,0
f5c4e9d6128afe7f1fcbcc4420aec933bec1d30c,1303515282,1,1,0,0,0,0,0,0,0,0,0,2631,1498.07,164,FALSE,0,0,0,0,0
b9eda2a59d5d605bed9c931eacafc0fffb53ee45,1303513873,1,1,0,0,0,0,0,0,0,0,0,2630,1497.11,163,FALSE,0,0,0,0,0
8c168b0971b63f190d55e64467707b4786622d83,1303513867,1,1,0,0,0,0,0,0,0,0,0,2629,1496.11,395,FALSE,0,0,0,0,0
9c20a50ee2159929c235f5ce03db991744fe0dc9,1303508648,1,1,1,0,17,3,1,1,23.86,607,62,2628,1495.26,279,FALSE,0,0,0,0,0
eac666574e86aa13fa19d5c367bb62c4cfbd28a1,1303399590,1,1,2,0.57938,3,3,0,1,2.79,455.5,32,2627,1497.44,1255,FALSE,0,0,0,0,0
e4c840f6b8045513cf2458e929625f991ebec88a,1303338382,1,1,1,0,2,1,0,3,0.91,422,32,2626,1498.23,1254,FALSE,0,0,0,0,0
3afbcd0acfd5ab6a7f569493c6a7873e3cfa3a55,1303259497,1,1,1,0,3,3,0,3,0.02,422,31,1,1,1,FALSE,0,0,0,0,0
8f054dbcaf6f659cb04518d10652a06f61066c89,1303257553,2,2,2,0.405639,9,7,0,3,2.02,514.5,49,0,0,0,FALSE,0,0,0,0,0
ccc39e5aa2db38b246f4d3149c3ce0305d34dff4,1303233796,1,1,1,0,4,1,1,1,1.74,414,44,2625,1500.3,1253,FALSE,0,0,0,0,0
53d4da2a9c47a9c838cf50f2ba4269b40a01dc25,1303233585,1,2,1,0,8,0,1,3,15.83,1082,118,2624,1499.3,278,FALSE,0,0,0,0,0
d9e7153fc99c8de1c6c89b56a16bbb21cb3d76ff,1303083723,1,1,2,1,2,2,0,1,10.78,454,31,2623,1502.71,1252,TRUE,0,0,0,0,0
dc02b0d5aea7a05a0aad63506fb4205b316fa4e0,1303083436,3,3,2,0.57938,8,4,0,3,3.12,512.5,48.5,2622,1501.72,594,TRUE,0,0,0,0,0
e0bc5711b896ef043ab260f48ba35617aff37a94,1302813775,2,2,2,0.210758,5,2,0,3,9.72,511,48,5,4.13,2,FALSE,0,0,0,0,0
957cf45fa14d5fe5cdaab87ea7e5bca8395725cd,1302601487,3,3,1,0,1,1,0,1,7.6,76,17,2621,1515.05,574,FALSE,0,0,0,0,0
f4487343df389ca578e8aabad0b302c35d413521,1302601383,1,1,1,0,2,3,1,1,8.51,415,42,2620,1514.05,1249,FALSE,0,0,0,0,0
ca1bdb31e31fd9815a11e44c1b4e2f91bd4443ef,1302601290,1,1,0,0,0,0,0,0,0,0,0,2619,1513.05,162,FALSE,0,0,0,0,0
236a412459144e0e5fd0f8e558a4a0128b9e2947,1302540388,1,1,0,0,0,0,0,0,0,0,0,2618,1513.88,253,FALSE,0,0,0,0,0
759a57bdb67f97fa8e8ad7948abda475ca91e3a3,1302540259,1,1,1,0,19,10,0,2,0.02,406,27,2617,1512.88,1248,FALSE,0,0,0,0,0
1abb674a07fea04824ed1a9a1385cac2bbe06802,1302538451,1,1,1,0,2,1,1,2,13.06,405,26,2616,1511.94,1247,FALSE,0,0,0,0,0
961146a287b00d30285a33041eade42a0b3c92ec,1302310301,1,1,0,0,0,0,0,0,0,0,0,2615,1517.8,393,FALSE,0,0,0,0,0
573f940985b65837e07bf05174bb6394774a2cb6,1302291843,1,1,1,0,1,0,1,1,0.01,148,14,2614,1517.35,339,FALSE,0,0,0,0,0
882916bb2e172a5c7ecae4dd4de9475e68709f89,1302291401,1,1,0,0,0,0,0,0,0,0,0,2613,1516.37,161,FALSE,0,0,0,0,0
47d1c62732477569b0cc5bbab47ff582e10019a1,1302291395,1,1,0,0,0,0,0,0,0,0,0,2612,1515.37,160,FALSE,0,0,0,0,0
d39293c025459dbacb3dcd7d624fe4ce27df601c,1302291386,1,1,1,0,1,1,0,1,38.03,148,13,2611,1514.37,338,FALSE,0,0,0,0,0
2942dafdfdbad5d94ee77ea417e7f403f419e42c,1302027916,1,1,0,0,0,0,0,0,0,0,0,2610,1521.34,392,FALSE,0,0,0,0,0
4e1aefa5b5c7a1c4dfa56fbf33be3649b254c2bf,1301945017,2,2,1,0,1,1,0,1,4.6,76,16,2609,1522.86,818.5,FALSE,0,0,0,0,0
89383ecc57074da1d048178240852e80076e7c36,1301866060,1,1,1,0,1,1,0,1,0,415,41,2608,1524.27,1245,FALSE,0,0,0,0,0
08046f769261024e767c3dd8997c22479cc6c9af,1301866025,2,3,2,0.405639,44,8,0,3,1.86,730.5,71.5,2607,1523.28,760,FALSE,0,0,0,2,1
885fb1fa92a06145a4ccf78ca19ef1f32b8e3351,1301705726,1,1,0,0,0,0,0,0,0,0,0,2606,1527.18,252,FALSE,0,0,0,0,0
6a58c71528f17d2bd7903168f2482da079508888,1301705231,0,0,0,0,0,0,0,0,0,0,0,2605,1526.2,0,FALSE,0,0,0,0,0
371d66ba2a549bf24d35c785773998debcab6db3,1301705223,3,4,1,0,5,0,0,1,1.84,387,39,2604,1525.2,618.333,FALSE,0,0,0,0,0
25bddf3fb5e4a9c809e7aa22c3340970fc3b378f,1301704758,2,6,2,0.447147,48,0,0,3,1.66,528,58,2603,1524.21,305,FALSE,0,0,0,0,0
f6e9fb13f80f9aa495e7dea573f285661395c7d4,1301703905,2,2,1,0,0,6,0,1,2.97,500,20,2602,1523.24,746.5,FALSE,0,0,0,0,0
f0df8434e7a1068bbc4a31bac53e6b4c1f0d69b3,1301585083,1,1,0,0,0,0,0,0,0,0,0,2601,1525.88,250,FALSE,0,0,0,0,0
e4d3f239e57305c50728580f29d58226f1e0e76b,1301547676,1,1,0,0,0,0,0,0,0,0,0,2600,1526.03,159,FALSE,0,0,0,0,0
bcc22dfa6fbd14b25695fce98e86f77e7985d94b,1301547557,1,1,0,0,0,0,0,0,0,0,0,2599,1525.03,158,FALSE,0,0,0,0,0
f614709a01333dda4c251bc11cb12db30e95b0ab,1301547555,1,1,1,0,5,0,0,1,0.43,71,15,2598,1524.03,1241,FALSE,0,0,0,0,0
11250d22c9eede4dd4ccbdec22f5cdee19f14cc1,1301546661,1,1,1,0,3,6,0,1,0,390,38,2597,1523.06,1240,TRUE,0,0,0,0,0
4b4de29725819a5d81768d26424178a75357b3f1,1301546405,1,2,2,0.405639,45,51,0,1,7.37,297.5,19,2596,1522.07,1239,TRUE,0,0,0,0,0
99b49d2718ac60b3b3153a8c95ca344552268031,1301512282,1,1,2,0.0185933,124,9,0,1,12.12,941,60,2595,1522.11,249,FALSE,0,0,0,0,0
6230ec55beb076e742808ba86d82c4a2e966f181,1301511734,1,1,0,0,0,0,0,0,0,0,0,2594,1521.13,248,FALSE,0,0,0,0,0
0733d3c585a3e3129cd5e68476caab58cb7e322d,1301511506,1,1,0,0,0,0,0,0,0,0,0,2593,1520.14,390,FALSE,0,0,0,0,0
6f8370ff0ed87810e8d5e311ff59c72d13b6ce79,1301511489,1,1,0,0,0,0,0,0,0,0,0,2592,1519.14,157,FALSE,0,0,0,0,0
bc244ed07e88fa4a63375412f7a284f0b69296a5,1301511374,1,1,0,0,0,0,0,0,0,0,0,2591,1518.14,247,FALSE,0,0,0,0,0
41266aa8e49f9895691f742b8c5920cbdd598225,1301510961,1,1,0,0,0,0,0,0,0,0,0,2590,1517.16,246,FALSE,0,0,0,0,0
45faee3e5bf4623ece091d6235f45fd2a44f411b,1301510447,3,3,1,0,1,1,0,1,1.04,71,14,2589,1516.17,568,FALSE,0,0,0,0,0
74ff735e10783308230ee937a5af611e6383451e,1301508047,1,1,0,0,0,0,0,0,0,0,0,2588,1515.24,156,FALSE,0,0,0,0,0
97879f2b1613fc54cfad6c9163961ee7d15df75c,1301508043,1,1,0,0,0,0,0,0,0,0,0,2587,1514.24,155,FALSE,0,0,0,0,0
1a338251ad04a90b8c6193a67149ff4cd4c4a3a7,1301508034,1,1,0,0,0,0,0,0,0,0,0,2586,1513.24,154,FALSE,0,0,0,0,0
354dc768c124f5c751b3998454ea13dd5e0dd680,1301508025,1,1,0,0,0,0,0,0,0,0,0,2585,1512.24,153,FALSE,0,0,0,0,0
8a0796cd944a4b7429d07a8578a9ff4512d3920e,1301508021,1,1,0,0,0,0,0,0,0,0,0,2584,1511.24,152,FALSE,0,0,0,0,0
cbc3b26584fc3dc8ac2b8472aada0f2e28df5230,1301507881,1,1,0,0,0,0,0,0,0,0,0,2583,1510.25,76,FALSE,0,0,0,0,0
d628583db83c3e58ef2e5e04d27f6a6e9e8f7d3c,1301507771,1,1,0,0,0,0,0,0,0,0,0,2582,1509.25,75,FALSE,0,0,0,0,0
058777be1e654e28ef59b54bb1851266f0c604ba,1301447460,1,1,0,0,0,0,0,0,0,0,0,2581,1510.08,388,FALSE,0,0,0,0,0
260d03a0c4ed23cb26ae285a5d5adf8190808cb7,1301447089,0,0,0,0,0,0,0,0,0,0,0,2580,1509.09,0,FALSE,0,0,0,0,0
6dcf6f41cc3b13efc8f37850ec58d951de11f80d,1301447083,2,2,2,0.647965,66,0,0,1,7.25,520.5,38.5,2579,1508.09,755,FALSE,0,0,0,0,0
799f7908864c4b34ebc0518938cbd32a4e9d7e18,1301445614,1,1,0,0,0,0,0,0,0,0,0,2578,1507.13,151,FALSE,0,0,0,0,0
cb3c4b0ea93d0a6e50633024f30693e28b604929,1301445519,1,1,0,0,0,0,0,0,0,0,0,2577,1506.13,150,FALSE,0,0,0,0,0
798d255ba63e9e35cbdeff95a008a982d10f07d3,1301420426,2,2,1,0,1,1,0,1,4.87,71,13,2576,1505.89,811.5,FALSE,0,0,0,0,0
28ba9e8ac586694bb0857ae03a15ee9355466889,1301417818,2,3,2,0.310917,14,1,1,3,2.43,713.5,69,2575,1504.97,753.5,FALSE,0,0,0,0,0
7888cb050678e6628256c48a15c524d8abe904e4,1301417498,1,1,1,0,2,1,0,1,0.8,382,35,2574,1503.98,1234,FALSE,0,0,0,0,0
5e284a20ccd2f83c0155a50c8ef2f7cd24f29811,1301417385,1,1,0,0,0,0,0,0,0,0,0,2573,1502.98,149,FALSE,0,0,0,0,0
770357e727fea3e5220275400796ed19c6986a90,1301417358,1,1,0,0,0,0,0,0,0,0,0,2572,1501.98,148,FALSE,0,0,0,0,0
62df63d3a06a010b22d12da8175c760641e2df0b,1301413175,1,1,0,0,0,0,0,0,0,0,0,2571,1501.11,245,FALSE,0,0,0,0,0
673ba22555244a0ae47bb993c586f73b8318c4bd,1301409764,1,1,1,0,1,1,0,1,7.88,405,25,4,3.3,1,TRUE,0,0,0,1,0
fb38d9cfb7f2a357e01f894c74daf1c47b3c4497,1301408156,1,1,1,0,11,0,0,2,7.86,596,76,3,2.3,1,FALSE,0,0,0,0,0
dda89a57ec56c00556ea67f51a57dbab2887f643,1301407547,1,1,0,0,0,0,0,0,0,0,0,2,1.3,0,FALSE,0,0,0,0,0
e71696cf34e5153bf3db5dbca4ca5a7625cd3215,1301348652,1,1,1,0,3,1,1,1,4.05,380,34,2570,1502.05,1233,FALSE,0,0,0,0,0
b5d8d586704b0e7647bfca65f6a1a829f212abc4,1301261023,1,1,0,0,0,0,0,0,0,0,0,2569,1503.68,386,FALSE,0,0,0,0,0
14e6a667f5c8f885ca2726e7245815cc583e0cb2,1300999658,3,3,1,0,1,1,0,1,6.82,71,12,2568,1510.6,563.667,FALSE,0,0,0,0,0
0c324783aea80f9854757307d8d419b86ad9fc16,1300998842,0,0,0,0,0,0,0,0,0,0,0,2567,1509.62,0,FALSE,0,0,0,0,0
5d6ce251ca5093db0878f472bdae20a357a65ffe,1300998832,2,4,2,0.368404,13,0,0,3,0.01,705.5,67.5,2566,1508.62,751,FALSE,0,0,0,0,0
92c04cee1d170348b7b49898e86804b0d391d77a,1300998392,2,2,2,0.405639,4,4,0,3,3.04,705.5,67,2565,1507.63,750,FALSE,0,0,0,0,0
7fdf587a7bdaf95a49f9d2dffdf8de0022185663,1300998083,1,2,1,0,10,0,0,3,7.05,1024,112,2564,1506.64,269,FALSE,0,0,0,0,0
1e46218b091942356e78a76afef6917b1ff714df,1300992400,1,1,0,0,0,0,0,0,0,0,0,2563,1505.82,244,FALSE,0,0,0,0,0
bef6f208d16b96638cbfafff5ef516e278608e81,1300903354,2,2,1,0,1,1,0,1,21.63,58,32,2562,1507.52,806.5,FALSE,0,0,0,0,0
2802221243c9c3731918b3d52ec5ec756bdd9b01,1300903234,1,1,1,0,2,2,1,2,43.82,369,58,2561,1506.52,1228,FALSE,0,0,0,0,2
c56fcd8fb9b1e3da1e4b0e1d24dd9cd3cbf43785,1300824036,1,1,0,0,0,0,0,0,0,0,0,2560,1507.93,73,FALSE,0,0,0,0,0
319fbf7f64b67d5506cd7d86f36e68382ade9846,1300821418,2,2,1,0,10,1,0,1,0.01,467,18,2559,1507.01,735,FALSE,0,0,0,0,0
bf06d9077c6b76253bb46eb62917497b3e0a0668,1300821248,1,1,0,0,0,0,0,0,0,0,0,2558,1506.01,242,FALSE,0,0,0,0,0
9d2bd29ee13dc87d768c4e99fb4ab69c5df026ba,1300820779,2,2,1,0,3,0,0,1,7.05,464,17,2557,1505.03,733.5,FALSE,0,0,0,0,0
d11fa1f74e780612b68be445125655aaeb3f7598,1300820577,1,1,1,0,9,0,0,1,0,556,60,2556,1504.03,268,FALSE,0,0,0,0,0
c824da0dabf77d264d4995452dd7e346b9cf3add,1300820369,1,1,1,0,17,17,0,1,0,556,59,2555,1503.04,267,FALSE,0,0,0,0,0
9362c83a3339d5595fa1c48a72b41833786763ba,1300820345,1,1,1,0,0,6,0,1,7.05,562,58,2554,1502.04,266,FALSE,0,0,0,0,0
0c38098f02610ffdcd01dd63dc21e3089a586e85,1300749220,1,1,1,0,1,1,1,3,0.01,289,11,2553,1503.19,1225,FALSE,0,0,0,2,0
be7068f5693fcfa8bcfcc752947cc3d74cf26107,1300748672,1,1,1,0,1,0,0,2,0.82,288,10,0,0,0,TRUE,0,0,0,1,0
b122bf22e30435b9779df3969d8f3ed21f9a2fe0,1300734396,1,1,0,0,0,0,0,0,0,0,0,2552,1502.64,383,FALSE,0,0,0,0,0
b7232f38f3696f593637e66487ba8bf934241e06,1300728844,2,2,2,0.115431,11,1,0,2,6.39,495.5,45.5,2551,1501.81,744.5,FALSE,0,0,0,0,0
c1b72ac1b7c1ee21ad71691c591df4e40012288d,1300722343,1,1,1,0,3,4,1,1,18.89,55,6,2550,1501,335,FALSE,0,0,0,0,0
b9e0d158788d07380046c648510acecd0913ba64,1300677724,1,1,1,0,1,1,0,1,17.42,288,9,0,0,0,FALSE,0,0,0,2,0
cf26cf7afc03604a4320b7881268395ee577782c,1300473888,1,1,1,0,42,37,0,1,0.84,372,31,2549,1507.55,1223,FALSE,0,0,0,0,0
a75e60ae47deb43ddc33662d7baa59755af208f3,1300465109,3,3,8,0.271693,668,432,1,1,23.76,375.75,17.88,2548,1506.82,256.333,TRUE,0,0,0,0,0
187dc5dd031d39fd0fc4c76371230800613e91fa,1300463399,1,1,0,0,0,0,0,0,0,0,0,2547,1505.87,381,FALSE,0,0,0,0,0
9c9e2afadefb1ef659c1cd1dbd7fffc4e3b24964,1300463386,1,1,1,0,1,1,0,1,0.75,404,23,2546,1504.87,1222,FALSE,0,0,0,0,0
fae1ba98c18525056b84e7f76ecce3397e778016,1300413959,1,1,0,0,0,0,0,0,0,0,0,2545,1505.38,239,FALSE,0,0,0,0,0
c3e632620a2ad400ae1df590b9ee86906b8b90cc,1300413928,1,1,0,0,0,0,0,0,0,0,0,2544,1504.38,238,FALSE,0,0,0,0,0
dd7158ac4689529055c47157ba635e42da0285f5,1300413404,2,2,7,0.253679,350,535,0,1,34.97,449.29,20.14,2543,1503.39,308.5,TRUE,0,0,0,0,0
eefe51c7a769e88200c82ffbd85e5417c1972452,1300413313,1,1,0,0,0,0,0,0,0,0,0,2542,1502.4,379,FALSE,0,0,0,0,0
bf596dc0239aad85198ebfe70921fd79a1cdedc9,1300410390,3,3,1,0,1,1,0,1,0.21,71,11,2541,1501.49,557,FALSE,0,0,0,0,0
220d88d6543ae3b94a6f44d3df37973764920e3a,1300401404,1,2,2,0.674494,5,3,1,1,4.61,290.5,15.5,2540,1500.76,1220,FALSE,0,0,0,0,0
a254e64bdb532c319de7a2e91a9302b3a93fb26c,1300398635,1,1,1,0,10,4,0,1,0.11,398,22,2539,1499.84,1219,FALSE,0,0,0,0,0
1555b92fb846b8a9889352a6ee3aba977df5bba8,1300392119,3,3,1,0,1,1,0,1,0.08,71,10,2538,1499.04,555.333,FALSE,0,0,0,0,0
d5b7a40b39ddf9cf61a84b3e3106d138e7c5e5ed,1300392043,1,5,1,0,1,6,1,2,14.9,40,5,2537,1498.04,334,FALSE,0,0,0,0,0
bd1ab7ab96683d0908613597f8fdcd1bfd0597d9,1300391286,1,1,1,0,1,1,0,1,0,371,29,2536,1497.07,1217,FALSE,0,0,0,0,0
2ff991bfcfa3097d5abd4f02f1d0844991c7d765,1300391111,2,2,2,0.210758,38,32,0,1,0.02,221,22.5,2535,1496.07,774.5,TRUE,0,0,0,1,2
0b1378a5391ba61ca4ed90f956089b5b9140408e,1300389239,3,3,3,0.354877,19,7,0,3,0.01,591.67,48.33,2534,1495.13,571.667,FALSE,0,0,0,0,0
723c908bd75ec11cc908ed15fa537cadeb8c01f4,1300389032,3,3,3,0.495356,60,5,0,3,0.84,470.67,47.67,2533,1494.13,603,TRUE,0,0,0,0,1
4874404701611aa44df4fe63e816605cdb3a3ab6,1300386815,1,1,1,0,1,1,0,1,0.04,385,20,2532,1493.2,1213,FALSE,0,0,0,0,0
4c1374840a8203e418f3e21fb7fb2d7f02a06d3d,1300384880,3,3,1,0,1,1,0,1,2.83,71,9,2531,1492.26,552.667,FALSE,0,0,0,0,0
5da01633fd308fabd91678a470055a92c9127f49,1300383454,1,1,1,0,2,2,1,1,5.71,385,19,2530,1491.3,1211,FALSE,0,0,0,0,2
cdbd8af527289e75321dce1e5f3a666a3bda17a5,1300379492,1,1,0,0,0,0,0,0,0,0,0,2529,1490.42,235,FALSE,0,0,0,0,0
a6fdc1bfd203f0eb575e1b58198957609fa8f2c6,1300319882,1,1,1,0,3,0,1,1,0.06,338,25,2528,1491.21,1210,TRUE,0,0,0,0,0
20b8facb05247b84dc53882d94c4d5e0ce7e0f91,1300316007,1,1,0,0,0,0,0,0,0,0,0,2527,1490.33,234,FALSE,0,0,0,0,0
909914f7af5bc8bf0aa749774f048162ba7f3a14,1300315025,3,5,3,0.222258,198,109,0,3,8.4,440,47,2526,1489.36,600.667,TRUE,0,0,0,0,0
3f31ebc676b505858d2b62352f860dd09beea035,1300227808,1,1,1,0,3,3,1,1,12.96,61,9,2525,1490.98,330,FALSE,0,0,0,0,0
f3c068a90c6d282a66e30b24a1998f903340e79d,1300211578,0,0,0,0,0,0,0,0,0,0,0,2524,1490.47,0,FALSE,0,0,0,0,0
90d7e193d16738b09fe56eec27e36b131afbcad9,1300211573,1,1,1,0,20,33,0,2,0.8,477,16,2523,1489.47,1208,FALSE,0,0,0,0,0
c9f5bb6f1764521517542cc4361c9876124d884b,1300210799,1,1,1,0,9,2,0,2,0.79,555,57,2522,1488.49,261,FALSE,0,0,0,0,0
9865a4c4f26c01c13e58070c429dc59c7c13ab68,1300142378,2,2,2,0.251463,21,3,0,2,0.05,507,34.5,1,1,0.5,FALSE,0,0,0,1,0
80f4d08e8b29ea9502d810864cd1393568cba37d,1300140097,3,3,1,0,1,1,0,1,0.02,71,8,2521,1489.61,550.333,FALSE,0,0,0,0,0
07c9cae923b31cb52330bd7b8b5b1bda8e73c68c,1300138582,2,2,2,0.674494,7,1,1,1,5.45,301,30.5,2520,1488.66,733,FALSE,0,0,0,0,0
f12baf32d47df306566c237eeed954de8fbc35ad,1300137823,1,1,1,0,30,6,0,1,6.02,453,14,0,0,0,FALSE,0,0,0,0,0
d867cc9271d87c4964667e1df355ef95684174c5,1300036553,1,1,0,0,0,0,1,0,0,0,0,2519,1490.73,68,FALSE,0,0,0,0,0
3a1fe1e29528e85d530a6e39cb63d78ef2cba20d,1299890081,2,2,3,0.75,4,4,1,4,2.11,636.67,62,2518,1494.16,732,TRUE,0,0,0,0,0
3cacf050dfdb845d9809bec2f87c9c0bc44dbf21,1299881505,1,1,0,0,0,0,0,0,0,0,0,2517,1493.42,233,FALSE,0,0,0,0,0
1536d73d1bf517e5ab72b5b12addecbfb088e787,1299714355,5,5,2,1,2,2,0,2,1.14,328.5,39.5,2516,1497.5,427,FALSE,0,0,0,0,0
55143a9d44f026050c64ff35eee077913da1fb85,1299713950,1,1,0,0,0,0,0,0,0,0,0,2515,1496.51,146,FALSE,0,0,0,0,0
c92e193916f4ee37a3fc1fbda2ee20b99a2a51a1,1299712702,2,2,2,0.54382,46,36,1,2,0.19,481,41.5,2514,1495.55,730,TRUE,0,0,0,0,0
d12452fc4912b5fed65b7a1950084a090e480e06,1299697187,1,1,0,0,0,0,0,0,0,0,0,2513,1495.02,231,FALSE,0,0,0,0,0
3d8400a40c2f16792019cdea6cd87a3760f31ff2,1299696875,1,1,0,0,0,0,0,0,0,0,0,2512,1494.03,230,FALSE,0,0,0,0,0
1fe0aea0b074eb5a2ceef87b7253afaf6f4e6db0,1299696830,1,1,1,0,9,1,0,2,0,579,71,2511,1493.03,256,FALSE,0,0,0,0,0
5df2544883b2c87127c09ad26ae28c7e200fdd15,1299696419,1,1,1,0,13,13,1,2,0,579,70,2510,1492.04,255,TRUE,0,0,0,0,0
acbf22427727eddfbd92ef6c8e911cb6f9bcbb95,1299696134,2,2,3,0.655459,3,2,0,4,1.94,630.33,60.33,2509,1491.05,728,TRUE,0,0,0,0,0
d0d17a0d35686e41d0e989ebca18640354e7dfad,1299695608,1,1,2,0.405639,8,8,0,4,0,758.5,85,2508,1490.07,253,FALSE,0,0,0,0,0
f7b53d33bc21458813c54083a906e02bfbc1456a,1299695586,1,1,1,0,13,0,0,3,0,925,105,2507,1489.07,252,FALSE,0,0,0,0,0
92be06874b09d06d83d77468cb631552a03b1a02,1299695505,1,1,1,0,14,1,0,3,0,912,104,2506,1488.07,251,FALSE,0,0,0,0,0
f327455d9db9748408a32928b7dc78e830176c4f,1299695470,2,2,2,0.310917,15,0,0,3,0.45,610,59.5,2505,1487.07,725.5,FALSE,0,0,0,0,0
54415bf2afab5d61c884847b293273ff3db3f514,1299695343,1,1,2,0.947425,13,14,0,4,0.43,740,83,2504,1486.08,249,FALSE,0,0,0,0,0
bac62dfcd944ce21ea1d767faeacb08ff5aca0f3,1299695197,1,1,1,0,15,1,0,2,0,579,66,2503,1485.08,248,FALSE,0,0,0,0,0
820b43c1f3a43f5c44297cd8eede5439ae3c8695,1299694985,1,1,1,0,13,0,0,2,0,566,65,2502,1484.09,247,FALSE,0,0,0,0,0
a5b69290d5bbd1de131d892232e42e5a6b8635d4,1299694844,1,1,1,0,1,1,1,2,5.79,566,64,2501,1483.09,246,FALSE,0,0,0,0,0
5c7a9c86f666652219d55256aefd6e6e009820b9,1299694803,1,1,0,0,0,0,0,0,0,0,0,2500,1482.09,145,FALSE,0,0,0,0,0
7f83f916f6d8c8e4226af917c93346569f41141e,1299692807,1,1,0,0,0,0,0,0,0,0,0,2499,1481.15,144,FALSE,0,0,0,0,0
ce47f96570284adac909a7c395101ec78f9f1f1a,1299620370,1,1,2,0.57938,1,2,0,3,2.56,710,76,2498,1482.33,245,FALSE,0,0,0,0,0
c15a949cc3f01ffb941b6f65bb2c5974719b44d0,1299617952,1,1,0,0,0,0,1,0,0,0,0,0,0,0,FALSE,0,0,0,0,0
57b035cd948596e3a836f90c60993029771e5b08,1299617896,1,1,1,0,20,12,0,1,0,312,22,2497,1481.4,1200,TRUE,0,0,0,0,0
f1f126171ce99198e1484cf9261c62cb42e1c46a,1299617500,2,2,3,0.30743,27,5,0,3,1.71,543.67,42,2496,1480.41,721.5,FALSE,0,0,0,0,0
71e1bcd855566c7585e624fb6f62c2e39603d811,1299614555,1,1,1,0,1,1,1,3,0.01,887,99,2495,1479.5,243,FALSE,0,0,0,0,0
b5579b6307d3db8dabc2a662b30e9a06a20e75de,1299614505,1,2,2,0.405639,15,1,0,1,2.53,246,10.5,2494,1478.5,1198,FALSE,0,0,0,0,0
110b0fe14ae470ca8cc8a270980967b967c90a41,1299613623,1,1,1,0,3,10,0,1,0,301,19,2493,1477.53,1197,FALSE,0,0,0,0,0
d7488bbb62c209329db1c9baf9f0814e00b7d03b,1299613323,2,3,3,0.888273,9,63,0,3,10.93,427.33,37,2492,1476.54,719,FALSE,0,0,0,0,0
2007407e7b5d096af1b685c355e83c3c42f127d1,1299606984,1,1,1,0,1,0,0,1,0,309,17,2491,1475.73,1195,FALSE,0,0,0,0,0
d152e7e780e1378634d7764eb47928e50c87bcee,1299606965,2,2,2,0.507374,10,0,0,3,1.03,602.5,54.5,2490,1474.73,717.5,FALSE,0,0,0,0,0
d4f4b6682d03b71e5922f728474c4242f4767aa6,1299519639,3,3,1,0,1,1,0,1,4.73,70,5,2489,1476.33,544,FALSE,0,0,0,0,0
7f4a12f4cd9c173ff58d43b928a822f9c94158df,1299519281,1,1,0,0,0,0,0,0,0,0,0,2488,1475.34,329,FALSE,0,0,0,0,0
07d06adf866b2dccb6ac8e8a9a2a8e8ab5de8a14,1299518136,2,2,2,0.734496,4,1,0,3,3.44,601,54,2487,1474.38,716,FALSE,0,0,0,0,0
47dc188d5736057fb9388a592b6610d7db9199ea,1299292409,1,1,0,0,0,0,0,0,0,0,0,2486,1480.14,143,FALSE,0,0,0,0,0
85d22541d2ce532d731c2487950e85a66a0d9505,1299266299,1,2,1,0,4,38,1,1,0.01,83,9,2485,1479.92,328,FALSE,0,0,0,0,0
90ec1031f905153bca622596474aa817fd6be2f8,1299265427,1,1,1,0,1,1,0,1,2.04,83,8,2484,1478.95,327,FALSE,0,0,0,0,0
3ff35d74ee8a7ad1021bb6b10f54c033787143a6,1299257605,1,1,0,0,0,0,0,0,0,0,0,2483,1478.18,372,FALSE,0,0,0,0,0
9bc9ad13a42d6e74271f513f3d398bd2ff8a40f7,1299257535,1,1,0,0,0,0,0,0,0,0,0,2482,1477.19,371,FALSE,0,0,0,0,0
1782c7d7782c111bc078992f16cbf0fca88eaef5,1299257215,1,1,1,0,2,2,0,1,74.15,226,1,2481,1476.2,229,TRUE,0,0,0,0,0
e85752c527dd246cdec67036e0b77c93f7d1ceb8,1299257075,1,1,0,0,0,0,0,0,0,0,0,2480,1475.2,228,FALSE,0,0,0,0,0
dfdbbb514fa0672ba56db566925b952040804473,1299257032,1,1,1,0,15,15,0,3,0.9,899,95,2479,1474.2,239,FALSE,0,0,0,0,0
976f5ca93ea8c0c96a8957cb4107b517386ebd02,1299256987,1,1,0,0,0,0,0,0,0,0,0,2478,1473.2,142,FALSE,0,0,0,0,0
2086f8d34ca44d7af0019e486bf3adb86d3360d9,1299201385,1,1,0,0,0,0,0,0,0,0,0,2477,1473.87,65,FALSE,0,0,0,0,0
6873a682169bcdc536896db42eec9c019b2bb169,1299198845,1,1,0,0,0,0,0,0,0,0,0,2476,1472.94,370,FALSE,0,0,0,0,0
9eb2c6176089e8afa19d2990f8ba809f710bb47e,1299197717,1,1,0,0,0,0,0,0,0,0,0,2475,1471.97,227,FALSE,0,0,0,0,0
543e7912066ea4c5db6762fa729ac9639688c19c,1299197600,1,1,1,0,13,1,0,1,1.05,255,53,2474,1470.98,226,TRUE,0,0,0,0,0
b6e8b3fa84a400fa8bf86ad5038a34833ac75aa1,1299197438,1,1,0,0,0,0,0,0,0,0,0,2473,1469.98,225,FALSE,0,0,0,0,0
6f8e406b7b02c133c41b596fd400ee4074abf060,1299197332,1,1,0,0,0,0,0,0,0,0,0,2472,1468.99,224,FALSE,0,0,0,0,0
93bc54b65c4c7d090b4bd2e904dbf74eac79ed8c,1299197242,1,1,0,0,0,0,0,0,0,0,0,2471,1467.99,223,FALSE,0,0,0,0,0
3bf0ac4a36bebbde0534417f69971943afe9e18b,1299197149,1,1,0,0,0,0,0,0,0,0,0,2470,1466.99,222,FALSE,0,0,0,0,0
bc01bfff21a7d3c25b545a3145a29485db3eb1a1,1299196947,1,1,0,0,0,0,0,0,0,0,0,2469,1466,221,FALSE,0,0,0,0,0
0d4eaf03fcfc93185ef339e73dd10d2262e07679,1299196787,1,1,0,0,0,0,0,0,0,0,0,2468,1465,369,FALSE,0,0,0,0,0
2bb04124736e1b76dd8ebd5a6733cc42e0b5ed27,1299196174,1,1,1,0,24,1,0,1,0,337,53,2467,1464.02,220,TRUE,0,0,0,0,0
07ce5d3158e86fdfdf2e77f5333e2c6d0deb9252,1299196170,1,1,1,0,1,1,0,1,0.01,337,52,2466,1463.02,219,FALSE,0,0,0,0,0
131970b3e55322cded2ffe1eed70230088190e02,1299195584,1,1,2,0.495023,17,0,0,1,0.02,945.5,57,2465,1462.04,218,FALSE,0,0,0,0,0
00e1dbfbd94663f94dfa24c8215798e0b980561c,1299195043,2,2,0,0,0,0,0,0,0,0,0,2464,1461.05,292.5,FALSE,0,0,0,0,0
4c274c524dd588c61d022b2fa72f181481203323,1299194823,2,2,2,0.229363,11,2,0,2,0.98,465.5,37,2463,1460.06,714.5,FALSE,0,0,0,0,0
5581ca27515dc2ef322d4930e6eb1e6f657b153e,1299193655,1,1,3,0.373718,10,11,0,1,24.48,704.67,39,2462,1459.1,216,TRUE,0,0,0,0,0
5cd9a9540f123a3d0de38428662d45dba6473321,1299192047,1,1,0,0,0,0,0,0,0,0,0,2461,1458.14,215,FALSE,0,0,0,0,0
1db2efa75a4dc3fcc0eb320832fd5a1f00b26510,1299191950,1,1,1,0,78,0,0,1,0.01,247,49,2460,1457.15,214,TRUE,0,0,0,0,0
c1a82bf3ea32346d38062b255ca2e6ea33a316c7,1299190722,1,1,2,0.234525,48,3,0,1,0.04,885,55.5,2459,1456.18,213,TRUE,0,0,0,0,0
7705042cac8351141fb36e5f7e1e5bd6de3a1703,1299187869,1,1,0,0,0,0,0,0,0,0,0,2458,1455.27,367,FALSE,0,0,0,0,0
b9e311e893e6d1ed725087ac69fdef3861ad3261,1299187591,1,1,0,0,0,0,0,0,0,0,0,2457,1454.27,366,FALSE,0,0,0,0,0
460998497d583de219d78a9048ffb9efa064443b,1299187531,1,1,2,0.0114474,3,209,0,1,36.67,988,55,2456,1453.27,212,TRUE,0,0,0,0,0
022c5e1411e3628051facac3a5af5a5db5073016,1299186650,1,1,0,0,0,0,0,0,0,0,0,2455,1452.3,211,FALSE,0,0,0,0,0
60daf0d6c7277c0e4aa10c77edf98cc3e08c76fa,1299185614,1,1,0,0,0,0,0,0,0,0,0,2454,1451.33,365,FALSE,0,0,0,0,0
0b6a941624a4f8a8be0e3181a24452150f750711,1299185221,1,1,1,0,2,0,0,1,0.11,1562,88,2453,1450.34,210,TRUE,0,0,0,0,0
1fc520b45a209bc8ffbc4f742320c44be492adb6,1299185077,1,1,2,0.15876,10,8,1,1,0.51,230,7,2452,1449.35,1190,FALSE,0,0,0,0,0
cbbee38be80a84891b40b5feb39cd5ecfc8656f1,1299182056,1,2,1,0,4,0,0,1,0.89,55,16,2451,1448.43,326,TRUE,0,0,0,0,0
2dae6d828550c88217a0cf2cf5d5afe53d29b906,1299180833,2,2,2,0.752723,19,8,1,1,1.44,484.5,32,2450,1447.47,713,FALSE,0,0,0,1,0
65c8a956f14aa4058a1ed6ce6487e1bf1971b419,1299180196,1,1,1,0,1,1,0,1,0,303,13,2449,1446.49,1188,FALSE,0,0,0,0,0
2b907e9a8c93c7e5393b7fcab975e254c18735c3,1299180117,2,2,1,0,7,0,1,1,0.01,296,12,2448,1445.49,711.5,FALSE,0,0,0,0,0
25e520c243ec39bbe8757a590f84de1c230d78ef,1299179468,2,2,1,0,0,7,0,1,0.01,303,11,2447,1444.51,710.5,FALSE,0,0,0,0,0
2124c8465adaa9fb669ab864a733e155c9ab1bc7,1299179116,1,2,1,0,0,31,0,3,0.03,930,94,2446,1443.52,234,FALSE,0,0,0,0,0
a49e1f4f3d10e73df02d276fef3e8d70df404dc5,1299178740,2,2,1,0,2,2,1,1,0,303,10,2445,1442.53,709,FALSE,0,0,0,0,0
32be4a78127d5a9531f00ae475d724c217b0aca4,1299178494,1,2,2,0.861781,19,1,0,1,0.73,241.5,5,2444,1441.54,1184,TRUE,0,0,0,0,0
92967d34570751fb30fb85b5f8d958c6a6b7369e,1299176931,1,2,1,0,16,0,1,3,0,914,93,2443,1440.58,232,FALSE,0,0,0,0,0
d70fee74328c0fa7a2aa7a9230401980ea547c99,1299176690,1,2,1,0,16,2,0,3,0,900,92,2442,1439.59,231,FALSE,0,0,0,0,0
97b8e759328c763e691f0f62f8dedb648cdde7b9,1299176299,1,2,1,0,8,1,0,3,0.76,893,91,2441,1438.6,230,FALSE,0,0,0,0,0
8a62f8cef0a4967e16ed2cf05548c5f29b0f31e0,1299175818,1,1,1,0,8,1,0,1,0.65,1555,87,2440,1437.62,209,TRUE,0,0,0,0,0
10f4f523fa1cedac13c210d254edf372e7550cf0,1299175256,1,1,0,0,0,0,0,0,0,0,0,2439,1436.63,364,FALSE,0,0,0,0,0
1e392d2628ff985294e22fb0c36f065d983a818b,1299173798,1,1,0,0,0,0,0,0,0,0,0,2438,1435.67,363,FALSE,0,0,0,0,0
eb6ff62113e9650b6eb48486f4eb529a2ded64c9,1299172828,2,2,2,0.674494,12,4,1,1,1.86,293.5,16,2437,1434.7,706,FALSE,0,0,0,6,0
64da2621da345828e2d862cd9615e743e44d5492,1299119863,0,0,0,0,0,0,0,0,0,0,0,2436,1435.22,0,FALSE,0,0,0,0,0
61aec6e96104c3b590f1f8541582d13419ad1821,1299119856,1,2,1,0,41,0,0,0,0,0,0,2435,1434.22,325,TRUE,0,0,0,0,0
42f3ad436d2885dd868bcac625f971ddb0d14cfc,1299119849,2,2,2,0.513777,15,18,0,1,13.47,872.5,43.5,2434,1433.22,695,TRUE,0,0,0,0,0
2f7b78c03a021b3362959103333202d2e608f845,1299119232,1,3,4,0,6,1,0,1,67.53,9.75,2,2433,1432.24,324,TRUE,0,0,0,0,0
402d37d6137ea1c7e821d5120bdf1c7843cd90d6,1299119121,1,1,1,0,73,28,0,1,0.01,1503,85,2432,1431.24,207,TRUE,0,0,0,0,0
96327c979cb892257fd1bb9c23aa1e2c7b48ca22,1299118251,1,1,1,0,60,44,0,1,0.03,1487,84,2431,1430.27,206,TRUE,0,0,0,0,0
9d1b3f59d5ff653558f87b09344cd358367c827e,1299115239,1,1,1,0,55,57,0,1,0.01,1489,83,2430,1429.35,205,TRUE,0,0,0,0,0
14bd50efe4496a68016d3faa589bda4639e969a6,1299113988,1,1,1,0,32,30,0,1,0.09,1487,82,2429,1428.39,204,TRUE,0,0,0,0,0
631c1f95e70b88268da8568c413ae00f05348e6c,1299112565,1,1,0,0,0,0,0,0,0,0,0,2428,1427.43,362,FALSE,0,0,0,0,0
4c9503158bb64831864b840ec3ace24968826ec5,1299111363,1,1,0,0,0,0,0,0,0,0,0,2427,1426.46,361,FALSE,0,0,0,0,0
6c8e461db54da74a3394bf81cf695e5c47704093,1299111337,2,2,1,0,1,1,0,1,1.1,70,4,2426,1425.46,770.5,FALSE,0,0,0,0,0
aaa841516981aed381050b60f1dc78854bb422a8,1299111062,2,2,2,0.181188,3,45,0,3,0.04,615.5,48,2425,1424.47,704,FALSE,0,0,0,0,0
51e964498c3789b8d2929de91e5be22c5f9f23fe,1299110919,1,1,1,0,0,3,0,1,0.07,301,7,2424,1423.48,1179,FALSE,0,0,0,0,0
0cddc70ff5cbf82588ab6c7e38f96f60601aa281,1299110253,1,1,0,0,0,0,0,0,0,0,0,2423,1422.5,359,FALSE,0,0,0,0,0
99dcf7508fca07af4d1810b49d7f794439b485f5,1299109961,2,2,2,0.239918,24,1,0,2,0.05,454,36.5,2422,1421.5,702.5,TRUE,0,0,0,0,0
7822d1f1487977c6f0241dde27adaf745da44c1e,1299109524,1,1,1,0,4,0,0,1,0.03,23,2,2421,1420.52,323,FALSE,0,0,0,0,0
a572a7126c1936eda484fd6c9dba0704b2fcca84,1299109354,0,0,0,0,0,0,0,0,0,0,0,2420,1419.52,0,FALSE,0,0,0,0,0
a1609faba03a49128420a93db3220b95f1f21240,1299109349,1,1,0,0,0,0,0,0,0,0,0,2419,1418.52,322,FALSE,0,0,0,0,0
9bf823d8934cd4aa57d7dc56fd885ad88f53837b,1299109032,1,1,1,0,15,4,0,1,0.12,352,13,2418,1417.53,1177,TRUE,0,0,0,1,2
ca184e7725d674799348f5c1988b8158db50d1ae,1299108381,1,1,0,0,0,0,0,0,0,0,0,2417,1416.55,141,FALSE,0,0,0,0,0
50545074875a845817606c0ff6acc96dd8ac0f5d,1299107839,1,4,2,0.105729,12,1,0,1,0.01,72.5,4.5,2416,1415.56,321,FALSE,0,0,0,0,0
ab93be0178f500daff8481b4b06cb29be6123aea,1299107183,1,2,3,0.206079,92,82,0,1,38.93,51.33,2.67,2415,1414.58,320,TRUE,0,0,0,0,0
8b0993bb105198d35da7e256868fbc780f508e5b,1299106977,1,1,1,0,1,1,0,1,0,23,1,2414,1413.59,319,FALSE,0,0,0,0,0
0a034bb3ea153d7b35d893aa24bed8978287f9b8,1299106906,1,2,2,0.42156,28,3,0,1,0.58,21.5,3,2413,1412.59,318,TRUE,0,0,0,0,0
50006f7e43101dcf29ad59ef2cf9b693dadb2701,1299106626,1,1,2,0.169252,8,9,0,1,66.82,871.5,52.5,2412,1411.6,203,FALSE,0,0,0,0,0
4ce815a3edc707ddc9f6b83761626ad52d5b8471,1299106179,1,1,0,0,0,0,0,0,0,0,0,2411,1410.61,202,FALSE,0,0,0,0,0
4da860eae1fb0f2c22b9ae754a1d3df41ce880cf,1299106166,2,2,1,0,0,2012,0,1,61.24,2043,78,2410,1409.61,279.5,FALSE,0,0,0,0,0
27e4bdb814e390b133d50b69459fb105f4eb8332,1299105564,1,1,1,0,11,0,0,1,0.18,44,15,2409,1408.63,317,TRUE,0,0,0,0,0
1523b61723aeaa52668e96d8dde1e73a871567dc,1299105023,1,1,0,0,0,0,0,0,0,0,0,2408,1407.64,357,FALSE,0,0,0,0,0
dd9406cd52f2858738a6878184cf6c2f68261962,1299104827,3,3,3,0.253001,83,47,0,4,0.06,412.67,32.67,2407,1406.65,572.667,TRUE,0,0,0,0,0
509312773d1a1925866b43a52d49996640f69af8,1299103007,1,2,1,0,1,1,0,2,0.15,35,3,2406,1405.7,315,TRUE,0,0,0,0,0
42d2758c3676660ff9c921639af961ca8370226b,1299102096,1,1,2,0.130311,25,18,0,1,13.4,214,2.5,2405,1404.72,1175,TRUE,0,0,0,0,0
ef1c858ffc1970deb3293682e8d6219f3be99f98,1299101471,1,1,1,0,9,2,0,2,0.01,538,61,2404,1403.74,225,FALSE,0,0,0,0,0
7fd47c0ac65b89fea0c66f7c1e64c5e38c2e5937,1299100914,1,1,1,0,34,12,0,2,0,516,60,2403,1402.76,224,TRUE,0,0,0,0,0
a63b232ef1e29035f7cd6982a3cf6c44f8881e5e,1299100827,1,1,1,0,29,5,0,2,0,492,59,2402,1401.76,223,TRUE,0,0,0,0,0
acb502e5e3c3bdeb2c883d9c0a0c1bd54ca0d67a,1299100719,1,1,1,0,29,5,0,2,0.15,468,58,2401,1400.76,222,TRUE,0,0,0,0,0
3661922bb0fc78c739465b6add265c8a80e73449,1299098379,1,1,2,0.127043,11,11,0,1,0.47,398,11,2400,1399.83,1174,FALSE,0,0,0,0,0
0704f149be822dc0c7dc44e9436c22df9c1bcbb3,1299097704,1,1,1,0,1,1,0,1,0.12,352,11,2399,1398.84,1173,FALSE,0,0,0,0,0
334604de5d0f7d1af06051dc9129f9d438237db9,1299096185,1,1,1,0,2,2,0,1,0.01,278,4,2398,1397.89,1172,FALSE,0,0,0,0,0
530328ac15d238e41c202f0c0377582fad6a5226,1299095020,1,1,1,0,3,3,0,1,0.01,278,3,2397,1396.92,1171,FALSE,0,0,0,0,0
9914a1eb3f7bbe01e3783fa70cb78e02570d7336,1299094639,1,1,0,0,0,0,0,0,0,0,0,2396,1395.93,356,FALSE,0,0,0,0,0
5db5710d3f46a5175e5e565ed8499817b9ae8f47,1299094281,0,0,0,0,0,0,0,0,0,0,0,2395,1394.94,0,FALSE,0,0,0,0,0
9e9f55a8e3dc1c4499a12c3595f170752eb8da88,1299094274,1,1,1,0,16,15,1,1,6.84,277,2,2394,1393.94,1170,FALSE,0,0,0,2,2
0800141a9dc2546cf374092fe9aad817874b0631,1299093219,1,1,1,0,3,3,0,3,0,925,88,2393,1392.97,221,FALSE,0,0,0,0,0
dc6d469f0c924fdf7a40fe301dc219f41fddf499,1299093078,1,1,1,0,26,4,0,3,0.9,903,87,2392,1391.97,220,FALSE,0,0,0,0,0
89299d77e43dc293dcbb36aae574249be7657f28,1299091957,1,1,0,0,0,0,0,0,0,0,0,2391,1391,64,FALSE,0,0,0,0,0
27d8bf63118dba2845da00623e2fd750777730f9,1299091813,1,1,0,0,0,0,0,0,0,0,0,2390,1390.01,63,FALSE,0,0,0,0,0
8c229a85606b71c38d7633da634348a957307ccf,1299091634,1,1,0,0,0,0,1,0,0,0,0,2389,1389.01,62,FALSE,0,0,0,0,0
29eed65a67e57ee24e9709905d00643c71e1bc97,1299091435,1,1,0,0,0,0,0,0,0,0,0,2388,1388.02,61,FALSE,0,0,0,0,0
f0e0073a09f5ff47031dc682b24f4a4710c97788,1299091172,1,2,0,0,0,0,0,0,0,0,0,2387,1387.02,314,FALSE,0,0,0,0,0
b70bde58bebef69987c75d3c777d8f8f754aa71f,1299090633,1,3,3,0.86129,5,2,1,1,51.6,59,5.33,2386,1386.04,313,TRUE,0,0,0,0,0
635fac776db0aff77305826c43399412e2f207fb,1299090403,1,4,3,0.405639,4,0,0,2,84.11,62.33,4,2385,1385.05,312,TRUE,0,0,0,0,0
7753d4e91d47447b9a607fa58201517532ce9e2b,1299090297,1,4,2,0.57938,3,3,0,1,91.94,29,8.5,2384,1384.05,311,FALSE,0,0,0,0,0
66a621421667a7dfe7e54e23294db6b772ab843e,1299089710,1,3,3,0.821291,14,8,1,1,64.89,87.33,7.67,2383,1383.06,310,FALSE,0,0,0,0,0
6cae1f09f1b70861824551eb0894b1d3c401552e,1299089347,1,4,4,0.477394,17,9,0,1,78.15,57,7,2382,1382.07,309,TRUE,0,0,0,0,2
c4432ee8277d0b534a8bd7b2c04e8ce1dfca06af,1299089174,1,1,1,0,11,2,0,1,0,38,4,2381,1381.08,308,TRUE,0,0,0,0,0
80a5bf20638bc676cfc10e6e15aa1ec089aa0aac,1299088962,1,3,2,0.310917,11,4,1,1,38.49,40,3.5,2380,1380.08,307,TRUE,0,0,0,0,0
5b3d5fc4313b021b519fa9ce2558f8e9ccfd3b9f,1299088631,1,2,1,0,0,95,0,1,92.71,95,1,2379,1379.09,306,FALSE,0,0,0,0,0
cd38fb4177e037c49e176f5ae7eefe9d340dbada,1299088569,1,1,1,0,5,5,0,1,0.96,126,9,2378,1378.09,305,FALSE,0,0,0,0,0
9b1cc75b3613e472fb3ac5ef1ab1fddef6583871,1299087681,2,3,2,0.507374,113,17,0,2,0.75,362,32.5,2377,1377.12,694,TRUE,0,0,0,0,2
ff712f311d79e23ae0946f60221327a2745a4764,1299034674,3,3,1,0,1,1,0,1,22.19,58,31,2376,1377.54,527.667,FALSE,0,0,0,0,0
9e04488eb1ccd044f49ec61fb1fc8bbc6481b0d7,1299034572,1,1,0,0,0,0,0,0,0,0,0,2375,1376.55,354,FALSE,0,0,0,0,0
db8b2883e23f10f746d00ff5f831c101623131bc,1299023636,1,1,0,0,0,0,0,0,0,0,0,2374,1375.84,140,FALSE,0,0,0,0,0
59a74ecce4767a5e5f6fbe2b167ac02a9fa3c498,1299022962,3,3,2,0.860293,60,118,0,2,3.02,391,32,2373,1374.86,508,TRUE,0,0,0,0,1
9099c61df905f7fd2accc746a5aae1f52bd4e411,1299019261,0,0,0,0,0,0,0,0,0,0,0,2372,1373.96,0,FALSE,0,0,0,0,0
50521281ce19442e07196342b61b55cd2e9503cc,1299019246,1,1,1,0,13,30,0,1,5.96,388,8,2371,1372.96,1166,TRUE,0,0,0,0,0
0cc6abf741f49abcfa0362509c9a6106a4bfbf4a,1299018876,1,1,1,0,0,2,0,1,0,290,7,2370,1371.97,1165,FALSE,0,0,0,0,0
fe266ae4fe97ca48b8763fcfa8661172df4863f1,1299018779,1,1,1,0,8,8,0,1,0.15,290,6,2369,1370.97,1164,FALSE,0,0,0,0,0
7c15cdeb69201129f88166c3895682795fbb6799,1299018648,1,1,1,0,22,22,0,1,0.01,444,10,2368,1369.97,1163,FALSE,0,0,0,2,5
848086947c8d1e2627892690d10edb7e2f7ee753,1299018025,1,1,1,0,4,19,0,1,0,459,9,2367,1368.99,1162,FALSE,0,0,0,0,0
5ec4ea754ceca0177810f44eb1445f1ca4ee4fdb,1299017894,1,1,1,0,1,5,0,1,0,463,8,2366,1367.99,1161,FALSE,0,0,0,0,0
41467d54dfbfe2968fb98b1ff5fa2978927f627a,1299017776,1,1,1,0,7,7,0,1,0.01,463,7,2365,1367,1160,FALSE,0,0,0,0,0
82614377640ba1f7472d243d849eec6321392b07,1299017320,0,0,0,0,0,0,0,0,0,0,0,2364,1366.01,0,FALSE,0,0,0,0,0
54eac368d02fe0d8e3541783841ca85ea3c8760c,1299017213,1,1,2,0.707544,21,69,0,1,0.01,275.5,3,2363,1365.01,1159,FALSE,0,0,0,0,0
72511ea1e983eb601ce13521292c766930a89314,1299016402,1,1,3,0.0981278,101,3,0,1,0.01,174.33,1.67,2362,1364.03,1158,FALSE,0,0,0,0,1
da7921f2c64aea2513cc214406e7153e0f41596d,1299015290,2,2,4,0.583333,8,8,0,3,1.56,487.75,34.75,2361,1363.06,687,FALSE,0,0,0,8,9
cd519e97e76f86d2039be3e5224ffb1dde65490e,1299006050,1,1,1,0,3,7,0,1,0,303,25,2360,1362.31,216,FALSE,0,0,0,0,0
2a7a5aeefee5018c7936e1b16c55bdc925650c53,1299005949,4,9,9,0.733495,19,19,0,1,42.12,177.89,12.56,2359,1361.31,433.5,TRUE,0,0,0,0,0
bdbacb41da6f8ba68dd12bad993ec11a567a6090,1299005644,1,1,2,0.853347,27,20,0,1,19.74,258,1.5,2358,1360.32,1155,FALSE,0,0,0,0,0
2dd736a201d04e78eeb66a0eba8483a31c5e8102,1299005107,1,1,0,0,0,0,0,0,0,0,0,2357,1359.33,138,FALSE,0,0,0,0,0
ec3c7971057aaf995efdb0982b7e7d859bf802b2,1299004790,1,1,0,0,0,0,0,0,0,0,0,2356,1358.34,137,FALSE,0,0,0,0,0
770f05c060a80b0e0d9e58d88d80468c9dd81e16,1298504519,1,1,1,0,1,1,0,1,0,388,7,2355,1370.63,1154,FALSE,0,0,0,1,2
6993a27d8e6314b2844da7d7fa690338d6bc46f4,1298504346,1,1,2,1,5,3,0,1,0.01,338,3.5,2354,1369.64,1153,FALSE,0,0,0,0,0
68fd658536e9a93de71f71533a9157cdfb2f7cac,1298504247,1,1,1,0,2,2,0,2,0.01,411,55,2353,1368.64,214,FALSE,0,0,0,0,0
9fc349965de50ceb8d4a32934549ca235d928ec7,1298503496,1,1,2,0.57938,6,6,0,4,14.66,657,68.5,2352,1367.66,213,FALSE,0,0,0,0,0
0a667ff741e2e72d60da4d67a9ca304e3e3dbc9d,1298503428,2,2,0,0,0,0,0,0,0,0,0,2351,1366.66,244.5,FALSE,0,0,0,0,0
d37ad85f72acd933572d631a5f5c9314d223128c,1298503388,2,2,3,0.572806,8,10,0,1,13.96,318.33,2,2350,1365.66,752,TRUE,0,0,0,0,0
2b6356861162ac56ab3a01ff2fd2460bf1f10b5e,1298324800,1,1,0,0,0,0,0,0,0,0,0,2349,1369.44,351,FALSE,0,0,0,0,0
fcf9f9382538d0c9136b8e6ae0a94da377d2835f,1298324786,1,1,0,0,0,0,0,0,0,0,0,2348,1368.44,350,FALSE,0,0,0,0,0
07efc0b73b1d2a1ce8847ab6f81016d2938e36f5,1298324580,1,1,0,0,0,0,0,0,0,0,0,2347,1367.45,58,FALSE,0,0,0,0,0
6813b48c7efe3aef79bbc02566586c9f1d4ffd57,1298317039,1,1,0,0,0,0,0,0,0,0,0,2346,1366.65,349,FALSE,0,0,0,0,0
d58444c6d20cb3ec8b90beba55cd76d9878081af,1298014888,1,1,0,0,0,0,0,0,0,0,0,2345,1373.78,135,FALSE,0,0,0,0,0
dd8a0bd30f41122c9f54e3e82294a43f0e06ea43,1297807741,1,1,1,0,0,1,0,1,7.9,459,2,2344,1378.4,1151,FALSE,0,0,0,0,0
b65b0636aa2890f86b4ec7baddd289c9fb1ca043,1297741081,2,2,2,0.507374,39,1,0,1,21.62,276.5,12.5,2343,1379.22,681,FALSE,0,0,0,0,0
9ec63212619cf76f2b69d5203865712e24b5fd3f,1297725960,1,1,0,0,0,0,0,0,0,0,0,2342,1378.63,348,FALSE,0,0,0,0,0
314238f84f9093d2316fcf2b0196dae4d30b5d36,1297381840,1,1,0,0,0,0,0,0,0,0,0,2341,1387.09,347,FALSE,0,0,0,0,0
07eb66c205a583a13ddbcf4f74d6802a2b1dec5e,1297357073,2,2,2,0.222816,14,6,1,2,3.25,396,28.5,2340,1386.77,680,FALSE,0,0,0,0,1
0e790e6fb5ddcd06ef30bf863f5e2e19dd307c4e,1297356611,1,1,1,0,3,4,0,1,6.49,389,3,2339,1385.79,1148,FALSE,0,0,0,0,0
16f925f2841ab522e6c08ae1c6fb8d4e5cd19614,1297213072,1,1,0,0,0,0,0,0,0,0,0,2338,1388.76,346,FALSE,0,0,0,0,0
6fab7b53dbafc1c488bfd2b65451da07c709512a,1297213063,1,1,0,0,0,0,0,0,0,0,0,2337,1387.76,134,FALSE,0,0,0,0,0
08186924a452e7b713613fb78c092b910f84674b,1297213029,1,1,0,0,0,0,0,0,0,0,0,2336,1386.76,345,FALSE,0,0,0,0,0
e9faf5cf94fa66e9147581d34e8ddb07cb09b3e8,1297212993,1,1,0,0,0,0,0,0,0,0,0,2335,1385.76,133,FALSE,0,0,0,0,0
8c0efe09e5446800499952b65b60792db45e3341,1297197240,1,1,1,0,4,1,0,1,0.06,52,4,2334,1385.2,303,FALSE,0,0,0,0,0
32d2c96d2237d1018c2668ed5e85b2ae22948124,1297192026,1,1,1,0,14,1,0,1,0,39,3,2333,1384.34,302,FALSE,0,0,0,0,0
e9589889892f2cac5d95678f155952a61d365e6d,1297191713,1,3,1,0,2,1,0,1,0,38,2,2332,1383.35,301,FALSE,0,0,0,0,0
131f10bd80d7d51af174e22626abf034ee5f7bbb,1297191322,1,2,1,0,7,1,0,1,0.01,32,1,2331,1382.36,300,TRUE,0,0,0,0,0
a61615a196a7193c3e1bbd9cd72dc8758997d3ed,1297190559,1,2,1,0,32,0,0,0,0,0,0,2330,1381.38,299,TRUE,0,0,0,0,0
f4a15b2aed3ad784f1c6bec22bd916274a5f431c,1297125038,1,1,1,0,1,1,0,1,0.05,363,58,2329,1382.19,1147,FALSE,0,0,0,0,0
4fdb6910a5fd44acb2d20fe0a1afc8cf26d4e957,1297125038,1,1,1,0,1,1,0,1,3.84,459,1,2328,1381.19,1146,FALSE,0,0,0,0,0
67c4c90351143620bfb9ee7e44ab228af8603dd6,1297121746,1,1,0,0,0,0,0,0,0,0,0,2327,1380.28,132,FALSE,0,0,0,0,0
16f7288b194801b35c36620d0388c7fa057d8112,1297121743,1,1,0,0,0,0,0,0,0,0,0,2326,1379.28,131,FALSE,0,0,0,0,0
4d92fb76f3e9af4d89eeb0ea9031d01c7046c219,1297121420,1,1,1,0,2,2,1,2,0.07,706,67,2325,1378.29,210,FALSE,0,0,0,0,0
4e827a12b1b125d0360197f818c96a5bbe3ed02d,1297121091,1,1,1,0,0,3,0,1,0,366,57,2324,1377.3,1145,FALSE,0,0,0,0,0
343dd284298b8f14f99ee74eda0a11239e976445,1297121037,1,1,1,0,0,6,0,1,27.89,372,56,2323,1376.3,1144,FALSE,0,0,0,0,0
51a488173105663f70a06878668f36a14b5f877b,1297120762,1,1,0,0,0,0,1,0,0,0,0,2322,1375.31,57,FALSE,0,0,0,0,0
36a7e87ae4f5b22dbef4ec2ed2cceadb4843edb2,1297118188,1,1,0,0,0,0,0,0,0,0,0,2321,1374.38,344,FALSE,0,0,0,0,0
8c3ad12386102b52636d7dc556960b9fdb8e816e,1297117605,3,3,1,0,1,1,0,1,0.03,58,30,2320,1373.39,514,FALSE,0,0,0,0,0
c4bfd0e990cf561673a6749b7caf300440f1355e,1297117564,1,1,1,0,1,1,1,2,2.14,369,57,2319,1372.39,1142,FALSE,0,0,0,0,0
38c759be55172e58a0ab88c0cb2b07f161008974,1297117520,1,1,1,0,4,4,1,3,0.03,352,83,2318,1371.4,1141,FALSE,0,0,0,0,0
16badda118ad873bf1ab9d8d83c126cb0c092062,1297115954,1,1,1,0,13,0,0,3,3.72,890,84,2317,1370.44,209,FALSE,0,0,0,0,0
117c5f0794caffc8b5fd9783ea4093abc3058c59,1297115125,3,3,1,0,1,1,0,1,2.1,58,29,2316,1369.46,512.333,FALSE,0,0,0,0,0
4a49bb41a57de739ae5c5eba41c63d11147261e3,1297115078,1,1,1,0,3,2,1,3,104.02,351,82,2315,1368.46,1139,FALSE,0,0,0,0,0
0345800aef64c4d940d8246cd5ab4e2a7e8fd438,1297114956,1,1,1,0,13,0,1,2,13.15,693,66,2314,1367.46,208,FALSE,0,0,0,0,0
fce227a3a0a2a2dc3644b758e9acc33d989167a9,1297099072,1,1,0,0,0,0,0,0,0,0,0,2313,1366.9,341,FALSE,0,0,0,0,0
be3c27cedcf6436d4d2605dc5725a8a657e3c656,1297097229,2,2,0,0,0,0,0,0,0,0,0,2312,1365.95,235,FALSE,0,0,0,0,0
68a58e2fdfaa2d1aefb51230a86ebca9374a186d,1296933381,3,3,1,0,1,1,0,1,0,58,28,2311,1369.39,510.333,FALSE,0,0,0,0,0
28361c9279ab182de5d03d3cb6209af017020163,1296933348,1,1,0,0,0,0,0,0,0,0,0,2310,1368.39,53,FALSE,0,0,0,0,0
82e15cf321fccf3215068814d1ea1aeb3581ddb3,1296933188,3,3,1,0,1,1,0,1,22.88,58,27,2309,1367.4,509,FALSE,0,0,0,0,0
4c0825b6709b49e28416856e16ae907e3afbb71a,1296933120,1,1,0,0,0,0,0,0,0,0,0,2308,1366.4,337,FALSE,0,0,0,0,0
f353aa33840f40216fbe87fa13b3b972eb38591e,1296933094,2,2,0,0,0,0,0,0,0,0,0,2307,1365.4,232.5,FALSE,0,0,0,0,0
a7eacec1f2d211f35b6ceb14b8d02738174a73a6,1296933047,1,1,2,0.57938,3,3,1,2,66,320,38.5,2306,1364.4,1136,FALSE,0,0,0,0,0
5ecec0a492881d28e8163bb99a112fb50efb0a53,1296932981,1,1,0,0,0,0,0,0,0,0,0,2305,1363.4,128,FALSE,0,0,0,0,0
99820e7edc24bbdcb616f748c7242ba769dba7ee,1296795904,1,1,2,0.79687,21,19,0,1,0.02,332.5,1,2304,1366.12,1135,FALSE,0,0,0,0,0
6a03a92f5f4eb9fc8512ab7c2497677ab7497e8b,1296795807,1,1,1,0,3,5,0,1,0.03,390,1,2303,1365.12,1134,FALSE,0,0,0,0,0
80c3b98a84a8d9b33871a949c7358d6516f9a988,1296795688,1,1,1,0,2,1,0,2,0.01,403,52,2302,1364.12,207,FALSE,0,0,0,0,0
afd2b4b387c5de601d7d2ae2098f86616cb4bcc5,1296795633,1,1,0,0,0,0,0,0,0,0,0,2301,1363.13,335,FALSE,0,0,0,0,0
df49769f3df8fe5e9591f93ecd3db579da3a0af2,1296794993,1,1,1,0,2,2,1,2,15.47,403,51,2300,1362.14,206,FALSE,0,0,0,0,0
05c29463227d3f71911cfbdb36614fc9aae2df3f,1296794874,3,3,1,0,2,2,0,3,0.02,890,83,2299,1361.15,222,TRUE,0,0,0,0,0
2ed392edbf0366d4405a21ead91aee3b7c748b2b,1296794659,1,1,0,0,0,0,0,0,0,0,0,2298,1360.15,126,FALSE,0,0,0,0,0
3d597a554dd08578690cdb70ae554295cefb1f5b,1296793242,2,3,10,0.279519,1877,2,0,3,8.57,91.9,8.5,2297,1359.19,668.5,TRUE,0,0,0,21,10
42af4e40ae2d19db9e22e12ab525f8ed128ad4ec,1296793172,3,4,8,0.546834,0,1875,0,6,41.3,234.38,34.62,2296,1358.19,530,FALSE,0,0,0,21,10
242efc721906d2619b4daad1034c9c577b89af42,1296668529,1,1,0,0,0,0,0,0,0,0,0,2295,1360.55,124,FALSE,0,0,0,0,0
a6bacb857dc20f452df6825af4354690480cef0b,1296583335,1,1,1,0,39,0,0,0,0,0,0,2294,1361.86,298,TRUE,0,0,0,0,0
8c7241db024a7b1946ea0ea4c555bc388f285682,1296578025,1,1,0,0,0,0,0,0,0,0,0,2293,1361,332,FALSE,0,0,0,0,0
107ebcb0c1561fe831c753e6e3eadf5a27cac348,1296577994,1,1,0,0,0,0,0,0,0,0,0,2292,1360,123,FALSE,0,0,0,0,0
eab54724a13bc7f406b3b2af6e3f3ed213378399,1296577970,1,1,0,0,0,0,0,0,0,0,0,2291,1359,331,FALSE,0,0,0,0,0
49885cfeff0db2cf634cc56b0841218c31308e01,1296577874,1,1,0,0,0,0,0,0,0,0,0,2290,1358.01,122,FALSE,0,0,0,0,0
4330f490117f0897048c5db528fcbb54dbee497e,1296513619,1,1,0,0,0,0,0,0,0,0,0,2289,1358.74,51,FALSE,0,0,0,0,0
76872992754500b27413b88f28b5dad866f1d12f,1296333408,2,6,5,1,5,5,0,1,56.7,94.8,6.6,2288,1362.62,173.5,TRUE,0,0,0,0,0
7dd93a5d55d9bb7b5ad22a9be22656b1b6d37ffe,1296332447,1,1,1,0,11,13,0,1,73.78,1419,77,2287,1361.65,200,FALSE,0,0,0,0,0
c41c99e18a6b5cf9ecb9890b22529f6237b57cfc,1296332410,1,1,0,0,0,0,0,0,0,0,0,2286,1360.65,199,FALSE,0,0,0,0,0
5b50b48e087ad7bf1b0c74fa5c3287cf74dc4bc0,1296332359,1,1,0,0,0,0,0,0,0,0,0,2285,1359.65,198,FALSE,0,0,0,0,0
077e09f9227edd83d9273880c3ee24dbe4d4890d,1296332240,1,1,0,0,0,0,0,0,0,0,0,2284,1358.65,197,FALSE,0,0,0,0,0
059803b5bcbeba37b8200b48cbc81b1f1e08b6a7,1296332055,1,1,0,0,0,0,0,0,0,0,0,2283,1357.66,121,FALSE,0,0,0,0,0
79ba787b0369adb3fa40622520d97ca36d43c2e5,1296245052,2,2,0,0,0,0,1,0,0,0,0,2282,1359.01,225,FALSE,0,0,0,0,0
5a184a205fbf9f4052ff9c77cf3453db479ac297,1296245019,2,2,0,0,0,0,0,0,0,0,0,2281,1358.01,224,FALSE,0,0,0,0,0
59d18d245f8dc13bee5f541e7bab9360d2d68a43,1295979195,1,3,1,0,26,0,0,2,90.98,667,65,2280,1364.24,203,FALSE,0,0,0,0,0
4b5a6b597a4d04eb3e6d0699f24175f3d0fceaba,1295978646,2,2,0,0,0,0,0,0,0,0,0,2279,1363.25,223,FALSE,0,0,0,0,0
9e9c3eeb79efe57eb29c6087aa97cb533374cc28,1295977082,1,2,2,0.0713763,56,0,0,1,5.95,16.5,4,2278,1362.3,296,TRUE,0,0,0,0,0
cd996f9dbfcf965fbc6fe45d90184cde425f7cee,1295975544,3,3,2,0.805983,14,0,0,1,26.91,485,47.5,2277,1361.34,483.333,FALSE,0,0,0,0,0
ab4c91158af4f3670c2aeb2520230db814435345,1295970980,1,2,1,0,12,0,0,3,0.01,878,81,2276,1360.46,201,FALSE,0,0,0,0,0
1130a23e5bd58922b36d35058051f8a536210d6e,1295969954,1,2,1,0,12,0,0,3,24.94,866,80,2275,1359.49,200,FALSE,0,0,0,0,0
9ac6943220bcf79541323dc4e624db26f01c10fd,1295898358,1,1,0,0,0,0,0,0,0,0,0,2274,1360.44,116,FALSE,0,0,0,0,0
0f55284b770f265b38a13a8bb048343b4dd1a664,1295541569,1,1,0,0,0,0,0,0,0,0,0,2273,1369.22,327,FALSE,0,0,0,0,0
c75046de3fa06d5424c2100c9f0d7d9241fb647c,1295463719,1,1,1,0,2,9,0,2,0.06,397,63,2272,1370.37,1130,FALSE,0,0,0,0,0
e7df82f110ecea5e0b0cfa4c679fb3864de5f272,1295458128,2,2,2,0.623406,24,27,0,2,2.91,401.5,38.5,2271,1369.53,664,FALSE,0,0,0,0,0
ee4c7d3007e2725cb2cc25722bfed9fdc34dd147,1295457447,2,2,1,0,23,34,0,2,0.01,397,61,2270,1368.55,662,FALSE,0,0,0,0,0
28953034219643d951e214019342edde7fe38737,1295456825,1,1,1,0,1,0,0,2,0.01,396,60,2269,1367.56,1127,FALSE,0,0,0,0,0
3f16f05525b960958d53b82f1bbd065ca042e47c,1295455662,1,1,1,0,4,1,0,2,5.77,393,59,2268,1366.6,1126,FALSE,0,0,0,0,0
fb3367192318718659199d9e12e6e6c09791ef8c,1295455431,1,1,0,0,0,0,0,0,0,0,0,2267,1365.6,326,FALSE,0,0,0,0,0
a481ddf9bf1adf4d6e04f900566a0381a3531b13,1295149354,2,2,2,1,2,2,1,1,73.91,147.5,12,2266,1373.08,246.5,FALSE,0,0,0,0,0
b1042abbe3840e52f105bde3b4eff205e03932d0,1295149295,1,1,0,0,0,0,0,0,0,0,0,2265,1372.08,115,FALSE,0,0,0,0,0
482fb5b6e231c6e1f90e97b5fc34dfbbd2fac81b,1294956796,2,2,2,0.57938,5,1,0,2,23.73,403,36.5,2264,1376.45,661,FALSE,0,0,0,0,0
cb1f536eb5f640290d16e98bae8d762eb9571522,1294956540,3,3,1,0,1,1,0,1,2.83,58,26,2263,1375.46,499.333,FALSE,0,0,0,0,0
7791169810a4d0d02f0585fcc534e82fb3b69f55,1294950538,2,2,2,0.57938,5,1,0,1,69.37,387,34.5,0,0,0,FALSE,0,0,0,0,0
b1004b61f9e55c904a8c54ff82b9109dde20c340,1294949478,2,2,2,1,4,4,1,1,31.02,154,14.5,2262,1374.66,245,TRUE,0,0,0,0,0
27af9b2605ea3363a2bdbe5dca29fd460b0910c6,1294949389,1,1,0,0,0,0,0,0,0,0,0,2261,1373.66,114,FALSE,0,0,0,0,0
e28ac866f80a77927d1590b94a5dbf529f4bfc7b,1294856251,1,1,0,0,0,0,1,0,0,0,0,2260,1375.26,293,FALSE,0,0,0,0,0
1b854f42975aa632f887ce2b5105804740ab1baf,1294711883,1,1,0,0,0,0,0,0,0,0,0,2259,1378.32,324,FALSE,0,0,0,0,0
52353da08b7540f4cec586f1a907b408f69620d9,1294711756,3,3,1,0,1,1,0,1,12.27,58,25,2258,1377.32,498,FALSE,0,0,0,0,0
dc56b9b603bce00f3dc73ed593bb542904c9b4a1,1294711713,1,1,1,0,1,1,0,1,12.28,372,55,2257,1376.32,1122,FALSE,0,0,0,0,0
5e0a80f227063fb7441ad8f7c36414f2b24dffe5,1294645362,1,1,0,0,0,0,0,0,0,0,0,2256,1377.19,113,FALSE,0,0,0,0,0
ec0982ca1f625c6ee6fc21e30fd6373cb91c6cfb,1294283396,1,6,3,0.629899,41,7,0,1,5.13,56,1.33,2255,1386.45,292,TRUE,0,0,0,0,0
e7c442d21c63369a02818939f63befe3e426dcc8,1294090476,0,0,0,0,0,0,0,0,0,0,0,2254,1390.98,0,FALSE,0,0,0,0,0
1446135545f8e02fe40b988edc99f92209e3427b,1294090431,1,1,0,0,0,0,0,0,0,0,0,2253,1389.98,195,FALSE,0,0,0,0,0
a9db47fdd3cb46e9fe81137e82392b0180204966,1294090254,2,2,0,0,0,0,0,0,0,0,0,2252,1388.98,153,FALSE,0,0,0,0,0
b856a7288618aa24981450d6669ee5ac12e8b4bf,1293840799,1,5,3,0.418726,16,3,0,1,0.03,45.67,0.67,2251,1395.18,291,FALSE,0,0,0,0,0
03da0d31f9a819e8cd8309ffa78037c32bfdeed1,1293839210,1,3,1,0,1,0,0,1,0.01,34,2,2250,1394.22,290,FALSE,0,0,0,0,0
1c40e4374bf123916bc23851a5e2e727ca0832e6,1293838647,1,4,3,0.281001,50,18,0,1,0.02,42.33,0.33,2249,1393.24,289,TRUE,0,0,0,0,0
d7df1426f2489a198e8bef0f8f4174c9c512d929,1293836820,1,1,0,0,0,0,0,0,0,0,0,2248,1392.29,111,FALSE,0,0,0,0,0
5035e86f593eb387ad479060d7d4b48765c3ad68,1293836580,1,5,4,0.524114,139,0,0,0,0,0,0,2247,1391.3,288,TRUE,0,0,0,0,0
0af91265ab5cb6c99e9ee424a246fa8a54f88aa5,1293816111,3,3,2,1,9,3,0,1,26.81,273,17.5,2246,1390.89,503,FALSE,0,0,0,0,0
8e63d04e666146223f0b279cc9aac8074e1aadde,1293815084,1,1,2,0.028339,609,503,0,1,11.14,1712.5,54.5,2245,1389.92,192,FALSE,0,0,0,0,0
5ac0c6deb0edd27cb45241a49a2917451fa1ea08,1293815070,1,1,0,0,0,0,0,0,0,0,0,2244,1388.92,191,FALSE,0,0,0,0,0
6b0d82fb0c60ccd5f9b84fb1da51c2f15bd79881,1293814775,2,2,3,0.256802,112,10,0,6,8.46,478.33,71,2243,1387.93,657,FALSE,0,0,0,1,1
cdc46307d794376cb9723eb1a992f7d05d15455d,1293651482,3,3,1,0,1,1,0,1,42.75,58,24,2242,1391.64,496,FALSE,0,0,0,0,0
dbf02c231ab70353045f0ba47edd368916113f70,1293650484,1,1,1,0,8,1,1,1,47.11,365,54,2241,1390.67,1118,FALSE,0,0,0,0,0
2bfdfe366c4c68230f3a14581b0b647afca48ea7,1293650484,1,1,1,0,8,1,1,1,1.34,444,63,2240,1389.67,1117,FALSE,0,0,0,0,0
898fb0f32033fd7be47117054b9186c53c0f9890,1293650140,1,1,1,0,10,0,1,1,1.3,509,49,2239,1388.68,193,FALSE,0,0,0,0,0
f53686a2f3d998b12b981c20266def845f45210a,1293641876,1,1,1,0,3,3,1,5,0.33,273,107,2238,1387.91,1116,FALSE,0,0,0,0,0
eae1670f54a613a90832306be371af195f0f8cef,1293613042,2,2,2,0.310917,17,3,0,4,11.44,523,77,0,0,0,FALSE,0,0,0,0,1
544d68833c7b2ee2e3afdc46e4204c954e0ea8ae,1293566404,1,1,0,0,0,0,1,0,0,0,0,2237,1389.09,46,FALSE,0,0,0,0,0
c24a6b235929a93d3fd211b57bf721b14776cf93,1293566204,1,1,0,0,0,0,1,0,0,0,0,2236,1388.1,45,FALSE,0,0,0,0,0
b720b57d1dd778e82337bdd5e660cc53ec1f60e6,1293541168,1,1,0,0,0,0,0,0,0,0,0,2235,1387.82,110,FALSE,0,0,0,0,0
365b7fe90a539971043f0050181b0dcf320285ef,1293537944,0,0,0,0,0,0,0,0,0,0,0,2234,1386.91,0,FALSE,0,0,0,0,0
c7ab833e664f30069dff1513ad3b21b96c55d3a1,1293537939,1,1,1,0,16,0,0,1,4.78,493,48,2233,1385.91,192,FALSE,0,0,0,0,0
9536f288e90da905a3ce36f21a4cd0d15b02fd1e,1293537823,2,2,0,0,0,0,0,0,0,0,0,2232,1384.92,215,FALSE,0,0,0,0,0
e64d4039d078ee28c0ba8c5bee10070c8bb95d90,1293534731,1,1,1,0,6,3,0,1,0,441,62,2231,1384.01,1115,FALSE,0,0,0,0,0
5f077e56f01706bdfb64789126bb65838586af25,1293534547,3,3,1,0,0,3,0,1,4.74,444,61,2230,1383.01,514,FALSE,0,0,0,0,0
a9253a24e082e156075b88a34aa35bd356189220,1293125383,1,1,0,0,0,0,0,0,0,0,0,2229,1393.85,190,FALSE,0,0,0,0,0
749136b5262b3641a5b2a6728a18e299e402eb68,1293125295,2,2,2,0.405639,30,2,0,1,6.94,454.5,44.5,2228,1392.86,652,FALSE,0,0,0,0,0
36a8b7b7f34256bcd951e1a9fb63fc2374d0807e,1293061777,1,1,0,0,0,0,0,0,0,0,0,2227,1393.71,287,FALSE,0,0,0,0,0
a29908c86573c6942c0f5bb1abb40bbfb673aea5,1293061721,1,2,1,0,2,2,0,1,0.14,34,1,2226,1392.71,286,FALSE,0,0,0,0,0
57d87c27cdbe2798983080bea50689089cd482e5,1293050000,1,3,1,0,34,0,0,0,0,0,0,1,1,0,TRUE,0,0,0,0,0
1c2e9a476c50640ea4a15700727156b8da9008dd,1293049956,1,2,3,0.268492,21,2,1,3,13.8,172.33,39,0,0,0,FALSE,0,0,0,0,0
fd2f67b73f393cafb14a37831b54d44e66998039,1292853230,1,1,1,0,42,0,0,1,0.01,1421,79,2225,1397.82,189,FALSE,0,0,0,0,0
d3abcaf67b3404f5d7a7d938fb293d8cbbbe69a3,1292852465,1,1,6,0.0133384,688,682,0,1,0.02,751.5,20,2224,1396.84,188,TRUE,0,0,0,0,0
14dce5ac2bd33330eba76063da8dd0e01737cc7f,1292852451,1,1,0,0,0,0,0,0,0,0,0,2223,1395.84,187,FALSE,0,0,0,0,0
abd002071afee8d5adb4538618f0ca5f2078eb3c,1292851741,1,1,1,0,5,1,0,1,0,485,46,2222,1394.86,190,FALSE,0,0,0,0,0
77add42eeb6e2127c83b2450043a85377a92accb,1292851641,1,1,0,0,0,0,0,0,0,0,0,2221,1393.86,107,FALSE,0,0,0,0,0
bba049b4bf3c00b4f542a7a03481d19ef4bde914,1292851627,2,2,1,0,12,0,0,1,13.5,473,45,2220,1392.86,187.5,FALSE,0,0,0,0,0
4e41c3520c0b2d60ba2b78348e44b04358296180,1292851112,1,1,1,0,2,1,0,1,0,254,51,2219,1391.88,185,FALSE,0,0,0,0,0
4144af33518011b5da3a77bf3ae4af6996b6b0ff,1292851045,2,3,9,0.0942791,1087,510,0,1,45.99,511.56,14.11,2218,1390.88,251.5,TRUE,0,0,0,0,0
30f749a2a2709ad7af9515a6d26f6ff111bdff24,1292850347,1,1,0,0,0,0,0,0,0,0,0,2217,1389.9,318,FALSE,0,0,0,0,0
6e9f282af7078deadfde0f220ab979525c6d05ef,1292708563,1,1,0,0,0,0,0,0,0,0,0,2216,1393.05,317,FALSE,0,0,0,0,0
5d87133df055329136afded125e1ba766f9ea7df,1292529883,1,1,0,0,0,0,1,0,0,0,0,0,0,0,FALSE,0,0,0,0,0
4491be01dd71039df9249c8bbc2e92f01686b3a1,1292520091,1,1,1,0,4,2,0,1,20.82,32,2,2215,1397.59,285,TRUE,0,0,0,0,0
8c163fd980f7fabda14302a947fc26b057e26c0b,1292435145,2,2,1,0,1,1,0,1,19.82,51,12,2214,1399.1,195,FALSE,0,0,0,0,0
4732185e6fcb988e46b2449d206b62b3e0ea9c9a,1292343758,1,1,0,0,0,0,1,0,0,0,0,2213,1400.81,44,FALSE,0,0,0,0,0
9f6a158fc29452db1694c29a4a5105cdd5f9a267,1292343600,1,1,0,0,0,0,1,0,0,0,0,2212,1399.82,43,FALSE,0,0,0,0,0
19965fa3c80789ff1587866157a17ab8057ede5f,1292199059,2,2,2,0.674494,6,2,0,2,2.97,594.5,65.5,2211,1403.12,650,FALSE,0,0,0,0,0
6bb42ffafc668b6a42dc291518fb8e68e50fe3d3,1292199001,1,1,1,0,3,3,0,2,0,770,76,2210,1402.12,187,FALSE,0,0,0,0,4
4a1edc0720a15bf01ab93a184f519d2637152cb7,1292198907,1,1,1,0,3,3,1,2,2.24,770,75,2209,1401.12,186,FALSE,0,0,0,0,0
a5a016bf330844039c7094b98c14725ef02e8105,1292013775,1,1,0,0,0,0,0,0,0,0,0,2208,1405.65,105,FALSE,0,0,0,0,0
4be4f597a30fb3062ea10b7f7bd71366a794e0f2,1292013756,1,1,0,0,0,0,0,0,0,0,0,2207,1404.65,104,FALSE,0,0,0,0,0
dfbbd4f7846d473effbac09be14feca0bbfa7f5a,1292005124,0,0,0,0,0,0,0,0,0,0,0,2206,1403.91,0,FALSE,0,0,0,0,0
2662dae560c872e7fe83387886868bfc3ef1c7d0,1292005118,3,11,3,0.821958,5,18,1,2,8.3,285,26.67,2205,1402.91,526.333,FALSE,0,0,0,0,0
6f6f9f08f8217fcccaa2c085701beeb7dedd20ac,1291997727,1,1,1,0,5,0,0,1,4.93,181,10,2204,1402.13,1110,FALSE,0,0,0,0,0
a76fba57c49e1dfc641538521e48c86f35854843,1291997655,2,2,2,0.805983,14,0,0,2,12.14,387,35.5,2203,1401.13,646.5,FALSE,0,0,0,0,0
680766f29b6d3da6c7cad4cd6d667eb78157d85d,1291832947,1,1,0,0,0,0,0,0,0,0,0,2202,1405.07,103,FALSE,0,0,0,0,0
adcfd4ca4d85eef10008f33825607e6efa5d85c0,1291692317,1,1,0,0,0,0,0,0,0,0,0,2201,1408.3,316,FALSE,0,0,0,0,0
e276a49a91e173a4d08bf2a617504ac5bec30933,1291687987,1,1,0,0,0,0,0,0,0,0,0,2200,1407.43,102,FALSE,0,0,0,0,0
5995f763b195d4ae8d349d1b7c752cd0d25bab3c,1291687894,1,1,0,0,0,0,0,0,0,0,0,2199,1406.43,315,FALSE,0,0,0,0,0
a123639b5cbda24afa633c69ecdf9d66006eecd0,1291686301,1,1,1,0,3,3,1,1,0,64,1,2198,1405.48,282,TRUE,0,0,0,0,0
8a118d53c8bfae7b0fefcf35bd4f77b884f84a24,1291686116,1,1,3,0.590436,5,5,1,2,11.97,354.33,43.67,2197,1404.49,1108,FALSE,0,0,0,0,0
d57239153257574c1bfde3d4128e98af04d2c737,1291685967,1,1,0,0,0,0,0,0,0,0,0,2196,1403.49,101,FALSE,0,0,0,0,0
58ae7a0402a62728afc9af5defba639fdf478f21,1291685931,1,1,1,0,64,0,0,0,0,0,0,2195,1402.49,281,TRUE,0,0,0,0,0
f843093a8c668bb400c6d3498a29818e187748d6,1291685297,2,2,2,0.0742324,47,7,0,1,0.01,426,42,2194,1401.51,645,FALSE,0,0,0,0,0
3e06586f81852a7feb484902c4899b4e718e1152,1291684724,2,2,2,0.365998,61,0,0,1,14.58,395.5,41.5,2193,1400.53,644,FALSE,0,0,0,0,0
60f148326a32119f8e7231b784ee49951a2fa28b,1291683930,1,1,0,0,0,0,0,0,0,0,0,2192,1399.55,100,FALSE,0,0,0,0,0
02e1413ca53a7fa404c98aff7f0602736c7d3963,1291683890,1,1,0,0,0,0,0,0,0,0,0,2191,1398.55,99,FALSE,0,0,0,0,0
84a95b3101748bb7eb378833afaccfb80af0d880,1291676090,1,1,0,0,0,0,0,0,0,0,0,2190,1397.79,98,FALSE,0,0,0,0,0
7b4b85ee54c403a521a0edc1c4f868fcf2b65989,1291675994,1,1,0,0,0,0,0,0,0,0,0,2189,1396.79,97,FALSE,0,0,0,0,0
6c0a416f16d01287bd2f0482ea9969d12f4c4365,1291575986,1,1,0,0,0,0,0,0,0,0,0,2188,1398.78,314,FALSE,0,0,0,0,0
23cc88bf920fb51499a65190820bb9d7b4983ec7,1291574653,1,1,0,0,0,0,0,0,0,0,0,2187,1397.82,313,FALSE,0,0,0,0,0
5528f0ddf280dadec5cdf4a8e66b1631007a6fe0,1291572786,1,1,0,0,0,0,0,0,0,0,0,2186,1396.87,42,FALSE,0,0,0,0,0
8d3296fb1b3fa89dc9307b768d5f77117c1d21e3,1291572158,1,1,3,1,3,3,1,1,74.42,7.33,2,2185,1395.89,280,FALSE,0,0,0,0,0
136f9209a375785b30894aed130765de44b44c9f,1291572007,1,5,2,0.674494,8,8,0,1,9.82,28,2,2184,1394.9,279,TRUE,0,0,0,0,0
a290134fd2d85a29f715667077d681ed9150c501,1291571780,0,0,0,0,0,0,0,0,0,0,0,2183,1393.9,0,FALSE,0,0,0,0,0
a54e59666a97c2c32933ea1efbc42422d6c44688,1291571711,3,5,3,0.217986,18,7,0,2,4.25,328,31.67,2182,1392.91,521.333,TRUE,0,0,0,0,0
42ea6af1eb59e982b7bb76690a93aff1097376f5,1291571351,1,2,2,0.647965,9,2,0,3,0.01,214.5,54,2181,1391.92,1104,TRUE,0,0,0,0,0
f9b741766bd4a9d8d7985fe1720c526d7394ccf2,1291571219,2,4,2,0.0789627,32,2,0,1,4.88,84.5,5.5,2180,1390.92,690,FALSE,0,0,0,0,0
09359329a0e0df7844c8fdc28cffa0b7af7cdd9d,1291570670,1,3,1,0,1,1,0,1,12.7,29,3,2179,1389.94,276,FALSE,0,0,0,0,0
647bb41ddfe8ed0ac415ba5bbdfb8f9bebe18133,1291570406,0,0,0,0,0,0,0,0,0,0,0,2178,1388.95,0,FALSE,0,0,0,0,0
f25c14d48d4740daacd831e32e593a2d4a476fe2,1291570400,2,2,1,0,1,1,1,3,9.74,259,103,2177,1387.95,688.5,FALSE,0,0,0,0,0
81a3d559f5550e7b2da0920beee311ef1a836687,1291569739,1,1,1,0,1,2,0,1,0,79,5,2176,1386.96,1101,FALSE,0,0,0,0,0
4e0ee7a5da5df2452ccfb781e275344a7af922d2,1291569658,2,2,2,1,5,1,0,2,0,422.5,38,2175,1385.97,640,TRUE,0,0,0,0,0
1c80a258d2d0b69c7db3240fccf154aea9703724,1291569440,1,1,1,0,4,3,0,1,0,77,3,2174,1384.97,1099,TRUE,0,0,0,0,0
129ed6a07b065a2e4cd92f8a7764a7034f4443a8,1291569372,1,1,1,0,12,1,0,1,11.96,66,2,2173,1383.98,1098,TRUE,0,0,0,0,0
df09a0c73b011c0bdfb56bc3ec8bf21c8e1a9a49,1291569221,1,2,1,0,9,7,1,2,12.66,765,71,2172,1382.98,179,TRUE,0,0,0,0,0
ff5c95835489f08d2ddde449fb38854d6ea3e978,1291333912,1,1,0,0,0,0,0,0,0,0,0,2171,1388.94,41,FALSE,0,0,0,0,0
4f90c89db6546e6ea287404598a73758e52a11c9,1291313248,1,1,1,0,5,6,0,1,0,276,24,2170,1388.55,1097,FALSE,0,0,0,0,0
524b515fdbfb06323d3164e1318225b7691526ff,1291313200,1,1,1,0,5,1,0,1,0,272,23,2169,1387.56,1096,FALSE,0,0,0,1,0
163256b0013900f7d44e81af3c4a445f2f5a157a,1291313129,1,1,1,0,1,0,0,1,44.01,271,22,2168,1386.56,1095,FALSE,0,0,0,0,0
05bbc65dcc417e710bece11ee9ce6f09f0f24a76,1291313039,1,1,1,0,1,0,1,1,0,270,20,2167,1385.56,178,FALSE,0,0,0,0,0
6624f6b7f9d47d956942715634e723b20adb3ab2,1291313005,1,1,1,0,2,0,0,1,12.75,268,19,2166,1384.56,177,FALSE,0,0,0,0,0
f32279dec5d1740ccf360c5ca3b9c402cd897dbc,1291080013,1,1,0,0,0,0,0,0,0,0,0,2165,1390.49,183,FALSE,0,0,0,0,0
a90fd859074fa09996744a1b420325c035f22240,1291078888,1,2,1,0,95,0,0,0,0,0,0,2164,1389.52,274,TRUE,0,0,0,0,0
9815b27e94567b177a2dabb20cc0af38d277e8ec,1291053473,1,1,0,0,0,0,0,0,0,0,0,2163,1389.28,96,FALSE,0,0,0,0,0
ebbe481fe7767ef5f48a8c26cf04a70871553c05,1290979163,1,1,0,0,0,0,0,0,0,0,0,2162,1390.5,40,FALSE,0,0,0,0,0
9e337faa3306d65a82fade5f6f0ebb7bec6aba82,1290969948,1,1,0,0,0,0,0,0,0,0,0,2161,1389.77,39,FALSE,0,0,0,0,0
37826e0261eab0aad726e97fb1dd1cca6d80e55a,1290968950,1,1,0,0,0,0,1,0,0,0,0,2160,1388.8,38,FALSE,0,0,0,0,0
20e4342796118dfd1cb2d2c3f8c42dfa52ecacac,1290728817,1,2,2,0.674494,3,5,1,3,1.16,200.5,52.5,2159,1395.01,1094,FALSE,0,0,0,0,0
51be16950d1b3d3e6431b490b082358666c52bd2,1290725682,1,1,1,0,1,0,0,3,2.19,259,101,2158,1394.1,1093,FALSE,0,0,0,0,0
be866a78ffe9f89162070cdd3907d1728be2ad08,1290723271,1,1,1,0,16,16,1,1,8.12,33,6,2157,1393.18,273,TRUE,0,0,0,0,0
f9d2432c692332077559f48f9499307a84110dd1,1290723253,1,2,4,0.336908,44,62,1,1,21.46,41,1,2156,1392.18,272,TRUE,0,0,0,0,0
6543a3d75a349c571136f2bdb939c8b98df4faf7,1290723112,1,1,1,0,20,6,0,1,0,75,7,2155,1391.18,271,TRUE,0,0,0,0,0
a77936981eced93f66a775af9a55d37ae65c1cf5,1290722907,1,1,1,0,39,39,1,1,44.21,75,6,2154,1390.19,270,TRUE,0,0,0,0,0
6f2120bb59aab1109c5c5e0324f5836c525ebaa0,1290722728,1,5,7,0.261239,182,185,1,1,82.5,34,1.71,2153,1389.19,269,TRUE,0,0,0,4,2
98e18239fdc6b4b87b09f50421f85965d8ba22ee,1290722350,1,1,1,0,30,31,0,1,51.36,52,11,2152,1388.2,268,FALSE,0,0,0,0,0
3d159015bedd891d51398deba47d5eb8c46b8895,1290722172,1,1,1,0,1,1,0,1,133.06,14,3,2151,1387.21,267,TRUE,0,0,0,0,0
f5af66a1ab5c79c011646aca8c5e0e9995476f28,1290722031,1,4,1,0,46,49,1,1,51.36,119,12,2150,1386.21,266,TRUE,0,0,0,0,0
540192ff9665a579f11e5526f457189eb74cb177,1290721832,1,1,1,0,38,34,0,1,51.36,63,3,2149,1385.22,265,TRUE,0,0,0,0,0
c1cfd4a8c6a5b46ece80833b3c7e0e8753a60d86,1290721669,1,1,1,0,38,38,0,1,51.36,79,6,2148,1384.23,264,FALSE,0,0,0,0,0
322300c3291c797bd074cf24b2380b11ad2465cc,1290721600,1,3,1,0,39,39,1,1,51.36,78,5,2147,1383.23,263,TRUE,0,0,0,0,0
1ac18f79034e5a49bd136aacbd0a893f47154536,1290721492,1,1,1,0,21,28,0,1,20.5,103,12,2146,1382.23,262,TRUE,0,0,0,0,0
4f4987e9ea09c2081aa1942dd7aaaaa2f851120f,1290721310,2,2,1,0,4,4,0,1,111.94,25,3,2145,1381.24,286.5,TRUE,0,0,0,0,0
65bf562ff4f609607238271da884bc1b8acdf691,1290721275,1,1,1,0,12,12,0,1,68.18,32,1,2144,1380.24,260,TRUE,0,0,0,0,0
f47032e7e9227d3f96b89dccdd915a90444fe219,1290721250,1,1,1,0,23,23,0,1,51.36,46,2,2143,1379.24,259,TRUE,0,0,0,0,0
379f3ec8ddf0fb16f5c0ccab851d50127b013fd7,1290721202,1,4,4,0.514457,0,89,0,1,106.46,22.25,2.5,2142,1378.24,258,FALSE,0,0,0,0,0
8d7e35b7239c6edf312bb06b959f01ecdf6a5db6,1290721147,1,1,1,0,58,58,0,1,49.46,126,6,2141,1377.24,257,TRUE,0,0,0,0,0
1349eea0d0d91f0d39abbee7bdeb597a21212a62,1290638640,1,1,1,0,1,1,0,1,1.2,364,55,2140,1378.69,1092,FALSE,0,0,0,2,0
bed5157f328a42637344f5e754acec94c1523462,1290622045,1,1,0,0,0,0,0,0,0,0,0,2139,1378.18,182,FALSE,0,0,0,0,0
09e8fe280bd90419403021e89b8e2564453e3cca,1290615419,1,1,0,0,0,0,0,0,0,0,0,2138,1377.37,95,FALSE,0,0,0,0,0
0e4ea9c16b32e864a6cdbfc2e5eb991544e36cc1,1290615284,1,1,0,0,0,0,0,0,0,0,0,2137,1376.38,94,FALSE,0,0,0,0,0
12c7f51a1e0cb1046f12bf2dad52d2dd8b7037bc,1290615276,1,1,0,0,0,0,0,0,0,0,0,2136,1375.38,93,FALSE,0,0,0,0,0
7e32c8de4dd119b729f39c1baea57a23e2c2b59d,1290536846,1,1,1,0,17,11,0,3,0.01,253,100,2135,1376.7,1091,TRUE,0,0,0,2,2
3a42350c218686e4bdcb450a41ae9ac5ed9752c7,1290536070,1,1,1,0,8,3,0,1,0.68,61,1,2134,1375.72,1090,FALSE,0,0,0,0,0
1a54597202d3ea4bfeafd5d963bb2cd1e49d695e,1290535644,1,1,1,0,1,0,0,3,0.01,252,99,2133,1374.74,1089,FALSE,0,0,0,0,0
39f4eb9940c6d330b8362c4a6904fbdf6ecb550f,1290534583,1,1,2,0.229363,6,7,0,3,5.52,308.5,71.5,2132,1373.77,1088,FALSE,0,0,0,0,0
4b996651aff1fe20a265dce15ebb70ab1119a17f,1290534350,1,1,1,0,1,1,1,3,0,252,97,2131,1372.78,1087,TRUE,0,0,0,0,0
884d40f3219a2d8044257ba83b501d6a13636123,1290534139,1,1,1,0,7,2,0,3,0.52,247,96,2130,1371.78,1086,TRUE,0,0,0,0,0
3d2b41da08ccf32e817ebd37695a8cac3274c0f3,1290532056,1,1,1,0,1,0,0,1,0.01,140,5,2129,1370.84,1085,FALSE,0,0,0,0,0
1bf2dbb7dfbacb03ad90377c220ffc642f06a730,1290531516,1,2,2,0.196532,62,5,0,1,0.6,116.5,6,2128,1369.86,1084,FALSE,0,0,0,0,0
e0dfb77dd16dd636da08322f99dad41a0f29491c,1290488904,1,2,2,1,8,6,0,3,0.12,193,48,2127,1370.11,1083,FALSE,0,0,0,0,0
578fddc1b78fba5c858ed925eb92cc515316e12d,1290479299,1,1,1,0,2,1,0,1,0.02,139,2,2126,1369.4,1082,TRUE,0,0,0,0,0
089355d706d3a262461f476a01fd9247234f60c7,1290477317,0,0,0,0,0,0,0,0,0,0,0,2125,1368.45,0,FALSE,0,0,0,0,0
6b2c3caf0341ffb8c70bf5ae81944d9fdbc0a7fb,1290477314,1,2,2,0.955529,35,29,1,3,0,189.5,47,2124,1367.45,1081,FALSE,0,0,0,0,0
065c37cb287e02b4c30c20de2d0dec9ad7c965ab,1290477165,1,2,3,0.651172,173,132,0,3,0,133,31,2123,1366.46,1080,FALSE,0,0,0,2,0
3a40025fd31c5051906935df20fcb213f3e15d44,1290476219,0,0,0,0,0,0,0,0,0,0,0,2122,1365.49,0,FALSE,0,0,0,0,0
8dc341d86838beb1fbe8f73bfacdbc5a34da6656,1290476210,1,1,1,0,0,16,0,3,0.01,415,92,2121,1364.49,1079,FALSE,0,0,0,0,0
0ed121ddbd607f8a3e760f0c78dcc831c90cc997,1290475490,0,0,0,0,0,0,0,0,0,0,0,2120,1363.51,0,FALSE,0,0,0,0,0
969f4229dc2c1ce8a7bf359af6ce590665d12287,1290475484,2,2,2,0.835501,10,40,0,3,0.02,605,66,2119,1362.51,627,FALSE,0,0,0,0,0
27a940184ef9bff89ba696330fd8a8817c52c38b,1290474170,1,1,1,0,0,12,0,3,0,449,90,2118,1361.55,1077,FALSE,0,0,0,0,0
77fa09a50617651a1af32e15a8ae1caae5d4c8a9,1290473919,1,1,1,0,5,8,0,3,0,452,89,2117,1360.55,1076,FALSE,0,0,0,6,0
8836104ab26b7fa368785c40e0a5e680ae9380d7,1290473815,2,4,2,0.202519,11,18,0,3,0.01,251.5,48.5,2116,1359.56,665.5,FALSE,0,0,0,5,0
396837517db977644b14872ca6e08ea1e1ba745f,1290473027,1,3,1,0,6,9,1,1,48.48,32,2,2115,1358.58,255,TRUE,0,0,0,0,0
38b3f1bde225223824e9ae1a8b3ea058ed2bbf95,1290472916,2,2,2,0.405639,4,4,1,3,0.01,616,64,2114,1357.58,624.5,FALSE,0,0,0,0,0
4780168ba8c0095679f0b20a4947fc3c180643b5,1290472795,1,1,1,0,18,19,0,3,0.01,460,86,2113,1356.59,1073,FALSE,0,0,0,4,0
d1a790d103c65234d8442839f6a78eb80dce622f,1290472371,1,3,1,0,1,5,1,1,2.97,48,11,2112,1355.6,254,FALSE,0,0,0,0,0
3ad6ab8c6af2c42b04388cd5e43b99e41c8f846d,1290471845,1,1,1,0,15,29,0,2,0.01,787,68,2111,1354.61,174,FALSE,0,0,0,0,0
1e189da85e88810f448d5917848ed3c0053467c9,1290471593,1,1,1,0,5,10,0,3,0,465,85,2110,1353.62,1072,FALSE,0,0,0,1,1
a094c508737d663f7ab23092693f63a11bf0857c,1290471389,1,1,1,0,3,3,0,3,0,465,84,2109,1352.63,1071,FALSE,0,0,0,0,0
ad324410c618fca1ce325bab1eb2d0a62cb0230a,1290471150,3,7,3,0.276867,155,145,0,3,13.31,444.67,43.33,2108,1351.63,445,TRUE,0,0,0,6,1
9f4b7368a0c9b22cb56cff53e36dd8139f36a97d,1290454400,2,2,2,0.858388,229,5,0,3,14.87,517,61,2107,1351.12,620.5,FALSE,0,0,0,0,0
c8ddedb8d03a4c607ca1e28c75c3d76349452e99,1290215554,1,1,1,0,14,13,1,1,45.5,47,10,2106,1357.05,253,TRUE,0,0,0,0,0
7deab2826bac96d5dd94368b04107108d8b95886,1290215315,1,1,0,0,0,0,0,0,0,0,0,2105,1356.05,91,FALSE,0,0,0,0,0
643879f779c144af1b96e435afa929ac92652e4f,1290211221,3,3,5,0.308473,1688,1656,0,3,27.13,356,34.2,2104,1355.17,190.667,TRUE,0,0,0,2,8
ce2a18f4834e6ef8c3c6e63fd9ff1ff85979774b,1290095311,2,2,1,0,1,1,0,1,1.59,58,24,2103,1357.55,552.5,FALSE,0,0,0,0,0
c7542aef9596efde70989e2a3007c5f7c35485d7,1290022015,0,0,0,0,0,0,0,0,0,0,0,2102,1358.7,0,FALSE,0,0,0,0,0
487d067f75b33b624558c51362138b612d5c43a7,1290022010,1,2,2,1,2,2,1,1,4.03,37,3.5,2101,1357.7,252,TRUE,0,0,0,0,0
6873bce6c6a8362dc274bab8858e4852ff39b851,1289959497,0,0,0,0,0,0,0,0,0,0,0,2100,1358.53,0,FALSE,0,0,0,0,0
c4d5e1b4f318480ba8d012f3247a9922b5054e81,1289959488,1,1,0,0,0,0,0,0,0,0,0,2099,1357.53,310,FALSE,0,0,0,0,0
6ddacb6302240e5275f5b083372c5e914549d367,1289959113,0,0,0,0,0,0,0,0,0,0,0,2098,1356.54,0,FALSE,0,0,0,0,0
0e0cc30039ab47cd21df2cdd83d37d14b60d2415,1289959110,1,1,0,0,0,0,0,0,0,0,0,2097,1355.54,181,FALSE,0,0,0,0,0
a766cc791b2e10136941b75d5e758ce7187e221b,1289958898,2,2,0,0,0,0,0,0,0,0,0,2096,1354.54,172.5,FALSE,0,0,0,0,0
d017c3e248ffb5afaecc3e1ca61eb81a57122a6a,1289958203,3,3,4,0.337838,91,20,0,1,29.5,816.75,34,2095,1353.56,518.333,TRUE,0,0,0,0,0
cc27ee04a8ee1fdbb04d4484bb1297d59cf219ab,1289957791,1,1,0,0,0,0,1,0,0,0,0,2094,1352.58,307,FALSE,0,0,0,0,0
87459bf24bee754d82d4d515f39db4006c8f6910,1289957765,1,1,0,0,0,0,0,0,0,0,0,2093,1351.58,306,FALSE,0,0,0,0,0
e1d33992a7f26108e07a9dd06ff5ff296052d9d2,1289674519,0,0,0,0,0,0,0,0,0,0,0,2092,1358.86,0,FALSE,0,0,0,0,0
5091c9e10f45f72ef436f778efa155a7cfbe9618,1289674515,1,5,2,0.361743,22,0,0,1,0.01,18,1,2091,1357.86,251,TRUE,0,0,0,0,0
14a22d9033dcaefe69ad90e21609ed7d17360c16,1289673443,1,2,2,0.278129,11,0,0,1,0,39,0.5,2090,1356.89,250,FALSE,0,0,0,0,0
7ded5a2de5badfbde8daf75497a628c45d512732,1289673221,1,5,4,0.30876,88,1,0,1,15.27,8,1,2089,1355.9,249,TRUE,0,0,0,0,0
6b436a019263b6d4cc9afd1d0c0f40533c17131b,1289669382,1,1,0,0,0,0,1,0,0,0,0,2088,1355.01,248,FALSE,0,0,0,0,0
52343686f5b67c8ecb4bc5d35304d266ee2f8a52,1289581203,1,1,0,0,0,0,0,0,0,0,0,2087,1356.6,179,FALSE,0,0,0,0,0
eec9d05b192e74e278a38eb7d74beaec89fa355d,1289580389,1,1,0,0,0,0,0,0,0,0,0,2086,1355.62,305,FALSE,0,0,0,0,0
569c5139a691547636b991311c4270c9b4fb88c1,1289580367,0,0,0,0,0,0,0,0,0,0,0,2085,1354.62,0,FALSE,0,0,0,0,0
89703fd4309a3d7e3d8af5deb50c3dbc1da33d6a,1289580347,1,1,1,0,8,0,0,1,0,412,41,2084,1353.62,170,FALSE,0,0,0,0,0
dc246946a7cc2f1755636bdfb5d3bcaf692551a8,1289580250,2,2,2,0.120965,22,1,0,1,22.28,378,39,2083,1352.63,617.5,FALSE,0,0,0,0,0
944e1120cb22b54cbe4d038dc3a93645d9baf116,1289579979,1,1,0,0,0,0,0,0,0,0,0,2082,1351.63,89,FALSE,0,0,0,0,0
6f5f5787e2de27de7909630521325261da24ed67,1289229532,0,0,0,0,0,0,0,0,0,0,0,2081,1360.95,0,FALSE,0,0,0,0,0
cccda60df8a60a3a3cb3609fd17ae229ce434e91,1289229525,1,1,0,0,0,0,0,0,0,0,0,2080,1359.95,178,FALSE,0,0,0,0,0
e338e748eb33d4c540b67e88f3afd889559ceb40,1288956716,2,2,2,0.278129,3,8,0,2,14.6,389.5,34,2079,1367.09,616.5,FALSE,0,0,0,0,0
0526a24cf3fe135c8579e554818989a70f6f1c32,1288949948,1,4,1,0,0,0,0,1,30.84,103,11,2078,1366.29,247,FALSE,0,0,0,0,4
c4ba1b025ab3318f32200eaffe09ca31a3d71aa2,1288470909,1,1,0,0,0,0,0,0,0,0,0,2077,1379.79,88,FALSE,0,0,0,0,0
252f3306584fe015e57b8264f56b39773db2a922,1288407558,1,1,1,0,0,2,0,1,0,367,52,2076,1380.73,1064,FALSE,0,0,0,0,0
45590415a6668ec5fc3e792b482f06b297b1a388,1288407257,1,1,1,0,2,0,0,1,10.44,365,51,2075,1379.74,1063,FALSE,0,0,0,0,0
e562adc75208037187926e053231cf2829597f73,1288127729,1,1,0,0,0,0,0,0,0,0,0,2074,1387.35,177,FALSE,0,0,0,0,0
1e2fd44a6b14036797041eb6120a256cfa312c2f,1288127687,1,1,1,0,1,1,0,3,0.09,351,81,2073,1386.35,1062,TRUE,0,0,0,1,0
94cf769dd795436490549a3202a51167d355d2cf,1288120157,0,0,0,0,0,0,0,0,0,0,0,2072,1385.58,0,FALSE,0,0,0,0,0
1c903320be23a751dfbc6fc9360d031e30e686ea,1288120139,1,1,0,0,0,0,0,0,0,0,0,2071,1384.58,176,FALSE,0,0,0,0,0
74eaf3a268bbd4f4358b690407ac13a682273549,1288119760,1,1,1,0,20,1,0,3,0,332,80,2070,1383.59,1061,FALSE,0,0,0,0,0
6fcd74c713dc320d355e1274b639b936ef1e684a,1288119571,2,3,1,0,1,1,0,3,0.01,332,79,2069,1382.6,613.5,FALSE,0,0,0,0,0
33136c655368a2446fbc3dccdd00d92b35644a54,1288119044,1,1,1,0,5,2,1,3,0.01,329,78,2068,1381.62,1059,FALSE,0,0,0,0,0
cb225db2034d90d86eabdc3ebdcd4c7d7d9ba5de,1288118833,1,1,1,0,17,0,1,2,0.01,650,64,2067,1380.62,166,FALSE,0,0,0,0,0
0dbd5006ea9ba32e293a4be103f8408b5744ec02,1288118051,1,1,1,0,11,1,0,3,0,319,77,2066,1379.65,1058,FALSE,0,0,0,0,0
08b3677ce843a872d8d1c8dee703cbfa195729d5,1288117906,0,0,0,0,0,0,0,0,0,0,0,2065,1378.65,0,FALSE,0,0,0,0,0
b08549a25b39a5deaf7122685d4946997f690bb3,1288117900,2,2,2,0.647965,8,3,0,3,0.01,482,57,2064,1377.65,611,FALSE,0,0,0,0,0
221bc4cb5de33428f7771491947bbdd8ebbe737b,1288117376,1,1,1,0,6,5,0,3,11.05,316,75,2063,1376.67,1056,FALSE,0,0,0,0,0
b655b8e97bdea20ca0a1cd5c3e33e153e7683a88,1288117334,1,1,1,0,12,0,0,2,0.01,635,62,2062,1375.67,164,FALSE,0,0,0,0,0
03e7b5dcc6dee2afa35827e2265f755f6104f648,1288116643,1,1,1,0,0,2,1,2,4.64,637,61,2061,1374.69,163,FALSE,0,0,0,0,0
6d00b45eed380f3da7905693c01c48f86d847419,1288081104,0,0,0,0,0,0,0,0,0,0,0,2060,1374.78,0,FALSE,0,0,0,0,0
5f09e829dfa8f272ebc60afc35d4d67054d167b2,1288081096,1,1,0,0,0,0,0,0,0,0,0,2059,1373.78,87,FALSE,0,0,0,0,0
e6759919dce3af9f3a05dc8be22d1c50b780ea5b,1288020178,1,1,0,0,0,0,0,0,0,0,0,2058,1374.64,304,FALSE,0,0,0,0,0
6c65a3fc74f5a2b526aee9c032831ec1b2c6b64b,1287807101,1,1,0,0,0,0,0,0,0,0,0,2057,1380.2,175,FALSE,0,0,0,0,0
6a4c6933aa850a83d54032ab469b0b4e7434e9ab,1287789647,0,0,0,0,0,0,0,0,0,0,0,2056,1379.74,0,FALSE,0,0,0,0,0
e0ffd31123c840a32be3c00856ff1d426f3093d5,1287789615,1,2,2,0,4,0,0,1,4.24,927.5,36.5,2055,1378.74,174,FALSE,0,0,0,0,0
c35ee2427ee8f7f6ac111104fc52a97537b9dcae,1287716019,0,0,0,0,0,0,0,0,0,0,0,2054,1380.01,0,FALSE,0,0,0,0,0
4c1597113a89c901738b3a158d2c67f63a327a9e,1287715953,1,2,1,0,2,2,0,2,0.01,637,60,2053,1379.02,162,FALSE,0,0,0,0,0
4006506b64e05a4903f0dcdbd7289ff1fffeb9ca,1287715360,1,2,1,0,5,8,0,2,0.01,640,59,2052,1378.03,161,FALSE,0,0,0,0,0
14facdbcd226c2deb7dad2f55de896e4787ff827,1287714580,0,0,0,0,0,0,0,0,0,0,0,2051,1377.06,0,FALSE,0,0,0,0,0
726ace49d84aa8ed549db49443ca49ae80733e70,1287714569,1,1,1,0,19,0,0,2,0,621,58,2050,1376.06,160,FALSE,0,0,0,0,0
f45d38336788d50d1e5732530d3967920ad9fdaf,1287714284,1,1,1,0,3,3,1,2,0.01,621,57,2049,1375.07,159,FALSE,0,0,0,0,0
3a32e2b53a6f8ecb53d47b0a545ca966ebf526cc,1287713720,1,1,1,0,20,0,1,2,6.39,601,56,2048,1374.09,158,TRUE,0,0,0,0,0
dc45e93cea75f0b0e13b33baecabce405fbf5f4a,1287695467,2,2,2,0.310917,3,2,0,2,6.2,389,33.5,2047,1373.65,606,FALSE,0,0,0,0,0
3d7216935a77d998e992ef6618036052fad4f13c,1287594474,0,0,0,0,0,0,0,0,0,0,0,2046,1375.76,0,FALSE,0,0,0,0,0
c0f96427199e39262dfe4ef0499da12b0f189f26,1287594468,0,0,0,0,0,0,0,0,0,0,0,2045,1374.76,0,FALSE,0,0,0,0,0
da8d0369977ad1e7cc08e37ab6409ca9b70fe3fa,1287594463,1,1,0,0,0,0,0,0,0,0,0,2044,1373.76,35,FALSE,0,0,0,0,0
3c911cc785cd281c67d0bc3f4556fc7d28177886,1287593643,1,1,0,0,0,0,0,0,0,0,0,2043,1372.78,303,FALSE,0,0,0,0,0
4071f15f278b3da335c9fd45f79d9d26b4000eb4,1287593353,1,1,0,0,0,0,0,0,0,0,0,2042,1371.79,86,FALSE,0,0,0,0,0
90de7923dbbdf8c1001d3b17a2f5dc312186eb40,1287535142,1,1,0,0,0,0,0,0,0,0,0,2041,1372.58,34,FALSE,0,0,0,0,0
c28f1535a34e225b458dbc984da1119d257b976a,1287535033,1,1,0,0,0,0,0,0,0,0,0,2040,1371.59,33,FALSE,0,0,0,0,0
fc15c3d02beb5ed3a6923e48a9c02f69871312da,1287533979,0,0,0,0,0,0,0,0,0,0,0,2039,1370.62,0,FALSE,0,0,0,0,0
704e9c132e3c1108dfd784157e48611916772de2,1287533976,1,1,1,0,4,2,0,1,2.92,219,24,2038,1369.62,173,FALSE,0,0,0,0,0
713d6f5f76721b04a07037006fc6f04074e7da2d,1287533962,1,1,0,0,0,0,0,0,0,0,0,2037,1368.62,32,FALSE,0,0,0,0,0
1a6d245eae69f8b24be07e1f5f99e7d7352ba8c1,1287533548,2,2,0,0,0,0,0,0,0,0,0,2036,1367.63,101.5,FALSE,0,0,0,0,0
9eaec5b34e051f3f96258a8e9a3df1ccf7642378,1287532998,0,0,0,0,0,0,0,0,0,0,0,2035,1366.65,0,FALSE,0,0,0,0,0
d909dd2a321359f43e065d502f985a0ffdbe0407,1287532987,0,0,0,0,0,0,0,0,0,0,0,2034,1365.65,0,FALSE,0,0,0,0,0
7bb466dd86f30a732b5112a065c8b902c67215f3,1287532933,2,2,0,0,0,0,0,0,0,0,0,2033,1364.65,100.5,FALSE,0,0,0,0,0
30712fa9d93c0a3b713fe7a7d8540321baa5bda6,1287525782,0,0,0,0,0,0,0,0,0,0,0,2032,1363.87,0,FALSE,0,0,0,0,0
e09bf5cc4017ca812eb888cd6b916a11b503402a,1287525776,1,1,0,0,0,0,0,0,0,0,0,2031,1362.87,85,FALSE,0,0,0,0,0
129e21e7c3429137fa2150aa7cf917dcf6866d32,1287510915,1,1,2,0.0159573,152,156,0,1,0.06,1476,51.5,2030,1362.32,170,FALSE,0,0,0,0,0
87dcd2909d7a74dee7aebf0768ead3d3a2fafe95,1287510885,1,1,1,0,11,11,0,1,0,271,21,2029,1361.32,1054,FALSE,0,0,0,0,0
e47ec4f551e1a9734a42c2a2d328679301e4fa20,1287510797,1,1,1,0,12,12,0,1,0.06,271,20,2028,1360.33,1053,FALSE,0,0,0,0,0
d6cfcbe1494b0fb5b1b6d1e28c886c15c8ea5960,1287506507,1,1,0,0,0,0,0,0,0,0,0,2027,1359.46,169,FALSE,0,0,0,0,0
7a713807e97ddf0b303ab3dc93650fc564fca307,1287506074,0,0,0,0,0,0,0,0,0,0,0,2026,1358.47,0,FALSE,0,0,0,0,0
6e49b5bc3026fe130d889395a90d3f6332dbc740,1287506069,1,1,2,0.0138244,582,567,0,1,0.01,1468.5,51,2025,1357.47,168,TRUE,0,0,0,0,0
adbc5b86f5fd6ecd6181951fe9cfb9af744659f3,1287505856,2,2,2,0.461259,32,4,0,1,0.01,252.5,12.5,2024,1356.48,604,FALSE,0,0,0,0,0
071ea955af72834a09b7a5d6d17558b459aec07f,1287505331,1,1,0,0,0,0,0,0,0,0,0,2023,1355.49,167,FALSE,0,0,0,0,0
b817579d8a79b538bcb4f8e2e2620ba3294481c0,1287505223,0,0,0,0,0,0,0,0,0,0,0,2022,1354.5,0,FALSE,0,0,0,0,0
806aefa9666da0089e0e4d6c93a00d5d88408f2a,1287505216,1,1,2,0.0521748,637,513,0,1,2.27,1406.5,50.5,2021,1353.5,166,TRUE,0,0,0,0,0
5b7d23186dd7b91c8f66141a81d259a396daefe6,1287504908,0,0,0,0,0,0,0,0,0,0,0,2020,1352.51,0,FALSE,0,0,0,0,0
0cb4677e80f39653a8c8a46697cd4d393ffa0679,1287504902,2,2,3,0.655223,71,7,0,1,0.88,268.67,23.67,2019,1351.51,603,FALSE,0,0,0,0,0
bd65ecf17bc6b9773b205b3ae8b08069e46c2c20,1287503946,1,1,1,0,32,3,0,1,0.01,218,17,2018,1350.54,1050,FALSE,0,0,0,0,0
9da2adff4c60db51822db310a010fa95411baa2f,1287503448,2,2,2,0.191275,61,0,0,1,29.03,183.5,11,2017,1349.55,601.5,FALSE,0,0,0,0,0
a2a1aad109460f6d41dfc9c9f502dcf0786f3173,1287417096,1,1,0,0,0,0,0,0,0,0,0,2016,1351.15,84,FALSE,0,0,0,0,0
dcc530a389ee6f6544ee64ed469d9eb3639a2615,1287335958,1,2,2,0.0166319,225,219,0,1,0.62,884.5,34.5,2015,1352.6,165,FALSE,0,0,0,0,0
97037a87f3be375518a6f2ba20d0b44ef87e8604,1287282084,1,1,2,0.00532404,224,221,1,1,0,883,34,2014,1353.23,164,FALSE,0,0,0,0,0
4e67efc0d67c970a2f9a937410d909c4a0a2cf06,1287281918,0,0,0,0,0,0,0,0,0,0,0,2013,1352.24,0,FALSE,0,0,0,0,0
7cbb73719e1e4e3db880e1f2b3cc09f90d8fa8a4,1287281911,1,3,8,0.112583,277,223,0,1,0.01,542.38,14.75,2012,1351.24,163,TRUE,0,0,0,0,0
d3f139c31ed93798725e06a9971ec630245b12de,1287280833,2,4,8,0.0812213,223,6,0,1,6.7,515.25,14.62,2011,1350.27,232,TRUE,0,0,0,0,0
8940b6e5a32bd586cb39a63ebfcade3fb42a1e1b,1287278664,1,1,1,0,4,1,0,1,2.6,346,49,2010,1349.34,1048,FALSE,0,0,0,0,0
1c9831a9f4ae780c02f8de9c206ad08fc04aa043,1287172274,1,1,2,0,1,1,0,1,0.18,1400.5,48,2009,1351.55,161,FALSE,0,0,0,0,0
7da27435ccd54e0c145a7ec79118807c5505aba8,1287172263,1,1,0,0,0,0,0,0,0,0,0,2008,1350.55,160,FALSE,0,0,0,0,0
bd18f86517e1791f2eff079ca23ad960128364a1,1287170740,1,1,0,0,0,0,0,0,0,0,0,2007,1349.6,83,FALSE,0,0,0,0,0
41f66b435b58f8ba16b8566e4cbb12d135781fc7,1287163045,1,1,0,0,0,0,0,0,0,0,0,2006,1348.83,29,FALSE,0,0,0,0,0
48481a72300092138ba5e9d3ecca28a5178a7948,1287162762,1,1,1,0,1,1,0,3,0.01,316,74,2005,1347.84,1047,FALSE,0,0,0,0,0
cbcaba3cec403eb61731aa7cebd5ee4573dde445,1287162149,0,0,0,0,0,0,0,0,0,0,0,2004,1346.86,0,FALSE,0,0,0,0,0
dde6bc1f80e4d1f4c5f3cbe2d0938c20eb719ba1,1287162122,1,1,1,0,2,2,0,3,0,316,73,2003,1345.86,1046,FALSE,0,0,0,2,0
e39fd1de0eeeff68f85d17c9b450a3e73f6cb501,1287162008,0,0,0,0,0,0,0,0,0,0,0,2002,1344.86,0,FALSE,0,0,0,0,0
2fc9a81e9eec98fb7f4933a716139010716badd8,1287161704,2,4,2,0.0462385,18,10,0,3,0.54,454.5,51.5,2001,1343.87,599,TRUE,0,0,0,0,0
391489578487cece063407214bbf28dcc56833ec,1287159611,2,2,2,0.533969,17,15,0,2,0,388,33,2000,1342.94,598,FALSE,0,0,0,0,0
0bc7e24d0a8d85e0f2d08ecafaac19514b437e7b,1287159187,2,2,2,0.611798,30,16,0,2,2.03,381,32.5,1999,1341.95,597,FALSE,0,0,0,0,0
f65874d751eabdabd568e3c4868b55e70d2482a5,1287157515,1,3,1,0,30,0,0,2,0.99,570,54,1998,1341,150,FALSE,0,0,0,0,0
4e11fef43bd4da0b66633b31b399d669676a2f2d,1287156364,0,0,0,0,0,0,0,0,0,0,0,1997,1340.03,0,FALSE,0,0,0,0,0
2a40ceced7308e6d8e1a9e4e2fe11d766dec666b,1287156337,1,1,3,0.010389,621,613,0,1,4.42,1012,31.67,1996,1339.03,159,FALSE,0,0,0,0,0
d4868f2cc2e4543e2a5f51cb043ed06a36499334,1287156325,1,1,0,0,0,0,0,0,0,0,0,1995,1338.03,158,FALSE,0,0,0,0,0
067fdd5c4c561d033d136254bcb35e1ab290135f,1287072499,0,0,0,0,0,0,0,0,0,0,0,1994,1339.54,0,FALSE,0,0,0,0,0
e87d63779d43f6034de1f95c3bb757d53af5c704,1287072493,1,1,0,0,0,0,0,0,0,0,0,1993,1338.54,157,FALSE,0,0,0,0,0
6672d650185a1c8f5e934931ef74ca7dcc29f6e2,1287071809,2,3,2,0.487111,24,7,0,3,0.11,431,50.5,1992,1337.56,595.5,FALSE,0,0,0,1,2
1f78c520f561cf0c2450f90e64a8dec0ec864edb,1287070745,1,1,1,0,12,0,0,2,3,540,52,1991,1336.6,148,FALSE,0,0,0,0,0
687e435a3823378ce36a33ef29c5bc402096b6fd,1287055280,1,1,0,0,0,0,0,0,0,0,0,1990,1336.06,156,FALSE,0,0,0,0,0
fff815f666cac2c809893c0d69dd088ad66d167a,1287055039,0,0,0,0,0,0,0,0,0,0,0,1989,1335.06,0,FALSE,0,0,0,0,0
b3222dc107e1765603b8f5c90158637a3688562e,1287055035,1,1,0,0,0,0,1,0,0,0,0,1988,1334.06,28,FALSE,0,0,0,0,0
ebba6caa3d5810b97b2f62b5645c8b331a4fdc3c,1287054944,1,1,0,0,0,0,0,0,0,0,0,1987,1333.07,27,FALSE,0,0,0,0,0
88bbef9003b6f02dcf42700181becf412045b7b5,1287054457,0,0,0,0,0,0,0,0,0,0,0,1986,1332.08,0,FALSE,0,0,0,0,0
712771a139c319a370e9292d18da2e6dc2de4b16,1287054449,2,2,1,0,170,171,0,3,2.81,311,70,1985,1331.08,598,TRUE,0,0,0,24,8
9033b0ded733511056e788ae523bd427e42211dc,1287054143,1,1,1,0,28,28,0,1,9.81,76,6,1984,1330.09,1040,FALSE,0,0,0,0,0
877cfe93936c4c9784e362b51dfe92b1dc171c99,1287054095,1,1,1,0,136,136,0,1,1.76,346,48,1983,1329.09,1039,TRUE,0,0,0,12,6
347aa56acb070ce90b9ad3694188740ceda17b82,1287053924,1,1,1,0,161,162,0,2,1.63,363,50,1982,1328.1,1038,TRUE,0,0,0,8,10
0fc410139c6263944d03e100fc0fd8289a9e4974,1287053666,1,1,2,0.0210704,59,59,0,1,23.83,129,17.5,1981,1327.1,1037,TRUE,0,0,0,10,0
609c18aa5b1d58845c6bcd949c296d368c634434,1287053456,0,0,0,0,0,0,0,0,0,0,0,1980,1326.11,0,FALSE,0,0,0,0,0
51528235dbead05906ba07a0957c6e523561595b,1287053433,1,1,2,0.00224351,520,514,0,1,1.79,1393.5,47,1979,1325.11,154,FALSE,0,0,0,0,0
003599cbda7e1d40f0d16cede2741cf10c1c2bfd,1287053410,3,3,1,0,1,1,0,1,23.75,48,21,1978,1324.11,454.333,FALSE,0,0,0,0,0
bacfad37a934cd489f4b7643006ce3c751c965e7,1287052901,1,1,0,0,0,0,0,0,0,0,0,1977,1323.13,82,FALSE,0,0,0,0,0
73c108ce90cce7372ff84fc5cb7f48966a9ee30d,1287050604,0,0,0,0,0,0,0,0,0,0,0,1976,1322.2,0,FALSE,0,0,0,0,0
6ef6ba7b8a1e1d7cb2e6c0c358c14f37254a3a03,1287050598,1,1,0,0,0,0,1,0,0,0,0,1975,1321.2,153,FALSE,0,0,0,0,0
1e9da205a7209d24d0b939980940e518df4f488f,1286913554,0,0,0,0,0,0,0,0,0,0,0,1974,1324.23,0,FALSE,0,0,0,0,0
93c0da03674ffc1e137b68f6528f949b988c4b75,1286913161,1,1,1,0,21,1,0,1,8.18,380,42,2,2,0,FALSE,0,0,0,0,0
268d19e8a3e39b4eefb12dd45e4742f3a70afd40,1286913148,1,1,1,0,1,1,0,2,1.01,363,49,1,1,1,FALSE,0,0,0,0,0
95ebbf26082c278bcbde29518acc41694ee22993,1286908061,1,1,0,0,0,0,0,0,0,0,0,1973,1323.4,81,FALSE,0,0,0,0,0
f880574c78d35b8521c4f6ab8a75c89c817798d2,1286903360,1,1,1,0,1,1,0,1,7.16,75,5,1972,1322.53,246,FALSE,0,0,0,0,0
350c310906801c83c47de4d7d7aa82c5ab1fdc48,1286902155,1,1,1,0,1,1,1,1,0,391,39,1971,1321.57,147,FALSE,0,0,0,0,0
5026f7686e1ef484f404e36beb2079ed64fb3a1e,1286902129,3,3,2,0.450982,21,1,0,1,3.16,358.5,35.5,1970,1320.57,420.333,TRUE,0,0,0,0,0
d5539c7beb304f7efa4ac214d23a15f25e32f914,1286898408,0,0,0,0,0,0,0,0,0,0,0,1969,1319.68,0,FALSE,0,0,0,0,0
ab3337ddf57f8dfaa50ca49a084373a4a9596ea8,1286898382,1,1,2,0.0290992,528,513,0,1,5.12,1386,46.5,1968,1318.68,152,FALSE,0,0,0,0,0
c9268f2e3d518952bbdbf315e309374b791119f3,1286898365,1,1,0,0,0,0,0,0,0,0,0,1967,1317.68,151,FALSE,0,0,0,0,0
fa01388f9719e88ff7bc6858eb384301b053052e,1286897436,1,1,0,0,0,0,0,0,0,0,0,1966,1316.71,79,FALSE,0,0,0,0,0
d8dc89ac7b37c8a83a833f3ae53b43abf19f3357,1286897399,1,1,0,0,0,0,0,0,0,0,0,1965,1315.71,78,FALSE,0,0,0,0,0
a383b302c2dc93e279145cf5681f3086996cf2c2,1286825657,1,1,1,0,3,0,0,1,7.16,360,48,0,0,0,FALSE,0,0,0,0,0
f87bd8c38f93a01fd0dc71fd0d16e7ce9e743288,1286811469,0,0,0,0,0,0,0,0,0,0,0,1964,1317.23,0,FALSE,0,0,0,0,0
a659fd1fa9e9fc991e1ffcbb614b1d08a3702cc3,1286811462,2,2,2,0.458847,42,5,0,3,4.08,407,49,1963,1316.23,589.5,FALSE,0,0,0,0,0
05515fa09e3e37d6b6425057e5ac041075025961,1286810281,0,0,0,0,0,0,0,0,0,0,0,1962,1315.26,0,FALSE,0,0,0,0,0
27fa3ba34c671b0eeb3019c717c63400666cacb9,1286810272,1,1,1,0,2,2,0,1,2.86,342,46,1961,1314.26,1033,FALSE,0,0,0,0,0
35c91ed6f553da82b83fa53d90775c36030db3cf,1286563154,0,0,0,0,0,0,0,0,0,0,0,1960,1320.54,0,FALSE,0,0,0,0,0
663f42948e0c974b44f9f0dda6069e5bd7b3439a,1286563139,1,1,1,0,7,1,0,1,1.2,336,45,1959,1319.54,1032,FALSE,0,0,0,0,0
baca8f0cdb43f4fa149016a58eccde165958858a,1286459429,1,1,0,0,0,0,0,0,0,0,0,1958,1321.61,300,FALSE,0,0,0,0,0
c5c3a82b2399b5e15686b1f3de33ac9bb390a84f,1286459148,1,1,1,0,0,1,0,3,0.01,309,68,1957,1320.62,1031,FALSE,0,0,0,0,0
c0617864e108b9cf968e45b57142aa581f6ca86c,1286459114,1,1,1,0,2,3,0,1,0.12,337,44,1956,1319.62,1030,FALSE,0,0,0,0,0
26238c429defc955dd493c1f198d342b57f933c1,1286458527,0,0,0,0,0,0,0,0,0,0,0,1955,1318.63,0,FALSE,0,0,0,0,0
d9ef9ab4971f81b63d05a1358cd5dde45eb52b16,1286458489,0,0,0,0,0,0,0,0,0,0,0,1954,1317.63,0,FALSE,0,0,0,0,0
65d9f783e1b3b6bcee2314829f04aa06cbeb1e74,1286458355,1,1,1,0,9,4,0,2,15.88,501,50,1953,1316.64,144,FALSE,0,0,0,0,0
f70232d1b033a35c4b99edf9758603ff57924e68,1286458198,1,1,1,0,16,9,0,3,2,302,67,1952,1315.64,1029,FALSE,0,0,0,2,2
b083aed2451140a77a5348ac53c883fafd4a26df,1286456247,1,1,0,0,0,0,0,0,0,0,0,1951,1314.7,150,FALSE,0,0,0,0,0
0faac20d5313fe577609004ab0688042f1185114,1286455994,1,1,1,0,47,65,0,1,0,1289,66,1950,1313.71,149,FALSE,0,0,0,0,0
cef14ca7cd4df2fcf4b966522c414cf2d82182bf,1286455982,1,1,0,0,0,0,1,0,0,0,0,1949,1312.71,148,FALSE,0,0,0,0,0
090debe0dfa23ea69afdb83c41ac1aaf0607e990,1286455775,1,1,2,0.0759008,529,529,0,1,0,1395,45.5,1948,1311.71,147,TRUE,0,0,0,0,0
296f1270ee4ca7effd0e2f30ffa3705c8a60b598,1286455759,1,1,0,0,0,0,0,0,0,0,0,1947,1310.72,146,FALSE,0,0,0,0,0
1b28ad16d452987d22fd10c7d82c6e4c0280fa0a,1286455605,0,0,0,0,0,0,0,0,0,0,0,1946,1309.72,0,FALSE,0,0,0,0,0
334a18a1141bc82d8479a1f0d1dfdf3db8f837d7,1286455599,1,1,3,0.0505764,593,476,0,1,2.14,980,32.67,1945,1308.72,145,TRUE,0,0,0,0,0
dd4ddae082872d0241e5b28df6a41082a277fc41,1286455586,1,1,0,0,0,0,0,0,0,0,0,1944,1307.72,144,FALSE,0,0,0,0,0
4983e967bc91c8c69f3067d009daaf5ab6b65f2d,1286454489,2,2,1,0,86,0,0,0,0,0,0,1943,1306.75,194,TRUE,0,0,0,0,0
0b5e2f14edeb9832b330c8c94f993faa57ab2abc,1286450891,1,1,0,0,0,0,0,0,0,0,0,1942,1305.86,77,FALSE,0,0,0,0,0
70102aecb5bb7e5b0cbcaf3d3f6453c52052476f,1286450134,1,1,1,0,3,0,1,1,1.92,13,6,1941,1304.88,244,TRUE,0,0,0,0,0
e29f3aa5ddd11dc85da590d85cf0995b2feeebd7,1286448602,0,0,0,0,0,0,0,0,0,0,0,1940,1303.92,0,FALSE,0,0,0,0,0
ae75153561d949a14be6bd6354e6680afe4ea4fa,1286448598,0,0,0,0,0,0,0,0,0,0,0,1939,1302.92,0,FALSE,0,0,0,0,0
dd23d60513d08b0da33446a5dbc16b4309106b99,1286448578,2,2,2,0.120965,13,10,0,1,0,354.5,33.5,1938,1301.92,585.5,FALSE,0,0,0,0,0
db95481b76be2861aa51087a48b33e21a97a4a78,1286448380,1,1,1,0,6,2,0,1,0,371,36,1937,1300.93,142,FALSE,0,0,0,0,0
3e0da535b90187c14a6f7f7e6245eec5747f5e5e,1286448323,2,2,2,0.405639,22,10,0,1,0.01,346.5,32.5,1936,1299.93,584,FALSE,0,0,0,0,0
c74602551ecf485cff4a3a899e72ef7f60560ce6,1286448054,1,1,1,0,40,0,0,1,5.46,325,34,1935,1298.94,140,FALSE,0,0,0,0,0
1722e2c7a5b9143ea224c41393d771af31ecbb0c,1286447439,2,2,2,0.707544,17,1,0,1,2.73,219,23,1934,1297.96,634.5,FALSE,0,0,0,0,0
8a845e295190adc06420d56a0c5e03bfc748d243,1286446867,1,2,1,0,15,1,0,1,0,107,4,1933,1296.97,242,TRUE,0,0,0,0,0
72765bada00d1b2a6f5a3c256bc1a0f47023d2de,1286446600,1,1,1,0,2,1,0,1,1.88,106,3,1932,1295.98,241,FALSE,0,0,0,0,0
5c94603787360422d7cdebf6a12a7b11e63b10bb,1286444201,0,0,0,0,0,0,0,0,0,0,0,1931,1295.05,0,FALSE,0,0,0,0,0
b380f180cca767b00f5d064b75f0a08eebf34803,1286444194,1,1,0,0,0,0,0,0,0,0,0,1930,1294.05,142,FALSE,0,0,0,0,0
9409107f7742030c3564cef84f230e7ca5b7e27d,1286378789,0,0,0,0,0,0,0,0,0,0,0,1929,1294.94,0,FALSE,0,0,0,0,0
f1799799a1583c307873b6ddd7756aef7409dc69,1286378761,1,1,1,0,28,0,0,1,1.88,1166,63,1928,1293.94,141,FALSE,0,0,0,0,0
4bc8a8673d8a8b99834ba40ad791c138f06fafb7,1286378749,1,1,0,0,0,0,0,0,0,0,0,1927,1292.94,140,FALSE,0,0,0,0,0
7f11aa25ea6d68ea897743393b9f606ea6a1b85d,1286285570,0,0,0,0,0,0,0,0,0,0,0,1926,1294.62,0,FALSE,0,0,0,0,0
cbdd907393e6fc9cf4eb092237241d1626a9a98d,1286285481,1,1,1,0,7,0,0,1,0.01,96,10,1925,1293.63,240,FALSE,0,0,0,0,0
aa7ff3ef47ac22c3f5b38d0722e18d7e6752908d,1286285237,1,1,1,0,1,1,0,3,13.88,302,66,1924,1292.63,1025,FALSE,0,0,0,0,0
ebdf6434eb64ee34d4e4ddbc51b174d3c360080f,1286284459,1,5,5,0.563391,21,8,1,1,37.29,54,7,1923,1291.66,239,TRUE,0,0,0,0,0
9b7470d204ef0239c20bbf6e1f8a83d9350d6a45,1286284133,1,7,7,0.817523,24,5,0,1,47.06,69,4.14,1922,1290.67,238,TRUE,0,0,0,0,0
9f3ab8683cccb1964b0937bfac1a344e0c3971ae,1286283686,1,2,2,1,4,2,0,1,48.35,33,2.5,1921,1289.68,237,FALSE,0,0,0,0,0
fa464aca9061f8e08035e3b524ccebe8762ab782,1286283402,1,1,0,0,0,0,0,0,0,0,0,1920,1288.69,76,FALSE,0,0,0,0,0
2724ce368a797dc90d93e56039021069e579dca6,1286216249,1,1,6,0.148282,131,21,0,1,3.14,611.33,18,1919,1289.62,139,TRUE,0,0,0,0,0
1994f24d8288627a9132586dbeba80337444eab4,1286216216,0,0,0,0,0,0,0,0,0,0,0,1918,1288.62,0,FALSE,0,0,0,0,0
89f7cbe87772f9fa71028e62da94f34f281ef48e,1286216206,1,1,0,0,0,0,0,0,0,0,0,1917,1287.62,138,FALSE,0,0,0,0,0
b5b30a3f20a9ae966c0ef775c88f68ee84b2f987,1286215593,0,0,0,0,0,0,0,0,0,0,0,1916,1286.63,0,FALSE,0,0,0,0,0
fab9af22064eea53c55bd00960c39bbe058aa162,1286215575,0,0,0,0,0,0,0,0,0,0,0,1915,1285.63,0,FALSE,0,0,0,0,0
4d01b4fa59d87343b4fc83ed53ebcf27785cecce,1286206617,2,2,3,0.186826,45,2,0,1,11.97,257.67,20.67,1914,1284.89,581.5,FALSE,0,0,0,0,0
c3365aa37ef9c59ffbbc20e06febbdfb200e8861,1286205270,0,0,0,0,0,0,0,0,0,0,0,1913,1283.93,0,FALSE,0,0,0,0,0
4fcbb961eb97d90e84b8ea049e7b678be4331572,1286204652,0,0,0,0,0,0,0,0,0,0,0,1912,1282.95,0,FALSE,0,0,0,0,0
426e80d4c36bca734b5e1eff8f1df696ca8a705f,1286204640,1,1,0,0,0,0,0,0,0,0,0,1911,1281.95,75,FALSE,0,0,0,0,0
30a282d126d51ca6535a3d6f47d106cc6f121070,1286204631,2,2,0,0,0,0,0,0,0,0,0,1910,1280.95,186.5,FALSE,0,0,0,0,0
11cfad755a5526885ebaaed446115e4d3ec95f37,1286204490,0,0,0,0,0,0,0,0,0,0,0,1909,1279.95,0,FALSE,0,0,0,0,0
0a96621e3e69e8d7f5d2545e1d923ddd6ac57a3d,1286204477,1,1,0,0,0,0,0,0,0,0,0,1908,1278.95,137,FALSE,0,0,0,0,0
0b24bd08c974cfd3231198d891cafcc2b0342032,1285976014,0,0,0,0,0,0,0,0,0,0,0,1907,1284.47,0,FALSE,0,0,0,0,0
d9d30abe7a25d798d88c7a14cbe3224fa1a78f64,1285976007,2,2,0,0,0,0,0,0,0,0,0,1906,1283.47,217,FALSE,0,0,0,0,0
b37783953851a98ea028299cf556688532271b9e,1285975900,0,0,0,0,0,0,0,0,0,0,0,1905,1282.48,0,FALSE,0,0,0,0,0
03b56d8140dc5c2b574d410bfeb63517a0430451,1285975892,3,3,2,0.210758,9,5,0,1,18.34,319,31,1904,1281.48,486,FALSE,0,0,0,0,0
1f79ce4e9616e8b814f28f91a4088bb7f343bd0c,1285975569,1,1,0,0,0,0,0,0,0,0,0,1903,1280.49,73,FALSE,0,0,0,0,0
8d80f23a0f837b5458e8302695701fefc2aa335a,1285944836,1,2,6,0.877186,11,12,0,1,0,410.17,16.5,1902,1280.37,135,FALSE,0,0,0,0,0
d89b951451fbc639070235d2341ce2f0fc11a778,1285944679,1,2,7,0.0783977,539,465,0,1,14.88,540.43,15.14,1901,1279.37,134,TRUE,0,0,0,0,0
698d82f799f8a53d51943d7c2888c3ec87854316,1285943654,0,0,0,0,0,0,0,0,0,0,0,1900,1278.4,0,FALSE,0,0,0,0,0
1906a38ec8739e44f70bdc570758eb5e4a766857,1285514688,1,1,0,0,0,0,0,0,0,0,0,1899,1289.74,25,FALSE,0,0,0,0,0
462a291eb87e38088dd93679d11b91fd23643b3d,1285259825,0,0,0,0,0,0,0,0,0,0,0,1898,1296.19,0,FALSE,0,0,0,0,0
8d91a3e3b83ed5489fad22bd47139ed27ff6021f,1285259096,1,1,0,0,0,0,0,0,0,0,0,1897,1295.21,72,FALSE,0,0,0,0,0
3324259977c673c859fa1560827a73225c234ac2,1285259092,1,1,0,0,0,0,0,0,0,0,0,1896,1294.21,71,FALSE,0,0,0,0,0
79dc2467f736e5c8eb0dbb5d213b7aff450319d0,1285196955,0,0,0,0,0,0,0,0,0,0,0,1895,1295.03,0,FALSE,0,0,0,0,0
ec2db2d5412df5530932bade824beeda4d7b2080,1285196918,1,1,1,0,1,1,1,1,32.93,13,4,1894,1294.03,236,FALSE,0,0,0,0,0
0a0c86813db487e08ef8843726a7d0c7c40339f9,1285182222,0,0,0,0,0,0,0,0,0,0,0,1893,1293.47,0,FALSE,0,0,0,0,0
5cf248c7f34bd40a8325ac1937bee5b77a02d48a,1285182208,0,0,0,0,0,0,0,0,0,0,0,1892,1292.47,0,FALSE,0,0,0,0,0
3876a566fff785e7e95164e8f10a77b83f45712e,1285182198,1,2,1,0,82,1,0,1,0.06,22,1,1891,1291.47,235,TRUE,0,0,0,0,0
334e6cc6189ec347dbd9c992750e7fb2dfb9112c,1285176975,1,2,1,0,22,0,0,0,0,0,0,1890,1290.62,234,TRUE,0,0,0,0,0
64033fcfc2fd407a06801813cdfd8307efa2f48b,1285173245,1,1,1,0,15,6,0,1,0,62,4,1889,1289.73,1022,FALSE,0,0,0,0,0
fbe3af47195240d1549cc3acc007c98828ef4939,1285172965,2,2,3,0.515328,13,4,0,1,17.99,146.33,16,1888,1288.74,579,FALSE,0,0,0,0,0
699ed4ee8544f6b85b0c175909e216aac929b2b3,1285171571,1,1,2,0.405639,23,5,0,1,0.01,202,23,1887,1287.78,1020,FALSE,0,0,0,0,0
903f67a154e5ee72b815606b027ac951c9da7755,1285170502,2,2,2,0.386149,22,3,0,1,35.89,192.5,22.5,1886,1286.81,657.5,FALSE,0,0,0,0,0
9a89dab9e0180560a48e9eb0975f61c732805898,1285170080,1,1,1,0,20,0,0,1,0.01,322,40,1885,1285.82,136,FALSE,0,0,0,0,0
435a2565b8eefbb3827b3e33fd3e8495e666de17,1285169388,1,1,1,0,1,0,0,1,0.99,341,43,1884,1284.84,1018,FALSE,0,0,0,0,0
8267b8da576ec652eb2ca1ff3e6441d11ccdb30b,1285169362,1,1,1,0,16,0,0,1,1.97,306,39,1883,1283.84,135,FALSE,0,0,0,0,0
dfdc93981658d68b3a9e818776d7cbb50db24a13,1285097922,1,1,1,0,1,1,0,1,28.08,48,9,1882,1284.92,233,FALSE,0,0,0,0,0
8b5773c2468e9441567708e12889164eeba9ddb0,1285097922,1,1,1,0,1,1,0,1,28.08,48,9,1881,1283.92,232,FALSE,0,0,0,0,0
fd4c88d20247e4aee166fa3fd32bc54978e96b4b,1285086071,1,1,0,0,0,0,0,0,0,0,0,1880,1283.26,133,FALSE,0,0,0,0,0
9b26623aa5df13aff7e8283e3d155881d884d3da,1285086004,2,2,2,0.57938,3,3,0,3,6.47,401.5,46.5,1879,1282.26,575.5,FALSE,0,0,0,0,0
b115ec7c14d0eaf7f1e4cf79e21ea93419d03cbc,1285085902,1,1,1,0,4,4,0,3,14.98,302,64,1878,1281.27,1016,FALSE,0,0,0,0,0
a2e6e2a06a6fe9b9417e2fec42398f08294d6fb6,1285084267,1,1,1,0,1,1,0,1,0.98,341,42,1877,1280.31,1015,FALSE,0,0,0,0,0
f0eab06a8bc67fc3948bcb006ea927bae475a6e9,1285001641,1,1,3,0.0139143,508,469,0,1,6.94,900.67,31,1876,1281.71,132,FALSE,0,0,0,0,0
b6c839d693b8079b9916c40ccd01bf949f9abef5,1285001438,3,3,1,0,1,1,0,1,23.9,48,20,1875,1280.71,444.333,FALSE,0,0,0,0,0
177a724d588653c4e52c7be198d597ea341d5602,1284999361,3,3,2,0.47756,6,1,0,1,0.02,321,26,1874,1279.77,425.667,FALSE,0,0,0,0,0
949803dcf6e00f6c06f1bc1fdc0f71478731547c,1284998806,0,0,0,0,0,0,0,0,0,0,0,1873,1278.79,0,FALSE,0,0,0,0,0
b763a88e60a4a4e79723c0fb298536b24666ba59,1284998803,2,2,1,0,3,0,0,1,0.02,336,40,1872,1277.79,571,FALSE,0,0,0,0,0
18c7f164a8907e01bb0670a03af374e84190b7d4,1284997268,2,3,2,0.261507,23,6,0,1,0.01,311,25,1871,1276.84,571.5,FALSE,0,0,0,0,0
e037ff6bbaad71ded759788cd5adacbd84101ddb,1284996196,1,1,1,0,1,0,0,1,1.92,297,36,1870,1275.87,131,FALSE,0,0,0,0,0
95bfda1ff0b598c7a76a96cd3a61cbcdc7dba93f,1284995961,1,1,1,0,7,4,0,1,0,321,38,1869,1274.87,1010,FALSE,0,0,0,0,0
b9992e0b45a6286883de1f8af2d3a6d4552b382b,1284995918,1,1,1,0,13,11,0,1,1.91,319,37,1868,1273.87,1009,FALSE,0,0,0,0,0
f6ba79388594055f9ce1b2b8adcdcfb1ee2dfbaf,1284830705,0,0,0,0,0,0,0,0,0,0,0,1867,1277.65,0,FALSE,0,0,0,0,0
bbe65a8ea329c8d888e4c159791706e4a26a6493,1284830700,2,2,2,0.127043,11,0,1,1,4.51,302.5,23,1866,1276.65,569,FALSE,0,0,0,0,0
20af7371d0ccde2aab4603ffa7654c3167ea93c9,1284830497,1,2,1,0,32,0,0,0,0,0,0,1865,1275.65,231,TRUE,0,0,0,0,0
a33fb0c4398f9f0d8266fa8a4c0e2df6431db201,1284504981,1,1,0,0,0,0,0,0,0,0,0,1864,1284.13,129,FALSE,0,0,0,0,0
87003c8b5b5b42803d041ea925938c70d0339802,1284477493,2,2,1,0,2,4,1,1,0.84,289,34,1863,1283.94,211.5,FALSE,0,0,0,0,0
ddd48ee79f1ff224530fb44f57f46cd1e42e5439,1284476370,1,1,0,0,0,0,0,0,0,0,0,1862,1282.97,293,FALSE,0,0,0,0,0
a9819df3ee117016c61be0a7a1c6b5cafde35338,1284404728,2,2,2,0.210758,13,1,0,1,0.08,297.5,22,1861,1284.07,567.5,FALSE,0,0,0,0,0
15dffb22aa3e949b6f528582a0966dd4212fb122,1284404329,1,1,0,0,0,0,0,0,0,0,0,1860,1283.08,70,FALSE,0,0,0,0,0
6ef5f1ff62ad7fe755bb56efda24cf4602bc00c3,1284402273,0,0,0,0,0,0,0,0,0,0,0,1859,1282.14,0,FALSE,0,0,0,0,0
acc28c68a41b909f40326114b8a72a82797be349,1284402260,1,1,1,0,5,5,0,2,0.25,313,39,1858,1281.14,1006,FALSE,0,0,0,0,0
f4a08092dabb7997377b2599841623f36daa1bd3,1284401695,0,0,0,0,0,0,0,0,0,0,0,1857,1280.16,0,FALSE,0,0,0,0,0
0116efd4a34eeb151b5cc094c82967fe6f5d0544,1284401681,1,2,6,1,12,0,0,1,0,394.17,16,1856,1279.16,128,FALSE,0,0,0,0,0
9719a24f8acb599ccad0c2da76abef2dfe1936b5,1284401507,2,3,8,0.137952,659,414,0,1,14.91,441.62,13,1855,1278.17,98,TRUE,0,0,0,0,0
3a7d5a099b04799bdd067ee11ed5f372a754f226,1284400997,1,1,1,0,25,3,0,1,59.9,21,3,1854,1277.18,68,TRUE,0,0,0,0,0
27dba655fc8901523641c7390b95fa36910a7ef9,1284397888,1,1,1,0,2,2,1,1,0.02,277,32,1853,1276.27,127,TRUE,0,0,0,0,0
a25dd387bf9909ff6c46097e8ec99a4862057e28,1284397803,1,1,1,0,4,3,0,1,0.02,317,34,1852,1275.27,1005,FALSE,0,0,0,0,0
a89767cc16782682d12f361a58a44a0e4f995f58,1284396753,1,1,0,0,0,0,0,0,0,0,0,1851,1274.3,126,FALSE,0,0,0,0,0
a13df5b68db5d4d1969f14ab50343c9a29baed14,1284396282,1,1,1,0,18,0,0,1,0,259,31,1850,1273.32,126,TRUE,0,0,0,0,0
6a689504ff33699d38dc129cc1b780737cc85510,1284396242,1,1,1,0,2,2,1,1,0,259,30,1849,1272.32,125,FALSE,0,0,0,0,0
6521d2bcfb2aa0a5336c71493e6c223bc74aba60,1284396217,0,0,0,0,0,0,0,0,0,0,0,1848,1271.32,0,FALSE,0,0,0,0,0
26d55b15defedafd54e6b365e5570cc64fe4f756,1284396193,1,1,1,0,45,0,0,0,0,0,0,1847,1270.32,230,TRUE,0,0,0,0,0
041b7e8a290c8d1c0eb79613543d611a2f19c3fb,1284396187,3,3,3,0.22177,54,5,0,1,17.56,186.33,14,1846,1269.32,452.333,TRUE,0,0,0,0,0
6c2da60eb0422d8d9e484f419360448ad647ca4e,1284381099,1,1,1,0,5,0,0,1,37.86,320,32,1,1,0,FALSE,0,0,0,0,0
490081077d9a45d24ba214669b7e607231b14564,1284380538,1,1,1,0,7,1,0,1,19.67,307,38,0,0,0,FALSE,0,0,0,0,0
6eeb425e7acf9a39c0cc501d71ff5aa7d82131cb,1284235779,1,1,0,0,0,0,0,0,0,0,0,1845,1272.97,67,FALSE,0,0,0,0,0
d2d0eb829efa26e1a59470d893f1800f9a0366a1,1284149954,1,1,0,0,0,0,0,0,0,0,0,1844,1274.47,66,FALSE,0,0,0,0,0
058505b664e108b6eacdfab2e95cd7117dcacc05,1284149951,1,1,0,0,0,0,0,0,0,0,0,1843,1273.47,65,FALSE,0,0,0,0,0
8adecedb4029eb18c880c7d04890501b52ccac91,1283968169,1,2,1,0,7,0,0,2,2.05,494,48,1842,1277.79,123,FALSE,0,0,0,0,0
838a51db218c1610a88724c4e0a94ed3dfa5fd8b,1283807210,0,0,0,0,0,0,0,0,0,0,0,1841,1281.54,0,FALSE,0,0,0,0,0
4d4dfc27fc834f8f0f5fd65538e00c8177bbe661,1283807195,1,1,0,0,0,0,0,0,0,0,0,1840,1280.54,64,FALSE,0,0,0,0,0
1444439cf3aa022f3a487c84008876f9d72f4666,1283798268,1,1,0,0,0,0,0,0,0,0,0,1839,1279.8,292,FALSE,0,0,0,0,0
e64fc8d5ab1d1f8a3b4291d2a72d02579e2adaf0,1283796213,1,1,0,0,0,0,0,0,0,0,0,1838,1278.86,291,FALSE,0,0,0,0,0
9a31f772d91e1e852487d849ecb97df3ad997724,1283795996,1,1,0,0,0,0,0,0,0,0,0,1837,1277.87,290,FALSE,0,0,0,0,0
12876ee4cec2f966b6357a48a9a5c9580c313a7c,1283793332,1,1,0,0,0,0,0,0,0,0,0,1836,1276.95,125,FALSE,0,0,0,0,0
a4a349da45e7528408a09ce8f696ebca0583808d,1283793059,2,2,2,0.87387,10,1,0,1,0,259,19,1835,1275.96,562.5,FALSE,0,0,0,1,0
ecbc3cae71768ec0192af41f80f305614fa9c826,1283792739,2,2,2,0.892647,13,0,0,1,16.91,252.5,18.5,1834,1274.97,561.5,FALSE,0,0,0,0,0
57609c87fb034ef5eb7b8e8f9f62c3286be57a2f,1283791486,0,0,0,0,0,0,0,0,0,0,0,1833,1274,0,FALSE,0,0,0,0,0
bb2e24e0287822394e0c916a4404c68fca63e0d6,1283791472,1,1,0,0,0,0,0,0,0,0,0,1832,1273,124,FALSE,0,0,0,0,0
5cafb26e939f255fc6d29dabf8c6e5c8f9e85b72,1283791397,1,1,1,0,5,3,1,1,16.5,90,8,1831,1272.01,228,FALSE,0,0,0,0,0
f74ef7b293088a385be80a036bc1e4ee2fb2664d,1283791320,2,2,2,0.146602,27,2,0,3,0,385.5,45,1830,1271.01,560.5,FALSE,0,0,0,0,0
7ef8f531e7a06778ae83824aee91cf93f5aca483,1283791103,1,1,1,0,2,1,0,3,21.98,300,62,1829,1270.01,1000,FALSE,0,0,0,0,0
afb65c7b192a9d9f8b07f3a93eedc86b3f368260,1283790982,1,1,1,0,12,0,0,2,0.02,458,46,1828,1269.02,119,FALSE,0,0,0,0,0
74a0673663d2d040ca6cb5576ee72496a5d4eb0e,1283789487,1,2,1,0,4,4,0,2,21.96,458,45,1827,1268.06,118,FALSE,0,0,0,0,0
20fae6e5122853164fa993da0ead7ad552dac0cb,1283472488,1,1,0,0,0,0,0,0,0,0,0,1826,1276.37,63,FALSE,0,0,0,0,0
509cd242f7f75407c902f50e4cd1ff5f0ef335d8,1283472410,1,1,0,0,0,0,0,0,0,0,0,1825,1275.37,62,FALSE,0,0,0,0,0
f01ec516eb5d7ccc64d673c756a45b1a9329827a,1283446204,1,1,0,0,0,0,0,0,0,0,0,1824,1275.15,61,FALSE,0,0,0,0,0
394b1000d217921fef35b9e30adc7424e8b4d093,1283215576,1,1,0,0,0,0,0,0,0,0,0,1823,1280.99,60,FALSE,0,0,0,0,0
e0b9fba788b274bc566de516cd87d95fc09797b0,1283215573,1,1,0,0,0,0,0,0,0,0,0,1822,1279.99,59,FALSE,0,0,0,0,0
378ee29cc2f0662064a479659d8b157b1f6a13c8,1283210046,1,1,0,0,0,0,0,0,0,0,0,1821,1279.16,58,FALSE,0,0,0,0,0
02bcef71dd9132e66795c2ba73d71fc35c24b0cd,1282942068,1,1,0,0,0,0,0,0,0,0,0,1820,1286.19,57,FALSE,0,0,0,0,0
248e7c800329d102a84e889c0549472c6843bf61,1282942061,1,1,0,0,0,0,0,0,0,0,0,1819,1285.19,56,FALSE,0,0,0,0,0
a2e93ebd569d1963a6c1ffe8e55befbab9f376f9,1282938033,2,2,0,0,0,0,1,0,0,0,0,1818,1284.31,206,FALSE,0,0,0,0,0
21a9454de186a7fd5b18ff28866512a1d205838c,1282937903,0,0,0,0,0,0,0,0,0,0,0,1817,1283.31,0,FALSE,0,0,0,0,0
ec286eed084ba9eb7a0e756599d1448103efb59b,1282937899,1,1,0,0,0,0,0,0,0,0,0,1816,1282.31,23,FALSE,0,0,0,0,0
f16978d1fe48a97e05d4814cf16b187974d64787,1282936677,1,1,0,0,0,0,0,0,0,0,0,1815,1281.35,122,FALSE,0,0,0,0,0
fa3adc76062dcd1c0f12ed56ad1d4d0d31a90a09,1282936523,0,0,0,0,0,0,0,0,0,0,0,1814,1280.36,0,FALSE,0,0,0,0,0
192144fc5d28d0c3c0c738b7695bf8139d188d92,1282936518,2,2,3,0.424259,15,4,0,1,3.32,134.67,12.67,1813,1279.36,558,FALSE,0,0,0,0,0
a4d155c5e47457ae412036286b131764641dc9f3,1282936195,2,2,2,0.268649,31,3,0,1,15.98,164,9.5,1812,1278.37,557,FALSE,0,0,0,0,0
6c56e9d1992c15f839bdcac2bdff54ddb8234096,1282935569,1,1,1,0,4,0,1,1,31.94,144,12,1811,1277.38,115,FALSE,0,0,0,0,0
bb18f87a9821b33ab6954b35125a36891fc00f85,1282929193,0,0,0,0,0,0,0,0,0,0,0,1810,1276.57,0,FALSE,0,0,0,0,0
dda6a31381c309246575fbddda48f574cfb79023,1282929188,1,2,7,0.0139508,451,391,1,1,9.87,490,14.57,1809,1275.57,121,FALSE,0,0,0,0,0
6e25e18e98e98a845e26114a9da1fa68f942ca42,1282683146,1,1,0,0,0,0,0,0,0,0,0,1808,1281.95,22,FALSE,0,0,0,0,0
ffd978c24f6fdc4286b7fdb45dba184b60264916,1282682140,1,1,0,0,0,0,0,0,0,0,0,1807,1280.98,288,FALSE,0,0,0,0,0
4c4af03a5ae43d4b949d7e9c8059087d2bb7dd6a,1282681372,1,1,1,0,2,2,0,1,0,307,37,1806,1280,997,FALSE,0,0,0,0,0
c0739bb8b7910a5df81900058d02f9c3f52c80e9,1282681288,1,1,1,0,23,7,1,1,9.13,291,36,1805,1279.01,996,FALSE,0,0,0,0,0
5add7cb0b1c8f5c911d211f54cecbbcb7e6d7923,1282680413,0,0,0,0,0,0,0,0,0,0,0,1804,1278.03,0,FALSE,0,0,0,0,0
99f49f10618a10310a7a06dd403567691f0739af,1282680410,1,1,1,0,25,11,1,1,0.01,137,9,1803,1277.03,227,TRUE,0,0,0,1,1
401eaca9abd451293644f0b1f24bfc606481384c,1282679910,1,1,1,0,1,1,0,1,0,10,5,1802,1276.05,226,FALSE,0,0,0,0,0
da784fe02b323a5e795dcf98b90766fb94906e18,1282679794,1,3,3,0.494245,10,3,0,1,0.02,47.33,3,1801,1275.05,225,TRUE,0,0,0,2,0
d507b2955982269e7773df42de6b8cea35d186eb,1282677029,1,2,2,0.0545004,15,9,0,1,3.77,68,4,1800,1274.13,224,TRUE,0,0,0,1,0
35ca13b38dd4c3576518d7f320a9d7f1c504a464,1282672196,0,0,0,0,0,0,0,0,0,0,0,1799,1273.28,0,FALSE,0,0,0,0,0
04b92a31a859a132e53b0b10174ff7f8c31b93f3,1282672192,1,1,1,0,4,2,0,1,18.78,46,8,1798,1272.28,223,FALSE,0,0,0,0,0
dd311d759d2ca0660670e1b4142d00663e06a7e2,1282365575,1,2,1,0,29,3,0,1,0.16,64,7,1797,1280.49,222,FALSE,0,0,0,0,0
b504ca9f0a52786e9c1143813459eea1de014d57,1282352996,0,0,0,0,0,0,0,0,0,0,0,1796,1279.87,0,FALSE,0,0,0,0,0
bd61c5c72173d1dc8f18405fb7813cc5dd9235f2,1282352641,1,1,1,0,1,1,1,1,0,128,6,1795,1278.88,221,TRUE,0,0,0,0,0
24694b00472165dcf0cd5e611139afffce224312,1282352592,1,3,2,1,2,0,0,1,0.02,67.5,2.5,1794,1277.89,220,TRUE,0,0,0,0,0
5258154285169e57a07e8ac2def35d4f1abb95fe,1282352309,1,2,2,0.169252,16,1,0,1,0,57,2,1793,1276.89,219,TRUE,0,0,0,0,0
221f993b46732c7b63c540551adf5b8c8bc763e6,1282352035,1,5,8,0.547755,55,21,0,1,1.81,30.12,1.38,1792,1275.9,218,TRUE,0,0,0,0,0
ae5ea70b93113a764c22bf4532910e832cae135d,1282350541,1,2,2,0.47756,4,3,0,1,0,30,1.5,1791,1274.95,217,FALSE,0,0,0,0,0
f59ffbeb63aa9e9c525fa77d894b8ce136d84633,1282350441,1,4,6,0.345498,55,11,0,1,0.01,9.33,0.5,1790,1273.95,216,TRUE,0,0,0,0,0
ce55275634b5b1656690dc810bd2b4d312cbbfdf,1282349490,1,4,6,0.734496,4,1,0,1,0,19.5,0.33,1789,1272.98,215,TRUE,0,0,0,0,0
20c5892f9a8d8ac6419b1b6d5de742d437b0e6df,1282349290,1,5,3,0.293422,33,5,0,1,0.01,31,0.33,1788,1271.99,214,TRUE,0,0,0,0,0
9231245a3f55ac6abd8a6d61f4af24ffa70f5490,1282348223,1,2,4,0.468535,106,0,0,0,0,0,0,1787,1271.02,213,TRUE,0,0,0,0,0
cbfed20e6f0b9d17fafb72be33b9d9020260c8dc,1282346629,1,1,0,0,0,0,0,0,0,0,0,1786,1270.07,55,FALSE,0,0,0,0,0
640274ed52dde6633e4740ef2d23842f101325a5,1282332606,0,0,0,0,0,0,0,0,0,0,0,1785,1269.49,0,FALSE,0,0,0,0,0
1507a39a2bc1d0b143cb48dde2f8681aac14a3f2,1282332089,2,2,2,0.57938,6,3,0,1,0,251,18,1784,1268.5,554.5,FALSE,0,0,0,0,0
e6405653d822a3903deaa15f68895b706aac71cb,1282331948,2,2,2,1,2,2,0,1,0,251,17.5,1783,1267.5,553.5,FALSE,0,0,0,0,0
be1541a6466b7358ebe305fbcb274924501994dd,1282331872,2,2,2,0.310917,13,12,0,1,5.49,250.5,17,1782,1266.51,552.5,FALSE,0,0,0,0,0
f37f9bf5e3edf63a900e111e074ad28ca41a13c6,1282318938,1,1,0,0,0,0,0,0,0,0,0,1781,1265.89,54,FALSE,0,0,0,0,0
a5c39ca8c8920c3a57a734267021986006ad5910,1282318870,0,0,0,0,0,0,0,0,0,0,0,1780,1264.9,0,FALSE,0,0,0,0,0
cb7e7b2a748b24e79ae48e2e7500dbeab507cea7,1282318866,1,1,1,0,7,2,0,1,0.01,266,27,1779,1263.9,992,FALSE,0,0,0,0,0
2e8e705bab4f2f66d5f0555d863540b41f85ab09,1282318161,1,1,1,0,23,3,1,1,10.68,246,26,1778,1262.92,991,FALSE,0,0,0,2,0
ab3812432b53b1d8db369f33f599d381771f1111,1282243482,1,1,0,0,0,0,0,0,0,0,0,1777,1264.14,53,FALSE,0,0,0,0,0
d2acb36e3ba6ce8e3db6c952ec346066435eb7fd,1282243480,1,1,0,0,0,0,0,0,0,0,0,1776,1263.14,52,FALSE,0,0,0,0,0
601743ff7adfdfc3554e2690dbc9ef0f56ca5276,1282178466,1,1,0,0,0,0,0,0,0,0,0,1775,1264.08,287,FALSE,0,0,0,0,0
7eca74ac05d25679196bbee9df044a2ab160cebc,1282088742,1,1,0,0,0,0,0,0,0,0,0,1774,1265.76,286,FALSE,0,0,0,0,0
02b4ec04bb82eef081d3651e498ca2133b598634,1282086482,1,1,0,0,0,0,0,0,0,0,0,1773,1264.83,120,FALSE,0,0,0,0,0
8ead9014d0bb9ebe64a845ee3f0971daf92a4b2f,1282076154,1,2,7,0.218803,453,615,0,1,11.48,513.14,14.43,1772,1264.14,119,TRUE,0,0,0,0,0
4920e82dd6c3cf528a697bdca6cd1f4e8ca1d96e,1282075941,1,1,1,0,404,404,0,1,2.12,1233,53,1771,1263.14,118,TRUE,0,0,0,0,0
31502536617ef29f70a7f6184c2f5c51fc49e0c1,1282075757,3,3,1,0,1,1,0,1,11.88,48,18,1770,1262.15,432,FALSE,0,0,0,0,0
baa423b45a983d1a6c44b7476bb4e9b0c42b33c8,1281991773,1,1,0,0,0,0,0,0,0,0,0,1769,1263.66,51,FALSE,0,0,0,0,0
77e5d8ea96920f44ab909a0d585e5e27755639ee,1281892833,1,1,4,0.154012,260,103,0,1,15.48,696.25,24.5,1768,1265.62,117,TRUE,0,0,0,0,0
9a8166d6499110084db9279e549b9c930888e6f0,1281892427,2,3,3,0.621765,59,0,0,3,4.27,330,37,1767,1264.64,550,TRUE,0,0,0,0,0
da8c0cd2db93c93bcaf01dcc1405aba63e04913f,1281891291,1,1,1,0,0,10,0,3,2.79,277,60,1766,1263.67,988,FALSE,0,0,0,0,0
fc2711b543f2ea3cf05fc431e8e4566f18e0aaac,1281650256,1,1,1,0,1,2,1,3,0.94,278,59,1765,1269.93,987,FALSE,0,0,0,0,0
b4327bd36ce04688f5f69e980599d1f60751ad6e,1281569350,0,0,0,0,0,0,0,0,0,0,0,1764,1271.39,0,FALSE,0,0,0,0,0
f7f75923aa2f6eaae34aa52b881ac43810a3a85c,1281569304,2,2,2,0.828997,15,1,0,3,2.99,354,41.5,1763,1270.39,548,FALSE,0,0,0,1,1
0b4388bc5bdca97cbf5e2254b86e885a8e313e08,1281569131,1,2,1,0,9,0,0,2,2.37,426,42,1762,1269.4,109,FALSE,0,0,0,0,0
f08883071fb838d15bbde75fe0a934c44b348772,1281546680,1,1,0,0,0,0,0,0,0,0,0,1761,1269.08,116,FALSE,0,0,0,0,0
bb8a2ee3a64e124fc13616d05bebd54bd3da8fcb,1281544379,1,1,0,0,0,0,0,0,0,0,0,1760,1268.15,50,FALSE,0,0,0,0,0
6bfa7595d8ce3b16478a37557968ddbce00a275d,1281395460,2,2,2,0.326237,17,7,0,1,0,233,15.5,1759,1271.68,546.5,FALSE,0,0,0,0,0
8308e501cd23c100ddf00b806f76112ed13c8d53,1281395081,2,2,2,0.925787,12,7,1,1,0,230.5,15,1758,1270.69,545.5,FALSE,0,0,0,1,0
25909c0d9da3778686062aebeeec19b6ce9a2dad,1281394823,2,2,2,0.65908,12,7,0,1,0.14,228,14.5,1757,1269.7,544.5,FALSE,0,0,0,0,0
2844b1ac3879e48b31c6409ba55c0bfadb7b5a86,1281394647,1,1,1,0,2,2,1,1,0.33,221,20,1756,1268.7,105,FALSE,0,0,0,0,0
6fd62b1cee5e0ad60d584a16ccdb8c6a1792f44d,1281370784,1,1,1,0,1,1,0,1,9.08,235,22,1755,1268.43,982,FALSE,0,0,0,0,0
1579f53a610d0ceb2717c48291b8859bee03cbe1,1281369033,1,1,0,0,0,0,0,0,0,0,0,1754,1267.48,49,FALSE,0,0,0,0,0
7af7851952acee893f36dcca01b7f59166e07574,1281366361,1,1,1,0,2,2,1,1,13.78,221,19,1753,1266.56,104,FALSE,0,0,0,0,0
5dbd1a6dcc09d6ed95ff41f0564ef4376e56b135,1281366180,0,0,0,0,0,0,0,0,0,0,0,1752,1265.57,0,FALSE,0,0,0,0,0
24881537a1b8ed6a838b29d35751911f31a73806,1281366158,1,1,1,0,13,1,1,1,0.01,50,1,1751,1264.57,212,FALSE,0,0,0,0,0
631c29b26b1679f7b8c8ccba359529c6d6a94124,1281365865,1,1,0,0,0,0,0,0,0,0,0,1750,1263.58,48,FALSE,0,0,0,0,0
ab249d4032c0ff2551f2542aab68df4935a50288,1281365189,1,1,1,0,50,0,0,0,0,0,0,1749,1262.6,211,TRUE,0,0,0,0,0
5bfa3f6274e1fdaf91009312da885c70d2a0d225,1281364340,0,0,0,0,0,0,0,0,0,0,0,1748,1261.62,0,FALSE,0,0,0,0,0
82ee25dfaa07a6e898a6c4c5ef4f3a647e3137e8,1281364332,1,1,1,0,2,2,0,2,2.64,426,41,1747,1260.62,103,FALSE,0,0,0,0,0
fd9a24553f255a871a171aea75262ba6157e7495,1281363753,1,2,1,0,10,0,0,1,0,64,3,1746,1259.64,210,TRUE,0,0,0,0,0
ae1c20fad9c76a2dbbe42d9c652f39936053f3c0,1281363595,1,2,1,0,24,17,1,1,3.59,57,2,1745,1258.64,209,TRUE,0,0,0,0,0
734f777ff9513618c7d1978db74ed9845a21f86c,1281136401,1,1,1,0,12,0,1,2,1.18,414,40,1744,1264.52,102,FALSE,0,0,0,0,0
498115d5d99593ea50f31e474556672d2c501607,1281110648,0,0,0,0,0,0,0,0,0,0,0,1743,1264.3,0,FALSE,0,0,0,0,0
033ff06b686806f203055d0e4c0b74e46a522555,1281110644,1,1,0,0,0,0,0,0,0,0,0,1742,1263.3,115,FALSE,0,0,0,0,0
c145a8e1a1a20ea964b39e684b8caa133a38ccd4,1281110469,1,1,1,0,18,12,0,1,21.92,58,5,1741,1262.31,208,FALSE,0,0,0,0,0
ae5b0dbc292039d5ff0150905f859b012b4af376,1281110356,1,1,1,0,22,3,1,1,8.9,260,34,1740,1261.31,981,TRUE,0,0,0,0,0
95aa957c804480a9b5c3e9a0cceadd74c2219a47,1281109697,1,1,1,0,11,11,0,1,0.7,320,31,1739,1260.33,101,FALSE,0,0,0,0,0
7dff9ddeeb3d1e5a88a0447801be9056ca112609,1281053553,0,0,0,0,0,0,0,0,0,0,0,1738,1261.03,0,FALSE,0,0,0,0,0
b4e755747f65ad743d660809247a4c985e57e57f,1281053538,2,3,2,0.669513,35,24,1,3,0.16,159.5,29,1737,1260.04,593.5,TRUE,0,0,0,3,2
348fa402be52c2717fe1fffdc68dc8369c7ce9c0,1281052267,1,2,1,0,48,0,0,0,0,0,0,1736,1259.07,206,TRUE,0,0,0,0,0
344218ff3dd9536527d0b8433e3d28f8afb28686,1281050346,1,1,0,0,0,0,0,0,0,0,0,1735,1258.13,114,FALSE,0,0,0,0,0
90a1a2febfad45f776628f7d97341a561300c4e6,1281049822,1,6,6,0.461914,14,20,0,1,11.07,57.5,5.17,1734,1257.15,205,TRUE,0,0,0,0,0
e234a248948d511f88b204341a19660933b2e294,1281048993,2,2,2,0.47756,14,0,0,1,8.17,177,21.5,1733,1256.17,539.5,FALSE,0,0,0,0,0
d9beb75bd61320b5477af2a6494fd35beaa5b8f8,1281048687,1,1,0,0,0,0,0,0,0,0,0,1732,1255.18,47,FALSE,0,0,0,0,0
dadea8c83d7301dd74d1397273087607dff9f3af,1281041822,0,0,0,0,0,0,0,0,0,0,0,1731,1254.39,0,FALSE,0,0,0,0,0
31d40e5509a980c4fa26e3be3b8e0e23cce5f979,1281040342,1,1,0,0,0,0,0,0,0,0,0,1730,1253.43,46,FALSE,0,0,0,0,0
a917e84b51866c66e14cd0c0370b30510f65ed35,1281034798,1,1,1,0,2,2,1,2,0.01,414,39,1729,1252.6,99,TRUE,0,0,0,0,0
f30b4972063746cbeb3d286d06513d302c28be73,1281034055,1,1,1,0,10,1,1,2,0.09,405,38,1728,1251.62,98,TRUE,0,0,0,0,0
706e32c20b8c9da9f845f3e97bd15a83d7df41c2,1281026763,0,0,0,0,0,0,0,0,0,0,0,1727,1250.84,0,FALSE,0,0,0,0,0
4d98552c37f2c770b4a4778242cdaccacea7349a,1281026756,2,2,0,0,0,0,0,0,0,0,0,1726,1249.84,198.5,FALSE,0,0,0,0,0
5311bd3f4e9302e93b6039c691deb65dd64acb75,1281026486,2,3,2,0.57938,20,4,0,3,0.51,330,38,1725,1248.85,537.5,FALSE,0,0,0,0,0
8d716fb7ba0b6e31c3598319aa25afd8c6d63f3b,1281025874,1,2,1,0,24,0,0,2,1.01,369,36,1724,1247.87,96,FALSE,0,0,0,0,0
01b3caaf496273a8a89e74eea5e4c7bda84045e6,1281025307,1,1,0,0,0,0,0,0,0,0,0,1723,1246.89,45,FALSE,0,0,0,0,0
cd73c0b9cabd4f5c4618ed0d2fb0f2583d621084,1281023305,1,1,0,0,0,0,0,0,0,0,0,1722,1245.95,44,FALSE,0,0,0,0,0
7ec52304029941ef89724be03ec1f94646ab00d4,1280940316,1,1,0,0,0,0,1,0,0,0,0,1721,1247.43,283,FALSE,0,0,0,0,0
9dbe026f833eecf22826223df51d41acca74461c,1280940238,1,1,0,0,0,0,0,0,0,0,0,1720,1246.43,282,FALSE,0,0,0,0,0
3fae10da3ebadbe8689655f62a8adb1f7cca4f07,1280938405,0,0,0,0,0,0,0,0,0,0,0,1719,1245.49,0,FALSE,0,0,0,0,0
d775154b9285c5ec4e99eebf1de0fc26dff18407,1280938401,1,1,0,0,0,0,0,0,0,0,0,1718,1244.49,112,FALSE,0,0,0,0,0
6c306b3542278a294b3dceae7bbfb85676e9ef2d,1280938258,2,3,2,0.278129,21,1,1,4,2.35,308,37,1717,1243.49,536,FALSE,0,0,0,1,1
58b46ffeac83d334bbbe43803afc82e672a68332,1280937112,1,1,1,0,1,1,0,3,0.71,265,54,2,1.6,2,TRUE,0,0,0,1,1
0bb7b7c60efeeec1838da37a8417b6486b137eff,1280936116,1,1,0,0,0,0,0,0,0,0,0,1716,1242.56,43,FALSE,0,0,0,0,0
58adf9a3858456d3620165c1fca89d5b6c725864,1280935998,1,1,0,0,0,0,0,0,0,0,0,1715,1241.56,42,FALSE,0,0,0,0,0
d6ba968acef68cfb5b0437cfc9a2847fce0b7ea5,1280933786,1,1,0,0,0,0,0,0,0,0,0,1714,1240.62,41,FALSE,0,0,0,0,0
1706721a6226ae8dc5424df254834cf821b896bd,1280933771,1,1,0,0,0,0,0,0,0,0,0,1713,1239.63,40,FALSE,0,0,0,0,0
7f88bd2eaf75ec01709f7413c8b3e51fae850750,1280875940,1,1,1,0,1,0,0,3,3.96,264,53,1712,1240.35,976,FALSE,0,0,0,0,0
b8193662658935b62f751ee9763efc8c1b2de5dc,1280872415,1,1,1,0,1,1,0,1,4.19,972,53,1711,1239.45,111,FALSE,0,0,0,0,0
47ff7d9dbaca9445aa649782efde86705dd07cea,1280872411,1,1,0,0,0,0,1,0,0,0,0,1710,1238.45,110,FALSE,0,0,0,0,0
e5f5254877c2157303656bf29c7e2558d625413c,1280854644,1,1,0,0,0,0,0,0,0,0,0,1709,1237.98,20,FALSE,0,0,0,0,0
4778f728f96863f15f454a33ad315e1d0aa7413b,1280770623,1,1,0,0,0,0,0,0,0,0,0,1708,1239.48,39,FALSE,0,0,0,0,0
e80e4573bec7c1fd257f29deeccc747f5f8ef00b,1280765090,1,1,0,0,0,0,0,0,0,0,0,1707,1238.65,38,FALSE,0,0,0,0,0
fdf0f3f282be7a856273486f749f497e5306bb2a,1280759738,1,1,1,0,1,1,1,1,18.74,47,6,1706,1237.81,204,FALSE,0,0,0,0,0
a81fce47d09d7fc7e4e282ae207f00be107dfe2a,1280585915,1,1,2,0.00684439,262,261,0,1,0.86,700.5,30.5,1705,1242,109,TRUE,0,0,0,0,0
2cd6989b11de42d20d940e6a3539a23ce1358dd6,1280585909,1,1,1,0,2,2,1,1,16.66,235,21,1704,1241,975,FALSE,0,0,0,0,0
21abb0d205fc254af6c3a2d68795fc2ea9ee0be3,1280538591,1,1,0,0,0,0,1,0,0,0,0,1703,1241.42,281,FALSE,0,0,0,0,0
5e1a271ca2947b61ce752cf07bbf1ae2a4438aed,1280533955,2,2,2,0.181188,12,4,1,3,3.18,303.5,35.5,1702,1240.56,534,FALSE,0,0,0,0,0
868e4c41e19b32b730c09a18738fbbb8637c67b8,1280519510,1,1,0,0,0,0,0,0,0,0,0,1701,1239.99,108,FALSE,0,0,0,0,0
a6e23bb71365c93150c06040c03586922c7d2710,1280512254,1,1,0,0,0,0,1,0,0,0,0,1700,1239.21,280,FALSE,0,0,0,0,0
446406dd6263f8ecc5b450f9f18c4386073b2a91,1280512020,1,1,0,0,0,0,0,0,0,0,0,1699,1238.22,279,FALSE,0,0,0,0,0
091f9f7eae60d6bb2d00fcceef691e3140ce21e2,1280511935,1,1,1,0,1,1,0,1,17.85,17,1,1698,1237.22,93,FALSE,0,0,0,0,0
10b1e062638e09c3c7d0bd540b879a5f14014c6d,1280511672,1,1,1,0,266,266,0,1,0.01,1140,50,1697,1236.23,107,TRUE,0,0,0,0,0
a8865a51fd761e479f88fafc3263a833a1380540,1280510998,2,2,1,0,1,0,0,1,0.01,260,35,1696,1235.25,192,FALSE,0,0,0,0,0
32343297fcfe361e4df5c968b42682f7dae519ed,1280510493,1,1,4,0.161799,58,68,0,1,4.72,656.25,20.5,1695,1234.26,105,TRUE,0,0,0,0,0
aaa5deb0c024073b991de89c0963abaa14baf6ec,1280510190,3,3,1,0,1,1,0,1,6.72,38,16,1694,1233.27,423,FALSE,0,0,0,0,0
808c519a1f0b570e9356b7a0b44cd92041a8a199,1280346521,1,1,0,0,0,0,0,0,0,0,0,1693,1237.16,104,FALSE,0,0,0,0,0
262b110f9f5d0f515fec10f89255f0df6fd57e5c,1280341349,4,4,3,0.348225,0,80,0,3,4.4,216,27.33,1692,1236.32,324,FALSE,0,0,0,1,0
d0fe19f996bec82eb8901c2e0d745a934c1d3fb6,1280335169,1,1,0,0,0,0,0,0,0,0,0,1691,1235.5,102,FALSE,0,0,0,0,0
8e6675677fbcce588cb8319c02eea34d7460c1d5,1280332513,1,1,1,0,1,2,0,1,0,277,32,1690,1234.58,971,FALSE,0,0,0,0,0
82dbae61851d726b99fb65af74f032d7df37f499,1280332369,1,1,1,0,4,1,0,1,1.81,274,31,1689,1233.59,970,FALSE,0,0,0,0,0
018abcfe5f39221d15141d390880c4ad5bc5687b,1280330733,2,2,0,0,0,0,0,0,0,0,0,1688,1232.64,156.5,FALSE,0,0,0,0,0
6b4f716508ede40fc25c56c57a0ba2b50467e967,1280330686,2,2,0,0,0,0,0,0,0,0,0,1687,1231.64,155.5,FALSE,0,0,0,0,0
943f1df3259f0595aafc63ffeeb65e1cc1c6707b,1280278719,1,1,0,0,0,0,0,0,0,0,0,0,0,0,FALSE,0,0,0,0,0
82b6ff0c284a10894f5d87f5670430d799b14801,1280270015,1,1,0,0,0,0,0,0,0,0,0,1686,1232.45,101,FALSE,0,0,0,0,0
d0c3132a63f5c210bb708acb0a72ae0527d8d62d,1280265802,1,1,0,0,0,0,0,0,0,0,0,1685,1231.58,35,FALSE,0,0,0,0,0
02f0252deafaec5d0e839d0e35a33b66145e9622,1280258601,1,1,0,0,0,0,0,0,0,0,0,1684,1230.79,100,FALSE,0,0,0,0,0
74b3921eee097d6121fa5e6bcbc1446562d3b8aa,1280258097,2,2,1,0,0,2,0,3,0.13,322,50,1683,1229.81,534,FALSE,0,0,0,0,0
1695c79021edd4f1555f0b849075cc054dcea9a6,1280250369,1,1,0,0,0,0,0,0,0,0,0,1682,1229.04,98,FALSE,0,0,0,0,0
a3b0534b867f1338a61e626ab1209ca76a47878d,1280250232,1,1,1,0,0,1,0,1,0.01,257,33,1681,1228.04,97,FALSE,0,0,0,0,0
a13f94d40f22fcd25c2e3501f9f4dc012e946c5b,1280248936,1,1,1,0,1,1,0,1,0.01,257,32,1680,1227.08,96,FALSE,0,0,0,0,0
73288420a8b83bac24784a7122b8b6ced0a52b87,1280248227,1,1,3,0.0164868,381,369,0,1,2.71,792,26.33,1679,1226.1,95,TRUE,0,0,0,0,0
e224387eb4053611acc4c63c9ffd253193ed9f82,1280246920,1,1,1,0,3,2,0,3,0,321,49,1678,1225.14,968,FALSE,0,0,0,0,0
626d322639b41661b2809da6ffab4a0a7e3e2f76,1280246857,1,1,1,0,26,19,0,3,0.67,314,48,1677,1224.14,967,TRUE,0,0,0,0,0
7dce7a84c78a7086156f30c450d876f27ec7cd59,1280243433,2,2,0,0,0,0,0,0,0,0,0,1676,1223.24,184,FALSE,0,0,0,0,0
6234268f101adb62f2cfa4254e1bfac7b32b4a42,1280188951,1,1,2,0.00326764,358,358,0,1,0.13,1064,36.5,1675,1223.86,93,TRUE,0,0,0,0,0
7a1525c5688774254f6555ce66e9386b914977eb,1280188868,2,2,1,0,2,2,0,3,0.3,314,47,1674,1222.86,529,FALSE,0,0,0,0,0
fe99eb71477e24f549236b684c5a850a648f9a0a,1280177406,1,1,1,0,1,2,1,2,0.02,344,33,1673,1222.2,92,FALSE,0,0,0,0,3
d691ecbea3b34f11e6562e8b75fbb664fe5204a9,1280177377,1,1,3,0.307233,72,72,0,1,1.51,846.33,27.67,1672,1221.2,91,TRUE,0,0,0,0,0
f60bcca893c91e63fa3ba1c59d8a67bcf5670d10,1280176581,1,4,4,0.408133,15,13,0,1,5.08,64.75,4.5,1671,1220.22,202,TRUE,0,0,0,0,0
75661a2266bbf25480be56960513cf9405ba3ba9,1280176156,0,0,0,0,0,0,0,0,0,0,0,1670,1219.23,0,FALSE,0,0,0,0,0
1026f361efc378882b1e7d1a083885966d887d91,1280176032,1,1,2,0.847128,4,5,0,1,0,227.5,20,1669,1218.24,965,FALSE,0,0,0,2,0
69fe203006e5793325a8c512dc941fd6f23faf46,1280175904,3,3,6,0.313269,26,27,1,2,5.27,246.83,17.83,1668,1217.24,363,TRUE,0,0,0,2,0
f8ccaa3a810e7335027d175a0a224e6c864d51ba,1280163427,1,1,2,0.405639,6,2,0,1,0.05,1062,35.5,1667,1216.61,90,FALSE,0,0,0,0,0
c10a0a0cdf29469d86815d0993dd81c6fbdc7419,1280162944,1,1,1,0,1,1,1,3,2.06,314,46,1666,1215.62,963,FALSE,0,0,0,0,0
c3a2aff9d345aa51067e1efafcd83d35d5744fde,1280159966,1,1,1,0,3,3,0,1,4.85,44,4,1665,1214.71,201,FALSE,0,0,0,0,0
c9e41db826ad49df459776e00b1fe062914393af,1280159314,1,1,0,0,0,0,0,0,0,0,0,1664,1213.73,17,FALSE,0,0,0,0,0
1e7a12fff5a125669806df24f7d31888385bd841,1280158960,1,1,1,0,1,1,0,1,0,970,47,1663,1212.74,89,FALSE,0,0,0,0,0
ba88e48f6acf3642afea8595ad5e8c1b7fa7ffd5,1280158571,1,1,2,0.251463,96,18,0,1,3.22,1023,34.5,1662,1211.75,88,FALSE,0,0,0,0,0
52979662c577574adfabfa962067343104db1d2f,1280158210,1,1,1,0,22,0,0,1,0,254,28,1661,1210.76,962,FALSE,0,0,0,0,0
50e6d80065076e1d910e163f3b01eb83527c1b60,1280158056,2,2,2,0.847128,17,1,0,1,0.01,277,23,1660,1209.77,525.5,FALSE,0,0,0,0,0
16a24cfeac41d2a7795763ac84fc0b1616636c91,1280157142,0,0,0,0,0,0,0,0,0,0,0,1659,1208.79,0,FALSE,0,0,0,0,0
bab095e5b52bfbf5ff892ebaa825bcf703d4ec60,1280157138,2,2,2,0.141182,33,7,1,1,0.01,264,22.5,1658,1207.79,524.5,FALSE,0,0,0,2,2
b1a3b078e9fe342fc7f7e3c888ddad88c314612c,1280156486,1,1,1,0,5,1,1,1,0.01,302,26,1657,1206.81,88,FALSE,0,0,0,0,0
baae44610acfc596517f7717bfabe98ea81b7512,1280155774,0,0,0,0,0,0,0,0,0,0,0,1656,1205.83,0,FALSE,0,0,0,0,0
8d2dffe5b4f856b5fdb48f3f7fb9a85b59264b6b,1280155769,2,2,2,0.188775,29,25,1,1,0,260,21.5,1655,1204.83,523,TRUE,0,0,0,0,0
7b3eb23af83083a60405ff18c6d261dbec91fc88,1280155526,2,2,2,0.890314,36,53,1,1,1.87,268.5,21,1654,1203.84,522,FALSE,0,0,0,4,2
fb526846fe6a913741bb7154a64d3b0b283fcc1f,1280154938,1,1,1,0,24,0,1,1,0,277,23,1653,1202.86,85,TRUE,0,0,0,0,0
6bd137128374edd5fe58acf52f83ff0ee7542953,1280154777,1,1,1,0,16,0,0,1,3.97,261,22,1652,1201.86,84,FALSE,0,0,0,0,0
aceb6ab666b3075825265868abc931a9180151e0,1279984919,1,1,1,0,1,1,1,2,0.67,314,45,0,0,0,TRUE,0,0,0,0,0
3c8c7af196bfab3d27cc405c15f618b2b0b17bfb,1279930449,1,1,1,0,46,43,0,1,1.37,1088,43,1651,1207.4,87,FALSE,0,0,0,0,0
929b43ed48ac6e28bcdd834eb00b69014437baf6,1279930197,1,1,0,0,0,0,1,0,0,0,0,1650,1206.4,273,FALSE,0,0,0,0,0
a947064b7dd9364f900b40114551739d14f7e5c7,1279930007,3,3,1,0,1,1,0,1,7.87,38,15,1649,1205.41,415,FALSE,0,0,0,0,0
5bc9866f43ab24262e989317136c87492fd004bd,1279929432,1,1,1,0,11,1,0,1,0,63,2,1648,1204.43,200,TRUE,0,0,0,0,0
61d82e210a58f77f83f90d9d5a21df1b8065c49e,1279929030,1,1,1,0,15,1,0,1,2.3,49,1,1647,1203.44,199,TRUE,0,0,0,0,0
a876ac93862dca3527a92cb5cb59097c2791d8b8,1279928528,1,1,0,0,0,0,0,0,0,0,0,1646,1202.45,33,FALSE,0,0,0,0,0
da1502c46344ba20f063b7fe5ca9114de6e5c852,1279926747,1,1,0,0,0,0,0,0,0,0,0,1645,1201.5,32,FALSE,0,0,0,0,0
76bb782f64c87e6b5b2cc0042e2e18f8c6ab7a44,1279926727,1,1,1,0,3,1,0,2,1.08,312,44,1644,1200.5,956,FALSE,0,0,0,1,0
e6f4b043cb324d5fae44aab25ed1a59952bbcd22,1279926615,1,1,1,0,6,0,0,2,0,338,31,1643,1199.51,83,FALSE,0,0,0,0,0
d651ffaf2e1048b033803125851a3d471575797b,1279926546,1,1,1,0,6,0,1,2,0,332,30,1642,1198.51,82,FALSE,0,0,0,0,0
e554378b5e40b4a2ba7b03e6f6f015bc7ef45abb,1279926478,1,1,1,0,2,2,0,2,0,332,29,1641,1197.51,81,FALSE,0,0,0,0,0
b463bd797e949ff3c7d54ac846a23736d80d3481,1279926456,1,2,1,0,6,0,0,2,1.08,326,28,1640,1196.51,80,FALSE,0,0,0,0,0
699e6e16c92b2eeec12fd9ef38acacbe2559bb2f,1279833305,0,0,0,0,0,0,0,0,0,0,0,1639,1198.21,0,FALSE,0,0,0,0,0
f8477c41e1165517ee45ba5a07341f0a36ba9c19,1279833299,1,1,2,0.57938,2,1,0,2,0.61,273.5,30,1638,1197.21,955,FALSE,0,0,0,0,0
9a63333aecff069ee5ddce209ce3aa36c73aca70,1279832993,1,1,1,0,12,0,0,2,1.05,314,27,1637,1196.22,79,FALSE,0,0,0,0,0
6e409142580f6546f0b070291841feeb46d4f67d,1279832904,1,1,0,0,0,0,0,0,0,0,0,1636,1195.22,271,FALSE,0,0,0,0,0
56a1dd931e20773e3c5a5a470809c6aa19580384,1279829690,2,2,1,0,1,1,0,1,0.09,955,45,1635,1194.32,178,FALSE,0,0,0,0,0
57fd2e6a52cd3fde8b6c8844d95d93c19ea7e6f4,1279829341,1,1,0,0,0,0,1,0,0,0,0,1634,1193.33,269,FALSE,0,0,0,0,0
113db06cdd4c530a6bbc8c9ebb58030c7f52439a,1279825674,1,2,1,0,2,2,0,1,0.01,116,8,1633,1192.43,198,FALSE,0,0,0,0,0
4ee5c59cfd12a9818a7718b6a68992dff23c321b,1279824983,1,2,0,0,0,0,0,0,0,0,0,1632,1191.45,197,FALSE,0,0,0,0,0
15812678a3f11f92df59ac3a8daeda1b06c82c79,1279824825,1,3,1,0,21,8,0,1,0.02,103,7,1631,1190.46,196,TRUE,0,0,0,0,0
ee0379b321c5269f1a280f4cc7bb1c9ad55a62a5,1279823024,1,1,1,0,4,4,0,1,6.01,103,6,1630,1189.51,195,FALSE,0,0,0,0,0
dcf279177d5cfe72fff648773bfbae23a9f09a4e,1279821894,2,2,1,0,2,2,1,1,7.8,221,17,1629,1188.54,54.5,TRUE,0,0,0,0,0
01115824f7bbee802678f09f27cad12dd14938af,1279821767,1,1,1,0,2,2,0,1,0.11,955,44,1628,1187.54,85,FALSE,0,0,0,0,0
b68473ae1185e1056e49bbfc49a9aa9a7406e6c6,1279816139,1,1,3,0.690602,31,11,0,1,0.01,6.67,1,1627,1186.71,194,FALSE,0,0,0,0,0
a65c203c9b6b8862a97a3dc6da2f2012d376b570,1279815269,1,1,2,0.950997,15,14,0,1,0.44,9.5,1,1626,1185.73,193,FALSE,0,0,0,0,0
0a848240d49921db6980e729aa7cc53d9b7fc0e7,1279813572,1,1,1,0,1,1,1,1,1.74,411,33,1625,1184.78,84,FALSE,0,0,0,0,0
d03821b88adb14443fdfc1447a8fe2b41a6dcd71,1279812615,1,1,1,0,17,2,0,1,0.01,940,43,1624,1183.81,83,FALSE,0,0,0,0,0
4d327628999fb94a29928fcdaad041610921139a,1279811820,1,1,2,0.0126323,240,242,0,1,1.69,1015,32,1623,1182.83,82,TRUE,0,0,0,0,0
2cb4b6d16d58f144b24b383ea22bc65ade501a5e,1279811688,1,1,1,0,1,0,0,1,0,260,21,1622,1181.83,77,FALSE,0,0,0,0,0
b770e566ddf006f7754fa526d5ec1c81aba97da5,1279811622,2,2,2,0.405639,8,0,0,1,0.87,243.5,18.5,1621,1180.84,515,TRUE,0,0,0,0,0
51ebc88f0cade828ccbb8b7492e578024402bc91,1279811225,1,1,1,0,2,1,0,1,0,257,19,1620,1179.85,75,FALSE,0,0,0,0,0
a04a75724d1b1960daeac9e8179512c4c98ff402,1279811166,1,1,1,0,32,0,0,1,2.96,225,18,1619,1178.85,74,TRUE,0,0,0,0,0
6e5af3d7990e8b162aac8aaab95e671d23d5e1e9,1279804890,1,1,0,0,0,0,0,0,0,0,0,1618,1178.03,268,FALSE,0,0,0,0,0
0283a73a32be68eb945935eec5dbd5ab5e5f4fb9,1279748955,1,1,1,0,1,1,0,2,0.07,312,42,1617,1178.62,953,FALSE,0,0,0,0,1
5f593031f02b86ce340525079205b4c5a538a7bf,1279742748,1,1,0,0,0,0,0,0,0,0,0,1616,1177.79,267,FALSE,0,0,0,0,0
0eeef2d4bde2a22f0db45261d24f70c763af6d97,1279742644,2,2,2,0.734496,5,5,1,2,0.03,313,26.5,1615,1176.8,512.5,FALSE,0,0,0,0,0
d3beae4871ccb4a1730cc1ed30516cd9b7df78bb,1279742236,1,1,0,0,0,0,0,0,0,0,0,1614,1175.81,30,FALSE,0,0,0,0,0
8df0df32f8d5489fdd93ffad11830717f82a3e2c,1279740737,2,3,1,0,9,0,0,1,0.01,35,3,1613,1174.85,110.5,FALSE,0,0,0,0,0
bb6164e30b9f961489082db2c7d45a13dede25f7,1279740054,2,3,2,0.045376,44,13,0,1,0.11,297.5,26,5,4.04,2,TRUE,0,0,0,0,0
b0228dd0fdfcbe2645f0f9cd5cb6c5727177ffb5,1279739818,1,6,2,0.47756,2,5,0,1,4.99,28.5,1,1612,1173.88,191,FALSE,0,0,0,0,0
ffca2dee1dccfb765180ec46d4a4a460d519a63c,1279739640,1,1,0,0,0,0,0,0,0,0,0,1611,1172.88,28,FALSE,0,0,0,0,0
cba985bfeac3c5dd71067db178862c7a1a16db80,1279730511,2,2,2,0.229363,2,11,0,1,0.81,302,25.5,1610,1172.14,511.5,FALSE,0,0,0,0,0
6a10a672052cefc156f22b2129b041a4f3e28158,1279729998,1,1,1,0,49,0,0,0,0,0,0,1609,1171.15,190,TRUE,0,0,0,0,0
880fb5bd8980fb7a283dd06d0d5391abe6d57cbe,1279689060,1,1,0,0,0,0,0,0,0,0,0,1608,1171.31,266,FALSE,0,0,0,0,0
6a0ade074da92440df7c896f4e3632c8ceefa784,1279668887,1,1,1,0,229,229,0,1,0.06,1091,41,1607,1170.88,81,FALSE,0,0,0,0,0
6cf4629d0f544f2912d00bb2285775f346dcb2e0,1279663865,2,2,2,0.0151376,41,40,0,1,0,669,23.5,1606,1170.02,172.5,FALSE,0,0,0,0,0
ce23e5fa9e9db1720e0fd2b6d4d8f59d723ec23c,1279663467,1,2,7,0.90342,84,22,0,1,2.46,467.29,11,1605,1169.03,79,FALSE,0,0,0,0,0
d16fb838cac03114d93012bbd662f39cfde23517,1279662004,1,1,0,0,0,0,0,0,0,0,0,1604,1168.07,27,FALSE,0,0,0,0,0
6b9eb8aae329ac44428a11a6e1bf2a10e36e1895,1279660974,1,1,2,0.405639,6,18,0,1,0.02,281,27,1603,1167.1,950,FALSE,0,0,0,0,0
78008d1feaa1f070389318bf784d559bcffc9d09,1279659758,1,1,2,0.928248,43,16,0,1,0.01,1003,30,1602,1166.14,78,FALSE,0,0,0,0,0
69fb9bb39b360f003b66754cd56db13285675cf8,1279659497,1,2,1,0,0,10,0,1,0,293,23,1601,1165.15,71,FALSE,0,0,0,0,0
92f155723511805222e945cf8c21425ebb697718,1279659321,2,3,2,0.61672,27,13,0,1,0.01,253,20,1600,1164.15,509.5,FALSE,0,0,0,1,1
8e487ba36df5a0e19b388f5cbf583449c9379173,1279658910,1,1,1,0,5,1,0,1,0.01,281,21,1599,1163.16,69,TRUE,0,0,0,0,4
7eb088b5ed9a6dc2bc66a73992dfa4eb71a7afb2,1279658757,2,2,3,0.164532,70,17,0,1,0.76,729,21.33,1598,1162.17,170.5,FALSE,0,0,0,0,0
9ef8ea95b0b39ee4f26b351dfd30c8657b34f0f4,1279658429,2,3,3,0.884258,62,0,0,1,0.41,258.33,20.33,1597,1161.18,508,TRUE,0,0,0,2,2
eedf54b485e01f5086eefdfcf66c55970c2720ef,1279656410,1,1,1,0,14,0,0,1,0.01,246,19,1596,1160.23,67,FALSE,0,0,0,0,0
a4618159578244508e3d8a690fa2e95da02881fe,1279655768,2,3,2,0.6973,12,1,0,1,4,276,22,1595,1159.25,506.5,TRUE,0,0,0,1,1
687c2f08f6e7c66d35689295e2299646a721eb99,1279655406,1,1,0,0,0,0,1,0,0,0,0,1594,1158.26,15,FALSE,0,0,0,0,0
2294f23e5f810f12ac502720faccf5acb2d3628d,1279643356,2,2,1,0,4,3,1,1,4.07,232,27,1593,1157.6,169.5,FALSE,0,0,0,0,0
bdfd81322b7f29f75d40fdf9c91374e6bef3115b,1279641383,1,1,0,0,0,0,0,0,0,0,0,1592,1156.65,262,FALSE,0,0,0,0,0
3ceb0de8d8ec14c704d5891416522898ab464393,1279578473,2,2,1,0,5,5,0,1,0.24,905,38,1591,1157.4,168,FALSE,0,0,0,0,0
c4b5208867ad798c7bde0315af1efa906fb95aa1,1279557439,1,1,2,0.550159,22,3,0,1,2.86,967.5,28.5,1590,1156.99,74,FALSE,0,0,0,0,0
9c3f6b0c10a7c1aaecc245a7e7e8029ffc016f8f,1279555660,0,0,0,0,0,0,0,0,0,0,0,1589,1156.04,0,FALSE,0,0,0,0,0
0550755c7d27f755153ef93cac2e4c26e21dd77f,1279555655,2,2,2,0.847128,13,5,1,1,1.47,207.5,15.5,1588,1155.04,505.5,TRUE,0,0,0,0,0
47602f267a29b28dbdfff35d8bceafbe93c03663,1279554042,1,1,1,0,14,0,1,1,3.7,205,16,1587,1154.08,64,TRUE,0,0,0,0,0
656e67ef9058e15a80f02c5c55aae614deb6173d,1279552724,1,1,1,0,15,15,0,1,2.68,79,3,1586,1153.12,189,FALSE,0,0,0,0,0
c53883b6351f3b55c587cd137d88088ebeeae7d4,1279552515,1,1,1,0,7,0,0,1,2.69,26,1,1585,1152.12,188,FALSE,0,0,0,0,0
c4278c81f195434e773bb80265de47509a3784f2,1279321146,1,1,1,0,35,6,0,1,2.09,50,2,1584,1157.57,187,FALSE,0,0,0,0,0
c94dcf594097b04aeb63b225eeb546966dc8b748,1279320095,0,0,0,0,0,0,0,0,0,0,0,1583,1156.6,0,FALSE,0,0,0,0,0
08ca3eff1234e77087588799a6f85d5ce8cc09f1,1279320092,1,1,1,0,26,0,0,0,0,0,0,1582,1155.6,186,TRUE,0,0,0,0,0
b40a241b2e18503c3e1f0fbaf5cdbd282fdb987b,1279312475,1,3,1,0,8,0,0,1,0.09,27,1,1581,1154.81,185,FALSE,0,0,0,0,0
f86f1e83ad4e69f564b8c3da4d9b3ca387243fb1,1279310105,1,2,1,0,14,3,0,1,0.01,229,17,1580,1153.88,63,FALSE,0,0,0,0,0
be85701abe2f73d69ae62635a2d7e45cd93f176f,1279309916,1,1,2,0.0296568,224,202,0,1,0.07,956.5,28,1579,1152.89,73,TRUE,0,0,0,0,0
190eb474a6635e057e849cda4e811530a9c8aec0,1279309714,1,1,1,0,15,14,0,1,0,311,35,1578,1151.89,945,FALSE,0,0,0,6,1
8db1138081a5b777bc219f2c0c91d5a3ff04ef9a,1279309325,2,2,2,0.484133,41,4,0,1,4.06,251.5,20.5,1577,1150.9,503,FALSE,0,0,0,2,1
afbfd4d3fadef697b74bea7cff2a39a1a146b793,1279304735,0,0,0,0,0,0,0,0,0,0,0,1576,1150.03,0,FALSE,0,0,0,0,0
9b8efbfdd585002638647de805dc6492868a4c4e,1279304730,1,3,2,0.85908,49,0,0,0,0,0,0,1575,1149.03,184,FALSE,0,0,0,0,0
cacada87f3992ce441e3502e40bffbd012650de2,1279303474,1,1,3,0.0545416,200,200,0,1,0.13,770.33,21.67,1574,1148.06,72,FALSE,0,0,0,0,0
8a36c54318edba66422a8537f8eb8ba477d193ca,1279303425,2,2,2,0.405639,4,4,0,1,0.99,149.5,11,1573,1147.07,563,TRUE,0,0,0,0,0
879d411669d7e322bad715d48adeaaf0a324c4dd,1279303263,1,1,0,0,0,0,0,0,0,0,0,1572,1146.07,14,FALSE,0,0,0,0,0
b38be2ce7b54557c080b01f949a686a70540edf6,1279303164,1,1,0,0,0,0,0,0,0,0,0,1571,1145.07,26,FALSE,0,0,0,0,0
1810c9b61cfe23429f46ce8bd0083660412be57b,1279294283,1,1,1,0,22,0,0,1,0.02,856,34,1570,1144.32,71,FALSE,0,0,0,0,0
98737f14f1247e0a4cad6afb83edebfee7eaf1e9,1279293686,1,1,1,0,4,2,0,1,0.88,50,6,1569,1143.33,182,TRUE,0,0,0,0,0
b311118a044ab91ebfdf568aa5f76948d60c01b4,1279293223,1,1,0,0,0,0,0,0,0,0,0,1568,1142.35,260,FALSE,0,0,0,0,0
8a337f1faffb721c12239211ccc36b5cd2968cff,1279292600,1,1,1,0,4,2,0,1,0.01,854,33,1567,1141.36,70,FALSE,0,0,0,0,0
dbc5bd41048d77e563e3a5de8abb86009563a338,1279291883,1,1,1,0,2,1,0,1,0.01,231,26,1566,1140.38,69,FALSE,0,0,0,0,0
a9c3f566daade8b611658046e49ec369aa186f80,1279291522,1,1,1,0,1,1,1,1,0.01,398,30,1565,1139.39,68,FALSE,0,0,0,0,0
6d9c9cd96413cae62f34d25304979a7bbc6470a0,1279291482,1,1,0,0,0,0,0,0,0,0,0,1564,1138.4,259,FALSE,0,0,0,0,0
25c8883e4991e03e2f68a655c51d9e31469aad50,1279291445,1,1,1,0,1,2,0,1,0,855,32,1563,1137.4,67,FALSE,0,0,0,0,0
793943fc2f49ab436355f387fedba8f5ba5194d2,1279291411,1,1,2,0.0773216,52,0,0,1,0.01,919,25.5,1562,1136.4,66,TRUE,0,0,0,0,0
e98f86c54027abc06b03218c6d30e4ecdcb77dc3,1279290870,1,1,1,0,3,0,0,1,0,295,33,1561,1135.41,942,FALSE,0,0,0,0,0
1c8ff48f92bd876cd9ede97b7f402cea8b82e011,1279290813,2,3,8,0.507084,27,8,0,1,0.36,418.62,11.75,1560,1134.41,503,FALSE,0,0,0,0,0
1fb73e22116ede413de555a718a029595fda7604,1279290236,1,1,2,0.847128,7,2,0,1,0.72,626,16,1559,1133.43,64,FALSE,0,0,0,0,0
5279ade0e78d0bd0c91402c882ab0e55c16b3abe,1279290070,1,1,1,0,4,0,0,1,1.65,140,10,1558,1132.43,61,FALSE,0,0,0,0,0
984134fb9df7a6020500c5c5067521e8cb174115,1279289863,1,1,1,0,1,1,0,1,0.44,295,31,1557,1131.44,940,FALSE,0,0,0,0,0
eb8f1f24b76b6a46e677064cfb83e4dd87ed7d8d,1279289801,0,0,0,0,0,0,0,0,0,0,0,1556,1130.44,0,FALSE,0,0,0,0,0
e49dc8bcfa87df2f0e3fbf45793639429b19403c,1279289742,0,0,0,0,0,0,0,0,0,0,0,1555,1129.44,0,FALSE,0,0,0,0,0
e742da24a7139222c73eda723c529fb6b9d021b5,1279289468,1,1,1,0,1,1,1,1,0.6,787,29,1554,1128.45,63,FALSE,0,0,0,0,0
203b65475c22f188f72de4164051cb6125050cec,1279251927,1,1,1,0,18,2,0,1,3.38,279,30,1,1,1,TRUE,0,0,0,0,0
576c5f4c9e0e452631a549a66bcba43bc760703c,1279250268,1,1,1,0,1,1,0,1,0.23,38,14,0,0,0,FALSE,0,0,0,0,0
d2434b5591cb12033e2ea5cda6ff23e8f3cce187,1279238231,1,1,0,0,0,0,1,0,0,0,0,1553,1128.84,258,FALSE,0,0,0,0,0
634c008fcd9e52d5991fd2334889690267e51534,1279238030,1,1,0,0,0,0,0,0,0,0,0,1552,1127.85,257,FALSE,0,0,0,0,0
83f1ccb8ad87a9e8009d1083eaf1c5a21840cca4,1279237511,1,1,0,0,0,0,0,0,0,0,0,1551,1126.86,256,FALSE,0,0,0,0,0
cea401c5134701aecbd12360dcc7d26a340c67dd,1279237297,1,1,1,0,16,0,0,1,0.01,771,28,1550,1125.87,62,TRUE,0,0,0,0,0
6b54c1b6d4d8e098ef7c952d40da2d90a75d4282,1279236325,1,1,0,0,0,0,0,0,0,0,0,1549,1124.89,13,FALSE,0,0,0,0,0
193c4a953ee4290852d398d65fa96dd6818d9ab2,1279236032,2,2,1,0,7,4,0,1,0.02,768,27,1548,1123.9,158,FALSE,0,0,0,0,0
d389134036325df377e3f04592c2a0e4ae38e260,1279235971,1,1,0,0,0,0,0,0,0,0,0,1547,1122.9,254,FALSE,0,0,0,0,0
d8b140e341e35d5bbcc9058e0f310945d540599a,1279235065,1,1,0,0,0,0,0,0,0,0,0,1546,1121.93,253,FALSE,0,0,0,0,0
5931e1143bf278e5e9c7659d0a470c22b92e1e2f,1279234909,1,1,0,0,0,0,0,0,0,0,0,1545,1120.93,252,FALSE,0,0,0,0,0
e6d0c4b79ff4dad05ce867a62a71bb3487acedd2,1279234582,2,2,0,0,0,0,0,0,0,0,0,1544,1119.94,138,FALSE,0,0,0,0,0
44a4a18320a60ecafe0735427b5a7d83da69cc29,1279234367,1,1,1,0,0,4,0,1,0.93,209,15,1543,1118.94,60,FALSE,0,0,0,0,0
2f96506a6e2c973bf65fdd71648ee2c81b0e7fd8,1279234165,1,1,2,0.0462385,55,1,0,1,0.09,556,22.5,1542,1117.95,60,TRUE,0,0,0,0,0
f904606b32091fd1ee5c312a4f69ecc0b87daca9,1279233492,0,0,0,0,0,0,0,0,0,0,0,1541,1116.97,0,FALSE,0,0,0,0,0
99bb14680aada7248c4adc3f98be1168bfbc4059,1279233488,2,3,0,0,0,0,0,0,0,0,0,1540,1115.97,102.5,TRUE,0,0,0,0,0
83df3dda95c0f4f6474cfea755424aa6cce31a16,1279231142,1,3,1,0,29,0,0,0,0,0,0,1539,1115.03,180,TRUE,0,0,0,0,0
5e4d67209cc458c59abeafa1adb772e222aee27a,1279230626,2,2,2,0.57938,2,1,0,1,0.03,631,17.5,1538,1114.04,154.5,FALSE,0,0,0,0,0
2798af16684fee0a401fc1802fe294c108b17969,1279230535,1,1,0,0,0,0,0,0,0,0,0,1537,1113.05,249,FALSE,0,0,0,0,0
f0e41ce4c76e4b56132fc5ef8eb179d5710cc1ce,1279230277,3,3,1,0,1,1,0,1,8.06,38,13,1536,1112.05,399.667,FALSE,0,0,0,0,0
300602dd3273fc7d9ed357f96a404ce7aed5afc3,1279229924,1,1,1,0,2,0,0,1,0.05,228,23,1535,1111.06,58,TRUE,0,0,0,0,0
136f6778e2b28a9fe5d9a1f8e52c124441316b88,1279229784,1,1,0,0,0,0,0,0,0,0,0,1534,1110.07,247,FALSE,0,0,0,0,0
2fa7907054d17fd65a58cfadb27cf0e5b31973d6,1279226951,1,1,1,0,17,0,0,1,0,697,25,1533,1109.14,57,FALSE,0,0,0,0,0
f3803c4c22e8c3af5d86671e8e3cddb686619681,1279226802,1,1,1,0,11,0,0,1,0.01,686,24,1532,1108.15,56,FALSE,0,0,0,0,0
5d37927b0a0eea7eb5e22723250517aa07dc27b4,1279226397,2,2,2,0.357431,9,31,0,1,0.43,625,22.5,1531,1107.16,496.5,FALSE,0,0,0,0,0
6227f5cfa267c652c5c244b284b70b93b9f9e6b9,1279225843,1,1,1,0,3,1,0,1,0,684,23,1530,1106.17,54,FALSE,0,0,0,0,0
9fbb9fa5e11ed0631b161534c328ac106bf6a545,1279225790,1,1,1,0,64,0,0,1,0,620,22,1529,1105.17,53,TRUE,0,0,0,0,0
de81ee7ee6353a734c637e1d2eddf010d1af927d,1279225483,3,4,8,0.0898052,86,28,0,1,0.16,228,6.12,1528,1104.18,84.6667,TRUE,0,0,0,0,0
5fcf971e2848ca5d9965bee973266be361f72c2c,1279224600,1,1,2,0.00570626,208,208,1,1,0,811,18.5,1527,1103.2,51,FALSE,0,0,0,0,0
492f70fc4b3c915072062dbc3c2c3789e235fe76,1279224540,0,0,0,0,0,0,0,0,0,0,0,1526,1102.21,0,FALSE,0,0,0,0,0
3ced7b7212b48606b477602001d255960d418038,1279224514,1,2,7,0.0166338,213,207,0,1,0,405.43,6.86,1525,1101.21,50,TRUE,0,0,0,0,0
7b55867ea72c88e9ef950d65424369bd77f7e4ae,1279224416,2,3,8,0.139169,274,244,0,1,0.02,353.62,5.88,1524,1100.21,35.5,FALSE,0,0,0,0,0
3e15ef1c86ef6e5060d932f90ab473ca8db2d436,1279223397,1,2,7,0.212024,303,237,0,1,0.7,391.71,6.57,1523,1099.24,48,FALSE,0,0,0,0,0
0cdc836054b12e7a470d827645306efbafb51a86,1279220814,3,3,3,0.504561,83,41,0,1,0.29,528,11,1522,1098.3,104.667,TRUE,0,0,0,0,0
1aad62b95deb1976a6b8670156bffe342549e2f4,1279217465,2,2,1,0,3,3,0,1,1.1,50,5,1521,1097.39,211.5,FALSE,0,0,0,0,0
ed1c88920efd9ef9b17063a600679698e99d53e0,1279217297,1,1,0,0,0,0,0,0,0,0,0,1520,1096.4,244,FALSE,0,0,0,0,0
e6ca20c4a2843089f6b57d10184c5b660ef0a227,1279217276,1,1,0,0,0,0,0,0,0,0,0,1519,1095.4,11,FALSE,0,0,0,0,0
cfa3470df6fc6f8486af1caf59382527c02c8504,1279216923,1,1,0,0,0,0,0,0,0,0,0,1518,1094.4,243,FALSE,0,0,0,0,0
479f297cf611042f65e06d6b8ae1d67e74c68e57,1279216545,1,1,1,0,22,8,0,1,0,44,4,1517,1093.41,177,FALSE,0,0,0,0,3
7e1b222f9067d8b9410105b909ac477415dae368,1279216358,1,1,1,0,12,6,1,1,0.08,38,3,1516,1092.42,176,FALSE,0,0,0,1,1
69baa6ea1a432155e17c4b969c65c4913005d549,1279215887,1,1,1,0,142,362,0,1,0.8,1275,23,1515,1091.43,46,FALSE,0,0,0,0,0
0fce93be37d22cfbe858130f076ffb637008e422,1279209411,2,3,2,0.775805,4,8,0,1,0.77,72.5,3,1514,1090.6,208.5,TRUE,0,0,0,0,0
51611ec2bb8c9d19c6cfaa704983de8f8213e62e,1279154176,1,1,1,0,17,3,0,1,0.01,195,14,1513,1091.03,59,TRUE,0,0,0,1,0
228a78136df2975f8a0795b12d38b8edbbf313d6,1279153525,4,4,3,0.460378,6,9,0,1,0.05,143.33,8.67,1512,1090.05,352.5,TRUE,0,0,0,0,0
34d10ace7a137ffec0110a832501845811f47d79,1279153180,1,1,1,0,20,3,0,1,1.34,178,12,1511,1089.06,57,TRUE,0,0,0,0,0
57bd0a5628109f4cc73bc465cb24f3541af82640,1279152978,2,2,0,0,0,0,0,0,0,0,0,1510,1088.07,206.5,FALSE,0,0,0,0,0
42e4860855ede0bb100c9b2c7285f0ead2ec1bcf,1279152734,1,1,0,0,0,0,0,0,0,0,0,1509,1087.07,239,FALSE,0,0,0,0,0
ea1c9f70d74a73ac0eb8efedea52e61df3a66e85,1279152561,0,0,0,0,0,0,0,0,0,0,0,1508,1086.08,0,FALSE,0,0,0,0,0
d3085b04503068418fb333944a4d902e906571ab,1279152557,2,3,1,0,37,0,0,0,0,0,0,1507,1085.08,205,TRUE,0,0,0,1,0
63d02f1d5fd173dee01f3adf50088e1f535acb24,1279150070,2,2,2,0.066266,19,1,0,1,0.06,360.5,14.5,1506,1084.14,141,TRUE,0,0,0,0,0
dfecbe5bfa112c38d312a3106e14a71442fc6f84,1279149300,1,1,1,0,77,0,0,1,0.03,435,14,1505,1083.16,44,TRUE,0,0,0,0,0
bcf9f00de58832fd02c9cbd4c1cc40c8da0f80c5,1279148767,1,1,0,0,0,0,0,0,0,0,0,1504,1082.17,236,FALSE,0,0,0,0,0
a8e8e356789eb6c56f3a97c0c7246c255f511b29,1279148366,1,1,0,0,0,0,0,0,0,0,0,1503,1081.18,235,FALSE,0,0,0,0,0
2ec4a8b4cee6c8be5204d98aa64073e534fe3c37,1279147840,1,1,2,0.87387,11,11,1,1,1.03,180.5,12.5,1502,1080.2,56,TRUE,0,0,0,0,0
6c3d3dee81f3f048602b2aee3178692bdf7032b8,1279147776,1,1,0,0,0,0,0,0,0,0,0,1501,1079.2,234,FALSE,0,0,0,0,0
40b3116ed70c4689511a4c90c6c51ccee2befd11,1279147453,1,1,0,0,0,0,0,0,0,0,0,1500,1078.21,233,FALSE,0,0,0,0,0
df7582b1387fc237e5a2b97ab4b4a893270a87e4,1279146646,1,1,0,0,0,0,0,0,0,0,0,1499,1077.23,232,FALSE,0,0,0,0,0
b08dab9aa11228bcb42184369a2e3467b71db3e0,1279146558,2,2,3,0.161956,92,10,0,1,0.02,621,16.33,1498,1076.23,489.5,TRUE,0,0,0,0,0
da5a4804df092b04fe42290248fcb42fdbce0861,1279145725,2,2,2,0.61672,39,1,0,1,0.01,209,10,1497,1075.25,495,TRUE,0,0,0,0,0
d12f43498e916985ba1807c7cbc1df1274c6db98,1279145205,0,0,0,0,0,0,0,0,0,0,0,1496,1074.26,0,FALSE,0,0,0,0,0
f9f2facd765485a57e57e20fee0814f104ed2c48,1279145201,2,3,2,0.853347,46,1,0,1,0.02,186.5,9.5,1495,1073.26,494,TRUE,0,0,0,1,0
eaee3954c1f033fb3f516b20cddfd2eb154c1d30,1279144123,1,1,0,0,0,0,0,0,0,0,0,1494,1072.29,231,FALSE,0,0,0,0,0
eb235e11b69bea5d31792fcec6f954ad281056e7,1279143930,1,1,1,0,7,0,0,1,0,404,12,1493,1071.3,42,TRUE,0,0,0,0,0
0c5fe61ed32a570dc4a0df99f32abfe33b83a9c1,1279143764,1,1,2,0.233839,87,60,0,1,0.01,797,13.5,1492,1070.3,41,FALSE,0,0,0,0,0
76052b443a1ba2495ff99f25df259e1f7478894b,1279143509,2,2,2,0.405639,6,2,0,1,0.01,184.5,9,1491,1069.31,493,FALSE,0,0,0,0,2
5a48248e1e03695ff76cb578c22505bafc811c82,1279143389,1,1,1,0,18,0,0,1,0,363,10,1490,1068.31,40,FALSE,0,0,0,0,0
bedff3278fe547fcbb3e54d1478f1a9658a7e278,1279143051,1,1,2,0.100414,353,233,0,1,0.03,728,12.5,1489,1067.32,39,TRUE,0,0,0,0,0
0bb48153a5e2cf2eea1fbcc7ed78962f5cf89a5f,1279142268,2,2,2,0.425409,42,8,0,1,0.01,167.5,8.5,1488,1066.34,492,TRUE,0,0,0,1,1
b75246e3ca1dae8933a939398c1e1c2a131fca40,1279141410,2,2,3,0.507195,17,6,0,1,0.41,174,9.67,1487,1065.36,491,FALSE,0,0,0,0,0
2d31f0d7fe38a0a6f358fbfcc5e89f1d2a237abf,1279141166,1,1,1,0,25,2,0,1,0.02,153,14,1486,1064.37,930,FALSE,0,0,0,0,0
87cfca721eca63f3d5f9ae9a1af8ce44d66deb94,1279140599,0,0,0,0,0,0,0,0,0,0,0,1485,1063.38,0,FALSE,0,0,0,0,0
54d36f3337769adf5c01d692cba147f517ef1f7c,1279140591,4,5,7,0.0722312,191,194,0,1,0.24,335.29,5.86,1484,1062.38,112.25,FALSE,0,0,0,0,0
a4a17d171a86e9bfaabad314c24a9d055f2b87b9,1279139850,2,2,2,0.533969,16,0,0,1,0.01,150,7,1483,1061.4,489.5,FALSE,0,0,0,0,0
7c2673fc668d181b7a43155c6096198bceeeed4b,1279139379,2,2,2,0.196532,62,5,0,1,3.47,121.5,6.5,1482,1060.41,488.5,TRUE,0,0,0,0,0
c77ecbb10f25cb81b1d751ccf4ab7697279d938f,1279138659,2,2,1,0,18,1,0,1,6.93,132,11,1481,1059.43,578,FALSE,0,0,0,0,0
f0ba57ba23e71f774a2dcda3c6992298d69bf624,1279134416,2,3,7,0.166696,256,16,0,1,1.03,335.57,5,1480,1058.54,132.5,TRUE,0,0,0,0,0
893aa803612d0a74a7f8766dd719f4a5963cbc30,1279132858,1,1,0,0,0,0,0,0,0,0,0,1479,1057.57,170,FALSE,0,0,0,0,0
59ac3d1d454d369f85a8c3d88dddca3c40814994,1279132598,0,0,0,0,0,0,0,0,0,0,0,1478,1056.58,0,FALSE,0,0,0,0,0
247a9478c882f9742714694f5617659945477db1,1279132592,1,3,1,0,23,3,0,1,0.01,88,3,1477,1055.58,169,TRUE,0,0,0,0,0
1c64d858c290f4edfa4ea956e3b88b6361eefb7e,1279131819,1,2,1,0,21,2,0,1,0,69,2,1476,1054.6,168,TRUE,0,0,0,0,0
91a1d7faafdf1c1593c35a7c4f55cf25fbdd0bab,1279131597,1,1,1,0,16,2,0,1,0.01,55,1,1475,1053.61,167,TRUE,0,0,0,0,0
214bbfa7b6d7f1b03856fda6dfb87b8c25e2697f,1279131318,1,2,0,0,0,0,0,0,0,0,0,1474,1052.61,166,FALSE,0,0,0,0,0
3ee4492b3cbe5e60ac374e0b6c49e8c3c142decd,1279131074,1,3,1,0,55,0,0,0,0,0,0,1473,1051.62,165,TRUE,0,0,0,0,0
38c453b3c69f9eb72fcf0ce973c4a816949be80b,1279129763,1,1,0,0,0,0,0,0,0,0,0,1472,1050.65,36,FALSE,0,0,0,0,0
3d41c619910f3af5f7bbacefe7d669c13d6be907,1279128223,2,2,2,0.0533127,38,11,0,1,1.69,647,9.5,1471,1049.69,131,FALSE,0,0,0,0,0
1f9f47f97efc6a7e15d8a3e7d64f0e3f992f7cfb,1279127892,1,1,0,0,0,0,0,0,0,0,0,1470,1048.7,226,FALSE,0,0,0,0,0
41cc2923b1bf63df3d2369055cb22adb994846a6,1279125278,2,2,1,0,10,5,0,1,0.02,45,4,1469,1047.76,92,TRUE,0,0,0,0,0
4c180f3eed4971106881592048930150b5193ca1,1279123174,3,3,1,0,8,8,0,1,0.01,45,3,1468,1046.81,135.667,TRUE,0,0,0,0,0
5f9a64dbea70e3f3bac8600d6df027de3e0eb3e9,1279122560,1,1,1,0,1,0,0,1,0.95,44,2,1467,1045.83,162,FALSE,0,0,0,0,0
9d37bfdcf10da0fe05dff50f184f112c207c26bc,1279122203,1,2,2,1,8,4,0,1,6.41,30,2.5,1466,1044.84,161,TRUE,0,0,0,0,0
d738c3aca64af14fc8be8e3fb7cd812b3a82d943,1279045957,1,1,0,0,0,0,0,0,0,0,0,1465,1045.71,9,FALSE,0,0,0,0,0
836c4313ab41f44a96ed4d03dd69c6d01e1258bb,1279045881,1,1,0,0,0,0,0,0,0,0,0,1464,1044.71,224,FALSE,0,0,0,0,0
91c6478add2594a1ed319bf26f68f50929985bee,1279045759,1,1,0,0,0,0,0,0,0,0,0,1463,1043.71,18,FALSE,0,0,0,0,0
fce527a55bc16c02d16c5461e7a9cba30ff0cfda,1279040861,1,1,1,0,8,2,0,1,0.01,38,1,1462,1042.83,160,FALSE,0,0,0,0,0
9a1f62fc1fbba665f2b2635820d8e3db93883b03,1279039713,1,1,1,0,38,0,0,0,0,0,0,1461,1041.86,159,TRUE,0,0,0,0,0
018d8656d366eb73063f27577ad3e0d4a911b728,1279039059,2,2,1,0,53,0,0,0,0,0,0,1460,1040.88,190.5,TRUE,0,0,0,0,0
2636e1ba452eb48ebe3029c9a95df85e6c149073,1279037350,2,2,2,0.713364,46,0,0,1,2.44,157.5,11,1459,1039.92,487,TRUE,0,0,0,0,0
caed07dfc125ebaa609c7b3ffc59b77d64a2e86d,1279036124,1,1,1,0,26,0,0,0,0,0,0,1458,1038.95,157,TRUE,0,0,0,0,0
373cf3328d7cf0a659535286545f6fc33fc53aa2,1279035416,1,1,1,0,2,1,0,1,0,149,10,1457,1037.97,47,FALSE,0,0,0,0,0
0370c3fa01d390821351564d19b2aa4406d929be,1279035382,1,1,1,0,2,4,0,1,0,151,9,1456,1036.97,46,FALSE,0,0,0,0,0
f5143a7d6368459dd56585c7cdcc65cf9438914b,1279035322,1,1,1,0,1,0,0,1,5.86,150,8,1455,1035.97,45,FALSE,0,0,0,0,0
346b2a27cba1c1e41a1eb1b7d4e649c8567c616e,1278981986,1,2,6,0.536277,17,22,0,1,0.01,387.83,5.5,1454,1036.27,34,FALSE,0,0,0,0,0
38281e6361cc07ad4ad4bc51b644c402d6f69512,1278981781,1,1,1,0,2,0,0,1,0,319,5,1453,1035.27,33,TRUE,0,0,0,0,0
6e8413f568be8a4bfaf182e7c667930474abd35e,1278981554,1,1,1,0,52,51,0,1,0,318,4,1452,1034.28,32,TRUE,0,0,0,0,0
cb0436438155b9db61162755fd17af0d1b1eacb9,1278981446,1,1,1,0,25,0,0,1,0,293,3,1451,1033.28,31,FALSE,0,0,0,0,0
83d25551236cc3a6b2bb29a9a02972a45679af79,1278981127,1,2,6,0.151415,114,66,0,1,0.03,375.17,4.83,1450,1032.29,30,FALSE,0,0,0,0,0
0ace97c8d4e6ccca2b85768619b914f95dc1d5b2,1278979792,1,1,1,0,20,8,0,1,0,229,1,1449,1031.32,29,TRUE,0,0,0,0,0
9e3a0c61b8fa1916a85eea84725447d60f0c77c9,1278979595,2,2,2,0.0324033,233,2,0,1,0.01,182.5,9.5,1448,1030.32,125,TRUE,0,0,0,0,0
2fda5c787348db07229aaadc84518b39df2a20f3,1278978450,1,2,5,0.109368,243,231,1,1,0,399.2,5.2,1447,1029.35,27,FALSE,0,0,0,0,0
e29868c8ce11eebc2f3191eea8a35276409e95e8,1278978293,1,1,1,0,9,0,0,1,0,201,11,1446,1028.36,26,TRUE,0,0,0,0,0
ac560be870d0b91f8b11ae9e1917a2f73b6dee0e,1278978131,1,2,5,0.248432,82,64,0,1,0.01,393.8,4.8,1445,1027.36,25,TRUE,0,0,0,0,0
5a29cbf4a73e55b7ad3e1dbd679e19a8b9abc6b7,1278977761,1,1,1,0,2,1,0,1,0.01,195,9,1444,1026.37,24,FALSE,0,0,0,0,0
dc77894f68afd7168c77c16c9414cb0bdc0d44ef,1278977563,1,1,1,0,8,1,0,1,0,348,16,1443,1025.37,23,TRUE,0,0,0,0,0
74432a6b9d34629ffa1e5a9114dff6d85e918d19,1278977393,1,1,1,0,12,0,0,1,0,336,15,1442,1024.38,22,FALSE,0,0,0,0,0
2b2fa7e77cfb08d10f13e048873d769715ef1ddb,1278976996,1,2,5,0.0211273,221,227,0,1,2.86,391,4,1441,1023.39,21,TRUE,0,0,0,0,0
c3f71b33aa7306f1a37d28ef47f7fd62038ede67,1278976660,1,1,1,0,14,14,0,1,0,336,13,1440,1022.39,20,FALSE,0,0,0,0,0
927aae72d1b974c18c863b80a12869f27d44b58e,1278976553,1,1,1,0,35,1,0,1,0.01,302,12,1439,1021.4,19,TRUE,0,0,0,0,0
2a674f4e8d49bec53ea7b6a36d34dda767614dd2,1278976023,1,1,1,0,22,0,0,1,0.01,280,11,1438,1020.41,18,FALSE,0,0,0,0,0
0b86ce2bda21ac4fada47f8ab825160568c588fb,1278975534,1,1,1,0,28,0,0,1,0.01,252,10,1437,1019.42,17,FALSE,0,0,0,0,0
548a0709f4641d0369a953c60185ea07d105495a,1278974829,1,1,1,0,25,0,0,1,0,227,9,1436,1018.44,16,FALSE,0,0,0,0,0
da84c0bb4d49f46ec403023ccc83c6b9e16d7924,1278974558,1,1,1,0,17,0,0,1,0.01,210,8,1435,1017.44,15,FALSE,0,0,0,0,0
9e68a5b9abe73ce2dc2d98d27ec00eb38c4a880f,1278973726,1,1,2,0.152324,311,156,0,1,4.41,576,6,1434,1016.46,14,FALSE,0,0,0,0,0
6982bdaa28ba4d622883c27f2a5621ba489b1d09,1278971732,1,1,0,0,0,0,0,0,0,0,0,1433,1015.51,17,FALSE,0,0,0,0,0
c1809232fe32a95956ceb4b46703de6e32a002b7,1278971719,0,0,0,0,0,0,0,0,0,0,0,1432,1014.51,0,FALSE,0,0,0,0,0
3c06c82eb7535abd083cd3e46acbd4e456104fc2,1278971714,3,3,1,0,32,1,0,1,4.91,109,8,1431,1013.51,93.6667,TRUE,0,0,0,0,0
1bcccb313402d6bc47c418d14083a9599197f562,1278969290,2,2,3,0.581649,100,0,0,1,1.63,46.67,3.33,1430,1012.57,484,FALSE,0,0,0,0,0
cdf49dc87e075435eabbb6ba3e8f68fb8618a906,1278959707,1,1,1,0,1,1,0,1,3.87,279,29,1429,1011.8,924,FALSE,0,0,0,0,0
0a0fb8f803645e76c3e07d7553c1261855abeb0f,1278718898,1,1,0,0,0,0,0,0,0,0,0,1428,1016.5,15,FALSE,0,0,0,0,0
60cfd563697da0e4968452d1374238fb35e189cc,1278714733,2,2,2,0.00681751,177,173,0,1,1.69,580.5,5.5,1427,1015.59,116.5,FALSE,0,0,0,0,0
73050d38c5dc2784082d1040b7a6eb5dbf7a07cb,1278714665,1,1,0,0,0,0,0,0,0,0,0,1426,1014.6,219,FALSE,0,0,0,0,0
c50e9419729b96873a9555ae4ccebc39000891bf,1278714531,1,1,0,0,0,0,0,0,0,0,0,1425,1013.6,218,FALSE,0,0,0,0,0
7c59fd21e2c84f615ac5d27c1055c2e4cf2b7a59,1278708967,1,1,0,0,0,0,1,0,0,0,0,1424,1012.73,217,FALSE,0,0,0,0,0
b095a4221c0514203402084ccf1237e6a0a92377,1278706777,2,2,0,0,0,0,0,0,0,0,0,1423,1011.78,115,FALSE,0,0,0,0,0
1ef39fa3b8f95a7a9b2d2563a0b10e414fa80637,1278698037,2,2,0,0,0,0,0,0,0,0,0,1422,1010.99,114,FALSE,0,0,0,0,0
fcf4530d830b13ca7d05df5e6e97ac063bf238a8,1278626397,1,1,0,0,0,0,0,0,0,0,0,1421,1011.68,214,FALSE,0,0,0,0,0
0515e14d273501e441728d941d817c3003362cae,1278625753,1,1,0,0,0,0,0,0,0,0,0,1420,1010.7,213,FALSE,0,0,0,0,0
ddbef0bd790ac6bcaef2b1368c5f09e3818b72f7,1278625641,0,0,0,0,0,0,0,0,0,0,0,1419,1009.7,0,FALSE,0,0,0,0,0
bc5d31f86a4dd1e991c6f58e80edeb3a2b56f6b7,1278625633,2,3,2,0.884014,23,1,0,1,0.01,231,17.5,1418,1008.7,482.5,FALSE,0,0,0,0,0
09147a2aab59768fa22753ead6d2699347a408e8,1278624834,1,1,1,0,277,202,0,1,0.9,911,9,1417,1007.72,12,FALSE,0,0,0,0,0
a75a119e2f5f8e194685934ed98062ff8e28ee39,1278624687,2,2,2,0.623406,17,0,0,1,0.06,222.5,17,1416,1006.72,481.5,FALSE,0,0,0,0,0
c1b35461617552017f4b2ae91b2d159d3783d3c4,1278623225,1,1,1,0,4,2,0,1,0.06,46,3,1415,1005.76,156,FALSE,0,0,0,0,0
8338432c7b5e861973084b0ff9b3e04c0ddfc205,1278622916,2,2,0,0,0,0,0,0,0,0,0,1414,1004.77,110,FALSE,0,0,0,0,0
8beae065cf90ba83756514700d52a174b84ccd80,1278620250,1,1,1,0,8,0,0,1,0,175,13,1413,1003.83,40,FALSE,0,0,0,0,0
0e7d39aa1376fd1491661dfdd4f40ebd7cbb47d9,1278620196,1,2,1,0,10,1,0,1,0.01,166,12,1412,1002.83,39,FALSE,0,0,0,0,0
74063ad735d5a589aff8c39e066d9bae216b2252,1278619853,1,1,0,0,0,0,0,0,0,0,0,1411,1001.84,211,FALSE,0,0,0,0,0
55a29808c9622d6eb01073743fc01059e312152d,1278619755,1,1,1,0,9,0,0,1,0.1,157,11,1410,1000.84,38,FALSE,0,0,0,0,0
40f3de39399cebed03a8e7ddf00cb287839d04df,1278619490,0,0,0,0,0,0,0,0,0,0,0,1409,999.85,0,FALSE,0,0,0,0,0
5d94ab09e3b951e4791005904d0ec3bb64f3a23a,1278619461,1,1,0,0,0,0,0,0,0,0,0,1408,998.85,12,FALSE,0,0,0,0,0
b34ff6853d572584d1c933dd7d363609fe904358,1278618303,2,2,3,0.652805,11,8,0,1,0,156.67,12,1407,997.87,538,FALSE,0,0,0,1,0
e2570be9570dce701fb3a4fef01977495967df91,1278617896,2,2,3,0.276984,79,2,0,1,0.32,131,11.67,1406,996.88,537,TRUE,0,0,0,0,0
95e6fff3daacfe852bc2524bbca3b10dc1f44a69,1278614952,1,4,1,0,34,0,0,0,0,0,0,1405,995.95,153,TRUE,0,0,0,0,0
9de12b73852742ed5f592e7f4358cad702a8b41d,1278614019,1,1,0,0,0,0,0,0,0,0,0,1404,994.97,210,FALSE,0,0,0,0,0
beffe906e4e44f9739a6fa28db391ac1dc56bc86,1278612762,1,1,1,0,1,1,0,1,0.01,201,24,1403,994,919,FALSE,0,0,0,0,0
e850d1073db869228f64c9bdaa3b83935cf71bc0,1278612080,2,2,1,0,11,8,0,1,0.01,198,23,1402,993.02,477.5,FALSE,0,0,0,0,0
c02a2ba5ba57ad94919985ccebe8bbc73d2678d8,1278611386,1,1,1,0,1,1,0,1,0.02,198,22,1401,992.03,917,FALSE,0,0,0,0,0
f92bb6690b95fc2818ec3908a58a631aa661faf8,1278610846,1,1,0,0,0,0,0,0,0,0,0,1400,991.05,209,FALSE,0,0,0,0,0
5842a3bba6a04472bacfeb1b210377de777e6539,1278610710,1,1,1,0,11,0,0,1,0.01,146,10,1399,990.05,36,FALSE,0,0,0,0,0
fcf691d97c36375b0c7f79d56691b8c5272de0a4,1278610043,1,2,1,0,12,0,0,1,0,134,9,1398,989.06,35,FALSE,0,0,0,0,0
a32c7d5f07503c83f50485f1ac9a946a96072df7,1278609852,3,4,2,0.57938,20,4,0,1,0,158,11.5,1397,988.07,386,FALSE,0,0,0,1,0
edfb18b75af5adb1c341c29e26cd76c566ea73af,1278609431,2,3,2,0.938453,21,2,0,1,0,148.5,11,1396,987.08,474,FALSE,0,0,0,1,1
5544c5d5d42d1f3a38956241fb2f4baf48b9dba0,1278609204,1,2,1,0,12,0,0,1,0,98,6,1395,986.08,32,FALSE,0,0,0,0,0
22100f7c3aa1ff8bdee21f370c1bbc41fa293177,1278608943,3,5,2,0.232286,40,5,0,1,0.4,125,10,1394,985.09,384,FALSE,0,0,0,0,1
8ece01ccda9472d1152e9eee78f6705fa05b7dc7,1278608163,2,2,1,0,2,2,1,1,0,184,18,1393,984.11,471.5,FALSE,0,0,0,0,0
9b68039a623456f4b6f00d3805ccdaf64724e7e8,1278608014,1,1,1,0,47,24,0,1,0.01,161,17,1392,983.11,912,TRUE,0,0,0,0,0
a914326e75b4b4b02d45b1387b76ad89c7c0e149,1278607753,1,1,0,0,0,0,0,0,0,0,0,1391,982.12,206,FALSE,0,0,0,0,0
2b7dd35e05aecb43af78a1147a7aa91d4fbcf90c,1278607019,2,2,1,0,0,4,0,1,0.76,165,16,1390,981.13,558,FALSE,0,0,0,0,0
15e41169ad6198b4afd4c8bd79e6a0c0a6d68743,1278606343,1,1,0,0,0,0,0,0,0,0,0,1389,980.15,204,FALSE,0,0,0,0,0
f8c5219c12d342696ec50dcb9c3daffb05509e28,1278606217,1,1,0,0,0,0,0,0,0,0,0,1388,979.15,11,FALSE,0,0,0,0,0
c570b67ddafcfbe11b065825b7d2b7aa41eded4e,1278605817,1,1,0,0,0,0,0,0,0,0,0,1387,978.16,10,FALSE,0,0,0,0,0
456fac1700b41f9ea4fbff33afc953acee09edc0,1278600197,1,1,0,0,0,0,0,0,0,0,0,1386,977.29,203,FALSE,0,0,0,0,0
41e58c394bfdb3ad29ef7b1abaf75a77e3ad9a9d,1278548178,1,1,0,0,0,0,0,0,0,0,0,1385,977.46,202,FALSE,0,0,0,0,0
5aeda5f67b0b9f85076c081f3332c39e72950002,1278548136,1,1,0,0,0,0,0,0,0,0,0,1384,976.47,201,FALSE,0,0,0,0,0
c96adf168cd306040c09ef2f0b682080a9541521,1278548029,1,1,1,0,2,0,0,0,0,0,0,1383,975.47,200,FALSE,0,0,0,0,0
40c5bc01ff5e3295fc0e33c29cfbb600b6d0924f,1278547687,1,1,0,0,0,0,0,0,0,0,0,1382,974.48,199,FALSE,0,0,0,0,0
09dabef70c1db3bce2ee2c0271244d485528cb01,1278547403,1,1,1,0,333,46,0,1,0.39,624,8,1381,973.48,11,FALSE,0,0,0,0,0
96edee806efa01c31902b692419fe44f7a66efe4,1278547393,1,1,1,0,16,1,0,1,0,125,9,1380,972.48,910,FALSE,0,0,0,0,0
e58f4683d13ccfef39ced314f519b9c0a791d7e7,1278547223,2,2,2,0.162801,35,9,0,1,0.01,104,5,1379,971.49,469,FALSE,0,0,0,0,0
9750817bf02a1228369c962a0ae2dcdd13a8ffb5,1278546282,1,1,1,0,13,0,0,1,0,97,6,1378,970.51,28,FALSE,0,0,0,0,0
7099d730e60fbf4615e140dec7e3b7d27b49b0b8,1278546067,1,1,1,0,6,0,0,1,0,92,7,1377,969.51,908,FALSE,0,0,0,0,0
13c290e99f5da28954ba5cd5407af538bd303a67,1278546029,1,1,1,0,8,0,0,1,0,84,6,1376,968.51,907,FALSE,0,0,0,0,0
cf37966e395373164b9f95266b49612428cfda88,1278545903,2,2,2,0.527593,42,0,0,1,0.02,69.5,3,1375,967.52,466.5,TRUE,0,0,0,1,0
9449c4b9b571e766a0d7055fac2a05462ddd36f1,1278543943,0,0,0,0,0,0,0,0,0,0,0,1374,966.56,0,FALSE,0,0,0,0,0
046172e5d97c578cc7d4efa33eaa99382f953870,1278543932,2,2,2,0.47756,19,2,0,1,0.01,61,2.5,1373,965.56,465.5,FALSE,0,0,0,1,0
c74446e38c1a245679e59c9553fff24479003322,1278543265,2,2,3,0.808636,37,1,0,1,0.04,81.33,4.67,1372,964.57,464.5,TRUE,0,0,0,2,0
7897460993c4a78f0c3ab89076924ad0e3a0948e,1278542286,1,1,1,0,14,0,0,1,0.09,27,2,1371,963.6,24,TRUE,0,0,0,0,0
4b59583bca16ea178140484e74e20086a945b05b,1278542086,1,1,1,0,1,1,0,1,0.01,148,9,1370,962.6,903,FALSE,0,0,0,0,0
41f73559f2c2f84f69b53d7b39155a30f6364ce7,1278541281,1,1,2,0.847128,7,2,0,1,0.04,154,11,1369,961.62,902,TRUE,0,0,0,1,0
d3090c09655619b8a424a1ff1e0740333376cebc,1278541068,1,1,1,0,11,0,0,1,1.3,149,14,1368,960.62,901,FALSE,0,0,0,0,0
dc5caebbf860c5f77011be3c3aaabd1ac049c61e,1278540616,3,4,1,0,14,0,0,1,1.3,52,4,1367,959.63,76.6667,FALSE,0,0,0,0,0
14280dfedb6513e43e5d90e59500d0c5a86a6031,1278539663,2,2,2,0.57938,19,11,0,1,0.01,109,5.5,1366,958.65,461,FALSE,0,0,0,0,2
8fdf11135a141f04147abee73b7d0a5da4877cc1,1278539145,2,2,2,0.775805,36,0,0,1,0.01,91,5,1365,957.67,460,TRUE,0,0,0,0,0
c8baa8f3495c3a35c31f48ed6d3507bf20ffa970,1278538721,1,1,1,0,2,2,0,1,0.01,65,6,1364,956.67,20,FALSE,0,0,0,0,0
a6e25b46af8c0672a718f39af3c4294d7cd6d6fb,1278538158,1,1,1,0,10,2,0,1,0,109,8,1363,955.69,898,FALSE,0,0,0,0,0
395d14ab5852acca1d2482bbe913e31a3bdad991,1278537906,2,2,2,1,27,1,0,1,0.01,74,3.5,1362,954.69,458,FALSE,0,0,0,1,1
0d4b57df7ab48d88a9f5543353ad4be92c3035bf,1278537060,2,2,2,0.382468,16,5,0,1,0.01,68.5,3,1361,953.71,457,FALSE,0,0,0,0,0
416e7617b38af7f98fd376f132b9a4154706199f,1278536575,1,1,1,0,2,2,0,1,0,87,5,1360,952.72,895,FALSE,0,0,0,0,0
838c47001753414307eabb40aeeaf1d6cecdc185,1278536536,2,2,2,0.236296,18,1,0,1,0,60,2,1359,951.72,455.5,TRUE,0,0,0,1,0
f0a09665dbd96c3bd0f93725a1b4821638c7f3aa,1278536276,2,2,2,1,19,5,0,1,0.02,53,1.5,1358,950.73,454.5,FALSE,0,0,0,0,0
1397fa64d5f8e844e16f8c7be8be83e88972da65,1278534801,1,1,1,0,28,1,0,1,0.01,28,2,1357,949.76,892,FALSE,0,0,0,2,0
ac17a6afcf9ef8b48398f5f23a050d7880bbcad8,1278534736,2,2,3,0.204123,16,1,0,1,0.58,79.67,3,1356,948.76,453,TRUE,0,0,0,0,0
35af1bab30bc69a2c4c8aea8df99bcdd76cd9c68,1278534179,2,2,2,0.115431,9,3,0,1,0,24.5,0.5,1355,947.77,452,FALSE,0,0,0,2,0
1fe7bb271a9ad2fd8872938e40353d087cb6c903,1278534067,2,2,4,0.302829,52,2,0,1,0.83,25.5,3,1354,946.78,451,TRUE,0,0,0,1,0
774e25d9448a3b091453a95ac6eeb3aefb72787d,1278533201,1,1,0,0,0,0,0,0,0,0,0,1353,945.79,197,FALSE,0,0,0,0,0
6770e8541de5982b9d0542237a6fe92436b0f338,1278533121,1,1,0,0,0,0,0,0,0,0,0,1352,944.8,196,FALSE,0,0,0,0,0
70e94e4dde55de2dce544e6e800e9dcab0760765,1278532468,1,1,0,0,0,0,0,0,0,0,0,1351,943.81,8,FALSE,0,0,0,0,0
0ffbc6e34511330f358c42cbb11483f4f291782a,1278531828,2,2,0,0,0,0,0,0,0,0,0,1350,942.82,101,FALSE,0,0,0,0,0
25e796753f89cb3d7a42012c15879f2566740409,1278531781,2,2,0,0,0,0,0,0,0,0,0,1349,941.83,100,FALSE,0,0,0,0,0
70d9ef4f779e52bde71deb02455a183300216b9a,1278528997,1,1,1,0,28,0,0,1,1.84,122,7,1348,940.89,12,TRUE,0,0,0,0,0
fd67c9a5898d0deb859fad6b810244dcc9328c80,1278528738,1,1,1,0,2,0,0,1,1.82,145,6,1347,939.89,888,FALSE,0,0,0,0,0
f0917ff774d2e89e1ed9da9d3cca7e4ae578676c,1278514180,2,2,0,0,0,0,0,0,0,0,0,1346,939.2,172.5,FALSE,0,0,0,0,0
843281dec0ea6daad613f70cb8d3fe75a339411f,1278514141,1,2,1,0,12,0,0,0,0,0,0,1345,938.2,151,TRUE,0,0,0,0,0
3a21588429e715e48093eca46ee8d4e808fde96f,1278513357,1,1,3,0.0625824,48,47,0,1,0.48,331,2.67,1344,937.22,10,TRUE,0,0,0,0,0
21eeb09a3c1942b87517e2a18fc38a57639d2c6a,1278473512,2,2,1,0,174,0,0,0,0,0,0,1343,937.07,100.5,TRUE,0,0,0,0,0
900c5ed35836980bf1fca922e6fd3951b6df6d94,1278470808,1,2,4,0.706484,15,12,0,1,0,282.5,1.75,1342,936.13,8,TRUE,0,0,0,0,0
195c8a92d153b41fce1d2fa195fcc6110c9f0805,1278470526,1,2,4,0.104476,202,180,0,1,0.1,277,1.5,1341,935.14,7,TRUE,0,0,0,0,0
7c651e60939916ac03b8c177abed9c783693fe22,1278461459,1,2,4,0.119712,197,179,0,1,0,272.5,1.25,1340,934.33,6,TRUE,0,0,0,0,0
860b899f0cc10881f493b802dd40fe7c3e91faf6,1278461199,1,3,5,0.285034,15,63,0,1,0,228.4,0.8,1339,933.33,5,FALSE,0,0,0,0,0
87b7524de91f2cb0dba9c5256583a2ca5a873a0d,1278460864,1,2,4,0.241178,418,33,0,1,0,188.5,0.75,1338,932.34,4,FALSE,0,0,0,0,0
29641ae16a7da479a6b6b6c28c6c7328a2ac709f,1278460602,2,3,5,0.339563,161,34,0,1,0.48,126,0.4,1337,931.35,97,TRUE,0,0,0,0,0
02e32a7a9d6bc040235a99a0c400a6d3036d79b7,1278429455,1,1,0,0,0,0,0,0,0,0,0,1336,931.01,7,FALSE,0,0,0,0,0
3056369c6e85d72fb5313c53ceb467d5e3da3aef,1278428799,2,2,1,0,1,1,0,1,0.01,149,13,1335,930.02,446.5,FALSE,0,0,0,0,0
3da75726d39bc07252b3400d15bec8e1080f25b8,1278427998,2,2,2,0.120965,31,15,0,1,0.33,92.5,6,1334,929.04,448.5,FALSE,0,0,0,0,0
b7346de47d16b6fdfc4a16f3b6bc97e791b7a3c8,1278425276,1,1,1,0,10,7,1,1,0.39,130,11,1333,928.09,885,FALSE,0,0,0,4,0
7a69100b2f31aecbc3bc6f6690e353fbed9db083,1278424393,1,1,0,0,0,0,0,0,0,0,0,1332,927.11,190,FALSE,0,0,0,0,0
2732d2b9d3fbbbdbe0af1ea41d1c065441805f0c,1278424368,1,1,0,0,0,0,0,0,0,0,0,1331,926.11,189,FALSE,0,0,0,0,0
87bb27cc4fbbf08c8929c251e802e2d5e4f9cdf8,1278392218,2,2,1,0,6,0,0,0,0,0,0,1330,925.79,95,FALSE,0,0,0,0,0
bafa300b0ff04c2ee5809379ca3608acd9c8aa3c,1278391969,3,3,3,0.0375544,626,3,0,1,0.07,43.67,3.33,1329,924.8,357.333,FALSE,0,0,0,0,0
939cf4542fd2252c2d939cffe826cdef9279e501,1278391657,2,2,0,0,0,0,0,0,0,0,0,1328,923.8,93,FALSE,0,0,0,0,0
874975da5451ddd29fe309b1a13cfb32891b73cb,1278391076,2,2,3,0.210205,94,1,0,1,0.07,12,3.67,1327,922.81,446.5,TRUE,0,0,0,0,1
f0bebd4c3351b3f776c936e33bd6b98fb35562a0,1278374287,1,1,1,0,6,2,0,1,0,127,9,1326,922.17,882,FALSE,0,0,0,0,0
c444a118624e75736b492aa87f17314638d8e14b,1278374116,1,1,1,0,4,11,0,1,0,134,8,1325,921.17,881,TRUE,0,0,0,0,0
4c0704e338f3d80ff8fb594629466c780e28b23d,1278373837,2,4,2,0.324784,39,14,0,1,0.01,80.5,3.5,1324,920.17,444.5,TRUE,0,0,0,4,0
77f4cd5d580f274ef7b7601c0467922fdb0cecb5,1278372655,1,1,1,0,1,3,0,1,0,122,6,1323,919.2,879,FALSE,0,0,0,0,0
9858d3c5a80218f71ccbcf1cda15fa0825a0b88b,1278372621,1,1,1,0,3,6,0,1,0,125,5,1322,918.2,878,FALSE,0,0,0,4,0
414acbc9ec8606cf2c1e8740f0e3ccb196c9639e,1278372579,2,3,2,0.669513,52,7,0,1,0.01,60.5,2,1321,917.2,442.5,TRUE,0,0,0,2,0
21f904db42d15247ef49edd7a58050376a07a511,1278371674,2,3,4,0.318213,55,70,0,1,3.95,79.25,4,1320,916.22,441.5,TRUE,0,0,0,5,0
f6ca253849ba205e082d28180af0c2ceb1ab4f56,1278370475,1,1,2,0.57938,3,3,0,1,0.01,83.5,6,1319,915.24,875,FALSE,0,0,0,0,0
3f989191e34bb4304d9914f75063def2e2237f77,1278370178,2,2,2,0.187793,30,1,1,1,0.01,115,4,1318,914.25,440,FALSE,0,0,0,0,0
2bea014e898ac520c824a024c508ef6d9143a333,1278369790,2,2,2,0.377073,15,2,0,1,0.01,57,5,1317,913.26,439,TRUE,0,0,0,0,0
84fc19a75f1c53977e84e8149989ac26e42a1cfa,1278369236,1,1,1,0,8,8,0,1,0,133,2,1316,912.27,872,FALSE,0,0,0,0,0
d803924ef0e6b73b602c0f3aec58abaf51ab75c5,1278369174,3,3,3,0.201361,158,86,0,1,0.01,58.33,3.33,1315,911.27,353.333,TRUE,0,0,0,3,2
889f8d9d30901905c92bfe5a9ba28a5a5201481d,1278368012,1,1,1,0,128,0,0,0,0,0,0,1314,910.3,870,TRUE,0,0,0,1,1
1dcb7eaf1f1ae28fac10a8f39e0617a350e47d4b,1278367999,2,2,3,0.185983,18,136,0,1,5.24,55,2.67,1313,909.3,436,FALSE,0,0,0,1,2
5f9e4ace2fd3502879acbd5dcc24291a9aff275d,1278367345,1,1,1,0,14,1,0,1,0,8,2,1312,908.31,2,FALSE,0,0,0,0,0
63863309736e9a18f047e1e9458210c773e7c914,1278367118,3,3,2,0.457352,8,21,0,1,7.85,16.5,3,1311,907.31,351,FALSE,0,0,0,0,0
fd89b9755e64a8d3a8a1339f7ad32a9226eb6199,1278366739,1,5,10,0.482205,0,271,0,1,64.09,27.1,1,1310,906.32,35,FALSE,180,0,540,1935,558
730f4542788697a37c66a7a6fba5f033b601323c,1278366713,1,13,8,0.628982,0,196,0,2,104.13,24.5,17.62,1309,905.32,150,FALSE,60,0,180,645,186
e2fca29c919fbb685e63df8324e31340fb341b3f,1278366705,2,2,1,0,0,0,0,0,0,0,0,1308,904.32,91.5,FALSE,0,0,0,0,0
f97a222cf54568a25d7a3a25cc3dbb81f243fdc8,1278366639,1,5,25,0.423362,0,4624,0,3,97.29,184.96,13.28,1307,903.32,430,FALSE,0,0,5,36,28
c75105e9777917f56f9d913c1a8fd0fc49d913da,1278366621,2,2,0,0,0,0,0,0,0,0,0,1306,902.32,93.5,FALSE,0,0,0,0,0
7096471d651abcbf167c88dcf56ca2194dd0e409,1278366597,2,2,0,0,0,0,0,0,0,0,0,1305,901.32,92.5,FALSE,0,0,0,0,0
53589b4f37de415b10e368301d8279e513021d88,1278365086,2,2,1,0,1,1,0,3,20,327,218,1304,900.35,523.5,FALSE,0,0,0,0,0
aaed3e134d6e0d84277e9fc4b136094f6f1b72eb,1278364859,1,1,1,0,1,2,1,3,6.7,27,4,1303,899.36,866,FALSE,0,0,0,0,0
91ced24359f276599900b3d6127b9dd6d52469c8,1277785834,1,1,1,0,1,0,0,2,53.97,26,3,0,0,0,TRUE,0,0,0,0,0
cc1cee8a38658c95bf9e5ddb8bd66dd8dcb1890f,1277011510,1,1,1,0,4,1,0,1,0,30,4,1302,926.56,865,FALSE,0,0,0,0,0
5f2680889f886c99df056ab6373d41d23a34ace8,1277011115,2,2,3,0.150883,135,122,0,2,0.01,68.33,38.67,1301,925.57,506.5,FALSE,0,0,0,2,2
b3ae8bb6068852fb8e2e618f7494d204ba286407,1277010438,2,2,2,0.025061,48,2,0,2,0.02,79.5,57.5,1300,924.58,505.5,FALSE,0,0,0,1,1
72d9f378458529375bb1d54e016ce6812d57b33b,1277008776,1,1,1,0,41,6,0,1,1.19,67,1,1299,923.62,862,FALSE,0,0,0,0,0
fdfccafd849a5efc6e519903bd47b52af6a6d452,1277008516,1,1,1,0,1,1,1,1,0,150,2,1298,922.62,861,FALSE,0,0,0,0,0
a784f946bacffead8fc4116162006c85372eb8c2,1277008452,1,1,1,0,2,1,1,1,0,149,1,1297,921.62,860,TRUE,0,0,0,0,0
a04af6c4bd3654244f1f4a1fd80e422ac7b3345a,1277008409,4,5,3,0.120262,150,194,0,2,0.78,83.33,37.33,1296,920.62,297,TRUE,0,0,0,12,0
64b24a96c849691c9d5336f94a3795a33dddab8f,1276907420,2,3,2,0.75552,249,79,1,2,26.67,40,55.5,1295,921.78,502,FALSE,0,0,0,7,0
a62a5d0d7b2e023c8609938752dc44741ae1dcd6,1276906577,2,4,25,0.386145,1,3054,0,4,29.77,122.56,23.08,1294,920.8,501,FALSE,0,0,3,54,22
3043d1e839f384a3b03e394efa451aa9c395f550,1276905607,2,3,5,0.258152,76,74,0,4,10.01,73,48.6,1293,919.82,500,FALSE,0,0,0,0,0
a3aefb6902124826da6e77c75efdd571c160f649,1276903388,1,2,2,0.0135666,0,180,0,1,26.72,90,18,1292,918.86,855,FALSE,0,0,0,0,3
a42aaa270ca1781f55f2550177d1197464a7f3a4,1276903368,1,2,1,0,0,26,0,2,43.75,26,3,1291,917.86,854,FALSE,0,0,0,0,0
f8b471c17b178c2799ec10094ffe92c64fd10fa2,1276903276,3,3,1,0,17,11,0,2,3.09,12,29,1290,916.87,344.333,FALSE,0,0,0,0,0
87adff44db824fb7e6af6cbb93f7ff5fcaf1d504,1276902952,2,2,0,0,0,0,0,0,0,0,0,1289,915.87,514.5,FALSE,0,0,0,0,0
767bba9c044c2b2ba556412428fde2671a08f23f,1276674859,1,2,3,1,3,3,0,2,47.41,181.67,52.67,0,0,0,FALSE,0,0,0,0,0
0c827521d04ce1d2232676c2a74d145192a35dca,1276637120,1,1,0,0,0,0,0,0,0,0,0,1288,920.54,176,FALSE,0,0,0,0,0
80cec7d12f8d1db81e57c9a6e3f235bf3c7cf9ec,1276636971,2,2,1,0,1,1,0,3,0.01,327,217,1287,919.54,513,FALSE,0,0,0,0,0
5f916357e9d335728b956e9a0e9c7df99ea97208,1276636480,2,5,15,0.523389,37,35,0,4,36.67,132.93,33.07,1286,918.55,512,FALSE,0,0,0,0,0
ea82eea9bb592cf485a079c102e1169379a3b671,1276635017,1,1,0,0,0,0,0,0,0,0,0,1285,917.58,173,FALSE,0,0,0,0,0
22222d7db48a6bdfb56a8b9a66ec130393a2929d,1276494874,1,1,0,0,0,0,0,0,0,0,0,43,36.47,6,FALSE,0,0,0,0,0
cebee369d1d07d2e5cd6bf695e9b8f625e2eaf81,1276473579,1,1,0,0,0,0,0,0,0,0,0,42,35.49,5,FALSE,0,0,0,0,0
faf809851c0aa34b4711c429f08e72605f4b2497,1276219292,1,1,0,0,0,0,0,0,0,0,0,41,34.74,4,FALSE,0,0,0,0,0
d05aafd76bf4d5a07a9d53e580d696c59e3eead7,1276215712,1,1,1,0,6,5,0,1,0.96,105,19,40,33.74,33,FALSE,0,0,0,0,0
8d52721873df8e3cfafca81bfebc32f060f86634,1276193366,1,1,2,1,2,2,0,1,49.36,15,1.5,1284,926.1,34,FALSE,0,0,0,0,0
66c6152cd2ef79b146ba249411c88188869fd55d,1276193320,0,0,0,0,0,0,0,0,0,0,0,1283,925.1,0,FALSE,0,0,0,0,0
32cd51d3a5e07bcdb38e67b744996c6b4ef7978f,1276132742,1,1,1,0,12,1,0,1,33.19,94,18,39,32.81,32,FALSE,0,0,0,0,0
497a28401e12cb94dc136b11f8ce8c23b73b6e22,1276052996,1,1,1,0,15,11,0,1,9.31,190,60,38,31.88,31,FALSE,0,0,0,2,0
e46912047ce62ed10ca3d09da01751da4f204bda,1276001094,1,1,0,0,0,0,0,0,0,0,0,1282,928.29,849,FALSE,0,0,0,0,0
56b573ede5902fb24fada79b2e443d6e8b157b70,1275674858,1,1,0,0,0,0,0,0,0,0,0,1281,934.48,848,FALSE,0,0,0,0,0
0276be1789bd7de6eccc9b2388a4064c4a7a6e49,1275674747,1,1,0,0,0,0,0,0,0,0,0,1280,933.49,847,FALSE,0,0,0,0,0
7db4c60fc3fda85dc40ad7c355f50d9e006b6158,1275608383,1,1,0,0,0,0,0,0,0,0,0,1279,933.96,172,FALSE,0,0,0,0,0
95cc01dd91a5cd646a30636ea17c6194074347c7,1275608171,1,1,1,0,2,0,0,2,34.28,9,27,1278,932.96,846,FALSE,0,0,0,0,0
cce1dddf4239cc8f58d1c53c7e669cbcde9f0415,1275607868,1,1,0,0,0,0,0,0,0,0,0,1277,931.97,171,FALSE,0,0,0,0,0
0938b578414b2b937b70551c66f1afc2c60c0def,1275607550,2,2,0,0,0,0,0,0,0,0,0,1276,930.98,87.5,FALSE,0,0,0,0,0
aef8550e2f25d1c9dce6a8e7e96b6f29e6fc91f6,1275607365,1,1,1,0,0,1,0,2,12.3,442,107,1275,929.98,845,FALSE,0,0,0,0,0
71bf0bde32e9b7121846c611d0ea587cbc0df6c3,1275607139,1,1,0,0,0,0,0,0,0,0,0,1274,928.99,169,FALSE,0,0,0,0,0
750623b9b186d5857261adfb214ff71963b3a62f,1275606932,1,1,1,0,2,2,1,1,4.13,369,13,1273,927.99,844,FALSE,0,0,0,0,0
1f12c53b659c4cdf0a6be40b16e0e04ec0e1fb37,1275606276,1,1,0,0,0,0,0,0,0,0,0,1272,927.01,168,FALSE,0,0,0,0,0
8717ea1b952a2cfb3aada2d7882d36ca6a4085da,1275407361,1,1,0,0,0,0,0,0,0,0,0,1271,930.4,167,FALSE,0,0,0,0,0
db2eb658ca8a257869621ab930ab3bf1dce830d9,1275407344,2,2,1,0,1,1,0,3,10.02,327,215,1270,929.4,504.5,FALSE,0,0,0,0,0
70483484ce97d03ff5e202c38b909d9a07497ca9,1275407066,2,2,0,0,0,0,1,0,0,0,0,1269,928.41,492.5,FALSE,0,0,0,0,0
d21afc43a178e193448bdcf0241a4cfdc3810612,1275339989,0,0,0,0,0,0,0,0,0,0,0,1268,928.89,0,FALSE,0,0,0,0,0
7ad0803f2e92aa153ed72eeaa4de69f00c1c41b7,1275339915,1,1,0,0,0,0,0,0,0,0,0,1267,927.89,165,FALSE,0,0,0,0,0
ec4bfd55f9914fc90227a3146db7f99191986cf2,1275325133,1,1,1,0,1,0,0,1,145.01,29,7,37,31.52,30,FALSE,0,0,0,0,0
f65174a0db03e90d7d85b464b1d2a74e5f84b9a8,1275324990,1,1,1,0,1,0,0,1,32.06,137,16,36,30.52,29,FALSE,0,0,0,0,0
8b1fcd4dd7ced05d047a98c383a79b842093d502,1275250448,2,2,2,0.35218,0,9,0,1,0.01,207.5,6.5,1266,928.87,635,FALSE,0,0,0,1,0
9509237958d84f0c490e96a43ed7f93f94e6daf3,1275249875,2,2,2,0.405639,3,1,1,1,98.43,206.5,6,1265,927.89,634,FALSE,0,0,0,1,0
f20fd20a06503e73a1eeb88e329f0de905282e6e,1275248775,1,1,1,0,2,2,1,1,16.22,190,59,1264,926.91,839,FALSE,0,0,0,0,0
8e48120fb7561945764652e661e6bc4c7263a0b1,1275248551,1,2,3,0.293422,20,18,0,1,49.44,715,16,1263,925.92,427,FALSE,0,0,0,12,10
44cc5ac883852d949b9a72a223a2a15ccdcd52f7,1274999550,1,1,0,0,0,0,0,0,0,0,0,1262,930.45,838,FALSE,0,0,0,0,0
9a43cc8c4b39d436a254cd44960a02bb13872138,1274828930,1,1,0,0,0,0,0,0,0,0,0,1261,933.27,837,FALSE,0,0,0,0,0
8dfc0d54f45d65c36681a589f068f7ac6d4b8e0b,1274820570,1,1,0,0,0,0,0,0,0,0,0,1260,932.46,836,FALSE,0,0,0,0,0
77febd21defd33c971ef36c2fa384e85299f53c5,1274632722,1,1,1,0,5,4,1,2,0.79,133,45,1259,935.7,835,FALSE,0,0,0,0,0
84a997c66bda575c21223cfea4bd8958dcc8deef,1274564118,2,2,2,0.633007,13,1,0,1,2.06,127,25,35,30.16,17.5,FALSE,0,0,0,1,0
b900a59fc28d358cd9443b65e4229f8918ef8efd,1274544795,1,1,1,0,3,1,0,1,21.96,440,106,34,29.17,27,FALSE,0,0,0,3,0
ca782dbc589bb69842f5b214d98d1b4cddd04ce9,1274541862,2,2,1,0,1,1,0,3,8.14,327,214,1258,936.76,499,FALSE,0,0,0,0,0
746cda27ec15a63b474b6213eabdeca8033621d7,1274541808,1,1,1,0,1,1,1,1,0,124,30,1257,935.76,426,FALSE,0,0,0,0,0
16d1651656c77d1aa6138e3266d47b21c8aeb5c8,1274541721,1,1,1,0,1,1,1,1,3.6,124,29,1256,934.76,425,TRUE,0,0,0,0,0
4735fb237760b59d8ffaafdfdb3ec770d73c7057,1274541668,0,0,0,0,0,0,0,0,0,0,0,1255,933.77,0,FALSE,0,0,0,0,0
ec6b518fd22c3131d8e81259b8f4d5e927077cd9,1274536565,2,2,1,0,1,1,0,1,7.99,294,33,33,28.18,4.5,FALSE,0,0,0,0,0
580ad1b192a9f842917e2d86929dddf65ca42dde,1274230381,2,2,2,0.229363,11,2,0,1,7.41,122.5,23.5,1,0.98,1,TRUE,0,0,0,0,0
23d8810486aaec78bbe92dd1edaf18f1a0588e0c,1274136218,1,1,0,0,0,0,0,0,0,0,0,1254,942.03,833,FALSE,0,0,0,0,0
d579d62eb61f10234fdfe69dc5c2f6d7fa67bfd1,1273847414,1,1,1,0,4,1,0,1,0.01,187,58,1253,947.73,832,FALSE,0,0,0,0,0
529f785e3cf6ac9eaee008f356e8b9a6534cad26,1273847333,0,0,0,0,0,0,0,0,0,0,0,1252,946.73,0,FALSE,0,0,0,0,0
0581ae87b4acbe133bb8d62398eadfd6cf3b5c19,1273846611,2,2,2,1,6,6,0,2,0.61,240.5,37,4,3.76,2,FALSE,0,0,0,0,0
cda10593369579169831e8c8586712bff937aec9,1273845119,1,1,0,0,0,0,0,0,0,0,0,1251,945.78,163,FALSE,0,0,0,0,0
1aed6b5c3036e98fd5e0758730835a3a015b05b4,1273838746,0,0,0,0,0,0,0,0,0,0,0,32,27.73,0,FALSE,0,0,0,0,0
4e68705b24f5a80e71523c02d5a229c863be3236,1273838465,1,1,1,0,1,1,0,3,7.56,327,211,31,26.73,26,FALSE,0,0,0,0,0
216cb1ea1239d3bff42065e9a93b156cd23cfa2a,1273793725,3,4,2,0.57938,30,3,0,1,7.36,227,36.5,3,2.76,0.666667,FALSE,0,0,0,0,0
8ef6a0b4326f901d1871f88554bf3de6f0b9d60b,1273787591,0,0,0,0,0,0,0,0,0,0,0,2,1.76,0,FALSE,0,0,0,0,0
5dc152c46e44a20bf643046f1b7ce7bd11a401a3,1273609352,1,1,0,0,0,0,0,0,0,0,0,1250,950.3,831,FALSE,0,0,0,0,0
c3a21437e4a1c7366d5a283cd935820526a336af,1273589870,0,0,0,0,0,0,0,0,0,0,0,1249,949.76,0,FALSE,0,0,0,0,0
32bc8dcbf905b25771cf65f1bdd367a3a032a3c0,1273589844,1,1,1,0,1,1,0,1,0,130,42,1248,948.76,830,FALSE,0,0,0,1,0
677ca7b4aa9d4975be67e4612c7291a8349d8fed,1273589715,2,2,2,0.343098,14,9,0,1,0.01,120,22.5,1247,947.77,626.5,FALSE,0,0,0,1,0
dfc233110472ae41c56b8c1753f83535fc90680b,1273589240,1,1,1,0,4,4,0,1,0,130,40,1246,946.78,828,FALSE,0,0,0,0,0
cd06bbfb8d8c52d75319701317f8b61d34fbe5bd,1273589204,2,2,2,0.6973,9,4,0,1,0,117.5,21.5,1245,945.78,625,FALSE,0,0,0,0,0
1d596bcbac94bd7baf8609284f16969284851fdf,1273589071,1,1,1,0,1,1,0,1,0.01,130,38,1244,944.78,826,FALSE,0,0,0,0,0
0cb7b9c13d84df786b22bb925582cfc0ba78b48f,1273588943,1,1,1,0,1,1,0,1,0.01,105,25,1243,943.78,422,FALSE,0,0,0,0,0
a180efeca72d7a6d77cbd3814561c4737546c1bd,1273588875,0,0,0,0,0,0,0,0,0,0,0,1242,942.79,0,FALSE,0,0,0,0,0
eef24ea29cd62065827ad2ac9a09de86406793d1,1273587908,2,2,2,1,2,2,1,1,16.22,110.5,19.5,1241,941.81,623,FALSE,0,0,0,0,0
458bb3d7f717f0faef61609a23974341b8f56c30,1273533522,2,2,2,0.405639,21,7,0,1,15.59,110.5,19.5,0,0,0,FALSE,0,0,0,0,0
ffb23d92c0bb98246400aea79b3c9c975830c70f,1273265533,1,1,1,0,1,1,0,1,11.19,94,17,1240,948.37,824,FALSE,0,0,0,0,0
0ce39a4cf6424f30f6c243a20f2a1b1e46d909d2,1273185675,2,2,1,0,1,1,0,3,3.29,327,210,1239,949.26,492.5,FALSE,0,0,0,0,0
a24c70e4908b6ef3c08ccef1e6d40e70b3f50d01,1273185366,1,1,0,0,0,0,0,0,0,0,0,1238,948.27,161,FALSE,0,0,0,0,0
8d4ef6e883732df3eae36449cb9ff025d040d225,1273185339,0,0,0,0,0,0,0,0,0,0,0,1237,947.27,0,FALSE,0,0,0,0,0
54865ebdee73ea948fdb8347961a2a388568d491,1273184670,1,2,0,0,0,0,1,0,0,0,0,1236,946.29,420,FALSE,0,0,0,0,0
cb8e704d5c4a4b5651c47a46d75e92bd05fdf8d5,1273184507,0,0,0,0,0,0,0,0,0,0,0,1235,945.29,0,FALSE,0,0,0,0,0
57f4978442ae941c7cbb4367a35d33b0976b3232,1273168790,1,1,0,0,0,0,1,0,0,0,0,1,1,1,FALSE,0,0,0,0,0
b8833f4c9e6dc2f5de7fa76a176a93a7264e6560,1273166955,1,1,0,0,0,0,0,0,0,0,0,1234,944.71,822,FALSE,0,0,0,0,0
5c40cbc675394641d0876f1ce5fd1603f76e932b,1273162633,0,0,0,0,0,0,0,0,0,0,0,1233,943.81,0,FALSE,0,0,0,0,0
a455dcc919f524354239de44aa806ebc55850e95,1273162628,1,1,0,0,0,0,0,0,0,0,0,1232,942.81,821,FALSE,0,0,0,0,0
289487cc462465d9e59de220754ee7b05a46e11a,1273157552,0,0,0,0,0,0,0,0,0,0,0,1231,941.93,0,FALSE,0,0,0,0,0
42b28d5bd6b90151b33f835ac5624e81712e6de8,1273157548,2,3,2,0.6973,15,11,0,1,0.01,203,35.5,1230,940.93,619.5,FALSE,0,0,0,3,0
46bee05d9341ec531f45411f862435652be5defc,1273157083,0,0,0,0,0,0,0,0,0,0,0,1229,939.94,0,FALSE,0,0,0,0,0
49bed5cd5f59da0f861e5294c5581355e73b3d91,1273157034,2,3,2,0.57938,11,1,0,1,5.91,197.5,34.5,1228,938.94,618.5,FALSE,0,0,0,2,0
624cf93e2e1e5c079fc4da9ab56a23f98ac045ce,1273123235,3,7,3,0.0284676,81,36,1,2,3.82,87.33,10,0,0,0,FALSE,0,0,0,0,0
6ab76cda51cb05a8d02ac734ee1fda80813a2a4e,1273090756,1,1,1,0,2,1,0,1,5.14,177,53,1,1,1,FALSE,0,0,0,0,0
15beb813688820eb1ce5a1acccc1d732a10be5c2,1273084961,1,1,1,0,1,0,0,1,5.07,25,1,0,0,0,FALSE,0,0,0,0,0
6a6cce03b7f071bcd9027e5068b988770f4e1133,1272901321,2,2,1,0,1,1,0,3,1.87,327,209,1227,943.96,489,FALSE,0,0,0,0,0
970ff87ef65c848e54bbdf230cda9a6a37abb15e,1272739585,1,1,1,0,1,1,1,2,1.05,327,208,0,0,0,FALSE,0,0,0,0,0
8b6c4d322fdcdae9c1818da6e5065be8f5c885b6,1272649584,1,1,0,0,0,0,0,0,0,0,0,1226,948.95,159,FALSE,0,0,0,0,0
4467a00acd2e61a5d984bdf91397ffe00c8dde04,1272648853,2,2,1,0,1,1,0,2,0.02,327,207,1225,947.97,487.5,FALSE,0,0,0,0,0
63efc6151787f05da40e1b5a79553bd8a0cfb0e6,1272647393,1,1,2,0.47756,6,1,0,2,0.04,381,139,1224,947,816,FALSE,0,0,0,0,0
7aa18345c822aeca55aabd93fb42e743c5b587db,1272647104,1,2,1,0,2,1,0,1,0.01,17,1,1223,946.01,142,FALSE,0,0,0,0,0
34149187a85146725560d1b1637a3157e13bfb53,1272646800,1,1,1,0,9,5,0,1,1.08,173,52,1222,945.01,815,TRUE,0,0,0,1,0
2d132cd0d5a0dd7e30db68b3f47f66db7930b6ed,1272646643,0,0,0,0,0,0,0,0,0,0,0,1221,944.02,0,FALSE,0,0,0,0,0
8d741361e024452ba9c97b41bc9cddfadcd25c8d,1272646639,4,6,4,0.281491,57,0,0,2,4.5,53,13.25,1220,943.02,382.25,TRUE,0,0,0,0,0
2bcea3a37044b949af6b45069cea27c7588a7510,1272645190,2,2,2,0.169252,15,2,0,1,21.51,196,17,1219,942.05,614.5,FALSE,0,0,0,0,0
ead3cace0247edb0b979f31bf85d3415442e3dfd,1272644657,1,1,1,0,2,2,0,1,0,437,104,1218,941.07,812,FALSE,0,0,0,0,0
7afa5c7b433d3c391975128e1931669fd6a6cf11,1272644318,1,1,1,0,1,2,1,1,0,438,103,1217,940.07,811,FALSE,0,0,0,0,0
115765e1ee0f61b9a8bc01f5ec74f69a59524ae3,1272643968,1,1,1,0,2,1,0,1,0.01,437,102,1216,939.08,810,TRUE,0,0,0,0,0
d712fae2d7064056676d55e97ef28a75e0c15b95,1272642832,1,1,2,0.611798,15,8,1,2,0.02,377.5,137,1215,938.11,809,FALSE,0,0,0,0,1
0dba9bd87f902cbfe8c0be705c090f4ec8827a99,1272642059,1,2,2,0.251463,1,11,0,2,1.03,210,108.5,1214,937.13,808,TRUE,0,0,0,0,0
2fbc495088659ec6dffca88bf90bfd9c999624c7,1272639604,0,0,0,0,0,0,0,0,0,0,0,1213,936.18,0,FALSE,0,0,0,0,0
37d490cbe43ff6d8d9f36abed479be93c8a34f8e,1272639597,2,2,1,0,5,1,1,1,0.99,424,100,1212,935.18,481.5,FALSE,0,0,0,3,0
451679c582c483c9a8d34c2e7c7032f0c4787b73,1272556877,1,1,2,0.310917,6,4,0,2,0.01,233.5,36.5,1211,936.13,806,FALSE,0,0,0,1,0
7270a13ef79a9b9ca27a62cde8942b3d6e35328c,1272556615,1,1,1,0,10,3,1,1,8.56,114,35,1210,935.14,805,FALSE,0,0,0,2,0
16f3f90ed7a1afba315ecf15a7c7925ea8fe5d95,1272556368,1,1,1,0,2,0,0,1,0,232,30,1209,934.14,804,FALSE,0,0,0,0,0
9ff2f81a10d07565f053696229aefbc6e92087da,1272556321,1,1,1,0,4,4,1,1,0.01,232,29,1208,933.15,803,FALSE,0,0,0,0,0
1bc9a1af6a9eb007415cb58bc9f079f55648a21c,1272555771,1,1,1,0,7,6,1,1,0.01,231,28,1207,932.16,802,TRUE,0,0,0,0,0
760d9e33418901df513ee30e533fc918d516a474,1272555320,1,2,2,0.127043,13,9,1,2,2.96,183,32,1206,931.17,801,FALSE,0,0,0,0,0
5b28abc5eda29c98b9329d530806a0f10c688c51,1272554604,1,1,2,0.65908,17,21,1,2,0.01,234,34,1205,930.19,800,TRUE,0,0,0,0,0
defb1596bb2c906356d254b2824b47b01ea382d8,1272553831,1,1,1,0,1,1,0,1,0,424,99,1204,929.2,799,TRUE,0,0,0,2,0
9c117d587536addc2f002e8a0b271b431538c8a8,1272553788,1,1,1,0,1,1,1,1,0,424,98,1203,928.21,798,FALSE,0,0,0,0,0
1b09fce42a1b8d5072e1a7d515c116483fef7f74,1272553551,1,1,1,0,1,0,0,1,0,423,97,1202,927.21,797,FALSE,0,0,0,0,0
5e328830e7e4d71efca673f748f119e59e812116,1272553482,1,4,11,0.647335,21,21,0,2,10.31,171.91,37.73,1201,926.21,796,FALSE,0,0,0,0,0
606da1c45b78da459b24e784d16519ac3d4184aa,1272549052,0,0,0,0,0,0,0,0,0,0,0,1200,925.32,0,FALSE,0,0,0,0,0
6232c1a8f33cdbf18f25560c5dcf1da491194be3,1272549046,1,1,1,0,41,18,1,2,0.15,92,18,1199,924.32,795,FALSE,0,0,0,3,3
15a24e68d2d772c7c26b35352bd23d4dff3cf689,1272536474,1,1,1,0,1,1,1,1,8.32,92,17,0,0,0,TRUE,0,0,0,0,0
c12ace81db105337f150ebf519be5586d63e9530,1272499075,1,1,1,0,1,1,1,2,6.33,93,14,1198,924.48,794,FALSE,0,0,0,0,0
531990b516617b6e65a0bc7166a0404f1a0270ea,1272298626,0,0,0,0,0,0,0,0,0,0,0,1197,928.15,0,FALSE,0,0,0,0,0
b90a3dbffe09b101431301dc56d034018790b789,1272298621,3,4,10,0.323106,50,72,0,3,10.42,196.8,45.5,1196,927.16,449.333,TRUE,0,0,0,0,1
0352b97798487ada24ea2b1510aa3e5d5dd130dc,1272290835,0,0,0,0,0,0,0,0,0,0,0,1195,926.34,0,FALSE,0,0,0,0,0
e45abe60bfd192294e1d76bfe6b4f4087ec30f89,1272290831,1,1,1,0,1,1,0,1,1.42,233,25,1194,925.34,792,TRUE,0,0,0,0,0
8077481707a539d97cf806861209b1aa94aac8b8,1272290749,0,0,0,0,0,0,0,0,0,0,0,1193,924.34,0,FALSE,0,0,0,0,0
4651dd33cd4fddec6ba1e1d4eb459b27ea02f9ff,1272290167,1,1,0,0,0,0,0,0,0,0,0,1192,923.35,791,FALSE,0,0,0,0,0
c93cfa0871b642e5ae2fb73948afb6726441abf4,1272289469,2,3,3,0.453844,24,1,0,1,5.74,329.67,59.67,1191,922.37,602,FALSE,0,0,0,2,0
d57cb7d411b7a667d31f4dfcf98435cf2279844e,1272168140,1,1,1,0,4,4,0,1,1.24,233,24,30,27.01,25,TRUE,0,0,0,0,0
81088766eecedc4fd55044bde845fd43a6658a3f,1272143691,3,3,3,1,3,3,0,1,1.91,78.67,9,1190,924.77,411.667,FALSE,0,0,0,0,0
ae59a50c282b5c27f9660795a954970c42f673fb,1272061480,1,1,0,0,0,0,0,0,0,0,0,1189,925.7,155,FALSE,0,0,0,0,0
4a0505639343d718e27b429adc5fe8503a720bee,1272060927,1,1,1,0,1,2,0,1,21.04,234,23,1188,924.71,788,FALSE,0,0,0,0,0
71e97c815a9398652d314f1855ae81e93848f4d9,1272058804,0,0,0,0,0,0,0,0,0,0,0,1187,923.76,0,FALSE,0,0,0,0,0
8b7787aa603a787a3b972726c8f66f81def612c0,1272058798,1,4,2,0.15876,17,1,0,1,0.06,8,0.5,1186,922.76,32,FALSE,0,0,0,0,0
e0f94b052b3f27ce78d50d6a59c0d61d5c366048,1272048972,1,2,0,0,0,0,0,0,0,0,0,1185,921.99,31,FALSE,0,0,0,0,0
eb2c9ffd328f0260c8c22c869add423b7ebdade1,1272048562,2,4,2,0.15876,17,1,0,1,0.03,205,46.5,1184,921,408.5,FALSE,0,0,0,1,0
5af315c1654fc14a084c7250bffd72f547b0f04a,1272043859,1,1,1,0,9,3,0,1,0,127,14,1183,920.11,786,TRUE,0,0,0,0,0
e9fdfc339b570e7bc2d846d6aa437d7a316f460c,1272043692,2,3,3,0.496808,76,10,0,1,14.56,292.67,48.67,1182,919.12,598.5,TRUE,0,0,0,0,0
132730aceaad5224a1d65b57c4eb65a1f08c5c6f,1272041710,2,2,2,0.105729,40,12,0,1,2.18,386,67,1181,918.16,597.5,FALSE,0,0,0,4,0
405097d32358eff945cbe0244bf27008efdf0f6c,1272031022,1,1,1,0,3,6,1,1,2.47,97,15,1180,917.41,783,FALSE,0,0,0,3,0
c9d79f26c5c3b8508488762789fa3ee247a6ff94,1271971093,1,1,0,0,0,0,0,0,0,0,0,1179,917.8,29,FALSE,0,0,0,0,0
7ef13eaf0c22ad6b20c7e0c80912a5aad3a48b73,1271970941,0,0,0,0,0,0,0,0,0,0,0,1178,916.81,0,FALSE,0,0,0,0,0
2756aba21f19e2caf6c66800da2eae81efb91061,1271970936,1,1,0,0,0,0,0,0,0,0,0,1177,915.81,28,FALSE,0,0,0,0,0
c01a7f57df026aba26975e08f0949ffdc643d5a9,1271968994,0,0,0,0,0,0,0,0,0,0,0,1176,914.85,0,FALSE,0,0,0,0,0
33a4dd3841aac5d349cd43af2364918ce83c1758,1271968991,1,1,0,0,0,0,1,0,0,0,0,1175,913.85,27,FALSE,0,0,0,0,0
3c150db4a243e3fee92fcc83d322b1e77963c649,1271967627,0,0,0,0,0,0,0,0,0,0,0,1174,912.88,0,FALSE,0,0,0,0,0
e31f5d23256de205ccd4ddcea95c42b269fc24a4,1271967624,2,2,0,0,0,0,0,0,0,0,0,1173,911.88,90,FALSE,0,0,0,0,0
f8a61c667e15bca3f7dd72642bd4373d6bdf81e7,1271963380,1,1,0,0,0,0,0,0,0,0,0,1172,910.98,25,FALSE,0,0,0,0,0
e2fe60399f02e13e60b2cdf6045f4c710f71a55d,1271963072,0,0,0,0,0,0,0,0,0,0,0,1171,909.99,0,FALSE,0,0,0,0,0
59c4e3569184b3c877462e73ff54f6e0880fa5aa,1271963068,2,3,0,0,0,0,0,0,0,0,0,1170,908.99,88.5,FALSE,0,0,0,0,0
2dc5afd018dfe24f8e5ea5d89f709aa876798665,1271959444,1,1,0,0,0,0,0,0,0,0,0,1169,908.07,23,FALSE,0,0,0,0,0
b5df39bc46ae55acd91c19761f50a60455a7c8d0,1271959344,0,0,0,0,0,0,0,0,0,0,0,1168,907.07,0,FALSE,0,0,0,0,0
f87b709923968ed5c53dcc40917dbba98aa5a3f1,1271959341,1,2,2,1,28,0,0,0,0,0,0,1167,906.07,22,FALSE,0,0,0,0,0
671aa1036bc81b40c790b1688206f1d0783b9c8b,1271958952,0,0,0,0,0,0,0,0,0,0,0,1166,905.08,0,FALSE,0,0,0,0,0
4580340db3ed111b39cb52be30f9bc9796cd4555,1271958946,1,2,1,0,8,0,0,0,0,0,0,1165,904.08,21,FALSE,0,0,0,0,0
31b53eae39b354d472cabbb92b34af46bfb6c0f8,1271958064,1,4,2,0.131438,160,0,0,0,0,0,0,1164,903.1,20,FALSE,160,0,480,1720,496
089423958d97dfaf2ba0f8ba1b50617abdd7f155,1271954900,1,1,2,0.405639,5,3,0,2,14.03,243,107.5,1163,902.18,782,FALSE,0,0,0,0,0
0d02ea43e1d515fdf73f30e69fedbe46918d7577,1271954637,1,1,1,0,5,15,0,2,0.87,335,200,1162,901.18,781,FALSE,0,0,0,1,0
93239ae3fb1d1cb9d9db6dfeef1793f1da1fa3f4,1271952068,1,1,1,0,1,1,0,2,0.93,93,13,1161,900.24,780,FALSE,0,0,0,0,0
5d21e9364d9a90c1711edc04c282df246dbb2fa8,1271898417,1,1,1,0,1,1,0,1,0.05,15,1,1160,900.46,19,FALSE,0,0,0,0,0
b9306c4cca6d580da062c12770d3cbc602c373ae,1271898303,1,2,0,0,0,0,0,0,0,0,0,1159,899.46,18,FALSE,0,0,0,0,0
c07bd31f6129f7dc202a3caa75aad79a49db0e3b,1271894833,1,1,0,0,0,0,0,0,0,0,0,1158,898.54,17,FALSE,0,0,0,0,0
fee4830669ca547f8523d9423e925be6e6ac2b36,1271894739,1,2,0,0,0,0,0,0,0,0,0,1157,897.54,16,FALSE,0,0,0,0,0
9016b6778e1b17f9d688c67be965eec5e216cb24,1271894659,1,1,0,0,0,0,0,0,0,0,0,1156,896.55,152,FALSE,0,0,0,0,0
e05501a1ae1a5a8cb7918e994bcc0f7ac8fbe500,1271894619,1,2,0,0,0,0,0,0,0,0,0,1155,895.55,15,FALSE,0,0,0,0,0
23d09fcc9ee8921f4ed435c373df3792f6726d49,1271893991,2,4,3,0.42219,36,2,0,1,0,3,0.33,1154,894.56,82.5,FALSE,20,0,60,215,62
5d11fccbf2d3e9b2650415fc67d5ea83aeaed451,1271893359,2,2,0,0,0,0,0,0,0,0,0,1153,893.57,81.5,FALSE,0,0,0,0,0
3851957dd0be156b25481657fdd228e27ee448b1,1271893310,2,3,1,0,9,0,0,0,0,0,0,1152,892.58,80.5,FALSE,0,0,0,0,0
135afb0883dda9c4c95642b4b8a91280f7fe4428,1271890254,1,1,1,0,1,1,0,2,0,235,47,1151,891.64,779,FALSE,0,0,0,0,0
27b27af7cd6ac325a5a1cdc6cc3406cb6892ff0d,1271890243,1,1,1,0,1,1,0,2,0.17,235,46,1150,890.64,778,FALSE,0,0,0,0,0
20fe31b803d40f25ba573498dd0731a61df410cd,1271889186,1,1,1,0,0,4,1,1,0.03,407,90,1149,889.67,777,FALSE,0,0,0,0,0
ebca9aab8dce43a63ae5bab553786764c115781d,1271887990,1,1,1,0,7,7,1,2,0.1,80,109,1148,888.7,139,TRUE,0,0,0,0,0
49821e041639d61f429d8a4d6d99786a0282f3b3,1271886826,1,1,1,0,3,5,1,1,0.04,409,89,1147,887.72,776,FALSE,0,0,0,1,0
b5d6f1ada594f6fb58c9a49d9df169ca52bc878c,1271885837,0,0,0,0,0,0,0,0,0,0,0,1146,886.74,0,FALSE,0,0,0,0,0
b40325cd7b5f32b6271b78798b1b770c33415c34,1271882984,1,1,1,0,1,2,0,1,1.94,390,82,1145,885.81,775,FALSE,0,0,0,0,0
3b27ec66e11189b7930539f7e3a453b1d31ba40d,1271882569,1,1,1,0,1,1,0,1,35.9,29,6,1144,884.82,774,FALSE,0,0,0,0,0
52b8b36d542c29a9e94fc7807f62967c2cbcfa4b,1271880875,1,1,0,0,0,0,0,0,0,0,0,1143,883.85,773,FALSE,0,0,0,0,0
7e3106dd1bfa7d8e88859649cc3ba31dcadbb3de,1271879317,2,2,2,0.268649,9,8,0,3,0.62,207,140.5,1142,882.89,455,FALSE,0,0,0,2,0
399e0d94fc317b14c9667da06431e633842c3aa2,1271875532,0,0,0,0,0,0,0,0,0,0,0,1141,881.97,0,FALSE,0,0,0,0,0
eef1ff9e8702f67a3c891032257460b43a70b5d0,1271875527,3,3,3,0.290338,10,2,1,3,17.34,149,49.67,1140,880.97,439.333,FALSE,0,0,0,1,0
9202c7504bf6fd1dea0183ab6239ba609929e448,1271871961,2,2,2,0.169252,14,3,1,3,5.37,81,57,1139,880.05,453,TRUE,0,0,0,0,0
3fd7e3b93ed1a8ba9f240d0f13a460005431341f,1271869119,1,1,0,0,0,0,0,0,0,0,0,1138,879.11,148,FALSE,0,0,0,0,0
b6996df86adc370a59c89737c826954149cd490e,1271867095,1,1,0,0,0,0,0,0,0,0,0,1137,878.16,4,FALSE,0,0,0,0,0
4b3efd7bfaa97d20b75e14daefd00df7de2ca2bd,1271867070,1,1,0,0,0,0,1,0,0,0,0,1136,877.16,147,FALSE,0,0,0,0,0
12c2682c3434adcc3902ff256b380fcdf49a86bf,1271865475,0,0,0,0,0,0,0,0,0,0,0,1135,876.2,0,FALSE,0,0,0,0,0
2caf67b813a13c2d82a16a297fae898a1fbf54c4,1271865470,2,2,0,0,0,0,0,0,0,0,0,1134,875.2,74.5,FALSE,0,0,0,0,0
fbbe13661ac31ce7a37be91bf73cb23d3d6bc22a,1271822363,1,1,0,0,0,0,0,0,0,0,0,1133,875.14,145,FALSE,0,0,0,0,0
0fb102edaeb86705d5d1d3b5fe43d7a4f8f90314,1271822232,1,1,1,0,3,2,0,1,0.06,409,87,1132,874.15,769,TRUE,0,0,0,2,0
b4dd90d074de7dc07182f8c99458f49ff9651ed4,1271818422,1,1,0,0,0,0,0,0,0,0,0,1131,873.23,144,FALSE,0,0,0,0,0
2e3f806d07859fb9fc96ffa726ceac08dcb60c96,1271817234,2,3,15,0.702005,39,39,0,2,32.21,140.13,25.8,1130,872.26,588.5,TRUE,0,0,0,1,0
f76092e83e8330c9812d7f0849264afb281827f4,1271816596,1,1,1,0,12,10,0,1,0.01,407,85,1129,871.27,767,TRUE,0,0,0,2,0
1e44081583edfbbda6e298c6d1a3b51057cfbab0,1271816130,1,1,1,0,14,2,0,1,0,395,84,1128,870.28,766,FALSE,0,0,0,0,0
26b3a4259d5867bb976e98e6f729a9a780e989b3,1271815878,1,3,4,0.377673,18,14,0,1,2.43,171,31,1127,869.28,765,TRUE,0,0,0,1,0
8a074a7e6dab7712a813fcfbcf07b0ee16d8f366,1271809652,1,1,1,0,3,3,0,1,0.03,98,12,1126,868.42,764,FALSE,0,0,0,0,0
e99434582f694e53632abae6dafde01df1abc444,1271807051,1,2,2,0.217835,27,7,0,1,0.6,233.5,44.5,1125,867.48,763,TRUE,0,0,0,3,1
fec57df994c4208cfaadeeb36dbbb9101677dcef,1271794164,1,1,1,0,5,3,0,1,0.91,75,10,1124,866.76,762,FALSE,0,0,0,0,0
033cb2d20a5fba2b3af3b266094465e9766abe15,1271786878,1,1,0,0,0,0,0,0,0,0,0,1123,865.92,761,FALSE,0,0,0,0,0
a5fa58e3e61e69584d7a8f1c9e07612588beaf9e,1271782775,1,1,0,0,0,0,0,0,0,0,0,1122,865,760,FALSE,0,0,0,0,0
fdc9d2714ba77025eee893cfae268f149a541b02,1271781962,1,2,1,0,0,0,0,1,92.02,0,1,1121,864.02,135,FALSE,0,0,0,0,0
824ca9b51343bf706caee84d7fffad468ad4c7a7,1271781177,0,0,0,0,0,0,0,0,0,0,0,1120,863.04,0,FALSE,0,0,0,0,0
a74a740964532a8ac55b11a1ada5192825a436dd,1271781172,1,2,1,0,2,1,0,2,17.81,81,11,1119,862.04,759,FALSE,0,0,0,0,0
2041d52495e243a757201064a286a2025a3a6b8f,1271776418,1,1,1,0,1,1,0,2,5.64,334,197,1118,861.14,758,FALSE,0,0,0,1,0
fb5d528eff8ffb8962f29c476454fa5b7e735d78,1271715744,0,0,0,0,0,0,0,0,0,0,0,1117,861.45,0,FALSE,0,0,0,0,0
a2cedbd9da6b1d7f4d61cb8aadc0de936241c985,1271715635,2,3,3,0.23805,75,157,0,1,2.3,206.67,30.33,1116,860.45,582.5,FALSE,0,0,0,1,0
8574eddfa024a4abd6671f83e80daabf812915f5,1271713422,1,1,1,0,4,5,0,1,0.03,391,80,1115,859.5,756,TRUE,0,0,0,1,0
2ccf87692966dee7d54da2777cb993a515226f1f,1271710709,1,2,3,0.304272,77,39,0,1,16.68,166,31,1114,858.56,755,FALSE,0,0,0,4,0
28df150784ab628b5354be523b23fffa5118aeb8,1271438853,1,1,1,0,4,6,0,2,0,10,25,1113,863.44,754,FALSE,0,0,0,1,0
0950083da24377142418e0a8dd14e883ba7db210,1271438709,1,1,1,0,6,4,0,2,4.68,8,24,1112,862.45,753,FALSE,0,0,0,1,0
88c5f910da26083470bc1d501610a7434ea756d1,1271349809,1,1,1,0,2,2,0,1,2.58,131,7,1111,863.38,752,FALSE,0,0,0,0,0
a9d3e4798e41a74dad5522677e8a88f120425b8f,1271346625,1,1,0,0,0,0,0,0,0,0,0,1110,862.45,143,FALSE,0,0,0,0,0
d85d834b236f50410560563b5c345aad2349f62f,1271346599,1,1,4,0.421148,117,66,0,1,15.76,535.75,2,1109,861.45,407,FALSE,0,0,1,8,0
5729da5a9fbbc4447d109666001a192c6a55d6f0,1271289837,1,1,0,0,0,0,0,0,0,0,0,1108,861.69,142,FALSE,0,0,0,0,0
125533116008cd7e3a81b339a15f4a2059ae12ae,1271289373,2,3,2,0.251463,1,11,0,2,7.51,258,118,1107,860.7,446,FALSE,0,0,0,1,0
0fef51b5f60f370eca4d54eb8c70d3e6c3b084f3,1271288502,1,1,0,0,0,0,0,0,0,0,0,1106,859.72,750,FALSE,0,0,0,0,0
7cf18c0468ba013db11130a8cf0b148bb3a63d02,1271190355,0,0,0,0,0,0,0,0,0,0,0,1105,860.85,0,FALSE,0,0,0,0,0
b994509b9d1c41dba59b0e37665b78ddb2040f17,1271190344,2,2,2,0.169252,10,7,1,1,0.37,357.5,60.5,1104,859.85,577.5,FALSE,0,0,0,1,0
6571e19e8fe4b03675640dac54da51696c23c47a,1271189847,1,1,1,0,3,1,0,1,19.2,367,58,1103,858.86,405,TRUE,0,0,0,0,0
7441164db934d27fd5dd411ddcc3c095e8b7e905,1271130003,0,0,0,0,0,0,0,0,0,0,0,1102,859.17,0,FALSE,0,0,0,0,0
09bb10cd3fc49a19b3e69f124651185a869d50cd,1271129960,0,0,0,0,0,0,0,0,0,0,0,1101,858.17,0,FALSE,0,0,0,0,0
bd6f24f4b1e2225f3ddcde51a09ea8b802014491,1271127419,1,1,0,0,0,0,0,0,0,0,0,29,26.84,2,FALSE,0,0,0,0,0
0a174ad219373629fbb660fd4c6342822bbe3da7,1271126989,2,3,3,0.75,39,13,0,1,14.99,185,28.33,28,25.84,14.5,FALSE,0,0,0,0,0
33d004fb9a50eb57774b71b4721f16ed0fd80f7a,1271095492,1,1,1,0,1,1,1,1,9.91,178,32,1100,857.92,748,FALSE,0,0,0,0,0
652bf34c773effe2ee5f9eb0a9f8c8b2aef39671,1271094008,0,0,0,0,0,0,0,0,0,0,0,1099,856.95,0,FALSE,0,0,0,0,0
3f11bad68eb7decaf78859d11b474ee4d317568a,1271041841,1,1,1,0,1,1,1,2,0.09,334,195,27,24.9,23,FALSE,0,0,0,0,0
5245fbfc6d2810fcb4df2a6664eb28587bd99d1f,1271041569,1,1,1,0,1,1,1,1,9.29,359,76,26,23.9,22,FALSE,0,0,0,0,0
68f8ee8a99afc9ad462d7e79dcd21eda21fa18a4,1271036354,1,1,0,0,0,0,1,0,0,0,0,1098,857.2,2,FALSE,0,0,0,0,0
7b83a52dced84838195a1f6fbf21f2ff261d740d,1271034658,2,2,2,0.734496,3,2,1,2,16.65,85.5,58.5,1097,856.24,440.5,TRUE,0,0,0,0,0
5f57c82478d69f08c27a94fc9b734fa896bab1f9,1271034485,0,0,0,0,0,0,0,0,0,0,0,1096,855.24,0,FALSE,0,0,0,0,0
3128cbef73a3dae9f94e15f599b5834c305bbc7d,1271034480,1,2,2,1,2,2,0,3,1.67,171,106,1095,854.24,746,FALSE,0,0,0,0,0
694b2bf055247bd799e24005ce4aedb029d78bca,1271034271,0,0,0,0,0,0,0,0,0,0,0,1094,853.25,0,FALSE,0,0,0,0,0
e03a023c5fa3be29c25a6510eecfee07c4823287,1271033119,0,0,0,0,0,0,0,0,0,0,0,1093,852.27,0,FALSE,0,0,0,0,0
3ff5d3bd099b9f578a27d6550bed717e75721ac2,1270890364,2,4,2,0.57938,2,1,0,3,3.55,170.5,105.5,25,21.18,7,FALSE,0,0,0,0,0
04841196e31a725c82365030073c607d1435e1bd,1270889981,1,1,1,0,2,2,1,1,3.26,100,21,24,20.18,1,FALSE,0,0,0,0,0
18dd495d99ba079981df458ebd4b9859082b497d,1270768146,1,1,1,0,1,1,1,2,0.02,7,21,1092,857.03,745,FALSE,0,0,0,0,0
f714945bbbb8f4b8b9be18f8d6c6c435f2718d85,1270766613,1,1,1,0,1,1,1,2,22.98,7,20,1091,856.07,744,TRUE,0,0,0,0,0
a318ef2232520ae759cd120af0fb2d5f91a20ff5,1270608059,2,2,2,0.47756,2,5,0,1,7.71,108.5,17.5,1090,858.54,573.5,FALSE,0,0,0,0,0
8ed24de9d3d9eeac2407819692c4f229647217c9,1270593156,1,1,0,0,0,0,0,0,0,0,0,1089,857.87,742,FALSE,0,0,0,0,0
e06e50936d058d9470128b5498e908326d3104c5,1270589886,1,1,0,0,0,0,0,0,0,0,0,1088,856.94,741,FALSE,0,0,0,0,0
d710e9cb479a73fc464786a4503a734f0d3d70de,1270576883,0,0,0,0,0,0,0,0,0,0,0,1087,856.22,0,FALSE,0,0,0,0,0
9af36998501d8a3b4a8b90cc4a4af558c8da2419,1270399811,1,1,1,0,1,1,0,2,1.86,334,192,25,23.36,21,FALSE,0,0,0,0,0
3cc7b4d8c29fa2e263ec66693f611401fedee3c3,1270242756,1,1,3,0.75,8,8,0,2,3.01,183,23.33,1086,862.61,740,TRUE,0,0,0,0,0
8b58732a1f0ff6e71afb40480d3eeb4640ba918a,1270240504,0,0,0,0,0,0,0,0,0,0,0,1085,861.66,0,FALSE,0,0,0,0,0
a2a0935343ed0c6dc32dd43cb03885da7807af75,1270239206,2,5,10,0.797498,42,7,0,2,8.98,153.8,35.1,1084,860.69,436,FALSE,0,0,0,0,0
2668156e53a3dca4100cfbcfeae8f78c4bdf7c2d,1270238874,1,1,2,0.405639,2,2,0,2,4.04,346,118.5,1083,859.7,738,FALSE,0,0,0,0,0
d67615d2390bb4919fce638b247c6e15f8572135,1270238785,1,1,1,0,2,1,0,2,0,333,189,1082,858.7,737,FALSE,0,0,0,0,0
afd70b64ed888e4096a96d7c83132900a4b3a91b,1270238718,2,2,2,0.57938,1,2,0,2,11.16,191,107.5,1081,857.7,569.5,FALSE,0,0,0,0,0
78a6e4366786a23e9be3d0f7a6297120dbf9ff8d,1270057012,1,1,1,0,3,1,0,1,0.01,179,46,1080,860.74,735,FALSE,0,0,0,0,0
a65af97e43a61ed9fcbd74a28cf1af6affe3ffd1,1270056520,1,1,1,0,4,1,0,1,0.01,176,45,1079,859.75,734,FALSE,0,0,0,0,0
637dfabe69fdcd59dd12253ea576e3c43c195a7f,1270056024,1,1,1,0,1,0,0,1,2.08,175,44,1078,858.76,733,FALSE,0,0,0,0,0
ff8b3c10f3d6f60f6f5e335e045d3bf03b292875,1270055669,1,1,0,0,0,0,0,0,0,0,0,1077,857.77,732,FALSE,0,0,0,0,0
f442555d8f5dd110a303326a412d40eef4d87f93,1270048228,1,1,0,0,0,0,0,0,0,0,0,1076,856.93,731,FALSE,0,0,0,0,0
bdf9f882ad9f7bed8f18f713e58f25d482950ae3,1270047060,0,0,0,0,0,0,0,0,0,0,0,1075,855.96,0,FALSE,0,0,0,0,0
1e5c5bfe00c1b1b64c689445f8b8ac62c4787eea,1270047011,1,1,0,0,0,0,0,0,0,0,0,1074,854.96,132,FALSE,0,0,0,0,0
0e78fdfcb4620599e94d06821355f2c83b3a8c12,1269883402,3,8,1,0,2,2,0,1,2.56,204,23,1073,857.59,421,FALSE,0,0,0,0,0
4f532f86dc674e05509682df3de668cdfd7f583b,1269879693,2,2,0,0,0,0,0,0,0,0,0,1072,856.68,434.5,FALSE,0,0,0,0,0
92844825cbf4a42b81209197b00e68dc35f533bd,1269877077,1,1,1,0,2,1,0,2,0.03,232,42,1071,855.74,728,FALSE,0,0,0,0,0
6b13fc99b0c2daf961242441da77113aea19a74b,1269876323,0,0,0,0,0,0,0,0,0,0,0,1070,854.75,0,FALSE,0,0,0,0,0
0f7aa267574d8774eae41e66ce44ef82deb6885b,1269876318,1,1,1,0,13,3,0,1,2.49,165,43,1069,853.75,727,TRUE,0,0,0,1,0
a06f9632633cf2053ae12811a0df1e38234fb598,1269874693,0,0,0,0,0,0,0,0,0,0,0,1068,852.79,0,FALSE,0,0,0,0,0
d31de1e65408389d682531b0a3c3ce36affd7d10,1269874537,1,1,1,0,1,2,0,2,2.52,233,41,1067,851.79,726,FALSE,0,0,0,0,0
73d26036ef3387215f4c65bc018027e78d035fe4,1269662335,2,9,17,0.244494,17,20,0,1,10.46,19.47,2.53,24,22.88,2.5,TRUE,0,0,0,0,0
b9637c9d7decff9e6702d10670661bd6920c1599,1269661140,2,4,5,0.272366,20,43,0,2,12.55,53.4,29.8,23,21.88,10,TRUE,0,0,0,4,0
46a03010220e489bbfc2646c0f9daec1dcf81b8e,1269657241,1,1,1,0,2,0,0,1,2.21,231,40,22,20.89,19,FALSE,0,0,0,0,0
08497683bf7421210efce8a7361b869c1eac76ae,1269644919,2,2,2,0.57938,3,3,1,1,32.57,105.5,16.5,1066,855.9,563,FALSE,0,0,0,0,0
44a50f6e58d62a33b510c45cc9f0aec82bc81d28,1269613015,1,1,1,0,2,1,0,2,0,333,187,1065,855.61,724,FALSE,0,0,0,0,0
4c2b4e5c66e0809b8070cca3cb5a6fb058efd532,1269612972,1,1,1,0,0,1,0,2,0.68,334,186,1064,854.61,723,FALSE,0,0,0,0,0
b0884ad7c31ced3415111788071fafaade531fc1,1269570825,1,1,1,0,1,1,0,3,0.01,334,187,1,1,1,FALSE,0,0,0,0,0
cf09f86df2c50c19d5a0150930926ad105a59da4,1269569863,1,1,1,0,1,1,0,2,0.18,334,186,0,0,0,FALSE,0,0,0,0,0
d33c38f6710a4ba9849f1609a6abbcac5ea1f548,1269557828,0,0,0,0,0,0,0,0,0,0,0,1063,854.84,0,FALSE,0,0,0,0,0
fbfba21854a3e05b875f9e18704a7ceca1320402,1269554612,1,1,1,0,2,1,0,2,0.14,333,185,21,19.95,18,FALSE,0,0,0,0,0
b2093d6f1077352809f818203a3b883eabfff7f1,1269546442,0,0,0,0,0,0,0,0,0,0,0,1062,854.1,0,FALSE,0,0,0,0,0
736a0190c160a11a860219d82065bc41096b60b2,1269546437,2,3,3,0.729397,24,2,0,1,0.11,118.33,17.33,1061,853.1,561,TRUE,0,0,0,2,0
a74c259c389d6a7d467bafa0bc63fd79313dcee9,1269542915,0,0,0,0,0,0,0,0,0,0,0,1060,852.18,0,FALSE,0,0,0,0,0
d3dedd6312cdb216a316a10a56472bb8614137ff,1269542695,2,2,2,0.57938,3,3,1,3,0.45,206,131.5,1059,851.18,425.5,TRUE,0,0,0,0,0
920eab0ef93cb712a6308dbdaa15c942d93a878f,1269542276,1,1,1,0,4,4,1,1,0.14,177,30,1058,850.19,720,FALSE,0,0,0,0,0
d576085e8d95ba6451ec2069fd94ad3876711491,1269540590,1,1,2,0.133748,19,23,0,2,0.06,347.5,115,1057,849.23,719,TRUE,0,0,0,0,1
62b9a9e28711e2738478ad6decbbe7a188cdd00b,1269539365,1,1,0,0,0,0,0,0,0,0,0,1056,848.26,139,FALSE,0,0,0,0,0
56ffe1d62a9d9b39464efcf9dcaaec778b9a3a3e,1269539340,0,0,0,0,0,0,0,0,0,0,0,1055,847.26,0,FALSE,0,0,0,0,0
14acbcb5f129526e2bf40cc0758286de27442acd,1269539335,2,2,2,0.210758,6,1,0,2,3.53,187,97.5,1054,846.26,423.5,FALSE,0,0,0,0,0
9a0011bf492913b9e100c9cfca2c3b8d566df14e,1269534592,1,1,0,0,0,0,1,0,0,0,0,1053,845.36,717,FALSE,0,0,0,0,0
7b9f18b09715740f54bc2b8df0bb639682f26dfc,1269532427,2,2,2,0.857219,23,6,0,1,1.96,169,25.5,1052,844.41,557.5,FALSE,0,0,0,0,0
f8e4333157ff9207601fb842fa3ecf852773bd53,1269531647,0,0,0,0,0,0,0,0,0,0,0,1051,843.43,0,FALSE,0,0,0,0,0
b5c933aa94040354d62674ec0a00e2673dce51d2,1269531618,1,1,1,0,8,8,0,1,0.01,161,24,1050,842.43,715,FALSE,0,0,0,0,0
c441af3f2ceb4fbfd2fbeb41a0ee269c72293a82,1269531588,1,1,1,0,1,1,0,2,0.01,333,181,1049,841.43,714,FALSE,0,0,0,0,0
e885421a6715448f4b215d0598beb9b7e1709a24,1269531534,0,0,0,0,0,0,0,0,0,0,0,1048,840.43,0,FALSE,0,0,0,0,0
ce4fe24a936b3dd6585f930b20dbb20a8f40cf94,1269530738,1,1,3,0.032495,213,109,0,1,54.44,679.67,2.33,1047,839.45,398,FALSE,0,0,2,8,2
1c0e2ceba53490a6c2437c5d11edad504487b4f2,1269530659,2,2,2,0.847128,6,3,0,1,0,361,57.5,1046,838.45,555,FALSE,0,0,0,0,0
a435e8ec47eb3873619b1329dd2d0491781e998f,1269530568,1,3,6,0.622626,60,60,0,2,4.54,173.33,41,20,18.96,17,TRUE,0,0,0,4,8
b958393135925fa633fa4885068a4d2cc20d7681,1269530509,2,3,4,0.3016,39,6,0,1,0.01,256.75,37.75,1045,837.45,554,FALSE,0,0,0,0,0
a6dd697a68096cc9563aff6871a134bb9201124a,1269530002,2,3,4,0.339249,33,1,0,1,0.96,248.75,37.5,1044,836.46,553,FALSE,0,0,0,0,0
a4833e7b35c7dcd1334aa4ddcb52ad2af9f061da,1269529108,1,1,1,0,35,0,0,1,0,308,54,1043,835.48,394,FALSE,0,0,0,0,0
54fa643c109dd5de93570ed6f0c4d4a13d01db8a,1269528847,1,1,1,0,21,0,0,1,0,287,53,1042,834.49,393,FALSE,0,0,0,0,0
6047cd4542a1e2fe3b3150dfebc8d5ed8dd5f275,1269528679,1,1,1,0,40,0,0,1,2.85,247,52,1041,833.49,392,FALSE,0,0,0,0,0
8c5f7df28024ee554f8bf8a18dad51581eb2c237,1269527744,0,0,0,0,0,0,0,0,0,0,0,1040,832.51,0,FALSE,0,0,0,0,0
ff1250c33c6429bf7486d0e9669d52f7c46d759b,1269527739,1,1,2,0.457352,23,6,0,2,0.01,327,111.5,1039,831.51,710,FALSE,0,0,0,0,0
4297c10fe9dba8cb30e8f4bd7cd47f6cfdcda018,1269526735,1,1,2,0.847128,31,23,0,2,0.63,323,111,1038,830.53,709,TRUE,0,0,0,0,0
ab6ad94ec380675793c01aef71a45319d1f41c3a,1269471934,1,1,2,0.251463,10,2,0,2,0.03,319,110.5,1037,830.72,708,FALSE,0,0,0,0,1
759183461fceb188e6a9ee9ef1b1a068101e48a0,1269470690,0,0,0,0,0,0,0,0,0,0,0,1036,829.74,0,FALSE,0,0,0,0,0
f850fa6bc98afebbdd3ba50686e983a5587ad91d,1269470686,1,2,3,0.458458,9,5,0,2,6.12,181,70.67,1035,828.74,707,FALSE,0,0,0,0,1
5a242d35b725d7256381cf0eb421d4c04e5bfff5,1269468945,1,1,1,0,0,2,0,2,0.01,354,175,1034,827.78,706,FALSE,0,0,0,0,0
abf5d66e0197e598c4f663abb6aad79f5a22c653,1269468531,0,0,0,0,0,0,0,0,0,0,0,1033,826.79,0,FALSE,0,0,0,0,0
e92360e0d49e80aa6b04e982ab3ca71f3cd3102b,1269468486,1,1,1,0,5,6,0,2,0.01,355,174,1032,825.79,705,FALSE,0,0,0,0,1
b5c0fdc0133abff5eae2bf0ba4145a915c50caa8,1269467653,1,1,2,0.0727768,27,28,0,2,0.01,319.5,108.5,1031,824.81,704,FALSE,0,0,0,0,2
906ef02c5ec27686737e488bf84bc33499900ee8,1269467146,2,2,3,0.331152,11,6,1,3,1.47,237.67,97.33,1030,823.82,415.5,TRUE,0,0,0,2,0
7550decbc0c35a164fd863bc6c6c31de68685fa3,1269466328,1,2,3,0.519607,19,15,1,2,1.12,287,81.67,1029,822.84,702,TRUE,0,0,0,4,0
acd88c3c8ac50e7bb828a38987a1af23f2bdc461,1269460586,1,1,1,0,6,7,0,1,0,231,38,1028,821.96,701,TRUE,0,0,0,0,0
a3854a2de1015cd1294c7577f483b2f36b1ee053,1269460492,1,1,1,0,11,14,0,1,0,234,37,1027,820.96,700,FALSE,0,0,0,0,0
880aca5d8326d53e5fc51cb5c8a16e50ee921170,1269460413,1,1,1,0,2,1,0,1,4.87,233,36,1026,819.96,699,FALSE,0,0,0,0,0
2d1c98a5a768760252ef8a7c24bf7beafc0cc8e4,1269444823,1,1,0,0,0,0,0,0,0,0,0,1025,819.3,138,FALSE,0,0,0,0,0
fefa06ba21b22f40f4eae67b33dd27fc61898d7e,1269366091,0,0,0,0,0,0,0,0,0,0,0,1024,819.97,0,FALSE,0,0,0,0,0
18faa91c947b2c23787acd5f2f704ea89b1d45dc,1269366085,2,3,4,0.241527,37,4,0,2,0.25,253.75,53.5,1023,818.98,544.5,FALSE,0,0,0,4,2
9f23c7b31ab6b26f0b69bff9cbaf584731e08820,1269365506,2,2,3,0.386922,55,2,0,2,1.96,262.67,66,1022,817.99,543.5,FALSE,0,0,0,4,3
eee6926babe00d5c2d1d7906a16b04659c446c4d,1269364312,1,1,1,0,9,0,0,1,12.68,308,33,1021,817.01,389,FALSE,0,0,0,0,0
6806f952d6fc113b9038d8efca456ec9f392d1c5,1269363203,0,0,0,0,0,0,0,0,0,0,0,1020,816.04,0,FALSE,0,0,0,0,0
faaef54b42af22634ebb2de3e935f0ea06c34646,1269363197,2,2,2,0.647965,9,46,0,1,0.39,187.5,25,1019,815.04,542,FALSE,0,0,0,2,0
c29852fae7c2759484791b1d27f30b6b4acd0891,1269362543,1,1,1,0,26,12,0,1,0.76,161,38,1018,814.05,695,FALSE,0,0,0,0,0
7d100dae971324f38f06a60e02218fbb6f4a51ed,1269297290,0,0,0,0,0,0,0,0,0,0,0,1017,814.43,0,FALSE,0,0,0,0,0
206e800963477fd657022652b91693a3c692562c,1269297286,1,1,1,0,3,1,0,2,0.08,198,18,1016,813.43,387,FALSE,0,0,0,0,0
555a334315d9fef4b18cdd03c417d9eb8c148a92,1269297188,1,1,1,0,4,3,0,2,0,160,37,1015,812.43,694,FALSE,0,0,0,0,0
d2c5def108ec4ede0537b47e685e89a717ae86a8,1269297099,1,1,1,0,1,1,0,2,0,160,36,1014,811.44,693,FALSE,0,0,0,0,0
98323c530e0b9c3542933d5eb7b8f57da7b50111,1269297034,1,1,1,0,4,3,0,2,0.01,159,35,1013,810.44,692,FALSE,0,0,0,0,0
b36510dbb9ad5b5ba65f2fba0f0eca85b3bfe0b1,1269295980,1,1,1,0,9,6,1,2,0.06,156,34,19,18.1,16,FALSE,0,0,0,0,0
50e533c32bde291b2d580eee2593fba8ac96617f,1269290435,2,3,3,0.194791,29,4,0,2,0.86,225.67,68.33,18,17.1,9,TRUE,0,0,0,0,0
33277c3d370e6f34904ef8a36d9b348b4cd41b84,1269282503,2,5,7,0.287834,13,99,0,1,3.68,162.29,28,1012,809.74,538.5,TRUE,0,0,0,9,6
28f2ad01098aad24c555367785fc029273ce36cd,1269278502,0,0,0,0,0,0,0,0,0,0,0,1011,808.83,0,FALSE,0,0,0,0,0
5d10ee4e6127ded57c2be41dfcf768a298a28660,1269278497,1,2,2,0.405639,2,2,0,1,24.3,5,6,1010,807.83,127,FALSE,0,0,0,0,0
b4190ada0ce6ab031e6c66713bac42e4f81de417,1269278172,2,3,3,0.269519,14,1,0,1,0,106.33,13.67,1009,806.84,537.5,TRUE,0,0,0,0,0
60d314552d990415c7a3fc94f28424cfcca56d99,1269278005,1,1,1,0,1,1,0,1,0,140,30,1008,805.84,689,FALSE,0,0,0,0,0
c971d54543650d7a7716c309275e4c817fedb4cf,1269277972,2,2,2,0.6973,25,1,0,1,0.01,147.5,19.5,1007,804.84,536,TRUE,0,0,0,0,0
346f019fa843021ab036ab35f7b74344953f0b85,1269277505,2,4,4,0.23452,46,5,0,1,1.51,64.5,9.5,1006,803.85,535,TRUE,0,0,0,0,0
d61c2480b6cd9247afab46cb4612ac61d5d52b26,1269274344,1,1,0,0,0,0,0,0,0,0,0,1005,802.91,686,FALSE,0,0,0,0,0
e30b5b86da0bc5255b6b481146253e644c293983,1269274329,1,1,1,0,3,21,0,1,2.16,298,63,1004,801.92,685,FALSE,0,0,0,0,0
bd74fe24fd0808c091fafa58c728ace6b6a8966b,1269273958,0,0,0,0,0,0,0,0,0,0,0,1003,800.92,0,FALSE,0,0,0,0,0
b30eaa8ee34387a8a5f844304d01334e2bccac66,1269272045,1,1,0,0,0,0,0,0,0,0,0,1002,799.96,137,FALSE,0,0,0,0,0
75c530516a7d8b199165efbb0280c40be2a03f0f,1269087997,2,3,4,0.318629,34,13,1,3,1.09,196,72.5,23,20.21,7.5,TRUE,0,0,0,0,0
3b49821e82bef2a94a3bda0fbb2fd4bc0d732842,1269042703,2,2,1,0,1,1,0,2,0.33,345,166,1001,803.75,410,FALSE,0,0,0,0,0
febf44396097b9fd0a26ba844f268b7dc59992a1,1269039445,1,1,1,0,1,1,1,1,0.25,233,35,1000,802.82,683,FALSE,0,0,0,0,0
f5da81e7829a615b45c64009ff667817bae34af5,1269034706,1,1,1,0,4,7,0,2,0.32,82,100,999,801.92,126,TRUE,0,0,0,0,0
9cb23ac5843bd25e2d654d601917ad176c7c1b34,1269033292,0,0,0,0,0,0,0,0,0,0,0,998,800.95,0,FALSE,0,0,0,0,0
6ff3100c1fdfd36375b12cbd351e9731a319ed40,1269033286,2,2,1,0,0,41,0,1,0.01,41,1,997,799.95,130,FALSE,0,0,0,0,0
e3ea3723bff6a15d49b278ae66fce5874039c047,1269032191,1,3,5,0.686042,92,0,0,0,0,0,0,996,798.97,124,FALSE,20,0,60,215,62
33443d9b41718d30d66b7b868c6f72851b4416ea,1269018806,0,0,0,0,0,0,0,0,0,0,0,995,798.25,0,FALSE,0,0,0,0,0
e0ef61659f9042fb18220d643eb3ae0b29eb7d62,1269018776,0,0,0,0,0,0,0,0,0,0,0,994,797.25,0,FALSE,0,0,0,0,0
655ad77bce7bb8e8c8466718ff7edcbc32670675,1269017706,1,1,1,0,14,12,0,1,0.01,226,19,993,796.27,682,TRUE,0,0,0,0,3
c09e546240613b73256c34dc7a71079f378aae1f,1269017613,1,1,1,0,3,14,0,1,0,244,34,992,795.27,681,TRUE,0,0,0,0,0
a08b14a89e18d5d4105bc38f0b013b356dd5baea,1269017538,2,3,4,0.331649,36,41,0,1,0.09,185,24.5,991,794.27,531,TRUE,0,0,0,2,0
12e90b0eef180da76c3cc6c968ac26f0e642c573,1269016890,0,0,0,0,0,0,0,0,0,0,0,990,793.29,0,FALSE,0,0,0,0,0
7606f1bcbdb122f53f90f4e508c49b7923f6c1c1,1269016727,0,0,0,0,0,0,0,0,0,0,0,989,792.29,0,FALSE,0,0,0,0,0
cabb43b187d74beac991a98545f14a168d9bde88,1269016722,2,4,9,0.382331,53,109,0,2,5.49,327.78,14.78,988,791.29,530,TRUE,0,0,0,0,1
b85cda3f6e71d8bfb7b9845e7e817c6dd886a117,1269015562,2,2,2,0.461259,42,30,0,1,0.46,184.5,9.5,987,790.31,529,TRUE,0,0,0,0,2
b92f1b7497d95424a97212f2b732c4d082b0d13f,1269014671,1,1,1,0,63,30,0,1,43.67,119,8,986,789.33,379,FALSE,0,0,0,0,0
273a51a335694abd977e36a9b052bbd48190de78,1269014152,2,2,1,0,1,1,0,2,0.93,345,165,985,788.34,405.5,FALSE,0,0,0,0,0
212dc88b89bf3f72aa6036cfde7b0517c3c9e6b1,1269006951,3,4,5,0.219978,115,38,0,2,9.31,152.4,37.6,22,19.25,4.33333,TRUE,0,0,0,0,0
ce82a91d1464a068a33ac041be2353f82cad151e,1268954453,1,1,1,0,1,1,1,1,0,76,8,984,788.57,378,FALSE,0,0,0,0,0
52a08401c7b9f05fb3e780a3951294f455e4e52d,1268954412,1,1,1,0,1,1,1,1,0.3,76,7,983,787.57,377,TRUE,0,0,0,0,0
706c0cb033a66b5da286625cb64eeafb39f56050,1268954379,1,1,0,0,0,0,0,0,0,0,0,982,786.57,133,FALSE,0,0,0,0,0
1567a613a6d50ab0b976b27906097755bc96187d,1268942520,0,0,0,0,0,0,0,0,0,0,0,981,785.81,0,FALSE,0,0,0,0,0
d767d80d20c43abe0f6d9a7b93c9071b6dadf466,1268942488,1,1,0,0,0,0,0,0,0,0,0,980,784.81,132,FALSE,0,0,0,0,0
1103a9d510528ae85d24f3aeb02edeb80d7917ea,1268942434,1,1,0,0,0,0,0,0,0,0,0,979,783.81,1,FALSE,0,0,0,0,0
c34af4b97abc78ee91e25e260e77ad36fd885e55,1268942264,1,1,0,0,0,0,0,0,0,0,0,978,782.82,0,FALSE,0,0,0,0,0
8dcee4d33846a6a100e86ab45b75a6ebfc64e82f,1268937648,1,1,1,0,4,3,0,1,0,98,26,977,781.91,676,FALSE,0,0,0,0,0
fc1e69ea73ee118c607d53aa4c464a4c9c4e8ce0,1268937604,2,2,2,0.405639,4,4,0,1,0.07,123.5,17.5,976,780.91,525.5,FALSE,0,0,0,0,0
db460117c18a40b486d02ed7f49e2183191d2918,1268937563,2,2,2,0.57938,3,3,0,1,0.01,91.5,3.5,975,779.91,524.5,FALSE,0,0,0,0,0
1c514df0fd817453b86ad8f4edca44600dac7553,1268937454,1,1,1,0,3,3,1,1,0.07,217,16,974,778.91,673,FALSE,0,0,0,0,2
780ec5cbeca5f0ca784d89fde7d4868e5c918641,1268936835,1,1,1,0,8,1,0,1,0.01,101,2,973,777.93,672,FALSE,0,0,0,0,0
3721873b62c1227137003caed66e7c13c91e8902,1268936587,1,1,1,0,1,4,0,1,1.92,44,17,972,776.93,123,FALSE,0,0,0,0,0
3bdc77ca915c54a1043fd771c8e98054bcedbbd1,1268936560,1,1,2,1,6,0,0,2,0.08,179.5,36,971,775.93,671,FALSE,0,0,0,0,0
b8f54d64a4a48913a182fbbf74ba964992b27d0d,1268936236,0,0,0,0,0,0,0,0,0,0,0,970,774.94,0,FALSE,0,0,0,0,0
90d48b320ab55e90190c68692c1199dafa43c9d4,1268936215,3,3,3,0.622498,20,6,0,2,0.64,79.33,34,969,773.94,388.667,FALSE,0,0,0,0,0
a79734280023f6e6cf85533f30fb8b7345c3afe9,1268935765,2,3,4,0.0650705,94,2,0,2,3.26,31.75,14,968,772.95,521,FALSE,0,0,0,0,0
31e608e0ae6ad3bc7e2bbd4beb3b7109f34e98d9,1268935130,2,3,3,0.380811,82,8,0,2,3.18,77.33,12.67,967,771.96,520,FALSE,0,0,0,0,1
ebcfb0e5770f1983b27abc520824dca67f574c20,1268933500,1,1,2,0.251463,1,5,0,2,4.62,236,87.5,966,770.99,667,FALSE,0,0,0,0,0
161c9f91425b5557d7216b6a117eb6a4ef6d299c,1268932623,0,0,0,0,0,0,0,0,0,0,0,965,770.01,0,FALSE,0,0,0,0,0
2a099da7265af34ef0c802430386cff7e965a5c1,1268932574,1,1,1,0,5,5,1,1,0,149,11,964,769.01,371,FALSE,0,0,0,0,0
5118397004bf13303338dae6ad34ff279ec33759,1268932450,1,2,2,0.181188,8,0,0,1,0,71,5,963,768.02,370,FALSE,0,0,0,0,0
546c3406560a8912a804d39e86fe122bfbe832d9,1268932340,1,1,1,0,13,0,0,1,0,129,9,962,767.02,369,FALSE,0,0,0,0,0
3034cc7c52240701c2b61d04b365c4b151a61a9d,1268932210,1,2,2,0.278129,10,1,0,1,0.01,61,4,961,766.02,368,FALSE,0,0,0,0,0
d89381ff788ffb24a3cabfae46992b62a9deb458,1268931865,1,2,2,0.169252,17,0,0,1,0,52.5,3.5,960,765.03,367,TRUE,0,0,0,0,0
86cac58100787caf026cdcc0932ea44af90cdaf3,1268931269,1,2,3,0.169252,17,0,0,1,0,30,2,959,764.04,366,TRUE,0,0,0,0,0
8fc062007e8314038fbce175e0c1877a899424ef,1268931108,1,1,1,0,9,0,0,1,0,81,5,958,763.04,365,FALSE,0,0,0,0,0
9fd92e33062d08defd4d6f19fec57bb0c63ff860,1268931016,2,2,2,0.608022,20,6,0,1,0.87,142,9.5,957,762.04,515,FALSE,0,0,0,0,0
a4cbbe5dd49d7fdceb120df659e3e851a772712e,1268930217,1,1,1,0,11,0,0,1,0,53,3,956,761.06,363,FALSE,0,0,0,0,0
da7ea9655f878d0f8509b64f917c13697a9fc502,1268930172,1,2,2,0.210758,13,1,0,1,0,21.5,1,955,760.06,362,FALSE,0,0,0,0,0
00a8c642dd23eeeb521c5ba196bf5e93dd1d93de,1268929952,2,4,5,0.279892,47,3,0,1,18.5,49.6,9.2,954,759.06,513,FALSE,0,0,0,0,0
e1152f6e565f35b0e07d393aa78bcbdbab105977,1268928766,1,1,1,0,1,1,0,1,1.57,76,6,953,758.09,360,FALSE,0,0,0,0,0
7cf9c6842ad2ed905f3dd32389f26a0adb50ab36,1268928486,0,0,0,0,0,0,0,0,0,0,0,952,757.09,0,FALSE,0,0,0,0,0
d375535cd9f31a533ad34b8185cb78b365b2e010,1268928482,1,1,1,0,2,1,1,1,7.53,97,23,951,756.09,664,FALSE,0,0,0,0,0
c5ea868f47fc89d906a7c8fa244f4a122631fa37,1268924543,0,0,0,0,0,0,0,0,0,0,0,950,755.17,0,FALSE,0,0,0,0,0
884d333805cf7964c72352079c34218dbc595ee3,1268924130,0,0,0,0,0,0,0,0,0,0,0,949,754.18,0,FALSE,0,0,0,0,0
3b9921a15bffaf1d91dfabb6bb901456542b9954,1268924074,2,2,2,0.427141,20,3,0,2,1.74,264,48,948,753.18,511,FALSE,0,0,0,2,0
17b753d95ecee4101055d16a14bde586d800623a,1268879925,1,1,1,0,1,1,0,2,5.46,80,7,17,16.32,14,FALSE,0,0,0,0,0
6a8781b5e2ba6e788f20e54fa0792d3f6f987a30,1268878573,1,1,1,0,12,1,0,1,1.13,287,56,16,15.32,13,FALSE,0,0,0,1,0
0dfaf01749bba39f65e83623356113b9ec3f1055,1268876413,1,1,0,0,0,0,0,0,0,0,0,15,14.32,1,FALSE,0,0,0,0,0
088aa83e222f66e7b670ab9f47421870c090fa19,1268867273,1,1,0,0,0,0,0,0,0,0,0,947,753.28,131,FALSE,0,0,0,0,0
934adb1e9f1b79d8f42bf5d6f781bf5eeaadafa5,1268793501,2,2,1,0,1,1,0,2,0.14,346,163,946,753.72,396,FALSE,0,0,0,0,0
50e0593de6427e09011a9467b16a5951c589cad9,1268793251,2,2,2,0.418279,38,1,0,1,17.55,49,2.5,945,752.72,509.5,FALSE,0,0,0,0,0
f2637c64215610af43a52650e275f51d45b7b552,1268792530,1,1,1,0,29,15,1,1,35.07,33,4,944,751.74,357,TRUE,0,0,0,0,0
a52dacea6897dadf40257b53db6943c00b65fcd2,1268791935,1,1,0,0,0,0,0,0,0,0,0,943,750.75,660,FALSE,0,0,0,0,0
f56a33d22d4b06a28645ecae045be1bafc795b0f,1268781288,2,2,1,0,1,1,0,2,0,346,162,942,749.96,394,FALSE,0,0,0,0,0
2aa858b0fbb99d998b64f4c00ac8868452d772cb,1268781162,0,0,0,0,0,0,0,0,0,0,0,941,748.96,0,FALSE,0,0,0,0,0
c3b8ba4b9aedeb68701d1990a2100f3480564c52,1268781134,1,5,9,0.79206,14,15,0,4,0.01,149.78,30.44,940,747.96,658,TRUE,0,0,0,0,0
ac96b8c0e1d31ea4cc661f34959f830678cdc42f,1268781039,1,2,1,0,2,2,0,1,1.3,287,54,939,746.96,657,FALSE,0,0,0,0,0
a329a9f4d8b29e142d4afcb91cb2ea2a75dba1ed,1268780012,1,1,2,0.405639,8,8,0,1,3.06,210.5,20,938,745.98,656,FALSE,0,0,0,0,0
63cc7eb44ddb17182b3d718b107777cec12904f3,1268779817,1,3,7,0.476976,11,26,0,2,5.15,104.57,18.71,937,744.99,655,FALSE,0,0,0,0,0
6505f32221168861fde4defe4cb3da88aa7cf226,1268779582,2,4,2,0.127043,6,5,0,3,0.1,176.5,88,936,743.99,391,FALSE,0,0,0,0,0
22088260f4dcbeef39275ca5b93151730c195c2a,1268771139,1,1,1,0,2,2,1,1,0.89,201,28,935,743.15,653,FALSE,0,0,0,0,0
d893009a8dc26bbe7b587fea3c9c5cdb4553a744,1268770661,2,2,1,0,1,1,0,2,0.21,346,159,934,742.16,389.5,FALSE,0,0,0,0,0
b62e1741bef4cff34d4c019240df08f966c7adae,1268770615,2,3,3,0.802419,4,11,1,2,1.78,45.67,41.67,933,741.16,386,TRUE,0,0,0,0,0
903c2aa642616fc7f39cd5c1d97d2cde4185ce4b,1268753493,1,1,0,0,0,0,0,0,0,0,0,932,740.49,126,FALSE,0,0,0,0,0
d0a8bb550e371da8a9ee769e823660be4d0915d4,1268752097,2,2,1,0,1,1,0,2,0,346,158,931,739.52,387.5,FALSE,0,0,0,0,0
f96f1423e1e3934d42a2c01dd40606d25028c8c4,1268751986,1,1,0,0,0,0,1,0,0,0,0,930,738.52,124,FALSE,0,0,0,0,0
7bf17f2f61c9f5c87a1cec094d998e1ddc96cf9c,1268751837,1,1,0,0,0,0,0,0,0,0,0,929,737.52,1,FALSE,0,0,0,0,0
670b6cfc15bbe86c1f9d2caff4232e51bf0e0c56,1268751813,0,0,0,0,0,0,0,0,0,0,0,928,736.52,0,FALSE,0,0,0,0,0
b6d2c8479c8fa2ba133f6621856002e15ffd0767,1268751786,2,2,1,0,1,1,0,2,0.95,346,157,927,735.52,386,FALSE,0,0,0,0,0
5aaa114271deaa3ce9240aef5551f7d8ba321013,1268751711,1,1,0,0,0,0,0,0,0,0,0,926,734.52,122,FALSE,0,0,0,0,0
e99c2791bb0e2128ed3935e2f93db5bee5be3e7b,1268751486,1,1,0,0,0,0,0,0,0,0,0,925,733.53,121,FALSE,0,0,0,0,0
656d7754cd9595b5ea25de93c740701a186d62b4,1268751260,1,3,1,0,5,3,0,2,4.83,5,16,924,732.53,648,TRUE,0,0,0,0,0
4aaf10fbfc4fcdafe074dc9d8df32cc22386514b,1268750396,1,1,0,0,0,0,0,0,0,0,0,923,731.55,647,FALSE,0,0,0,0,0
85e77b77aad44e718e837a27dd7f5fd8e4aeec95,1268748169,2,2,0,0,0,0,0,0,0,0,0,922,730.59,60,FALSE,0,0,0,0,0
f23ef09247fb97fae16ee8433bbe881e2fbe58af,1268694039,1,1,1,0,2,4,0,2,0.28,84,96,921,730.61,120,FALSE,0,0,0,0,0
440d9564389b36c8c7abd574436f5e49e5a271dd,1268693977,1,1,1,0,2,5,0,1,4.91,204,27,920,729.61,646,TRUE,0,0,0,0,0
acd2852cf350a45043823786f0f30aa1f8177009,1268693882,1,1,0,0,0,0,0,0,0,0,0,919,728.61,119,FALSE,0,0,0,0,0
4246f43bdf7ee93b9905356912103de82560e15f,1268672258,1,1,0,0,0,0,0,0,0,0,0,918,728.01,118,FALSE,0,0,0,0,0
7d33769cd2be5f529379739d57fd6c6e99a118d8,1268671409,1,1,0,0,0,0,0,0,0,0,0,917,727.03,117,FALSE,0,0,0,0,0
31fdba80d493599b8a99723c7b1604b9930fefe5,1268671335,1,1,0,0,0,0,0,0,0,0,0,916,726.03,116,FALSE,0,0,0,0,0
77f8e460d0b0898acb573ec652dedd215b9ee94f,1268670671,1,1,0,0,0,0,0,0,0,0,0,915,725.04,115,FALSE,0,0,0,0,0
51e51db9f783b4b84c11ddcbae66a51abb34d2c3,1268669773,1,1,0,0,0,0,0,0,0,0,0,914,724.06,114,FALSE,0,0,0,0,0
73c506f19c720692f3d2830fb5fa024ff9e7af0d,1268669598,2,2,1,0,1,1,0,2,0,346,156,913,723.06,379,FALSE,0,0,0,0,0
79143f3334e867056a76f19b763789f9aba1f531,1268669450,1,1,1,0,1,1,0,2,3.04,84,95,912,722.07,119,TRUE,0,0,0,0,0
128ba9040e541b1b1389afaa0b3fb9e6796cf13b,1268669391,1,1,1,0,6,11,0,2,0,351,155,911,721.07,644,FALSE,0,0,0,0,0
300cfe74ad1ae3a5257a3ca24a9b186fd225f7f4,1268668964,2,2,3,0.58138,30,9,0,2,1.15,282.33,73,910,720.08,499.5,FALSE,0,0,0,1,1
f008af05bd8d22b5c22370f8887cdb3668307452,1268668497,0,0,0,0,0,0,0,0,0,0,0,909,719.08,0,FALSE,0,0,0,0,0
c429e88e8e6717ce776f8d842e001a3486b3788f,1268667742,1,1,0,0,0,0,0,0,0,0,0,908,718.1,112,FALSE,0,0,0,0,0
25e1a8c00118073f1438ea494e9569eedd98e958,1268621728,1,1,1,0,14,0,0,1,4.09,203,48,14,13.43,2,FALSE,0,0,0,0,0
3aa870d6bd4e4638f69befbd06a111730a42b8ba,1268621289,1,1,1,0,1,0,0,2,1.8,281,52,13,12.43,12,FALSE,0,0,0,0,0
c7a2fe84406c31aefb72a32c897953cec56a23ae,1268498647,1,1,1,0,0,1,0,1,1.89,12,16,12,11.48,11,FALSE,0,0,0,0,0
0ba3b114b03dc8e29063ee428afdc4e37cbfa9d3,1268465625,1,1,2,0.405639,32,8,0,2,2.18,302.5,93.5,11,10.49,10,FALSE,0,0,0,0,0
de237e760bd30b913ef44f78a52d92fbc3631289,1268416082,1,1,1,0,0,51,0,1,1.7,51,12,10,9.5,9,FALSE,0,0,0,1,0
927f5c9883bcb7becfa6f02d519d5022373d0a0e,1268408210,1,1,1,0,1,1,0,2,0.02,80,6,907,721.91,642,FALSE,0,0,0,0,0
88f461baf2118ed478f3b9c2930e0aa1c1924362,1268406897,1,1,1,0,1,29,0,2,0,108,5,906,720.93,641,FALSE,0,0,0,0,0
3251ae26a054c354a21edd9de63a88901a154123,1268406596,2,2,2,1,2,2,1,3,0,96,48,905,719.94,379,TRUE,0,0,0,0,0
e84c81633efb9b4f90ba5ea06ce00540a16f06a6,1268406560,2,2,2,0.110372,16,9,0,3,0,92.5,47.5,904,718.94,378,TRUE,0,0,0,0,0
a2ec966ac7fb174a82af268692f000dd251ab4d3,1268406407,2,3,3,0.167141,12,20,0,3,0.56,80.33,35.67,903,717.94,377,TRUE,0,0,0,0,0
69660fbfdae867c1d8234521503e23fc1ce25d92,1268405914,0,0,0,0,0,0,0,0,0,0,0,902,716.95,0,FALSE,0,0,0,0,0
dcedca1a80a60b5f063014e412c2debf22750b2a,1268405903,1,1,1,0,11,7,0,1,1.49,105,1,901,715.95,637,FALSE,0,0,0,0,0
6455e954fcc192cb8467a5c9971a26d6f12cc67a,1268405597,0,0,0,0,0,0,0,0,0,0,0,900,714.95,0,FALSE,0,0,0,0,0
646904688fbc190f8cb86926af81187646e11341,1268335008,1,1,1,0,9,10,0,1,1,13,14,899,715.26,636,FALSE,0,0,0,0,0
62779fc972960b79b94266aeb5bd98297cc871d3,1268334873,1,1,0,0,0,0,0,0,0,0,0,898,714.26,111,FALSE,0,0,0,0,0
fdee4cde26576e105e47bbb3a5b3184e4c32043d,1268334842,1,1,0,0,0,0,0,0,0,0,0,897,713.26,110,FALSE,0,0,0,0,0
0c18ac5adcf467a358d871a9a33c243db10d0903,1268334341,1,1,0,0,0,0,0,0,0,0,0,896,712.27,109,FALSE,0,0,0,0,0
6da4a942caf956bd90df100283a716680c889eea,1268334114,0,0,0,0,0,0,0,0,0,0,0,895,711.27,0,FALSE,0,0,0,0,0
565f68d2d7592dfbb8d40112b6aceb321b07e109,1268334047,1,2,2,0.523683,10,3,0,2,0.83,62.5,52,894,710.27,115,TRUE,0,0,0,0,0
a7cee4c889414a92ebb928c22936e2e7b0149ece,1268333846,2,4,2,0.237732,3,60,0,2,29.43,31,9,893,709.28,371.5,FALSE,0,0,0,0,0
4f315f9b113b66846628f16bfeda2b4cb59bc6ce,1268333168,1,1,0,0,0,0,0,0,0,0,0,892,708.29,107,FALSE,0,0,0,0,0
f93af823dff0df88beb5d752a26478b8860fd0f6,1268277831,1,1,1,0,1,1,1,1,0.1,271,50,891,708.3,634,FALSE,0,0,0,0,0
51febfec2d3c0b3c3d60493cb6c92c1122998a21,1268277528,1,1,0,0,0,0,0,0,0,0,0,890,707.3,106,FALSE,0,0,0,0,0
df8bd96b2e539f0cae2d4611c514c102aea21808,1268277519,2,2,1,0,3,7,0,1,0.26,101,22,889,706.3,369,FALSE,0,0,0,0,0
9da9beb342657381a59f3c19a124e3bb9dd92811,1268277041,1,1,1,0,1,1,0,2,0.09,334,152,888,705.31,632,FALSE,0,0,0,0,0
5e74723a928d777273df6fc329cb32a9895ca502,1268276947,1,2,3,0.049822,111,0,0,1,3.87,21,9,9,8.54,8,TRUE,0,0,0,0,0
ec77e1acea5ec9d2adb3b7624add5f1a08bf3b82,1268276500,2,2,2,0.368404,8,5,0,2,0.01,86,49.5,887,704.32,372.5,TRUE,0,0,0,2,0
1afad649727db0c5b31d38842b1b687a4c784873,1268275992,2,2,2,0.734496,3,2,0,2,9.12,85.5,49,886,703.33,371.5,TRUE,0,0,0,0,0
a3365dda074d41086f595d95199ae35477a3d4c5,1268275744,1,1,1,0,1,9,0,1,0.25,134,17,885,702.34,629,FALSE,0,0,0,0,0
4c246a4cd1b840bec87f8ad10d2b5a1ac30f6aa2,1268274849,0,0,0,0,0,0,0,0,0,0,0,884,701.35,0,FALSE,0,0,0,0,0
934ffd0731af3b411692dda5ca491fc60c7f7b2d,1268274745,1,1,1,0,3,3,1,1,0.3,78,12,883,700.36,628,FALSE,0,0,0,0,0
790e2c233d0524a933f8d751efeb91f062c5e529,1268269606,1,2,11,0.84375,1,15,0,2,0.04,86.64,12.27,882,699.45,627,FALSE,0,0,0,2,0
9e9967381c5806ae6b039e5b5678f65b7c635a61,1268269300,1,1,1,0,3,3,0,2,0,271,48,881,698.45,626,FALSE,0,0,0,2,0
891ed0882714a00a5f1570f7614c5c2447c7278a,1268269268,1,1,2,0.229363,9,4,0,3,0,300,91,880,697.45,625,TRUE,0,0,0,0,1
55d13a6f08270b26d2e9739df4e68cc1f071ba76,1268269133,1,1,1,0,1,1,0,2,0.01,266,46,879,696.46,624,FALSE,0,0,0,0,0
5569ea439786717d58aa4d4fee634e4bb29b792a,1268269071,2,2,4,0.472394,9,29,0,3,41.38,109.5,41.5,878,695.46,489,FALSE,0,0,0,0,1
693e37459a4bdd815279c5253702c98456bd2467,1268268407,2,3,4,0.270361,3,52,0,2,23.99,219.25,30.25,877,694.47,488,TRUE,0,0,0,3,2
90de1fa55dfa78e2f56cfecdd30044aa1e39fe5b,1268267661,1,1,1,0,7,7,0,3,0.01,337,149,876,693.48,621,TRUE,0,0,0,0,0
6d6e1557cebfdabba9b6f100e1186aeaec13d800,1268267180,1,1,2,0.0720699,15,22,0,3,0.01,316.5,88.5,875,692.49,620,TRUE,0,0,0,2,0
2d84f16dc060a473fea99e3a63fc2f69915fd20f,1268266494,1,2,2,0.674494,9,7,0,2,0.02,184.5,25.5,874,691.5,619,FALSE,0,0,0,4,4
2f98ef9f6d48240440b79676bbb4ef9d01fb13cf,1268266336,1,1,2,0.57938,3,3,0,3,0.02,315.5,87.5,873,690.51,618,FALSE,0,0,0,3,6
e0c07d2385dd88543ba91d5ab703485ad0b56aaa,1268266298,1,1,1,0,1,1,1,2,0.02,294,41,872,689.51,617,FALSE,0,0,0,0,2
0b2413d8c0f29be5a9779fc02e7e984d502af304,1268265151,1,1,1,0,0,1,0,2,0,53,15,21,18.66,11,FALSE,0,0,0,0,0
e92b01f813185ea74cab1fa5b2d8ef8d4464dff3,1268264978,1,2,10,0.831764,32,29,1,2,0.02,90,12,20,17.66,10,FALSE,0,0,0,0,0
27ff13459fa3eea995003187f2c29295ef9d6d0b,1268264178,0,0,0,0,0,0,0,0,0,0,0,19,16.66,0,TRUE,0,0,0,0,0
3e80915454bd9efde40192c65e62538ba6703399,1268263417,1,1,1,0,12,19,0,2,0,299,36,18,15.66,9,TRUE,0,0,0,0,0
4063d2e2c4f8b4de288d179533c4d982af53c5d7,1268262991,1,2,12,0.522367,82,39,0,2,34.73,105.33,19.92,17,14.66,8,TRUE,0,0,0,0,6
ce9416857ba4f5a23f0f82c427dbd84915e072ef,1268257189,1,1,1,0,4,4,1,2,0.02,335,145,871,688.67,616,FALSE,0,0,0,0,0
575d5e8e57adb6d987255c842d1e621a90ac977f,1268257087,1,1,0,0,0,0,0,0,0,0,0,870,687.67,615,FALSE,0,0,0,0,0
14ceb8c046c6bbe07ede056c99be55e5a2e914e1,1268255877,2,2,1,0,1,1,0,2,0.01,335,144,869,686.69,359,FALSE,0,0,0,0,0
c6c29ca505269598089e5b1cebdff726afe6951b,1268255224,1,1,1,0,3,3,0,1,0.03,151,52,868,685.7,613,FALSE,0,0,0,0,2
c5512265041ed82c79ab93ad2bd0dad3a43c4f9f,1268255170,1,2,3,0.95073,9,10,0,1,0.03,193,25,867,684.7,612,TRUE,0,0,0,0,0
fcbc09543c798c69551946cde554a8c71c496766,1268255052,1,1,3,0.590436,5,5,0,1,21.09,61.67,13.33,866,683.7,611,FALSE,0,0,0,2,0
6d83bb0026621f1e0d6954bb3ce943e4492e47b4,1268254843,1,2,3,1,3,3,0,2,23.34,127,50,865,682.71,610,FALSE,0,0,0,1,0
0784a513c90b6232bd66d00fa31601f6abdccb1d,1268254128,1,1,1,0,5,4,0,1,0,133,16,864,681.72,609,FALSE,0,0,0,2,0
ebcdec0860fdf6276141aefe4c329e505b16f9b4,1268253820,1,1,1,0,16,16,0,1,0.06,133,15,863,680.73,608,FALSE,0,0,0,4,6
6805e4f28f0813d8930c5fa65c96644087bd777f,1268253050,1,1,0,0,0,0,0,0,0,0,0,862,679.74,103,FALSE,0,0,0,0,0
962f5fa412f317401dd28bbb8dea443c7144a9bc,1268252869,2,3,4,0.435148,5,49,0,1,9.17,192.5,20.5,861,678.74,480,FALSE,0,0,0,0,0
1385988ab8b547e6fcd3c07997b07f4061bb1784,1268252648,1,1,1,0,1,1,0,1,0,177,50,860,677.75,606,FALSE,0,0,0,0,0
6cc80f8c542eef3ac38acc362d8f78811d4e6a05,1268252625,2,2,2,0.950997,0,29,0,1,0.03,164.5,27.5,859,676.75,478.5,FALSE,0,0,0,0,0
d6c843962d91e6fb58f406d36f1132c112fc860e,1268252545,1,1,2,0.141182,1,19,0,2,0.02,272,86.5,858,675.75,604,FALSE,0,0,0,0,0
247e6ad9ab5e90fa074ddca6666fcb8a672dcbc2,1268252230,3,5,10,0.336149,28,156,0,2,19.53,144.9,22.5,857,674.75,238.667,FALSE,0,0,0,0,1
364c131a4e5a095b73059bf36d40fd77d115f23d,1268251478,0,0,0,0,0,0,0,0,0,0,0,856,673.77,0,FALSE,0,0,0,0,0
b0473250336e675d3ba19346e96fc1c2725db0d5,1268251406,1,2,2,0.00214999,0,539,0,2,0.04,437,98,855,672.77,602,FALSE,0,0,0,5,4
0894cfe058caa7511bd33123e4695a0d9a47c455,1268248889,2,4,5,0.632766,10,11,0,1,18.7,134,20.4,854,671.81,356.5,TRUE,0,0,0,0,0
f4a9d7e70b21254d3d3c866e8c413185b4351d14,1268248694,1,2,4,0.409912,13,12,0,1,17.39,139.75,18,853,670.81,600,TRUE,0,0,0,4,0
593634fb5d0fd4f299121b58e7a2c8a732378289,1268248586,1,2,5,0.739753,31,19,0,2,26.49,148.6,36.4,852,669.82,599,TRUE,0,0,0,4,4
2932bf500602672adfac2b8943bd987b7f3e4d19,1268248332,2,2,0,0,0,0,0,0,0,0,0,851,668.82,349.5,FALSE,0,0,0,0,0
4b1c39fe4170279182681ae576e866e179af1617,1268248212,1,1,2,0.00251134,0,463,0,1,0.89,256,42,850,667.82,351,FALSE,0,0,0,0,0
ee91e3a139263af52237985a3f19de47e2ab83ce,1268248100,4,5,6,0.227578,11,143,0,3,24.28,269.5,39,849,666.82,264.25,TRUE,0,0,0,0,0
e287b854a277e0a36868d44966bbf8cbaadbdfd7,1268152277,2,2,0,0,0,0,0,0,0,0,0,848,667.45,347.5,FALSE,0,0,0,0,0
5458e5dd0040ac2fa91267c931f8670bc9312180,1268150875,1,1,1,0,2,2,0,2,0,338,137,847,666.47,595,FALSE,0,0,0,0,0
ed30f37ca9fb090a82f9d76da165278cdd6ee672,1268150564,1,1,1,0,6,4,1,2,0,336,136,846,665.48,594,FALSE,0,0,0,0,0
9e495f6bb8d9d8095eb8d1d3bb9ce762d7bdceef,1268150277,1,1,1,0,4,5,0,2,0.46,337,135,845,664.49,593,FALSE,0,0,0,0,0
21566c49f0d01ff5437d91c2014c669379a520ab,1268110603,2,2,1,0,1,1,1,2,0.08,337,134,8,7.59,3.5,FALSE,0,0,0,0,0
0a225c13a4613862a328a1ce7475a15a990b19b2,1268103651,1,1,1,0,28,20,1,2,0.03,329,133,7,6.59,6,TRUE,0,0,0,0,3
8ee66dca222c88f149f3debb11a956899966b627,1268102618,0,0,0,0,0,0,0,0,0,0,0,844,664.29,0,FALSE,0,0,0,0,0
60393f07efab9e88ddaa14d5df2f950c1ccd6aaf,1268102585,1,1,1,0,0,5,1,1,0,95,9,843,663.29,592,FALSE,0,0,0,0,0
34418b03fb27c0e879b5b2fe38cecf734f9ab299,1268102548,1,1,1,0,15,8,0,1,0.01,88,8,842,662.29,591,TRUE,0,0,0,1,1
ce2f161f08f77dfecd13b7c830e2df2ea662c4dc,1268102003,1,1,1,0,14,9,0,1,0.02,83,7,841,661.3,590,TRUE,0,0,0,0,0
680c07a0302f180b7bbd69c4745513b0c2b9fc9d,1268101016,1,1,1,0,16,9,0,1,0.05,322,132,6,5.59,5,TRUE,0,0,0,0,0
d5ca1ea152da25d0e5086b6d1c4cffb143f29f38,1268100489,1,1,1,0,28,21,1,1,0.01,76,6,840,660.33,589,TRUE,0,0,0,0,0
c3fec8225a14a61751ad26cc25e1580e280cac6a,1268099492,1,1,1,0,5,8,0,1,14.41,79,5,839,659.34,588,FALSE,0,0,0,0,0
bfff00826e665ba0a80a9c70b7bc41dd43cbaa8d,1268097076,1,2,2,0.734496,1,4,0,1,0.04,189,25,838,658.38,587,FALSE,0,0,0,0,0
61cb50b2bd6b37da916bcc11ac997bf10aeb23f8,1268096976,1,1,1,0,13,15,0,1,0.01,324,131,837,657.39,586,FALSE,0,0,0,0,0
c8d3bfabc7b7a5bb9f1caf3d3d660e3266e3fab5,1268096495,1,1,1,0,8,8,0,1,0,324,130,836,656.39,585,TRUE,0,0,0,0,0
1ce212d33ddd4c7e8b91edfb58621a0a176f90f1,1268096456,1,1,1,0,26,24,0,1,0,322,129,835,655.39,584,FALSE,0,0,0,0,0
3682f4f06ac7d637f33d2f62c2a45fc1ab8e117c,1268096269,1,1,1,0,2,2,0,1,0,322,128,834,654.4,583,FALSE,0,0,0,0,0
0f74408b0eacd07135cc8f59a8200f383ab6d0a9,1268096191,1,1,1,0,38,39,0,1,0.01,323,127,833,653.4,582,TRUE,0,0,0,0,0
f7d7c4a8e03da64cd88c1e4f316d753cc56cf359,1268095361,0,0,0,0,0,0,0,0,0,0,0,832,652.41,0,FALSE,0,0,0,0,0
0cb8d127969cbffacd75ef6a7d1255fea4d42311,1268095223,3,4,4,0.321932,12,283,0,2,32.94,161,42,831,651.41,342.667,FALSE,0,0,1,0,2
9586ecfd585123a06b44c6b9f1ca269468a6da4c,1268093580,2,3,9,0.275205,68,70,0,2,20.85,177.78,29.44,16,13.73,3.5,TRUE,0,0,0,4,4
86217867f94b5956802aa4dfbbe2c5a659142df5,1268085609,1,2,3,0.272727,76,11,0,1,14.1,190.33,55.67,15,12.73,6,FALSE,0,0,0,5,6
38591d06a03827a1dbccc6263f201de2e6459399,1267803177,1,1,1,0,1,1,0,1,10.75,274,32,830,655.27,580,FALSE,0,0,0,0,0
496de51a119a46b957a5e5eedef9f59c7a47ae78,1267301269,1,1,1,0,1,1,0,1,52.14,50,12,5,4.72,4,FALSE,0,0,0,0,0
91805f7da4a5ce5de0669bf88411d1457e3d5467,1266878923,1,1,0,0,0,0,0,0,0,0,0,829,670.1,97,FALSE,0,0,0,0,0
7bd8340a8b9e9cac6475f8077cd1b39bb2519fc9,1266874246,2,2,3,0.357234,23,1,1,1,36.18,383,35.67,828,669.18,463.5,FALSE,0,0,0,0,0
481700709789fd6c51ca859ee09cf8689a0f596b,1266873995,2,3,3,0.86129,3,4,0,2,5.79,152,42,827,668.18,344.5,FALSE,0,0,0,0,0
d5003feb3946e8b196ac44764d72a7de777b5950,1266854931,1,1,1,0,1,1,1,1,0,129,19,826,667.52,577,TRUE,0,0,0,0,0
f03e460ca567e0f611643e255f365f2f3f90aaea,1266854713,2,4,7,0.683601,25,32,0,2,15.26,148,29.14,825,666.52,461.5,TRUE,0,0,0,0,0
347c8847b0a8d9322c5555fa809b6213f49cd187,1265999783,1,1,1,0,0,2,0,1,0.86,101,14,824,680.75,575,FALSE,0,0,0,0,0
9f48b323299869a9d9071c83599a696405983d44,1265996080,1,1,0,0,0,0,0,0,0,0,0,823,679.82,96,FALSE,0,0,0,0,0
2f6dfbc165337b0f998a281f7f7ac86674b8bf59,1265936550,2,2,1,0,1,1,0,1,0.02,323,122,822,679.9,334.5,FALSE,0,0,0,0,0
49cb53d7352fa4c991d5a29388ba42824d31f83b,1265935007,0,0,0,0,0,0,0,0,0,0,0,821,678.93,0,FALSE,0,0,0,0,0
54f1a51a102ee17cb371510846f15beec6a5677a,1265934998,1,1,2,0.310917,4,1,0,1,0.2,226.5,64,820,677.93,573,FALSE,0,0,0,0,0
c6a2674c2be7ea14bdc8b7a1d07ca063f37f7b4e,1265933742,0,0,0,0,0,0,0,0,0,0,0,819,676.95,0,FALSE,0,0,0,0,0
282a10ec831937eab43d975f1f57dd7850e20bff,1265933737,1,1,1,0,10,1,0,1,7.97,122,12,818,675.95,572,FALSE,0,0,0,1,0
50276a06df69c59cb02d24786bebd5cb4fd83f82,1265933460,0,0,0,0,0,0,0,0,0,0,0,817,674.96,0,FALSE,0,0,0,0,0
f452250f88895c782b9cbaf56b611f95680e7c8b,1265933443,1,1,1,0,47,14,0,1,0.03,46,3,816,673.96,571,TRUE,0,0,0,0,0
9d44e237a50d7db908652ec5008b133d721637d6,1265931016,1,1,1,0,16,10,0,1,0.01,40,2,815,673,570,TRUE,0,0,0,0,1
9f0e5899c25e21771b1d1fd0e12a667b33ef9f1a,1265929866,1,2,1,0,7,7,1,1,6,40,1,814,672.02,569,TRUE,0,0,0,0,0
e351a02a06a42a3353cd43410553a26a73885c38,1265926979,0,0,0,0,0,0,0,0,0,0,0,813,671.08,0,FALSE,0,0,0,0,0
cd167ec7771a45b431138e9b27f4bc6fbae47878,1265926975,1,2,3,0.265034,18,4,0,1,13.31,21,4,812,670.08,110,FALSE,0,0,0,0,0
329041247700d9e35bd780b3cff8c68032010226,1265925746,1,1,0,0,0,0,0,0,0,0,0,811,669.1,568,FALSE,0,0,0,0,0
acf0128fb40614f0a944089f51bd6ec7c3c5f5e5,1265925453,0,0,0,0,0,0,0,0,0,0,0,810,668.1,0,FALSE,0,0,0,0,0
e91ee22a8930d91d99eee0d9ea0170a8c1979390,1265925446,1,1,1,0,3,1,0,1,6.03,99,13,809,667.1,567,FALSE,0,0,0,0,0
45ef08cf99099bddaf995544c93272cd3b8c2355,1265901128,2,2,1,0,1,1,0,1,5.72,322,120,808,666.54,330,FALSE,0,0,0,0,0
baa7d12ed6eb8e7edc3d489605d32f872364fd4c,1265900955,1,1,0,0,0,0,0,0,0,0,0,807,665.54,565,FALSE,0,0,0,0,0
822de581b30adcfd627b2442319816ddd105a9ce,1265762059,2,2,2,0.775805,5,7,0,1,0.33,43,1.5,806,667.01,455,TRUE,0,0,0,0,0
3863a76fc81fd8cb0e4e62106fa189ece2119c49,1265733692,0,0,0,0,0,0,0,0,0,0,0,805,666.52,0,FALSE,0,0,0,0,0
9727fac2917df38a542a67b6a7f8cd70385f1af3,1265733688,2,2,2,0.618711,55,2,0,1,1.47,16.5,1,804,665.52,454,TRUE,0,0,0,0,0
5cadbcbbd7d5a30bb9753739e7f0b40e2772cdef,1265607028,2,2,2,0.0904452,15,0,0,1,2.11,5.5,6,803,666.79,453,FALSE,0,0,0,0,0
8ee0294672ee269767cab52e718cb4909204ad62,1265606955,2,2,3,0.066266,20,0,0,1,1.4,22.67,11.33,802,665.79,452,FALSE,0,0,0,0,0
99789c3182b9ab66a973aba0cac6de2ed34c5f8d,1265605889,1,1,0,0,0,0,0,0,0,0,0,801,664.81,93,FALSE,0,0,0,0,0
406a7f4fc7fd8af75fefee3746c5b9f68262fb32,1265605343,0,0,0,0,0,0,0,0,0,0,0,800,663.82,0,FALSE,0,0,0,0,0
5a11f82e0edbb1d203a99cbdcbd400cf8ad440c4,1265605341,1,1,1,0,8,1,0,2,1.03,267,29,799,662.82,560,FALSE,0,0,0,0,0
33eca37ec91fcb0db0390c546358ab2cbe4cc94e,1265516430,2,2,2,0.438746,14,1,0,2,0.06,234.5,33,4,3.99,2,FALSE,0,0,0,3,0
fbd9cdd11e1c1ac83ff4650d69122a65f0535e86,1265513765,1,1,1,0,2,2,0,2,0.06,265,27,3,2.99,2,FALSE,0,0,0,0,0
6ec6657512ca4becbe8753aa33870056c9b10d14,1265508643,2,2,2,0.805983,18,3,1,1,11.21,227,32,2,1.99,0.5,FALSE,0,0,0,2,0
8e91d2039aa2e2c77e4a46786ad2db8f4c43b6cc,1265411808,2,2,2,0.0628815,42,0,0,2,0.15,40.5,43.5,798,665.28,334,TRUE,0,0,0,0,1
1879648be789bfd7177241c8c4ba440d8a4a96b8,1265406971,0,0,0,0,0,0,0,0,0,0,0,797,664.36,0,FALSE,0,0,0,0,0
490770171df0724f67bfb47ccb9d13e28a1188a7,1265406967,2,2,2,0.507374,6,4,0,1,0,55.5,4.5,796,663.36,450,FALSE,0,0,0,0,0
621063cc188555f51c5236e3be3fc8ea5bf032d4,1265406890,2,2,2,0.57938,3,0,0,1,0.01,182,61,795,662.37,449,FALSE,0,0,0,0,0
821defc11b46708498077a8c240972e80250c28e,1265406774,1,1,1,0,5,6,0,1,1.96,67,6,794,661.37,556,FALSE,0,0,0,0,0
dbc1709e0e50b0475512b34bb338285f2ace8a85,1265406200,1,1,1,0,9,0,1,1,50.95,34,2,793,660.38,340,FALSE,0,0,0,0,0
4d1bda0601d3e0d214b1c783d22502e4866b3f16,1265405992,1,1,1,0,1,14,0,1,0.19,334,118,792,659.38,555,FALSE,0,0,0,0,0
1a9a3674c298167866e1a42f60618fa211ef5b93,1265404138,1,1,1,0,1,0,1,1,0.99,107,10,791,658.41,339,FALSE,0,0,0,0,0
99b7e74422d3549e07cc81bbe15dc3b4326e70d7,1265404108,1,1,1,0,3,3,0,1,2,99,12,790,657.42,554,FALSE,0,0,0,2,0
add0a43c404b4beccda3bd210e58d0d5db1a9a48,1265389454,0,0,0,0,0,0,0,0,0,0,0,789,656.67,0,FALSE,0,0,0,0,0
3dc7c6a2543608f37f2384949782004b81e5e4c3,1265389448,0,0,0,0,0,0,0,0,0,0,0,788,655.67,0,FALSE,0,0,0,0,0
e645123fbd3b9205435517493f689c30dbd68dd8,1265389435,2,2,1,0,1,1,0,1,0.74,334,117,787,654.68,322.5,FALSE,0,0,0,0,0
4b104db2122d3c8098a3130120b9040028bde4b0,1265388612,0,0,0,0,0,0,0,0,0,0,0,1,1,0,FALSE,0,0,0,0,0
7cdbca0dc95f2c635187711d7bd9599010f2c575,1265386704,2,2,2,0.310917,2,3,0,2,0.4,143.5,50.5,786,653.72,330,FALSE,0,0,0,0,0
7d5f06b0488f9cd439c17abf861cd91c304fc548,1265386371,1,1,1,0,3,2,0,1,0.01,206,18,785,652.73,551,FALSE,0,0,0,0,0
e823e315502dffe12110519856a6cf56e5a3ccb1,1265386201,1,1,1,0,0,1,0,2,1.76,8,13,0,0,0,FALSE,0,0,0,0,0
34de3ede9558accfee47c8a781c13eed921b7fad,1265385848,1,1,1,0,1,1,0,1,0.78,206,17,784,651.74,550,FALSE,0,0,0,0,0
35c731700450a9dfc6fdf7b8f17c8ba11a09b67b,1265325571,1,1,1,0,1,1,0,1,0.06,334,116,783,651.8,549,FALSE,0,0,0,0,0
2a89f375f4e856a5127e554a544c030f91aca47c,1265320456,0,0,0,0,0,0,0,0,0,0,0,782,650.89,0,FALSE,0,0,0,0,0
8d06b6752a396d6f78e8b8b97559bac48a0d87bf,1265320451,1,1,1,0,1,0,1,1,0.01,333,115,781,649.89,548,FALSE,0,0,0,0,0
dba453345ae106e207176adda508a179ed4624de,1265319398,1,1,1,0,2,1,0,1,0.76,332,114,780,648.9,547,FALSE,0,0,0,0,0
1f76d5c7d62c83bafd3de75c97e209a61503bef1,1265318583,3,3,3,1,1,2,0,2,0.63,131.33,33.33,779,647.92,330.333,FALSE,0,0,0,0,0
83095375270f1bf22872847e90dc4875767be55c,1265305621,1,1,1,0,1,1,0,2,0.01,81,84,778,647.15,106,FALSE,0,0,0,0,0
d0f14f848843b926cdf060c5a672734d230cb7fc,1265304798,2,2,2,0.0815564,28,5,0,2,0.58,54.5,43.5,777,646.16,325,FALSE,0,0,0,1,0
cee857af9a1271d866ae248c50d3c64a5d32d07b,1265254895,2,2,2,0.47756,5,2,0,2,14.27,53,43,776,646.03,324,FALSE,0,0,0,0,0
c8dd169ad9da65532cdcd8b47b945d31ca0dbc30,1265254111,2,2,1,0,1,1,0,1,0.17,332,113,775,645.04,317,FALSE,0,0,0,0,0
5495fbcd0cfd81e21108c090d4722e3cfd462a8d,1265253994,0,0,0,0,0,0,0,0,0,0,0,774,644.04,0,FALSE,0,0,0,0,0
eb94667ec8a774360d4bae997d06a066c608bba4,1265253969,1,1,1,0,10,14,0,1,0,138,43,773,643.04,542,FALSE,0,0,0,0,2
cf31355515d77d35b45a117dbeb9fc43abbae1d7,1265253873,2,2,2,0.93571,36,8,0,1,0.03,124,23.5,772,642.05,439,FALSE,0,0,0,1,1
604c359a1c93961bf984705cd520fd980b65631d,1265251539,1,1,1,0,1,1,1,1,0,129,12,771,641.09,336,FALSE,0,0,0,0,0
dad64b8a3be014353ae05966ba1bfea14d4f6072,1265251508,1,1,1,0,9,9,1,1,0,129,11,770,640.09,335,TRUE,0,0,0,0,0
ffa432baa2fb14914da4186c8983d9ada1d1e8cc,1265251361,2,2,2,0.938453,11,12,0,1,0.01,124.5,22,769,639.09,437,TRUE,0,0,0,0,0
5c4a35634852b0b0688034f9ecc7929b39d4c141,1265250211,2,2,2,0.674494,16,0,0,1,0.11,116.5,21.5,768,638.11,436,TRUE,0,0,0,0,0
ef949aec209efa916d472aed5aae5ed927294d29,1265250059,1,1,1,0,29,1,0,1,0,82,8,767,637.11,332,TRUE,0,0,0,0,0
eaea3f188d7339ab3e42dfa4603299c899adcb9c,1265249665,1,1,1,0,10,0,0,1,0.21,72,7,766,636.12,331,FALSE,0,0,0,0,0
818135789b82345b965fd98034db2c710b8d1f78,1265249323,1,2,2,0.15876,8,1,0,1,8.26,24,5.5,765,635.12,103,FALSE,0,0,0,0,0
2bbe5737486f9e7be500819fd846d86bc442c272,1265247535,1,1,1,0,0,2,0,2,0.03,83,81,764,634.15,102,FALSE,0,0,0,0,0
9efb15b267578ab26244603e83668c83f120d75f,1265245140,1,1,2,1,8,8,0,1,0.02,211.5,12,763,633.2,538,FALSE,0,0,0,0,0
5ce1306b75fa275a0d0d69c2c8cc2c8217c6c321,1265245044,0,0,0,0,0,0,0,0,0,0,0,762,632.2,0,FALSE,0,0,0,0,0
75c85663ad597b3d34fb51bfbda17a93f53fdc23,1265245039,3,3,4,0.376668,14,1,0,2,1.88,78.75,31.75,761,631.2,322.667,FALSE,0,0,0,2,0
8c1bcc4c47667b3540c19cbaa160a94361b61540,1265243245,1,2,3,0.085154,35,5,0,1,0.69,134.67,10.67,760,630.23,536,FALSE,0,0,0,0,0
200d09c7bd2cad3d4978bf407223562a4198facb,1265242261,1,1,1,0,6,7,0,1,0.01,192,8,759,629.24,535,TRUE,0,0,0,0,0
ef8647483036b886ccba7e4840b0b6853378c66c,1265241685,2,2,2,1,23,9,0,1,0,148.5,4,758,628.25,431.5,TRUE,0,0,0,0,0
e2fee9b35382bc252ad09e0368b63913c967dcbf,1265241479,2,2,3,0.10113,101,73,0,1,15.51,125.67,5,757,627.26,430.5,TRUE,0,0,0,0,1
542cab1123c2fef3ec92174201aa4c0689f2117f,1265240609,2,2,2,0.734496,5,5,0,1,0.01,155.5,7,756,626.27,429.5,FALSE,0,0,0,0,0
315c05034f7c81e399be95945d7a9114de9efc3d,1265240015,0,0,0,0,0,0,0,0,0,0,0,755,625.28,0,FALSE,0,0,0,0,0
148d34629b761d81709f4336251afe13617eee27,1265240009,2,2,2,0.288282,30,2,0,1,0.02,141.5,6.5,754,624.28,428.5,FALSE,0,0,0,0,0
82891ea148c6774b98cfbe3d771d997a77537d16,1265239678,2,2,1,0,1,1,0,1,0.01,332,112,753,623.29,310,FALSE,0,0,0,0,0
cd1aa92d07d3b95554a5cf265e8ddd56e22edc73,1265239254,1,1,1,0,1,1,0,1,12.18,179,15,752,622.29,529,FALSE,0,0,0,0,0
2a4f3525d999c4a77c641be08f10fb854455c49f,1265238989,2,2,5,0.231061,44,37,0,1,23.92,208.2,28.2,751,621.3,426.5,TRUE,0,0,0,2,0
944f99abe0c1325e989421f82f5a9b69ff06701a,1265238644,1,2,2,1,5,1,0,2,3.16,44.5,42,750,620.31,100,FALSE,0,0,0,0,0
e083321a9d7c004ee728f13be45cf338b29aebfb,1265238307,0,0,0,0,0,0,0,0,0,0,0,749,619.31,0,FALSE,0,0,0,0,0
a0a1a543e81f4e074b6a2d45bf0aaf9054e2544a,1265238292,1,1,1,0,6,5,0,1,0,180,11,748,618.31,527,TRUE,0,0,0,0,0
cf74bc655de37b2743f0a5350959dac625258be3,1265238223,2,2,2,0.786857,19,0,0,1,0.03,131.5,5.5,747,617.31,425,FALSE,0,0,0,0,0
0587278cdab6395f221277b424968960a8874f6b,1265237937,1,1,1,0,4,4,0,1,1.92,110,24,746,616.32,525,FALSE,0,0,0,0,0
b333dccc2e40bbf548069652454e0d33facdabf4,1265237565,1,1,1,0,2,2,0,1,48.04,67,5,745,615.32,524,FALSE,0,0,0,0,0
a71201bd55ad3088521dfbe4ebb9b266b6e00f95,1265236204,1,1,1,0,7,1,0,1,0.01,163,9,744,614.35,523,FALSE,0,0,0,0,0
cec677062b1bd72a4f660ecd61a5c9ffed76da85,1265235960,0,0,0,0,0,0,0,0,0,0,0,743,613.35,0,TRUE,0,0,0,0,0
327d5b0f8883a5454aea4c7a8bb6eda855faf6a5,1265235646,1,1,0,0,0,0,0,0,0,0,0,742,612.35,89,FALSE,0,0,0,0,0
20cf8f81a2948ec928e8368e5acf96dfb4deea61,1265235520,1,1,1,0,3,1,0,2,0.02,78,76,741,611.36,99,FALSE,0,0,0,0,0
4d5a1b5f4de7d9a450b6156c3042604b226f5a04,1265235271,2,3,3,0.780639,4,4,1,1,1.26,128.67,8.33,740,610.36,422.5,FALSE,0,0,0,1,1
9d5a6f9412baf78410dd3636ec3e8f493aa333a0,1265233867,2,3,3,0.0973164,73,12,0,2,8.52,62.33,30.33,739,609.38,309.5,TRUE,0,0,0,0,0
7e920124158e04c91d73e49c49e00f21dfd12066,1265231674,3,4,7,0.412643,47,27,0,2,5.89,159,30.86,738,608.42,313,FALSE,0,0,0,0,0
6ee83ba8d018b7c8dd6b39aedc2f31e60440fb29,1265231142,0,0,0,0,0,0,0,0,0,0,0,737,607.43,0,FALSE,0,0,0,0,0
70a99ade673c9bf84fe5baaea431ba4f63330c20,1265230985,2,2,2,0.57938,0,18,0,1,1.91,104.5,19.5,736,606.43,420,FALSE,0,0,0,0,0
634503b8ba634e6d5ccd6f8d2d49e1647afba2de,1265230952,3,4,3,0.75,8,8,0,2,12.1,38.33,31,735,605.43,234,TRUE,0,0,0,0,0
2a4cbb11749f476de3c3713a70a3ec1a5c17c80c,1265226350,1,1,1,0,1,1,0,1,0.01,329,109,734,604.5,517,FALSE,0,0,0,0,0
ca7d0f3e347e9d275392d20a02904aaebca27f45,1265226033,1,1,1,0,5,5,0,1,28.84,1773,5,733,603.51,320,FALSE,0,0,0,1,0
9cb2645d1c617239553e98debab4d75093ec6416,1265225731,0,0,0,0,0,0,0,0,0,0,0,732,602.51,0,FALSE,0,0,0,0,0
acf0a652b7f7de19eb8c2b4d9da86abe11cca45d,1265225723,1,1,1,0,1,0,0,1,0.01,328,108,731,601.51,516,FALSE,0,0,0,0,0
2701dfd80b2b60f50ecf1cf6f4857f9717116e0c,1265225057,1,1,1,0,16,4,1,1,1.84,316,107,730,600.53,515,FALSE,0,0,0,0,0
047499dcd1b16332de16cfd5d1b12a83b2733c2f,1265079034,2,5,5,0.239501,34,28,0,2,15.04,51.8,18.8,729,601.87,304.5,TRUE,0,0,0,0,0
fa37e5a35f2f8c8d412d9095a6002b95f058d3ef,1265074578,2,2,2,0.734496,4,1,0,2,2.19,85,39,728,600.94,303.5,FALSE,0,0,0,0,0
4adbb4971fac4533aac508598202fcd25b780ffe,1265074358,1,1,1,0,8,1,0,1,0,93,4,727,599.94,512,FALSE,0,0,0,0,0
8ed99f6bb81bafedc4ae7871a565ec15646b6195,1265074163,2,2,2,0.331675,69,2,0,1,0.02,59.5,2,726,598.94,415,FALSE,0,0,0,0,0
fbf547d127f972023a687b8c99e73278f324a26f,1265072716,1,1,1,0,33,14,0,1,0.01,61,2,725,597.97,510,FALSE,0,0,0,0,0
f4b4c03cb5582df6fbed01e8b6173290cedb27dc,1265071787,2,3,4,0.276518,64,17,0,1,9.16,73.5,10.25,724,596.98,413.5,TRUE,0,0,0,1,1
6b9a079bbf0f4c4e0b497594e421921ff1e36fd6,1265068191,1,1,1,0,10,2,0,1,0,14,1,723,596.04,317,FALSE,0,0,0,0,0
7238afbf4bc04478f7f4246a395487c4c3fb8d6a,1265067881,2,3,4,0.198149,50,0,0,1,10.65,18.75,9.75,722,595.04,412,TRUE,0,0,0,0,0
01866594694e6ece82012cf1bad3f0c716bf7b37,1265066113,1,1,0,0,0,0,1,0,0,0,0,721,594.07,93,FALSE,0,0,0,0,0
50d14230f5a46d87c6388457194d9a88faf30fea,1265066011,0,0,0,0,0,0,0,0,0,0,0,720,593.07,0,FALSE,0,0,0,0,0
29fe71c8f7120c6e85887fd0563940a9a0ae1092,1265066007,1,1,1,0,1,1,0,1,14.17,316,106,719,592.07,507,FALSE,0,0,0,0,0
5fe033cef14e5fc705bc9605fe72f5fa46c5900e,1265065844,2,2,2,0.57938,21,0,0,1,14.18,94,19,718,591.08,410.5,FALSE,0,0,0,0,0
6490f0c193dd8a18d1aa330120393f6ab9f84cd0,1265059549,1,1,0,0,0,0,0,0,0,0,0,717,590.18,87,FALSE,0,0,0,0,0
09ccd043f227c2a027b302da3a175699a93bab33,1264780151,1,1,1,0,1,1,0,1,29.96,118,10,716,593.6,505,FALSE,0,0,0,0,0
825e8b6f0cfc86fc46ce21e01ab08a6155fe94d9,1264696172,2,3,3,0.655459,3,2,1,2,11.48,58.33,27.33,715,593.94,298,FALSE,0,0,0,0,0
1726dfb3b3988c7f3d5713704fae153194be3c7a,1264525306,1,1,1,0,3,0,0,1,7.91,34,8,714,595.67,91,FALSE,0,0,0,0,0
8a7ac0a6afcb4d7707ceef095ea647b17f51f5f0,1264439369,1,1,1,0,1,0,0,2,0.01,62,11,713,596.06,503,FALSE,0,0,0,0,0
d66ce086d4d998432f564e91001dfa5466c00acc,1264438877,0,0,0,0,0,0,0,0,0,0,0,712,595.06,0,FALSE,0,0,0,0,0
2bbf6cb8f96db9b9abce027d39131fe68cd259e5,1264438869,1,1,1,0,3,4,0,2,2.62,63,10,711,594.07,502,FALSE,0,0,0,0,0
4a52e641cf0474839724ee81d4fa8f5f685c04f8,1264438799,0,0,0,0,0,0,0,0,0,0,0,710,593.07,0,FALSE,0,0,0,0,0
b4c90def81512a5f73510c44fc734771bbadc9be,1264438545,0,0,0,0,0,0,0,0,0,0,0,709,592.07,0,FALSE,0,0,0,0,0
50c0277e7f9451821ffa1d0bbf212025cb3ca27c,1264438537,0,0,0,0,0,0,0,0,0,0,0,708,591.07,0,FALSE,0,0,0,0,0
5a5f23fc88e9420d82fefd748635f8bcc2a3a0c1,1264220667,1,1,1,0,82,2,0,2,0.95,279,7,0,0,0,FALSE,0,0,0,0,0
ae8f9e1137f7b444e5a137db73b5a514388858a4,1264212798,1,1,1,0,6,5,1,2,3.19,62,9,0,0,0,FALSE,0,0,0,0,0
2b92e4053bd27f7f80d61bea0905ff9c2b9e5041,1264190314,0,0,0,0,0,0,0,0,0,0,0,707,594.06,0,FALSE,0,0,0,0,0
8717e2e970c24ef330c859cf013a2a7f634a587b,1264190311,2,2,2,1,3,1,1,1,36.51,103.5,12,706,593.06,407.5,TRUE,0,0,0,0,0
d0a9b0cb81071dc17012f0342b7861c379cfa320,1264186537,0,0,0,0,0,0,0,0,0,0,0,705,592.12,0,FALSE,0,0,0,0,0
844eb5f7e9c3def0382dc8f5686c4f54b2528487,1264186505,1,1,0,0,0,0,0,0,0,0,0,704,591.12,313,FALSE,0,0,0,0,0
41913fd8b9c5cf243057b7da41a1bc4e840f4f57,1264186478,1,1,1,0,2,2,1,1,16.83,179,14,703,590.12,500,FALSE,0,0,0,0,0
2a5ccd88263c609d44bf8aadaf61f60a1a41405a,1264186377,1,1,0,0,0,0,0,0,0,0,0,702,589.12,312,FALSE,0,0,0,0,0
497402311fa9cb63a347dfdae966a3f3a845088e,1264171527,0,0,0,0,0,0,0,0,0,0,0,701,588.36,0,FALSE,0,0,0,0,0
d52090619b37341a71ba9308fc4c3a5db5327f78,1264138680,1,1,1,0,83,1,0,1,41.55,197,6,0,0,0,FALSE,0,0,0,0,0
9d0d6e412b5a7a6d46dbe996f2bee20382a949b2,1263946720,1,1,1,0,1,2,0,2,1.2,70,71,700,590.97,90,FALSE,0,0,0,0,0
9b5605a94400a0e0e803259275d27787c9095baa,1263943170,1,1,0,0,0,0,0,0,0,0,0,699,590.03,499,FALSE,0,0,0,0,0
51f4c965b562afe49c9439fdebefdbf4b0464009,1263936820,1,1,1,0,1,1,0,2,7.85,62,8,14,13.33,5,TRUE,0,0,0,0,0
046bee88443936bc53522fb9954eb7a0ba416e49,1263847736,0,0,0,0,0,0,0,0,0,0,0,13,12.37,0,FALSE,0,0,0,0,0
971739089a35a8cb3df4685d993995d4d030701c,1263842790,2,3,1,0,1,1,0,2,0.14,70,70,698,590.65,293.5,FALSE,0,0,0,0,0
f962f34e53826a2e8161b086e3c06c5f247af00f,1263842641,1,2,0,0,0,0,0,0,0,0,0,697,589.65,88,FALSE,0,0,0,0,0
34a88d029da0b48e9453bce6046360bf599d3754,1263841971,1,1,1,0,1,1,1,1,10.05,192,44,696,588.66,311,FALSE,0,0,0,0,0
d3b2e6057d32defadfa1e9f077d83cc12f05250a,1263841808,1,1,0,0,0,0,0,0,0,0,0,695,587.67,86,FALSE,0,0,0,0,0
12a58361b443c67dc2e7cc85ac01d6ef3efc5f88,1263841585,1,1,1,0,1,2,0,1,0,35,7,694,586.67,87,FALSE,0,0,0,0,0
0085b0a33b2f98d3afe4fcf35c20d9a1723e7370,1263841384,1,1,1,0,2,1,0,2,0,315,104,693,585.67,497,FALSE,0,0,0,0,0
bf9505a4cee4e2f3d4947ad4a0a41cb92dfc945a,1263841304,2,2,2,0.734496,2,3,1,2,0.01,175.5,53,692,584.67,291,FALSE,0,0,0,0,0
4c94457380dbc494cd74dd1ba82709f2561ef278,1263841076,2,2,2,0.264142,21,2,1,1,5.03,84.5,18.5,691,583.68,402.5,FALSE,0,0,0,0,0
af313e5e8c407f837d16da5028f58bb25c5bec64,1263840767,1,2,2,0.674494,5,3,0,1,0.01,22.5,3,690,582.68,85,FALSE,0,0,0,0,0
eb7b96efe1aae770de8338e26cb2af17124a1442,1263840132,2,2,2,0.110372,17,8,0,2,0,171.5,52,689,581.69,289,TRUE,0,0,0,0,0
5fe35bf97e5076538d1cdef136a7ed751ec5db52,1263839762,2,3,5,0.287486,34,9,0,2,4.03,142,27.4,688,580.7,288,TRUE,0,0,0,0,0
12bc374ea9349dcd83d11b2b6fa3d0313147a6bc,1263837525,1,1,1,0,1,1,0,2,0,307,100,687,579.73,492,FALSE,0,0,0,0,0
68c57e08ae3e434d10ac9b01a3488a47e1d9f71d,1263837290,2,3,3,0.235949,28,26,0,2,0.05,116.33,33.67,686,578.74,286.5,TRUE,0,0,0,1,0
f73c3fc40430ce07e0cad9926b76558fedec39c6,1263833834,2,2,2,0.35218,31,5,0,2,3.36,144,49.5,685,577.79,285.5,FALSE,0,0,0,0,0
4d926d3840fc5094b6861e8bc0ff7afd14eed7b2,1263831644,1,1,1,0,4,0,0,1,0,31,1,684,576.83,80,FALSE,0,0,0,0,0
817ff41b0d7e6e630ce33a31e09e2a13dd881326,1263831257,2,4,5,0.419601,62,0,0,0,0,0,0,683,575.83,82,FALSE,20,0,60,215,62
f1614a5946ab5902a202f0c552d7b08b82210aeb,1263830714,2,9,5,0,0,0,0,2,10.71,27,15.8,682,574.84,81,FALSE,40,0,120,430,124
17c1207d769309a7b30c23792b6fba9d5870198b,1263526388,1,1,0,0,0,0,0,0,0,0,0,681,578.65,77,FALSE,0,0,0,0,0
a92667fdad7e2ffc4fd92e2322cca004e67b48b7,1263335027,1,1,1,0,14,7,0,1,0,49,3,680,580.71,9,FALSE,0,0,0,0,0
f03694e21ec57704eca6abbd732c6837cc6ed061,1263334836,1,1,1,0,15,1,0,1,0,35,2,679,579.71,8,FALSE,0,0,0,0,0
83fcf8b5944d19d51eead0a6c746d2bf6df3edee,1263334518,2,5,4,0.741841,11,6,0,2,9.39,47.25,5.5,678,578.72,248,FALSE,0,0,0,0,0
7afb895f1bb72317250a6e77e331be131bb5c9f2,1263334022,0,0,0,0,0,0,0,0,0,0,0,677,577.73,0,FALSE,0,0,0,0,0
98e566ad69660b08ceb90b4a8dfcbded5450271c,1263334018,1,1,0,0,0,0,0,0,0,0,0,676,576.73,488,FALSE,0,0,0,0,0
7d0470d2851f697a7d04a19820552938384d4eba,1263333964,1,1,0,0,0,0,0,0,0,0,0,675,575.73,76,FALSE,0,0,0,0,0
f8879ac5d19755931608f7dbf40fd0550277273b,1263333493,2,4,3,0.705321,7,2,0,2,3.7,57,25.67,674,574.73,281,TRUE,0,0,0,0,0
9f263e357b4d0ea1b5d67da69a3a1363310e7cc3,1263332184,2,2,0,0,0,0,0,0,0,0,0,673,573.75,284.5,FALSE,0,0,0,0,0
ae33e7b673d79c33c5eaee13ed9c1b0e20f8fa55,1263329773,0,0,0,0,0,0,0,0,0,0,0,12,11.57,0,FALSE,0,0,0,0,0
b766234b933fda4777ef2eda372d4752f8fcdfbe,1263262592,1,1,0,0,0,0,1,0,0,0,0,672,573.86,82,FALSE,0,0,0,0,0
a2899a0acd70a6946908dfff9a18ac260742a4e1,1263258417,2,2,2,0.734496,3,2,0,2,0.02,63.5,35,671,572.92,279.5,FALSE,0,0,0,0,0
43da20a6b30b7fb780565f5b6e2939904c6d98a2,1263257946,1,1,1,0,1,2,0,1,10.41,544,55,670,571.93,484,FALSE,0,0,0,0,0
25cf42250a2cab985ea85eba401db45557b72c7a,1263257753,2,2,2,0.181188,9,7,0,2,0.16,80.5,35,669,570.93,278,FALSE,0,0,0,0,0
6b6ec3f19fcb35993a8101507bf2e1a59dba7724,1263256522,1,2,1,0,4,1,0,2,0.01,61,65,668,569.95,72,TRUE,0,0,0,0,0
1a2e4342e22600371fbdc459433c39b923de49d1,1263255923,2,2,3,0.389829,8,3,0,3,0.2,133.67,48,667,568.96,276.5,TRUE,0,0,0,0,0
1ce1abf216dd61098579bd61d764fed9b601d479,1263255715,1,1,1,0,5,1,0,1,13.19,56,3,666,567.97,481,TRUE,0,0,0,0,0
704c933927379f5fd390a6651cce15366b104932,1263247895,0,0,0,0,0,0,0,0,0,0,0,11,10.59,0,FALSE,0,0,0,0,0
8207e7088f03d3200985e5a6fa3f3687c677179e,1263231556,2,2,2,0.337292,8,6,0,1,0.03,133.5,3,665,567.35,394.5,FALSE,0,0,0,1,1
46fdf10c97210f30fc2f4df1b4b55095772f23eb,1263230609,3,4,4,0.583333,4,4,0,3,2.59,111.75,36.75,664,566.36,210,FALSE,0,0,0,0,0
61b82480b09687222627b01a90b304fe9eec4a3a,1263230204,1,1,1,0,1,0,0,1,24.77,9,7,663,565.37,478,FALSE,0,0,0,0,0
4ce5c7650e5d172ae9139e87ae6d44f899faa3fd,1263229756,1,1,1,0,107,18,0,1,0.01,71,4,662,564.37,477,FALSE,0,0,0,2,0
965cbf63beb831c515fef5e37cfd5572180e25c3,1263228956,2,2,2,0.938453,8,15,0,1,0,92.5,2,661,563.39,392,FALSE,0,0,0,1,0
d4d76cda58cdb0613f0f52329c352f586ac1c003,1263228552,2,2,2,0.386149,42,8,0,1,0.02,75.5,1.5,660,562.39,391,FALSE,0,0,0,4,3
f2d08aa2e3ca06a09cb8ab3e89e583b20fef9848,1263227396,1,1,1,0,90,1,0,1,0.01,31,2,659,561.41,306,FALSE,0,0,0,0,0
a82b1b927015abc8f95bfe9501c9343f117a22d3,1263226652,2,2,2,0.54382,40,1,0,1,0.01,11.5,0.5,658,560.42,389.5,FALSE,0,0,0,0,0
c1617508c6e3544740ffac0d34d955870d62a085,1263225574,2,2,3,0.171263,24,0,0,1,1.65,21.67,10,657,559.44,388.5,FALSE,0,0,0,0,0
cbc3163496621122fed1c86f806d6e09f333566e,1263182084,2,2,1,0,1,1,0,2,4.47,278,95,656,559.11,276,FALSE,0,0,0,0,0
8edc2135173d597c5a2e356232e930c0ae26ff77,1263145368,2,2,2,0.0720699,36,1,0,1,12.38,55.5,3,655,558.68,42.5,FALSE,0,0,0,0,0
b9f15890797db2d8143fba890219e9cfc1504c6e,1263144847,0,0,0,0,0,0,0,0,0,0,0,654,557.68,0,FALSE,0,0,0,0,0
d7fa7864ce5eef14cb668e66be516d9dfea2cf73,1263144091,2,2,1,0,1,1,0,1,3.75,10,9,653,556.7,270,FALSE,0,0,0,0,0
725e2ec99a32c268d0029a08a28f441caf3052f9,1262973567,1,1,1,0,18,0,0,1,0,174,43,652,558.33,303,FALSE,0,0,0,0,0
8953450e9a2625f3cb573edaab49a0773ad4b7fd,1262973197,2,3,5,0.289977,8,88,1,1,7.33,136.6,15.6,651,557.33,386,FALSE,0,0,0,1,1
dda12561d3809ffbea27be71c284beaec8209423,1262827969,1,1,0,0,0,0,0,0,0,0,0,0,0,0,FALSE,0,0,0,0,0
9a2178d34dec8759dd5a46a2f34f49fc9f0d1507,1262819854,1,1,1,0,2,0,0,1,6.95,8,8,650,558.71,68,FALSE,0,0,0,0,0
b9278d46989dd4fda0a461d77fcd4a4c02b9a4b0,1262819588,1,2,1,0,1,1,0,1,7,97,5,649,557.72,469,FALSE,0,0,0,0,0
23d35c5828b7f5aad736b559bbf98fa53dc675cd,1262816380,1,1,0,0,0,0,1,0,0,0,0,648,556.77,78,FALSE,0,0,0,0,0
389594dab77ec92c321a4089384a09b13e47e2b3,1262816284,1,1,0,0,0,0,1,0,0,0,0,647,555.77,77,FALSE,0,0,0,0,0
e125ae2c480fa3afe86b290c54974f199de1c8f5,1262802882,0,0,0,0,0,0,0,0,0,0,0,10,9.74,0,FALSE,0,0,0,0,0
4f4b4f0de50d93f5501591e21b41bbf7cbec58f4,1262797145,1,1,0,0,0,0,0,0,0,0,0,646,555.06,76,FALSE,0,0,0,0,0
0469a41d0b1b5cef1c9fae0767e44e24937f7b04,1262797135,1,1,0,0,0,0,0,0,0,0,0,645,554.06,75,FALSE,0,0,0,0,0
a09c773f1bc28e47a673e1029e464d6b7dddd972,1262797049,2,2,1,0,46,23,0,1,0.75,42,29,644,553.06,187.5,FALSE,0,0,0,0,0
765c8ae0b37520e67eb8646af20faacb991e1397,1262796343,1,1,1,0,4,0,0,2,6.68,58,62,643,552.07,67,TRUE,0,0,0,0,0
a1eba23ee84eabf75405ece0272edb0c5b4226a1,1262796121,2,4,8,0.74171,13,12,1,2,0.84,124.5,20.25,642,551.08,384,TRUE,0,0,0,1,1
25b34263e2a0d438c4d3d57a7e973c541d780526,1262795673,1,1,2,0.272364,13,15,0,2,0.01,271.5,54,641,550.09,467,TRUE,0,0,0,0,0
30d23a8699a374f406c64da0001c3bfe0fd3797e,1262794961,2,5,10,0.657721,26,27,1,2,14.55,111.2,17,640,549.1,382.5,TRUE,0,0,0,0,0
9d096378f31fbcc366785a5a398f59b5fb7d74b0,1262794126,1,1,0,0,0,0,0,0,0,0,0,639,548.11,73,FALSE,0,0,0,0,0
3f9cbbbffba1ee6bab5cde466393a30f44d445d9,1262771260,0,0,0,0,0,0,0,0,0,0,0,9,8.75,0,FALSE,0,0,0,0,0
080e4290ea80796caaefbcea8d243232182704b9,1262734356,1,1,3,0.655459,11,4,1,1,14.34,169.67,22.33,638,548.02,298,FALSE,0,0,0,0,0
39aea80fbb331afb9bc2251f315f308785c79b6a,1262734136,1,1,1,0,1,1,0,1,0.02,1773,4,637,547.02,297,FALSE,0,0,0,0,0
8ac1eaa2330cdca125d7515b3f28136ff53239dc,1262733442,1,1,1,0,2,2,1,1,0.01,472,45,636,546.03,296,FALSE,0,0,0,0,0
7df254be64aa8382db677255b292f601dacf139d,1262733039,1,1,0,0,0,0,0,0,0,0,0,635,545.04,72,FALSE,0,0,0,0,0
596a39ba19d7914eec35789a1cfe5b69c2745706,1262732974,1,1,0,0,0,0,0,0,0,0,0,634,544.04,71,FALSE,0,0,0,0,0
a36b13006bd773cb978bc51642da4ee09d8de115,1262732811,1,1,0,0,0,0,1,0,0,0,0,633,543.04,70,FALSE,0,0,0,0,0
e8771336bab01e77ed7eaa1c1a1e8e475e02e2fd,1262732764,1,1,0,0,0,0,0,0,0,0,0,632,542.04,69,FALSE,0,0,0,0,0
6f7141a2663d9162967a90667ccfb00c050cf158,1262732690,0,0,0,0,0,0,0,0,0,0,0,8,7.76,0,FALSE,0,0,0,0,0
6f995d0d4950a2c830b81217ff669057e971cb35,1262732442,1,1,1,0,6,7,0,1,0,43,28,631,541.05,295,FALSE,0,0,0,0,0
694572bd8a76ed41de5df8006796acf42ad9a2f8,1262732412,2,4,7,0.195184,234,109,0,1,26.29,314.14,4.29,630,540.05,181,FALSE,0,0,0,7,8
ddd6f27080422b12625844a693c7b19bcb7c6ca0,1262732201,1,1,1,0,1,1,1,1,4.33,472,44,629,539.05,293,FALSE,0,0,0,0,0
60ed9bd49f0eb1557f4cc2de07fca5ea7e105228,1262732119,1,1,1,0,1,1,0,1,0.01,179,13,628,538.05,465,FALSE,0,0,0,0,0
54a8a7472acfa2e05aa63bb3330fabae37e554aa,1262731671,3,4,2,1,2,2,0,1,19.58,111,19,627,537.06,274.333,FALSE,0,0,0,0,0
19672e7c402b034b1b0ab170c913c2347e018f79,1262728636,1,1,0,0,0,0,0,0,0,0,0,626,536.11,66,FALSE,0,0,0,0,0
99e3130f3c90a129ab443db853d4698fc6529d60,1262609260,0,0,0,0,0,0,0,0,0,0,0,7,6.79,0,FALSE,0,0,0,0,0
17c41689e37757cb03014db1f9bc75e46be95ed6,1262578575,1,1,0,0,0,0,0,0,0,0,0,625,537.35,65,FALSE,0,0,0,0,0
22d4b18c0ed1607f114ada111950aef059fe45bf,1262578434,0,0,0,0,0,0,0,0,0,0,0,624,536.35,0,FALSE,0,0,0,0,0
4e85cace6894fb5050d79b4629804947309f993f,1262530069,1,1,0,0,0,0,0,0,0,0,0,623,536.07,64,FALSE,0,0,0,0,0
728b64376eb1fd467783fa9fa86d4f20f2a9f710,1262525122,1,2,2,0.133748,20,1,0,1,1.94,4,3.5,622,535.14,66,FALSE,20,0,60,215,62
ec05b4a4c87494b8cc769f35e2dc911c34284546,1262524366,1,2,2,0.0161761,0,76,0,2,18.03,39.5,5,621,534.16,463,FALSE,0,0,2,0,0
2c92405956787167e404e2eef4e3f21e8c2801ae,1262522926,1,1,0,0,0,0,0,0,0,0,0,620,533.18,63,FALSE,0,0,0,0,0
7dd6d4c1448faf1168976024345733128852837a,1262358840,1,1,1,0,1,3,0,1,0,546,54,619,534.62,462,FALSE,0,0,0,0,0
284cc6f365c40e09baaeca46c080d25d990955b3,1262358722,1,1,1,0,17,0,0,1,14.72,529,53,618,533.63,461,FALSE,0,0,0,2,0
5b3293a98371bf26bdc25654f7cb8f00446ed93e,1262358294,1,1,1,0,19,0,0,1,16.79,453,43,617,532.63,291,FALSE,0,0,0,0,0
d2c50f67a3bb4d75dbe05d906b4871136100bd21,1262224456,2,2,3,0.491133,20,1,0,1,9.74,155.67,16.33,616,533.63,375,FALSE,0,0,0,0,0
da390ff43d84b808385ad38574f57e98d6ebff7a,1262222500,1,1,0,0,0,0,0,0,0,0,0,0,0,0,FALSE,0,0,0,0,0
223d7643d419197e5476f468bd26a531097db3a1,1262219009,1,3,2,1,2,2,0,2,0.19,33,32.5,615,532.71,65,FALSE,0,0,0,0,0
fb8e474da975a3dfde45b4c506ac865d87491c6c,1262218384,1,1,1,0,13,4,0,1,0,250,18,614,531.72,459,FALSE,0,0,0,0,0
4ed44c7a5f2f0ad0c792f3d92141fcaa979a5b9f,1262218175,1,1,1,0,17,5,0,1,0,238,17,613,530.73,458,FALSE,0,0,0,0,0
29a14c95a3da21f39b359f677ab8378b98cb21df,1262218043,2,2,2,0.181188,15,1,0,1,0.09,199,25.5,612,529.73,373,FALSE,0,0,0,0,0
ea8f35bc48d99f27624dc94c8c2c045f701cdfc1,1262216975,1,1,1,0,1,39,0,1,0.15,262,15,611,528.74,456,FALSE,0,0,0,0,0
a974b8b2b8d86e1678243be8b727b801920eb9b9,1262215527,1,1,1,0,4,0,0,2,0.01,54,60,610,527.77,64,TRUE,0,0,0,0,0
79cf45aa17f0b3a39a6cfe8f8506dab12a486c99,1262215013,2,2,2,0.210758,6,8,0,2,0.01,76.5,31,609,526.77,259,FALSE,0,0,0,0,0
ca4b61eaec65592e67d4ea45f8bb39c5f38fd021,1262214433,2,2,2,0.405639,5,3,1,2,11.97,75.5,30.5,608,525.78,258,FALSE,0,0,0,0,0
46efa2a09a417be9d1aff83b99d20cf808739b24,1262212798,1,1,1,0,1,1,0,1,0.26,18,5,607,524.81,453,FALSE,0,0,0,0,0
bbd3d75001d267f0c140115016659eb1dd3feda6,1262204257,2,2,2,0.457352,28,1,0,1,0.52,204.5,24.5,606,523.93,370,TRUE,0,0,0,1,0
bfb6cec1acddb386b135785532a3fdd5293eac9f,1262203770,1,1,1,0,5,5,0,1,0,153,36,605,522.94,287,FALSE,0,0,0,0,0
399e91d2a3a51773fe49eda5c1b640bbd938fbb2,1262203752,1,1,1,0,134,132,0,1,13.89,151,35,604,521.94,286,TRUE,0,0,0,0,0
881c63c40e1df6f05f60c4618fed9dc682231615,1262198810,1,1,0,0,0,0,0,0,0,0,0,603,521.01,62,FALSE,0,0,0,0,0
f200be391d2136bcb76af43783afdcd10593c52d,1262192591,1,1,0,0,0,0,0,0,0,0,0,602,520.1,61,FALSE,0,0,0,0,0
53e5404b1637ae0b8f86fb850300377fe6d4c633,1262191712,1,1,2,0.57938,18,12,0,2,10.24,195,47.5,601,519.11,451,FALSE,0,0,0,1,0
81ab164296c7de65bedfd0ba262f5842e282e2fa,1262190120,1,1,1,0,1,1,0,1,12.77,18,4,600,518.14,450,FALSE,0,0,0,0,0
ae4a9c8e733c2c5fded63053b8d0a5259db39110,1262190035,3,3,3,0.468546,8,8,0,1,10.85,17,3.67,599,517.14,265,TRUE,0,0,0,0,0
ca04786e71c4a826075056b9ccb44b5fcb59b47c,1262189291,1,2,1,0,1,0,0,1,14.89,7,5,598,516.15,60,FALSE,0,0,0,0,0
57ccf86198c432acb29b17f3a7b460b616fa3c8b,1262189073,1,5,2,0,2,2,0,1,14.4,18,3.5,597,515.15,59,FALSE,0,0,0,0,0
774f96fcb91e692e7122df239d0ce5a37a581c8c,1262171073,0,0,0,0,0,0,0,0,0,0,0,6,5.88,0,FALSE,0,0,0,0,0
17ab8e81aaf9c7b52bd0d64fa17bfe0127f18180,1262171007,0,0,0,0,0,0,0,0,0,0,0,5,4.88,0,FALSE,0,0,0,0,0
3777bfdc4c901315d1366f11786edc9933e8145e,1262115930,1,1,0,0,0,0,0,0,0,0,0,596,515.21,60,FALSE,0,0,0,0,0
dd5d4cc4296da77be954645f136b024078df877d,1262115714,2,2,2,0.149468,10,9,0,1,4.92,155.5,7.5,595,514.21,253.5,FALSE,0,0,0,0,0
b1a2b7be9b2199806b4f25b6a93b2b2ec331124c,1262108796,1,1,1,0,1,1,0,1,9.7,56,1,594,513.31,447,FALSE,0,0,0,0,0
25743ccaa4144e65fc6631ad9ea72ae07bb738f1,1261523356,1,1,1,0,2,2,0,1,5.01,270,90,4,3.98,4,FALSE,0,0,0,2,0
b02b384f1455a60b626d4432def872cb082b00c3,1261523356,1,1,1,0,2,2,0,1,5.01,270,90,3,2.98,3,FALSE,0,0,0,2,0
3ec970bb67da59d44d114d133a4446b599dcbb08,1261520730,1,1,1,0,36,15,0,2,0.3,61,2,2,1.98,2,FALSE,0,0,0,0,0
22e338fbd43ac06c1eb87b8f789cbc1af872d5a3,1261494937,1,1,1,0,7,2,0,1,2.59,56,1,1,0.98,1,FALSE,0,0,0,0,0
0554cbb75869a10efe91125bff8c4cdfde6f658d,1261272188,1,1,1,0,1,1,0,2,0,54,57,593,524.63,58,FALSE,0,0,0,0,0
fc549855aecdf24e021ef770af4805cabebd92e5,1261271791,2,2,2,0.149468,18,1,0,2,1.07,146,34,592,523.63,251.5,FALSE,0,0,0,0,0
542a90a4e87f95f0bcef92becb8b0c3f96b3a6fc,1261271101,3,3,4,0.211202,77,11,0,2,1.05,26.25,19.75,591,522.64,261.667,TRUE,0,0,0,0,0
c5491c97d11913e1b46f9a5757667c89eaf1befe,1261100714,1,1,0,0,0,0,0,0,0,0,0,590,524.21,58,FALSE,0,0,0,0,0
e1660f22e6067cf4c1bad35f9ba2edac9f2a3993,1261096847,1,1,0,0,0,0,0,0,0,0,0,589,523.27,57,FALSE,0,0,0,0,0
5662a13d015c65fa1d95d8c29a4f3a17a1ddb8a9,1261090526,1,1,2,0.47756,5,2,0,1,3.13,193.5,46.5,588,522.36,444,FALSE,0,0,0,0,0
1ca4cbbe6f4044e0426ddb1bd219f6a639cb746a,1261090056,2,2,3,1,1,2,0,2,0.33,114.33,42.33,587,521.37,249,FALSE,0,0,0,0,0
37031793c2f30e8f697ef9e0042bf6ecc8100263,1261088738,1,1,0,0,0,0,0,0,0,0,0,586,520.39,56,FALSE,0,0,0,0,0
bbb858e7f7a2e926444a0c669b3bceb05a102705,1261088681,1,1,0,0,0,0,0,0,0,0,0,585,519.39,55,FALSE,0,0,0,0,0
2052075a78aeaf83ac3ae3192b27cec697bdd8cb,1261088467,2,3,2,0.0233442,1,106,0,2,1.9,54.5,5,584,518.39,248,FALSE,0,0,0,0,4
d95f1164e58af00d525047fe0901d59d5a095a70,1261088309,1,3,2,0,1,1,0,1,3.45,75,2,583,517.4,441,FALSE,0,0,0,0,0
f50d22b130c40ff7c96ba1c472717e9b9748db8c,1261088217,0,0,0,0,0,0,0,0,0,0,0,582,516.4,0,FALSE,0,0,0,0,0
ecc6f71fa1c2dab0457062fd87af372cf1d17e18,1261088211,1,1,0,0,0,0,0,0,0,0,0,581,515.4,440,FALSE,0,0,0,0,0
9844dedc8fc2b0296da6a670f4db027210857ae3,1261088181,2,3,2,0.0121922,2,397,0,1,3.45,246,1.5,580,514.4,246,FALSE,0,0,0,34,7
c39bafb95f5d4685f7f2ebb60e2b2cb8241260b3,1261087953,1,1,1,0,1,0,0,2,0.92,63,53,579,513.4,54,FALSE,0,0,0,0,0
8e408e36cc8b098baad2dcaf84c9da559e0a171c,1261087668,2,3,6,0.261527,114,98,0,1,1.52,67.83,19.67,578,512.4,360.5,TRUE,0,0,0,2,0
a52845e027d6eb749e5c7919dc5aabae80c31d6d,1261087026,1,2,4,0.431511,15,14,0,1,1,264,36.5,577,511.41,437,TRUE,0,0,0,0,0
e7e2c4eab89a9f36b1cb5a42592f685be6454311,1261086564,1,1,8,0.707998,79,0,0,1,1.21,35.38,5.62,576,510.42,436,FALSE,0,0,0,0,0
f21c1deef38db197b7addc8ee68f68c873e19db6,1261086273,1,1,3,0.32682,69,68,0,1,1.03,60.67,10,575,509.43,435,TRUE,0,0,0,0,0
78d538a0f56480a7651100590f02e9076a083df0,1261086111,2,2,2,0.141182,10,0,0,1,1.95,38.5,5.5,574,508.43,358,FALSE,0,0,0,0,0
d357b1a727075c1dc74026473b060f8de5f75bf0,1261085945,1,1,1,0,9,9,1,1,1.94,45,8,573,507.43,433,FALSE,0,0,0,0,0
9eedf7743e6bcbc16f6e18ed01e50c4ff9463d67,1261008879,1,1,1,0,1,0,0,1,1.88,9,5,572,507.56,432,FALSE,0,0,0,0,0
d94ed675f13641ba7b64a958c2d5817d4fe46aed,1261008538,2,2,2,0.229363,6,7,0,2,0.54,101.5,39,571,506.56,242,FALSE,0,0,0,0,1
a63df2be9406cf6d8986a13fc98f733a62e3ef26,1261006819,1,1,1,0,21,21,0,1,1.17,111,5,570,505.59,5,FALSE,0,0,0,0,0
15e66e07371ab847b4a659530813e08e3aefb3f8,1261006528,1,1,1,0,13,1,0,1,1.02,93,2,569,504.59,430,FALSE,0,0,0,0,1
3a80942aecdd7c92f8de612867d75273555e9c3f,1261004009,2,2,2,0.47756,5,2,0,2,0,165,59.5,568,503.63,240.5,FALSE,0,0,0,0,0
202c74d698b713fea39e1c6e758d4d69503feb24,1261003911,3,3,3,0.386253,9,9,0,2,2.4,49.33,17.33,567,502.63,253.333,FALSE,0,0,0,0,0
251c0276cf32341362c278bdcf559527d69f4ab0,1261003630,2,3,7,0.343152,43,32,0,1,0.15,109.57,19.29,566,501.63,353.5,FALSE,0,0,0,0,0
57f8e829d737967b92a5d779d15718a951db3e3f,1261003250,2,2,2,0.57938,6,6,0,1,0,59,4,565,500.64,352.5,FALSE,0,0,0,0,0
2c0ea52a30733a4434475d2c460070a3336be7e9,1261003157,2,2,2,0.906557,12,3,0,1,0.95,54.5,3.5,564,499.64,351.5,FALSE,0,0,0,0,0
e97e263b4d1d10bc328ead4bb61605035fcaedb5,1261002072,1,1,1,0,1,1,0,1,0.03,239,9,563,498.65,424,FALSE,0,0,0,1,0
8bacbc61a767a82113b1d5a0888ff34e96e68813,1261001159,1,1,1,0,1,0,0,1,0.05,263,83,562,497.67,423,FALSE,0,0,0,0,0
5a85db18a13b7305909928f4f1818569a874a16e,1260999743,1,1,1,0,24,0,0,1,0.09,151,33,561,496.69,277,FALSE,0,0,0,0,0
c628fdba91e9d9b8807149ce67854be4dd04c73f,1260999267,1,1,1,0,1,1,0,1,0.01,239,8,560,495.7,422,FALSE,0,0,0,2,0
09d13d5cfcdd4305b6060a6910b635b7e5b50667,1260999052,0,0,0,0,0,0,0,0,0,0,0,559,494.7,0,FALSE,0,0,0,0,0
d40c5e3aac2c2533ac910d7bcd07b14d46b374ee,1260998517,1,1,1,0,1,1,1,1,0.86,239,7,0,0,0,FALSE,0,0,0,1,0
3d9c034331b65f052eb5b3d9037c3f4c6fb32b06,1260997583,1,1,1,0,16,0,0,1,0,301,30,558,493.72,276,FALSE,0,0,0,0,0
01cd307f83507daaa76598ca53abde707e4edb90,1260997251,2,2,2,0.906557,10,5,1,1,0.06,279.5,48,557,492.72,348,FALSE,0,0,0,0,0
8ebfd96b670c2af9a1a7c933be1f1e6d876dd63f,1260992186,1,1,1,0,2,0,0,1,0,263,81,556,491.8,420,FALSE,0,0,0,0,0
898f5d610f681a1458f0d2d1668e0a874a73c393,1260992110,2,2,2,0.87387,7,4,0,1,0.39,205.5,52,555,490.8,346.5,TRUE,0,0,0,0,0
11a96ff007826d9a8fbdc29dfc5c135a95ba2d9f,1260991423,1,1,1,0,7,0,0,1,0.82,144,31,554,489.81,273,FALSE,0,0,0,0,0
cd24b58517cb9d246fb1127ab2329b0e1cd43f77,1260991189,1,1,1,0,57,0,0,1,0.01,237,28,553,488.81,272,FALSE,0,0,0,0,0
9ece51efcb7b69bfa7b134b2c0639dfd1224bb7c,1260990723,1,1,1,0,4,4,0,1,0.81,237,27,552,487.82,271,FALSE,0,0,0,0,0
b75e1eea07e0cb4ccf506ea861bd514e39440c26,1260986696,1,2,2,0.707544,13,5,0,2,0.87,42.5,25,551,486.87,50,TRUE,0,0,0,0,0
813a6a0ec3e7e3122c011fcd9aa8be09c21a7dd8,1260984594,1,1,1,0,11,11,0,1,0,89,19,550,485.9,418,FALSE,0,0,0,0,0
dd07776f07b64f081504085922398ecd4973586c,1260984543,2,2,2,0.59748,29,12,0,1,0.01,86,10,549,484.9,343.5,TRUE,0,0,0,0,0
db60f8540bd00fa09c1dd72c07841adcaffdea84,1260984111,1,1,1,0,8,4,0,1,0.01,79,17,548,483.91,416,FALSE,0,0,0,0,0
efb75a7334f1541ac2c7b655bde2900e897b9668,1260983300,2,2,2,0.57938,11,1,0,1,0.01,79,9,547,482.92,342,FALSE,0,0,0,0,0
f2c484d0b251eabdaf9afd286990652b42d54328,1260982802,2,2,2,0.702209,31,44,0,1,0.01,85.5,8.5,546,481.93,341,FALSE,0,0,0,1,0
48bea0394d5d8c080f754edc1c7e670af7bfafae,1260981522,2,2,2,0.0570388,21,25,1,1,0.66,87.5,8,545,480.94,340,TRUE,0,0,0,1,0
e7ad5fa1ea4510febbbaff8e8d894452a5622718,1260928431,1,1,1,0,1,1,0,1,0.11,29,4,544,480.68,412,FALSE,0,0,0,0,0
e6d5e749c162b636f0a1f88524cc2200f0b2b06d,1260928368,1,1,1,0,7,3,0,1,0.01,95,8,543,479.68,411,FALSE,0,0,0,0,0
e8f0d8f904d2bbb57efb2618a161c04e261d2688,1260927762,1,1,1,0,11,1,0,1,0.01,85,7,542,478.69,410,FALSE,0,0,0,0,0
9fa9b5c3aee5947672fa74499faf9d74594e83f4,1260927422,1,1,1,0,18,5,0,1,0,65,9,541,477.69,409,TRUE,0,0,0,0,0
78d3d4d27f3281862c47a9dfeeb800d9e280d238,1260927091,1,1,1,0,33,7,0,1,0,39,8,540,476.7,408,FALSE,0,0,0,0,0
ae904e4d7f9a78675af7fcdbb299ade8f5cd8515,1260926860,1,1,2,0.639571,22,3,0,1,0.2,52.5,6,539,475.7,407,TRUE,0,0,0,0,0
4e567d465771b9ae5a3f81479cb7a756bf7fe85d,1260925893,1,1,1,0,0,6,0,1,0.06,266,79,538,474.71,406,FALSE,0,0,0,0,0
0bdff0fc5ef6c689b022d9df4cda5b61e9ad79c0,1260925661,1,1,0,0,0,0,1,0,0,0,0,537,473.71,52,FALSE,0,0,0,0,0
4bbda076c3cd0fe6d9884575c14a58b87e627882,1260925641,1,1,0,0,0,0,0,0,0,0,0,536,472.72,51,FALSE,0,0,0,0,0
73efcb5dceffcc7e2f412491472ddddd6310dd68,1260925598,1,1,0,0,0,0,0,0,0,0,0,535,471.72,50,FALSE,0,0,0,0,0
1367141b5f3f36710d79b2de61eb857457721bf7,1260925494,1,1,0,0,0,0,0,0,0,0,0,534,470.72,49,FALSE,0,0,0,0,0
9181f7d7e5f9a3bf6fba14348ea3f48b4571e504,1260925374,1,1,0,0,0,0,0,0,0,0,0,533,469.72,48,FALSE,0,0,0,0,0
7e666845b6b3624121809e563f9152ec1d54d48a,1260924448,2,3,3,0.532357,3,8,1,1,0.04,139.67,7,532,468.73,335.5,FALSE,0,0,0,0,0
92fffa86f9d804e2acb400fffeda470cbdb2e26d,1260924017,1,1,1,0,17,31,1,1,0.05,149,14,531,467.74,404,TRUE,0,0,0,0,0
7ca59426d273d8a2423e2e27a3f3f39826e56a07,1260921307,2,2,3,0.191099,28,26,1,1,0.34,78.33,5.33,530,466.77,334,TRUE,0,0,0,2,0
14befd6846e3cdc5f0bdcf95de551325b02eaa66,1260920797,2,2,3,0.0696014,71,2,1,1,1.71,13,1.33,529,465.78,333,TRUE,0,0,0,0,0
995cde75e4fa4ed7ed97b3e401a056215fce9cb5,1260920599,2,2,3,0.172672,36,30,1,1,3.11,42,2.33,528,464.78,332,FALSE,0,0,0,0,0
3a90a781ffa61b2b38304ad9d567cd0ce4e84506,1260920424,2,2,3,0.624128,8,11,1,1,0.04,178.67,31.67,527,463.78,331,FALSE,0,0,0,0,0
2d3d6da044a1601f32cef2b46ef3405edd6d132c,1260920262,2,2,5,0.132842,29,95,1,1,0.26,148.8,15,526,462.79,330,TRUE,0,0,0,0,0
271e9828b3d4f24684102769bfae31279da3016a,1260919814,1,2,2,0,1,1,0,1,8.59,75.5,6.5,525,461.79,398,FALSE,0,0,0,0,4
45cd102794328e077f64ad266454433fd7cb9b47,1260919722,1,1,1,0,1,1,0,2,0,58,48,524,460.79,49,FALSE,0,0,0,0,0
f4b1c9b4252ed23c3e0788ebfec66c819eb264d6,1260919663,1,1,1,0,2,2,0,1,0.05,140,30,523,459.79,397,TRUE,0,0,0,0,0
e182388e2ad90a8e274c898042d24fab376628e9,1260919507,2,2,2,0.366229,66,69,0,2,1.49,69.5,26.5,522,458.8,222,TRUE,0,0,0,2,0
0f3a7645aa3f951a4d7e3cf986b787ff558a701d,1260919164,2,2,2,0.674494,8,8,0,2,0.05,164.5,53.5,521,457.8,221,FALSE,0,0,0,0,0
0854753dc92d51ddeb012e231ffe1a005462d9aa,1260918735,1,3,5,0.398947,28,26,0,1,0.1,120.2,17.8,520,456.81,394,TRUE,0,0,0,0,4
37948d878f8ba072c1a67d52100bd72ac29ed87e,1260918359,1,1,1,0,24,14,0,1,12.97,83,1,519,455.81,393,FALSE,0,0,0,0,5
a499d15bd50e75107f0b4c621e66a2351751a82f,1260918335,1,2,5,0.503622,9,17,0,1,2.09,29.4,2.6,518,454.81,392,TRUE,0,0,0,0,0
ca3f525fef65d0465218fb651c0cbe33ad6de931,1260914945,1,1,2,0.98387,88,90,0,1,0,179,15,517,453.86,391,FALSE,0,0,0,0,0
a71a601d32eabafa7cc4fa840ec1174cb8626e4b,1260914827,1,1,2,0.931104,43,39,0,1,0.01,177,14.5,516,452.86,390,TRUE,0,0,0,0,0
34c412eb64911ce81b5a603bc1e58c94c0063db9,1260914608,2,2,3,0.0680959,23,16,0,1,1.26,174,36.67,515,451.86,324.5,TRUE,0,0,0,0,2
76cf65ff9ac6d490568fd5ba6ddf05f22fbd2f3d,1260914269,1,1,4,0.293769,51,39,0,1,0.01,165,23.5,514,450.87,388,TRUE,0,0,0,2,0
d7c3d2fef6f0a48c7e97afe57af16a425d23fb04,1260913764,1,1,4,0.755847,76,56,0,1,0.01,96,19.25,513,449.87,387,FALSE,0,0,0,0,0
c6cc291b4e44c1fb45da3fc3563968ec46c1ce1b,1260911735,2,2,3,0.705321,6,3,0,2,0.01,149.33,35.33,512,448.9,216,FALSE,0,0,0,0,0
d0dae12dbdd8ae6f5e23f8a6b2bf893f97971689,1260910892,2,2,3,0.238447,30,30,0,2,0.13,216.67,38.67,511,447.91,215,TRUE,0,0,0,0,2
53eda82d95ecc03fadad34a23350e49bdd5ef933,1260910749,2,3,5,0.704906,34,23,0,1,3.27,56,4.2,510,446.91,321.5,TRUE,0,0,0,0,0
6fc5e7d1a41d290030cfd576f32e0eb2943f5ce1,1260907784,1,1,1,0,5,0,0,1,0,524,51,509,445.95,383,FALSE,0,0,0,0,0
d3c5b035313dcc96222b63f730fdf7a3bd5389ac,1260907552,2,2,2,0.917275,13,4,0,1,0.01,484,27,508,444.95,320,FALSE,0,0,0,0,2
2a04a156f9ae57556933fb7231b0d2e3d9753d93,1260907292,1,1,1,0,16,0,0,1,0.01,429,41,507,443.95,257,FALSE,0,0,0,0,0
c950719905503fffe3245d104cadac6798cad2b8,1260906442,2,2,2,0.950997,29,0,0,1,0.01,461.5,26,506,442.96,318.5,FALSE,0,0,0,1,0
c539e9242f73fd9d859fecd7208f5d0230200806,1260905976,2,2,2,1,4,4,0,1,0,461.5,25.5,505,441.97,317.5,FALSE,0,0,0,0,0
6c7e0fd27379dfb9da96c1dd5df2e928bf5ac966,1260905931,2,2,2,0.892647,26,0,0,1,0,448.5,25,504,440.97,316.5,FALSE,0,0,0,0,0
67a68b4e2630a84e7d2af4e8d42544b52e870013,1260905738,2,2,2,0.541048,19,0,0,1,0,439,24.5,503,439.97,315.5,FALSE,0,0,0,0,0
8c204098fd2f2c8c600539e303079fd2a156a6ec,1260905518,2,2,2,0.310917,20,0,0,1,0,429,24,502,438.98,314.5,FALSE,0,0,0,0,0
0d71a8054e237e18a607c237aec905f0baa46b22,1260905367,1,1,1,0,5,1,0,1,0.01,107,4,501,437.98,4,FALSE,0,0,0,0,0
f72b98dd87d805a26ade13131087a06583d709cc,1260905278,2,2,2,0.763543,15,2,0,1,0,422.5,23.5,500,436.98,313.5,FALSE,0,0,0,0,0
87d8b2498d2aa74b93bbeade89429aa9effb9058,1260904995,2,2,2,0.284135,22,5,0,1,5.24,414,23,499,435.98,312.5,FALSE,0,0,0,0,1
04dd980c6e3be33470dd295cd5aff9cf4ffe0b44,1260904575,1,1,1,0,1,1,0,1,1.09,107,3,498,434.99,3,FALSE,0,0,0,0,0
ec00ccb7d2ddaf27ed79a70f8a3ef07afeb47bcb,1260903943,1,1,0,0,0,0,0,0,0,0,0,497,434,47,FALSE,0,0,0,0,0
2b023052f9f0b10fd4b0f553b5f72f14e98b56b5,1260903724,2,2,2,0.57938,5,1,0,2,0.37,50.5,23,496,433,209,TRUE,0,0,0,0,0
82326a703ed47e7eed1691680857c789141920a5,1260903651,1,1,1,0,1,1,0,1,0.04,30,2,495,432,373,TRUE,0,0,0,0,0
9df1a1bf209f7319240d2e47920ec71a06879847,1260903599,1,1,0,0,0,0,0,0,0,0,0,494,431,46,FALSE,0,0,0,0,0
4721b9c1578c710c8a769129fc1c752718de78e4,1260902898,1,2,3,0.190124,29,28,0,1,0.01,13.67,2.33,493,430.01,43,FALSE,0,0,0,0,0
a3b329718fb50e8425ea9144d7cbef539b078ab2,1260902659,1,2,1,0,1,0,0,1,0,33,3,492,429.01,42,FALSE,0,0,0,0,0
bb2e79faeb51269b915f932c51725e46b1e366e7,1260902539,1,3,2,0.231215,42,29,0,2,1.38,35.5,21,491,428.01,41,FALSE,0,0,0,0,0
8d031f66780701549dd6b1bb2597a362a375bfac,1260900866,1,2,1,0,1,0,0,1,0,6,4,490,427.03,40,FALSE,0,0,0,0,0
69b777ba50a17ac440df7e9dd33ce990899c6844,1260900814,1,1,1,0,1,1,0,1,2.72,6,3,489,426.03,39,FALSE,0,0,0,0,0
2c872e650a92b374ed253456c038b859e7960650,1260900569,1,1,1,0,1,1,1,1,0,73,5,488,425.04,372,FALSE,0,0,0,0,0
16a4b07e0679fb4f5cd5fba4bb9e94b2aa4795c2,1260900337,1,1,1,0,7,0,0,1,0,66,4,487,424.04,371,FALSE,0,0,0,0,0
3afb2ed6168242539e6d72ec5b883563887d8ce9,1260900066,1,1,1,0,10,3,0,1,0,59,3,486,423.04,370,FALSE,0,0,0,0,0
897c5903c11241b4b41ff74ead87979d9b301d69,1260899796,3,4,5,0.369099,28,10,0,2,0.02,131.2,22,485,422.05,218.667,FALSE,0,0,0,0,0
6642c4c404710920af25fcf760d027e207945cb6,1260898849,2,2,3,0.256334,44,4,0,1,0.02,85.33,9.33,484,421.06,308,FALSE,0,0,0,0,0
14c479f6698ad8ac2035455cbed3015ca7537e03,1260898598,2,2,2,1,1,1,1,2,0.02,43.5,20.5,483,420.06,202,FALSE,0,0,0,0,0
5fdd4c35d407026a723b4d442a5fc94f942d481d,1260897016,1,2,2,1,2,2,0,1,0,168.5,35.5,482,419.08,366,FALSE,0,0,0,0,0
603558ca7ac2fa95b7578418709944feeede1ce1,1260896970,1,2,2,0.968935,48,44,0,1,0.01,37.5,1.5,481,418.08,365,TRUE,0,0,0,0,0
b505c964457d4be547df59f1eb2857e9a173b522,1260896677,3,3,4,0.25446,27,3,0,2,1.01,159.5,42.25,480,417.08,215.667,TRUE,0,0,0,0,0
dad297ec028330a0e5c15d99d575aaf2b38d43e6,1260896209,3,3,3,0.127299,26,1,0,2,1.32,173.33,34.67,479,416.09,214.667,FALSE,0,0,0,0,0
52b29b6a21fa0e21db4eb1d61393378199a99dd2,1260895776,1,1,2,0.149468,11,8,0,1,0,187.5,33.5,478,415.09,362,TRUE,0,0,0,0,1
bd4f1502e6c68622d285e9fa8ea1971ddd415901,1260895631,2,2,3,0.372121,18,2,0,2,0.59,202.67,35.67,477,414.1,197.5,TRUE,0,0,0,0,0
f41647389ccf844fa47b008441d0c9248296f69d,1260895202,1,1,1,0,55,15,0,1,0.56,34,1,476,413.1,360,FALSE,0,0,0,0,0
e728d3c582146bd73608dcba249bb3177644d8f9,1260846720,2,2,4,0.281344,46,3,0,2,1.38,84,23.25,475,412.67,196,TRUE,0,0,0,0,2
4ea0e85a02690e07765f9a96f4f3c6a8ce551bb5,1260845087,1,1,1,0,61,64,0,1,0.04,78,1,474,411.69,358,FALSE,0,0,0,0,0
39609af2a75ea208585a0ed5b7db53b30e3836be,1260843887,2,2,2,0.906557,12,3,0,1,0,82,6,473,410.7,301,TRUE,0,0,0,0,0
9b45397957de1168ce7058d7f379602b0a94512d,1260843758,2,2,2,0.835501,22,3,0,1,0.01,72.5,5.5,472,409.7,300,TRUE,0,0,0,1,0
e0464fcc17ec3d95e86434073942f24e8120d073,1260843254,2,2,2,0.775805,9,3,0,1,0.01,69.5,5,471,408.71,299,TRUE,0,0,0,0,1
6a1d6b7c42424a9fa1e7d54d3ace7da4a8bab06d,1260842860,1,1,1,0,8,0,0,1,0,72,8,470,407.71,242,TRUE,0,0,0,0,0
8ccc17158284497e100ceeea7bd6ca9fc7980a09,1260842690,2,2,2,0.775805,24,0,0,1,0,53.5,4,469,406.71,297.5,TRUE,0,0,0,0,0
a7c5a633f2f680f3ce0fa3900b4f71afcb759864,1260842398,2,2,2,0.57938,6,6,0,1,0.02,53.5,3.5,468,405.72,296.5,TRUE,0,0,0,0,0
0d9f502915011151bbd153ec736745c0393ea038,1260841370,2,2,3,0.200628,5,22,0,2,2.78,115.33,19.67,467,404.73,192,TRUE,0,0,0,0,0
138b04785d501305f82477b25d416abfded54b8f,1260841258,1,2,2,0.0155368,79,0,0,2,1.62,1.5,3.5,466,403.73,351,FALSE,0,0,2,0,0
d6c55cc3462591c78953c82cf33aab2cf96fd122,1260840756,1,1,2,0.181188,16,0,0,1,3.72,39,3,465,402.74,350,FALSE,0,0,0,0,0
20bb656e3dd587bc0167ff0b852779f85d478167,1260840668,2,2,2,0.666107,31,4,0,1,0,40,3,464,401.74,294,TRUE,0,0,0,0,0
d834fa4bf598df55e3c13a75eea48bfaeca4578e,1260840328,2,2,2,1,11,3,0,1,0,36,2.5,463,400.74,293,TRUE,0,0,0,0,0
45753ab1ab191804da0dd35ef167dbf36625f992,1260840142,2,2,2,0.786857,8,11,0,1,0.01,37.5,2,462,399.74,292,FALSE,0,0,0,0,0
411acf72b22d87c5e31392e3ff0740057e3100dd,1260839668,1,1,1,0,1,1,1,1,0,14,2,461,398.75,346,FALSE,0,0,0,0,0
e4796fa3f6ba9523d57bf7129a77d6eba3c34643,1260839624,1,1,1,0,12,1,0,1,0,50,2,460,397.75,236,TRUE,0,0,0,0,0
f1ce39345bd909b7b87ddd0d6faa5ab6023bcd4c,1260839508,2,2,2,0.368404,25,1,0,1,0,20,0.5,459,396.75,290,TRUE,0,0,0,0,0
007fe35eb02fa2353d10bdb3ea43b9ad29879251,1260839161,2,2,3,0.178611,41,0,0,1,1.03,13,6.67,458,395.75,289,TRUE,0,0,0,0,0
dc4c5428d624dd11aa0819480443d056dacd8a75,1260810517,1,1,1,0,1,1,0,1,0,107,2,457,395.07,2,FALSE,0,0,0,0,0
2d87bec282435058b80920a86a04c3f232d0b7fd,1260810402,1,1,1,0,72,0,0,1,0.01,35,1,456,394.07,1,FALSE,0,0,0,0,0
dba488d182bb5ec277dffa984ade889e5fe8819d,1260809917,2,2,2,0.500244,118,0,0,0,0,0,0,455,393.08,22.5,FALSE,0,0,0,0,1
08ada901aadd32f2aec71ffe3322edc23d8ace10,1260808259,1,1,0,0,0,0,0,0,0,0,0,454,392.1,44,FALSE,0,0,0,0,0
bf4b18950043346decaec181626455e7e6ad1c6a,1260808147,2,2,2,0.35218,27,0,0,1,2.72,117.5,7.5,453,391.1,288,FALSE,0,0,0,0,0
b4f2c9c3842c96516212c83db384c4ba00661702,1260666196,2,2,2,0.0843225,4,12,0,2,0.63,29,17.5,452,391.66,186.5,TRUE,0,0,0,0,0
9c5552ce9bed435c486a3f4837dc891c6a82d3de,1260666103,1,2,3,0.196814,43,5,0,2,0.04,10.67,11,451,390.67,30,TRUE,0,0,0,0,0
a4159a7449a5f9893bac824110cc99923e534dff,1260663948,3,3,4,0.761837,34,7,0,2,0.87,197,28.5,450,389.69,200.667,TRUE,0,0,0,0,0
0e408133f0b9fc0ff90335d5877c638f6c034076,1260662641,2,2,2,0.57938,2,1,0,2,0.62,156,43,449,388.7,184,FALSE,0,0,0,0,0
654c52633e7850277e2e9a2d220570a8215379a5,1260661868,2,3,7,0.41747,17,25,0,2,1.49,16.43,5.14,448,387.71,183,TRUE,0,0,0,0,0
74e02314cec644d918fdfe1a4fe20fb51ce51f12,1260644407,1,1,0,0,0,0,0,0,0,0,0,447,386.9,43,FALSE,0,0,0,0,0
28ee0d2902f5336b3fa3139a976a2f059c07f6b1,1260573298,2,2,2,0.623406,34,0,0,1,0,100.5,7,446,386.68,284.5,TRUE,0,0,0,0,0
a5ca9d8be2587f624e9196af798d0ef74726af8d,1260573089,2,2,2,0.786857,18,1,0,1,0.01,92,6.5,445,385.68,283.5,FALSE,0,0,0,0,0
f403ecb97400d7557d0fbe53e19276e9e61cb516,1260572639,1,1,1,0,21,0,0,1,0,104,8,444,384.69,336,FALSE,0,0,0,0,0
d1b7340813964b29e8f2c1ed9dab81bd07074a4f,1260572581,2,2,2,0.734496,10,0,0,1,0,76.5,5.5,443,383.69,282,FALSE,0,0,0,0,0
1da424a931b180fcd1c7d813f8c13900cbd40939,1260572486,2,2,2,0.86606,31,0,0,1,0.01,61,5,442,382.69,281,FALSE,0,0,0,0,0
4fa345d3fcef242dd8ba6eece66e5e2209ffde84,1260571928,1,1,2,0,1,1,0,1,0.1,39,13,441,381.69,227,FALSE,0,0,0,0,0
ec25864a610d622b69be56a9b1e5cf7e33ed53a5,1260571393,1,1,1,0,7,0,0,1,0.06,76,5,440,380.7,333,FALSE,0,0,0,0,0
9b8293280753a9aab0c2b6e578106cf42252e61e,1260566177,2,2,2,0.450982,25,8,0,1,0.04,49,3.5,439,379.76,279,FALSE,0,0,0,0,3
5f369dd6ea65913730ccd5afc92302b5f31470b3,1260563050,2,2,2,0.821958,20,3,0,1,0,40.5,3,438,378.79,278,FALSE,0,0,2,0,0
8d8e97873480c0cc5be58dd29fce9d1ab0d5431a,1260562832,1,1,1,0,6,5,0,1,0,29,5,437,377.79,224,FALSE,0,0,0,0,0
eb7eaf2da428d13452bbafe8c32ae5ea774702e6,1260562702,2,2,2,0.35218,9,0,0,1,0,35.5,2,436,376.79,276.5,FALSE,0,0,0,0,0
3fa2569d24626ee363d1c1577049233520832f6c,1260562343,2,2,2,0.251463,21,3,0,1,0.01,26.5,1.5,435,375.8,275.5,FALSE,0,0,1,0,0
bbd1235da692bf661dbf22755391e7f3b5186b59,1260561854,1,1,1,0,6,0,0,1,0,16,2,434,374.8,221,FALSE,0,0,0,0,0
0160213bddfe0c14cf2c086add3bf76404b6fa24,1260561645,2,2,2,0.429206,37,5,0,1,0,7.5,0.5,433,373.8,274,FALSE,0,0,0,0,1
6e5f9f119c2924826ab3950eb660e221f045d4a6,1260561062,1,1,2,0.405639,18,2,0,1,0.03,19,9,432,372.81,219,FALSE,0,0,0,0,0
350d54d25d3d674ca2fdb152c649f176d327df29,1260560905,2,2,1,0,1,1,0,2,8.84,3,6,431,371.81,272.5,FALSE,0,0,0,0,0
afaaf0d1069e52581afdf30c00e80c790ab3c7df,1260557973,1,2,2,0.0843225,14,2,0,1,0.82,11,1.5,430,370.84,326,FALSE,0,0,0,0,0
0594725c298c250b82ed3ebf14c35f6277ecab9f,1260557135,1,1,1,0,19,0,0,1,0.01,23,1,429,369.85,325,FALSE,0,0,0,0,0
f09358b96a915ba601a320626e97e75a11f4dd38,1260556899,1,1,0,0,0,0,1,0,0,0,0,428,368.85,42,FALSE,0,0,0,0,0
f0f71ccbba99347c5246ecd94a46e6010f7914fe,1260556800,1,1,0,0,0,0,0,0,0,0,0,427,367.86,41,FALSE,0,0,0,0,0
9721a766ea3501ef9380a493f00d3bd0ceeb7480,1260556596,2,2,1,0,1,0,0,2,0.01,27,29,426,366.86,33,FALSE,0,0,0,0,0
ff293e51045a2567bd64c0e9727c7f24e86816c1,1260556572,2,2,3,0.143772,86,0,0,1,0.25,12.33,5.67,425,365.86,270.5,TRUE,0,0,0,0,0
b94d4b0668323adcd3b6b09a26afae77819a9cd3,1260555517,1,1,1,0,2,2,0,2,0.03,27,28,424,364.87,25,FALSE,0,0,0,0,0
876f84ce14111f5e45cfc67ab116f304e30eaea8,1260555457,1,1,1,0,3,3,0,1,0,287,61,423,363.87,323,FALSE,0,0,0,0,0
eab98f1b448e8adfda3534182ced801c3fbe5ad6,1260555191,1,1,1,0,6,5,0,1,0.01,286,60,422,362.87,322,FALSE,0,0,0,0,0
af0493b4556d425bd1694a68b9e8679a990b7734,1260554877,1,1,1,0,39,0,0,1,0.02,140,20,421,361.88,216,FALSE,0,0,0,0,0
5e46da1a416c84f8ac1a071649c287b85a45a772,1260553967,1,1,1,0,5,6,1,1,0.04,287,59,420,360.88,321,TRUE,0,0,0,0,0
04c064500b37c3fc3442e94c21097ac3b15266eb,1260553506,1,1,1,0,36,0,1,1,0.96,104,19,419,359.89,215,FALSE,0,0,0,0,0
05e9cc67929c7b14ceb65a26925f3732df14e437,1260552504,1,1,1,0,8,5,0,2,0.02,24,27,418,358.9,24,TRUE,0,0,0,0,0
84a7c51d06fa20f98953939938f6a45bc1dfc635,1260550597,2,3,4,0.350787,15,3,0,2,0.24,141.25,22.25,417,357.92,171.5,TRUE,0,0,0,0,0
8026266ea45fe520dbf4ced31e1c5194c6a8e7fe,1260550164,1,1,1,0,11,0,0,1,0.72,6,2,416,356.92,214,FALSE,0,0,0,0,0
611911ee7e27d91d869d1ebd3bde196f6cdf8f87,1260549981,2,2,2,0.405639,5,3,0,2,3.87,103.5,35.5,415,355.92,266,FALSE,0,0,0,0,1
70667cffcae8caf83aaa5db6bf8b990dc7662f91,1260549846,1,1,1,0,6,0,0,2,7.75,87,65,414,354.93,212,FALSE,0,0,0,0,0
ec43eb921db4124b3b8f77418a2ed317a6fa44df,1260548950,2,2,3,0.590436,4,1,0,2,2.61,95,12,413,353.93,170,FALSE,0,0,0,0,0
2a0c40d5d207a33da63b34df8c08ae2c3d3b1f71,1260548748,1,1,1,0,33,14,0,1,0.01,51,11,412,352.94,317,FALSE,0,0,0,0,0
521fb0bf41d13ce64aeee2088a2d2e70edc3ef79,1260547666,2,2,2,0.310917,7,3,0,2,0.64,33,14.5,411,351.95,168.5,FALSE,0,0,0,0,0
20076e01c60229cff9a60b1cf68c72961ae0132d,1260547432,1,1,2,0.688573,12,9,0,1,0.74,276,36,410,350.95,315,TRUE,0,0,0,0,0
7d36c6ad37f1261e4c24a50b97f2af0e9c297699,1260493015,1,1,0,0,0,0,0,0,0,0,0,409,350.48,39,FALSE,0,0,0,0,0
46b3e23f2b32a1dc267d010b6fdc2885f8b581fd,1260492735,2,3,4,0.592906,7,7,0,2,0.03,128.5,7,408,349.49,167,FALSE,0,0,0,0,0
39719af1caad46c88814de95e791e78f65dc3a19,1260492151,2,3,4,0.0222585,402,1,0,2,0,4.75,5.5,407,348.49,166,FALSE,0,0,0,34,7
73923d2ecae51c12c90931599877f64bc29333c3,1260491580,1,1,0,0,0,0,0,0,0,0,0,406,347.5,38,FALSE,0,0,0,0,0
a8409ba53dc3cc9f0be798d6a70e3a66cef0730f,1260491559,2,3,4,0.194666,69,0,0,1,0.05,10.75,4.5,405,346.5,261.5,FALSE,0,0,0,0,0
8816257956e8d60473439454ff918f10503bddeb,1260490755,1,1,1,0,5,2,0,1,0,44,8,404,345.5,311,FALSE,0,0,0,0,0
d8e20183ef72192770fa213e99611c0598281fe7,1260490655,2,2,2,1,1,1,0,2,0,31.5,12.5,403,344.51,164,FALSE,0,0,0,0,0
7bb85311121bfcadd75b33087c187a5c6e666ca5,1260490599,2,3,4,0.47756,4,3,0,2,0.05,18,6,402,343.51,163,FALSE,0,0,0,0,0
037cfe395a5de181c7c1ba6fb058d3b1d8992900,1260488328,1,1,0,0,0,0,0,0,0,0,0,401,342.53,37,FALSE,0,0,0,0,0
190ddaad02df285cafbda87cba22868967087905,1260488178,1,1,1,0,0,30,0,1,0.05,36,1,400,341.53,210,FALSE,0,0,0,0,0
650e3508a237ef9e8173f79a0adce6eec7cbaca9,1260488156,1,1,1,0,17,0,0,1,0.02,25,5,399,340.53,308,FALSE,0,0,0,0,0
143114b881b1bbbf3baa28bff37a39763a1e3f61,1260486634,1,1,1,0,12,3,0,1,0.01,16,4,398,339.54,307,FALSE,0,0,0,1,0
6efb07d611e16d3853f4b3a45d4fa90034dac7e1,1260485339,2,3,2,0.368404,8,5,0,2,0,16.5,10.5,397,338.56,161,FALSE,0,0,0,0,0
97359cb102a1e3cacaf5fb28059ecb73b8c4edf8,1260484952,2,3,4,0.348692,16,13,0,2,1.81,77,17.75,396,337.56,160,FALSE,0,0,0,0,0
eaa399f69e3bd5f0ae66b9a42d88469a59eb18d1,1260484241,2,4,4,0.20082,95,1,0,1,0.01,9.25,4,395,336.57,256.5,FALSE,0,0,0,0,0
3a6ddd1ab78ead3c668e8ed85933c09f86276fd1,1260483319,1,1,1,0,2,0,0,0,0,0,0,394,335.58,303,FALSE,0,0,0,0,0
31ac31d549dfb78e1335254f4ecab6d518424885,1260483121,2,2,2,0.423935,24,3,0,1,0.1,53,2.5,393,334.58,255,FALSE,0,0,0,0,0
0a1ef273401c8c00f115db04981e0dc9a0de4a4e,1260482858,3,4,3,0.204123,16,1,0,2,0.01,7.67,5.67,392,333.58,117,FALSE,0,0,0,0,0
f59deceb40215ce3544d8be7bbcbaca1bfb88e15,1260481944,4,4,3,0.655459,5,5,0,2,0.03,25.33,6.33,391,332.59,138.75,FALSE,0,0,0,0,0
9b8d4176e937f0c6f586c5ffc7e2cf1ef00997fc,1260481880,1,1,0,0,0,0,0,0,0,0,0,390,331.59,34,FALSE,0,0,0,0,0
39b0e43d7ecc72b36d8e045a96f2ddfb6e80aee1,1260481760,2,2,2,0.805983,10,4,0,2,0,8.5,7.5,389,330.59,155.5,TRUE,0,0,0,0,0
938dc062d48fa825b453db41d926029fccb27637,1260481634,3,4,7,0.474801,28,8,0,2,0.04,117.43,14.29,388,329.59,171.667,TRUE,0,0,0,0,0
db4dcf825f70edb13dbe0850a13c4d93d3a1c5d3,1260480803,2,2,2,0.627734,31,0,0,0,0,0,0,387,328.6,251,FALSE,0,0,0,0,0
87569946f4afcc8fe2a71a5df666d023aa501d2a,1260480507,1,1,1,0,1,0,0,2,0.04,14,13,386,327.6,10,FALSE,0,0,0,0,0
dea4ac986f7cd27cbb7dc2473a7dbef2c77f84e4,1260480446,2,2,5,0.430543,66,22,0,1,0.03,10.8,2.8,385,326.6,250,TRUE,0,0,0,0,0
467723f14bb95f4ce2f701afe204d2ba165a2638,1260476814,3,3,4,1,2,2,0,2,0,17.75,3.5,384,325.63,169,FALSE,0,0,0,0,0
9d41d3a9206b62f0616512580667b87d6c35ce42,1260476663,2,2,2,1,2,0,0,2,3.55,143.5,31,383,324.64,151,FALSE,0,0,0,0,0
a1dac852b6e5455ee7a91b36aac53c68162f7f3d,1260476481,1,1,1,0,2,0,0,1,0,34,1,382,323.64,293,FALSE,0,0,0,0,0
8248cb01e60e9c859443a8a3ca436ed12bb1968b,1260476467,2,2,3,0.184493,56,0,0,1,0.01,10.67,4,381,322.64,247,TRUE,0,0,0,0,0
3d4d62a51258b69108440d0657ebe7e686a33301,1260474719,1,1,1,0,10,1,0,1,0,30,3,380,321.65,201,TRUE,0,0,0,0,0
60b45711ac6e91d2483e692c69c70f787ea714a4,1260474625,2,2,2,0.507374,14,6,0,1,0,44.5,1.5,379,320.65,245.5,FALSE,0,0,0,0,0
72ba663bbbfc888d0e71c1da234e42cc10d6fe22,1260474546,1,1,1,0,21,3,0,1,0.01,41,1,378,319.65,290,FALSE,0,0,0,0,0
bea0d285e0fab465301b296e84e52847500aa585,1260474388,1,1,2,0.884014,13,11,0,1,0.05,147.5,11,377,318.66,289,TRUE,0,0,0,0,0
5c7341c8fb899839c7a2bea27b1fe8f55b8b77d3,1260473977,1,1,1,0,2,2,0,1,0,30,1,376,317.66,199,FALSE,0,0,0,0,0
8158a3dad5bd4d051ec17916ef63e903296694ff,1260473920,2,3,5,0.23576,78,2,0,1,0.04,89.8,13.6,375,316.66,243,TRUE,0,0,0,0,2
7f1eeafbe6069e2b8df4e0dfa4a64a35973ba38b,1260472312,2,2,2,0.821958,23,0,0,1,0.03,216.5,18,374,315.67,242,TRUE,0,0,0,0,0
64a47417a5cb85fece37bc4e218035f6114c6ca7,1260470931,1,1,0,0,0,0,0,0,0,0,0,373,314.69,33,FALSE,0,0,0,0,0
cdaca71afa66c6abb4af1e99b917246e75485304,1260470792,1,1,0,0,0,0,0,0,0,0,0,372,313.69,32,FALSE,0,0,0,0,0
340cd1d711f3a58ce6a9fcd1dbfaa467a439d1b3,1260470308,2,2,4,0,3,3,0,1,3.44,88.75,12.25,371,312.69,113.5,FALSE,0,0,0,0,0
c19b6e26f82d4f24f2cb7421154b7051d8f14492,1260470095,1,1,1,0,2,3,0,1,0.42,367,33,370,311.69,195,FALSE,0,0,0,0,0
14c95687b84d7b0b4131355dc803e5483f5951e8,1260469204,1,1,1,0,6,5,0,1,0.01,270,52,369,310.7,286,FALSE,0,0,0,0,5
8cac1eb199f670e56a4aab9e7d505afffbf0cc0c,1260468429,2,2,4,0.6802,5,31,0,1,0.01,170.5,18,368,309.71,239.5,FALSE,0,0,0,0,0
7e2ccf7e4eeee8c2d43be6ed1ee0e536c6ade4f3,1260467933,1,1,1,0,6,0,0,1,0,254,17,367,308.71,284,FALSE,0,0,0,0,0
0fc0f3cb8ede33c1ec56cfb6f61d3aaf2f63e254,1260467778,2,2,4,0.666784,26,4,0,1,5.17,163.5,17.5,366,307.71,238,TRUE,0,0,0,0,1
b6ec009d86808b797ba01782cb4826d361043dbc,1260467225,1,1,1,0,3,3,0,1,0.01,183,24,365,306.72,192,FALSE,0,0,0,0,0
95510bdcfb4141a39f924f9ee4758f9d5c1958d9,1260466368,2,2,2,0.57938,3,3,0,1,0,165,15.5,364,305.73,236.5,TRUE,0,0,0,0,0
7f111bf3e753c4c2e7ccfe7eba13aa2206d2168b,1260466320,1,1,1,0,66,0,0,1,0,81,9,363,304.73,281,FALSE,0,0,0,0,0
2bd7a57c92e8717d05298984b4dbb4fb79f49aca,1260466090,1,1,1,0,26,23,0,1,6.86,78,8,362,303.73,280,TRUE,0,0,0,0,0
4cd7019aee9fcab55c33e90a01a5bc1abfc5410b,1260465964,1,1,1,0,2,2,0,1,0,183,22,361,302.73,190,FALSE,0,0,0,0,0
95f0665343979cf84f5e12e58df852d32f296064,1260465897,2,2,2,0.35218,4,5,1,1,0,217,14,360,301.73,234,TRUE,0,0,0,2,0
abe77dbffdf9de6bcc4682c3a7ed0baa8061b9cb,1260465596,2,2,2,0.775805,6,6,0,1,6.82,217,13.5,359,300.73,233,TRUE,0,0,0,0,0
b0530b4f59d12997bc21aa9b8854f36dadaf7f32,1260434578,1,1,1,0,1,0,0,1,0.01,461,42,358,299.99,277,FALSE,0,0,0,0,0
68b1089674bd5948e69365baca77c69d2fede04c,1260433893,2,2,2,0.623406,17,0,0,1,0.01,405.5,21.5,357,298.99,231.5,FALSE,0,0,0,0,0
d685f2baea4184d2b325371c26bf150bad1bb71e,1260433177,1,1,1,0,9,7,0,1,0.01,448,40,356,298,275,FALSE,0,0,0,0,2
4101e4a10abc92082ce819c0285757a9531fadc6,1260432615,2,2,2,0.57938,18,0,0,1,0,395.5,20.5,355,297,230,FALSE,0,0,0,0,0
36229141410976321a0794bcfff923377dae4667,1260432200,2,2,2,0.818216,30,0,0,1,0.01,380.5,20,354,296.01,229,FALSE,0,0,0,0,0
f4214437000086ee14afaf16e45fcb7c15f04107,1260431964,1,1,1,0,3,4,0,1,0.01,424,37,353,295.01,272,FALSE,0,0,0,0,0
95e9e3d67abcfe7d32a7796162be1f039dcc53e0,1260431388,2,2,2,0.786857,19,0,0,1,0,371.5,19,352,294.01,227.5,FALSE,0,0,0,0,0
1ee61b48f6e1f9c300b6fa1bc8e2ca7d0a0ba244,1260431114,2,2,2,0.752723,27,0,0,1,0.01,358,18.5,351,293.01,226.5,TRUE,0,0,0,0,0
660ac655def6122f3a0a8471c5126192db35ce99,1260430604,2,2,2,0.625469,65,0,0,1,0.01,325.5,18,350,292.02,225.5,FALSE,0,0,0,0,1
eebf938667584ba27a84d4aaf86e1f5a2816ee0b,1260429905,2,2,2,0.835501,25,0,0,1,0.01,313,17.5,349,291.02,224.5,FALSE,0,0,0,0,0
16ef731b241d98b790a6fb6cfbf1fe33aad2dd2c,1260429431,2,2,2,0.541048,19,0,0,1,0,303.5,17,348,290.03,223.5,FALSE,0,0,0,0,0
36c2ce9ab58f4b42d0057a546fd5d1ef3fc2b410,1260429347,1,1,1,0,2,0,0,1,0,353,31,347,289.03,266,FALSE,0,0,0,0,0
d1f5c08686888e31bc5a72ebd73d0df7f0b2a1fd,1260429266,2,2,2,0.821958,23,0,0,1,0.01,291,16,346,288.03,222,FALSE,0,0,0,0,0
4eee82247a4924e630e8a126ecc88696887c9a24,1260428709,2,2,2,1,14,2,0,1,0,285,15.5,345,287.03,221,FALSE,0,0,0,0,1
c0a15f2aae7c92c42e18e010f1b9ab5f465e95c2,1260428336,2,2,2,0.529349,28,1,0,1,2.3,271.5,15,344,286.04,220,FALSE,0,0,0,0,0
8d74d089036bb3bcfa1d3583afe4f9c025764aca,1260230504,1,1,1,0,1,1,0,1,0.02,316,27,343,286.58,262,FALSE,0,0,0,0,0
371fb4e694df4ad1ebcbdae35769f8b89fbee50b,1260228576,1,1,1,0,2,0,0,1,0,314,26,342,285.59,261,FALSE,0,0,0,0,0
b514453b2b9ad07cd6272d58e7b01a0287f483f8,1260228436,1,1,1,0,2,0,0,1,0,312,25,341,284.6,260,FALSE,0,0,0,0,0
7a4a900f3a96b81542972893e7f4ffa6c6fc181f,1260228241,2,2,2,0.906557,30,0,0,1,0,254.5,13,340,283.6,217.5,FALSE,0,0,0,0,0
5552e7ee71329b7c4e4a947eaae4fad910bb7361,1260227973,2,2,2,0.133748,7,14,0,1,3.25,258,12.5,339,282.6,216.5,FALSE,0,0,0,0,0
123b9812e98d8b67503615dd1ab24ac74346d7e7,1259947439,1,1,1,0,14,0,0,1,0.01,208,19,338,283.77,174,FALSE,0,0,0,0,0
460c2a04ed6e2b82f92be3337c23df9c66f12083,1259947119,1,1,0,0,0,0,0,0,0,0,0,337,282.77,30,FALSE,0,0,0,0,0
996271bb3904230e7824166f5f958684490aa916,1259946799,2,2,2,0.512285,42,1,0,1,0,230.5,11.5,336,281.78,215,FALSE,0,0,0,2,0
b3429a4c293d570c8a6831aae23871cac33bd882,1259946447,2,2,2,0.507374,20,0,0,1,0,220.5,11,335,280.78,214,TRUE,0,0,0,0,0
933baf97e8929b3ace5e27c3b667ada50af3a3ac,1259946340,2,2,2,0.892647,26,0,0,1,0,207.5,10.5,334,279.78,213,TRUE,0,0,0,0,0
9d02ed2064a6c5fe343c19fde2d1dad61b4b70ce,1259946075,2,2,2,0.775805,24,0,0,1,0.01,195.5,10,333,278.78,212,FALSE,0,0,0,0,0
dd7681695f507270fe9ef123e5074b4ea31bd6c6,1259945209,2,2,2,0.965187,36,5,0,1,0,180,9.5,332,277.79,211,FALSE,0,0,0,0,0
ca229ba1a41532945afb5d0253e75868ca54fe29,1259944966,2,2,2,0.86606,31,0,0,1,0,164.5,9,331,276.79,210,FALSE,0,0,0,0,0
3276ec81708fc20c2ca15a73cc55c8114a083147,1259944722,2,2,2,0.821958,23,0,0,1,0,153,8.5,330,275.79,209,FALSE,0,0,0,0,0
b9d526c222d21ff344d1abe35d9eafcfa3aad13e,1259944566,2,2,2,0.963422,39,0,0,1,0.62,133.5,8,329,274.79,208,FALSE,0,0,0,0,0
58d64ce751735604b66653f258c96fe6e355200d,1259891347,1,1,1,0,9,0,0,1,0,146,14,328,274.19,249,FALSE,0,0,0,0,0
0669b545e8bd864da49645b8b60309e6aa3ae4a5,1259891323,2,2,2,0.775805,9,3,0,1,0,126,7,327,273.19,206.5,FALSE,0,0,0,0,0
3e845a8b8da51891077fcecc0fd581f4b5801ce5,1259891199,2,2,2,0.707544,32,4,0,1,0.01,112,6.5,326,272.19,205.5,FALSE,0,0,0,0,0
494a0679d3daed8006be3c840082f3e8efeaa636,1259890302,1,1,1,0,6,0,0,1,0,125,11,325,271.2,246,FALSE,0,0,0,0,0
b5e48c9a383604b1c631897fccd1ba192f624267,1259890247,2,2,2,1,22,0,0,1,0,98,5.5,324,270.2,204,FALSE,0,0,0,0,0
47e3eab058f273f45f0765357128934063b6b627,1259890031,1,1,1,0,22,0,0,1,0,92,9,323,269.2,244,FALSE,0,0,0,0,0
eb676a279a7af657f77189c1b3742b0631b7ef13,1259889616,2,2,2,0.51657,18,5,0,1,0.01,80.5,4.5,322,268.21,202.5,FALSE,0,0,0,0,0
b5bbab9b2867c332ee74473d1c6c2cbbf415a151,1259889171,2,2,2,0.775805,24,0,0,1,0,68.5,4,321,267.21,201.5,FALSE,0,0,0,0,0
f9ee6d1b6564efbffb95e60ce96c777a0424e244,1259888899,2,2,2,0.371825,30,13,0,1,0.01,60,3.5,320,266.21,200.5,FALSE,0,0,0,0,0
df0f71e1fc0faa29f7260da703388d719375cc51,1259887873,1,1,1,0,19,8,0,1,0,50,4,319,265.22,159,FALSE,0,0,0,0,0
6f0183dd320b6b6bf6a448c9fc7ef6f046279863,1259887472,2,2,2,0.950997,29,0,0,1,0,40,2.5,318,264.22,199,FALSE,0,0,0,0,0
696807798c7466fecb942bfdf11e0889863fbde8,1259887303,2,2,2,0.310917,9,1,0,1,0,36,2,317,263.22,198,FALSE,0,0,0,0,0
3153eef20313f0eefdc949e29ced35db3be2dc49,1259887276,2,2,2,0.763543,14,3,0,1,0,30.5,1.5,316,262.22,197,FALSE,0,0,0,0,2
fdfb1207e063c278344b3aab8e3adbd77b7c3c3b,1259887143,1,1,1,0,16,0,0,1,0,17,2,315,261.22,237,FALSE,0,0,0,0,0
b04dc745db73a0c215f50b48e4c283a6dd9cab7e,1259887045,1,1,1,0,16,1,0,1,0,2,1,314,260.22,236,FALSE,0,0,0,0,1
d9a977f73471dd5ca979153810342f69137bba73,1259886689,2,2,3,0.110523,31,0,0,1,0.04,10,3,313,259.23,195,FALSE,0,0,0,0,0
c0cac494ee74cba38a021df571b5d23aa43ca28d,1259880634,1,1,1,0,35,2,0,1,0,81,5,312,258.27,234,FALSE,0,0,0,0,0
4a7b33960145b7bf3c6b2e30c79284705c2bc668,1259880515,1,1,1,0,27,0,0,1,0,54,4,311,257.27,233,FALSE,0,0,0,0,0
d33e68c4a3cc7fcd8d669d7be5180c0e903d87bd,1259880292,2,2,3,0.264987,25,16,0,2,0.04,134.33,37.33,310,256.27,193,FALSE,0,0,0,0,3
3901c33ce9e1e06f8ebe48dc009934060d10ee0d,1259879258,2,2,2,0.0200054,62,0,0,2,0.38,150,55,309,255.28,192,FALSE,0,0,0,0,0
b7aa5d69e4dc1e9ac8e37c0153d3573b555314bc,1259878666,1,1,1,0,1,0,0,1,0,269,47,308,254.28,230,FALSE,0,0,0,0,0
d2cf2cb753ec98c83695905633974239188535ab,1259878608,1,1,1,0,1,1,0,1,0,269,46,307,253.28,229,FALSE,0,0,0,0,0
27d9587d36147d5effd0393de7781bcd502e0c0c,1259878597,1,1,1,0,46,0,0,1,0,223,45,306,252.28,228,FALSE,0,0,0,0,0
ba8dffe1300258d430376575056ad6cd64bec816,1259878205,1,1,1,0,6,0,0,1,0,217,44,305,251.29,227,FALSE,0,0,0,0,0
d3f5648c2bc90f681a2f430a0a5270bf999fcd53,1259877810,1,1,1,0,17,17,0,1,0,217,43,304,250.29,226,TRUE,0,0,0,0,0
2d753627829a618a03155880ca9370a077b6dff2,1259877644,1,1,1,0,38,38,0,1,0,217,42,303,249.29,225,TRUE,0,0,0,0,2
2e617313d6c388f04b58e2149ca853a826219508,1259877527,1,1,1,0,1,1,1,1,0.11,30,8,302,248.29,152,FALSE,0,0,0,0,0
a1705b782277f1b6335744b7e4c9f2d17d30c9e6,1259877460,1,1,1,0,12,9,1,1,0.01,214,41,301,247.29,224,FALSE,0,0,0,0,0
f72e5e2d090798ba45e70b5a911a7efcb9680de9,1259876850,1,1,1,0,7,0,0,1,0.01,178,19,300,246.3,151,TRUE,0,0,0,0,0
5c8bd43f9c7be6941832508b6caa646b30bc6c90,1259876745,1,1,1,0,35,0,0,1,0,179,40,299,245.3,223,FALSE,0,0,0,0,0
5342d043be4e6b1c899d6ce52f067cf9fda19df6,1259876540,1,1,1,0,24,0,0,1,0.04,155,39,298,244.3,222,FALSE,0,0,0,0,0
6eed7d6dd894e6912f656ac4c592554ae6bbb3a4,1259876321,1,1,1,0,0,1,0,1,0,250,13,297,243.3,221,FALSE,0,0,0,0,0
4973e9b668b438d7abe004e89ed9c1bb02e58ec8,1259875913,1,1,1,0,5,6,0,1,0,251,12,296,242.3,220,TRUE,0,0,0,0,0
f6cc2a9d4666cbd6a6d00de776272a3729ef3574,1259875863,2,2,2,0.57938,4,8,0,1,0,216.5,11.5,295,241.3,184.5,TRUE,0,0,0,0,0
329f3855d11c67fc839ebe88569b48e381d0783a,1259875738,2,2,2,0.556852,65,0,0,1,0.03,184,11,294,240.3,183.5,TRUE,0,0,0,0,0
fc7dc557be31c23158379fb52e76ff0d5ad68554,1259874334,1,1,1,0,19,0,0,1,0.07,177,4,293,239.31,217,FALSE,0,0,0,0,0
99dc356ea4f83578d16b24e1c008e08dfbc4d71e,1259874114,1,1,1,0,77,1,0,1,0.03,131,9,292,238.31,216,FALSE,0,0,0,0,0
9ae82c27ec44f690e464e0c7c3e2bd8b98650cfb,1259873101,1,2,2,1,1,1,0,1,0.04,116.5,21.5,291,237.32,215,FALSE,0,0,0,0,0
4f5ab5e88fa1e77c22b4d7934006699e7692e3bd,1259871610,2,3,4,0.222436,41,1,0,1,0.02,93,6.5,290,236.33,181,TRUE,0,0,0,2,0
df18edc427ca541d763e2cef8c43b6a78bcffeaa,1259870521,2,3,3,0.2265,9,9,1,1,0.01,110.33,8,289,235.34,180,FALSE,0,0,0,0,0
b19bd40bcac9890861c713f9b25aa006ba98828f,1259870218,1,1,1,0,7,0,0,1,0,126,14,288,234.34,146,TRUE,0,0,0,0,0
e5be2f244e50adb87925df9b9f009552fa9c6a18,1259869925,1,1,1,0,2,3,0,1,0,122,6,287,233.34,212,TRUE,0,0,0,0,0
d0d15f8a467569d9f3e1c7c19b2f43c300dabf45,1259869902,2,2,2,0.0226775,55,0,0,1,0.01,96.5,8,286,232.34,178,TRUE,0,0,0,0,0
256f4f3602e228d68833b0c0d3dce6c9836f20e4,1259869140,2,2,2,0.278129,10,1,0,1,0.01,74,6.5,285,231.34,177,FALSE,0,0,0,0,0
3569422745c8886f96d498e4431e53801752693a,1259869044,1,1,2,0.210758,7,0,0,1,0.06,109.5,12.5,284,230.35,143,FALSE,0,0,0,0,0
17fbab056eb75676d0710ba009001f7d4715f66c,1259868914,1,1,1,0,3,3,0,1,0,119,10,283,229.35,142,FALSE,0,0,0,0,0
b1798a6677195eced862b72b10fc52a9f7d422e9,1259868881,1,1,1,0,33,0,0,1,0.01,86,9,282,228.35,141,TRUE,0,0,0,0,0
2a650f864e55c436162856241f7882c179ceff59,1259868427,2,3,3,0.389829,9,2,0,1,0.25,94.67,2.33,281,227.35,174.5,FALSE,0,0,0,0,0
9de05eaf940556d70b0d8e8541a67c533b611784,1259868306,2,2,4,0.349153,23,0,0,1,0.04,83.75,4.75,280,226.35,173.5,TRUE,0,0,0,0,0
995f0462dd8672668ed579ab2c50580dfe3515a7,1259868044,1,1,1,0,169,1,0,1,0,2,1,279,225.35,207,FALSE,0,0,3,0,0
06c0b421240acd50219e41720e7439e667a5310d,1259867990,2,2,3,0.0922234,37,0,0,1,0,51,12.33,278,224.35,172,FALSE,0,0,0,0,0
2db2e23ae643844bb2cb3e86cf33348e6d39aa48,1259867598,1,1,1,0,3,3,0,1,0,153,36,277,223.35,205,FALSE,0,0,0,0,0
05a9fbb15248e073bfdb5f09e15629227cadf408,1259867512,1,1,2,0.120965,11,12,0,1,0,108.5,17.5,276,222.35,204,FALSE,0,0,0,0,2
1e871c3042f0ac0ae48af3415c27f7df8aba239e,1259867423,1,1,2,0.968252,22,23,0,1,0,98,17,275,221.35,203,FALSE,0,0,0,0,2
73962f2136cb16fcac007e693af90cc630ff8f49,1259867303,1,1,1,0,9,0,0,1,0,167,33,274,220.36,202,FALSE,0,0,0,0,0
2176d39f857c31e4009d1975cae00818f27ef68a,1259867183,1,1,2,0.902339,24,19,0,1,0,92.5,16,273,219.36,201,TRUE,0,0,0,0,0
f4c0fb027b72955365f245c7cd8b048005ad7f7b,1259867010,1,1,3,0.73123,39,36,0,1,0,88.33,10.33,272,218.36,200,FALSE,0,0,0,0,0
28297a0e93448d78f3349443ec4429a2031bc58a,1259866920,2,2,3,0.788313,52,31,0,1,0,105.67,11,271,217.36,168,TRUE,0,0,0,0,2
4f8c45c6098e6a17605a19f685a7dba67d85e2c4,1259866733,1,1,2,0.707544,19,17,0,1,0,131.5,14.5,270,216.36,198,TRUE,0,0,0,0,0
82e932734411763f35d600782416152417fd9761,1259866489,1,2,2,0.450982,9,2,0,2,0,7,5,269,215.36,7,FALSE,0,0,0,0,0
7f5d4fc15ce927399ebd041544ed5edc3149cfe5,1259866379,2,2,2,0.405639,6,10,0,1,0.04,159.5,15.5,268,214.36,166.5,TRUE,0,0,0,0,0
60a968bfbb13d693df35780b07949d6144af8fa0,1259866212,3,3,3,0.419354,17,12,0,2,1.21,23,6.33,267,213.36,56.6667,TRUE,0,0,0,0,0
34bc74df320a1408f6141332b8312d87477a026c,1259859473,2,2,2,0.431711,1,18,0,1,0,188,16.5,266,212.4,165,FALSE,0,0,0,0,0
15efc34b2cdb1da7967c8c12215c320431f05120,1259859333,1,1,0,0,0,0,1,0,0,0,0,265,211.4,133,FALSE,0,0,0,0,0
5061f0e1fb6e492149d285c97ff7602e92169b91,1259859145,2,2,2,0.57938,5,1,0,2,0,134.5,16,264,210.4,100,TRUE,0,0,0,0,0
60d61d6360681d7a35e5a3b76212f74b36e9e22a,1259859054,1,1,1,0,4,2,0,2,0.65,9,7,263,209.4,4,FALSE,0,0,0,0,0
feccc86988617e5d1b4c4979383836b31809ace6,1259858945,2,2,2,0.485347,26,12,0,1,0.02,179,15.5,262,208.4,163,FALSE,0,0,0,0,0
33e49b373c2dd6089139059d14f8926dc0d74aca,1259858415,1,1,1,0,0,1,0,1,0,256,24,261,207.4,193,FALSE,0,0,0,0,0
97612c4dbe788b0de9ba1780e07551addd9b93e4,1259858403,1,1,1,0,3,1,0,1,0,254,23,260,206.4,192,FALSE,0,0,0,0,0
f4c6ad99bcbadf8a54d86a9acba33fc3d40aea5c,1259858338,1,1,1,0,8,0,0,1,0,38,4,259,205.41,131,TRUE,0,0,0,0,0
5f22d7029e8c2fd4e5cd0b2a4267ea2d0721da09,1259858202,2,2,2,0.756895,20,2,0,1,0.01,137,11.5,258,204.41,160.5,TRUE,0,0,0,0,0
f96bf2f0e68c2245541f2e1df3f4b2f9e9cb46ae,1259857854,1,1,1,0,18,0,0,1,0.01,225,21,257,203.41,190,FALSE,0,0,0,0,0
1aa275bb227e7f9f4b555d8c0f603aa2cead0817,1259857075,1,1,1,0,9,0,0,1,0.01,22,2,256,202.41,129,TRUE,0,0,0,0,0
467b6aaaac0964231f85d3d87c60076b688cc5f1,1259856829,2,2,2,0.0904452,8,7,1,1,0,163.5,13,255,201.41,158.5,TRUE,0,0,0,0,0
3090ca3610e5ccdd5e75dbdc3665fdc5bd2c32cf,1259856503,1,1,1,0,26,0,0,1,0,78,11,254,200.41,127,FALSE,0,0,0,0,0
2d80226fbe8f5ac86d4f4bbafee29d659421a698,1259856398,2,2,3,0.685796,20,3,0,1,0.13,102,8,253,199.42,157,TRUE,0,0,0,0,0
e4bb8d349da1673d5b66e0ca7dd7f3b963bd3559,1259856056,2,2,3,0.247113,26,1,0,1,0.28,77.67,7,252,198.42,156,TRUE,0,0,0,0,0
9667cbc523790618cf9d9de6c7dbe3b767fa8697,1259824869,1,1,1,0,3,3,0,1,0,205,17,251,197.58,186,FALSE,0,0,0,0,0
f578437ab1eb36a790441d06442981ce95ff66db,1259824583,1,1,1,0,34,2,0,1,0,173,16,250,196.58,185,FALSE,0,0,0,0,1
407f5b95893f0e10c0083c750a417a53f1aa1cfd,1259824395,1,1,1,0,7,7,0,1,0,173,15,249,195.58,184,TRUE,0,0,0,0,0
31327099b7f197cd4b8bb56d604be89c6a9cb4f1,1259824272,2,2,2,0.0510836,47,4,0,1,0.11,103.5,9.5,248,194.58,153.5,TRUE,0,0,0,0,1
9310cf91d9b045644b9a8efb52488b817ded9095,1259814969,2,2,2,0.57938,1,2,0,1,0.01,79.5,8,247,193.63,152.5,FALSE,0,0,0,0,0
078ddecc306bc51dadb64459e19454493343deed,1259814793,1,1,1,0,18,0,0,1,0,59,8,246,192.63,122,FALSE,0,0,0,0,0
aba25d5272348a99348d4d0480d5bb98a89c1951,1259814741,1,1,1,0,6,1,0,1,0.01,125,12,245,191.63,181,FALSE,0,0,0,0,0
c426f341b9ea2474bdce64b74d12f055b0692f20,1259814565,1,1,1,0,18,0,0,1,0,41,7,244,190.63,121,FALSE,0,0,0,0,0
e2f6cf9d19db74eb104440b26902cc02c63eebb1,1259814380,1,1,1,0,11,12,0,1,0.1,42,6,243,189.63,120,FALSE,0,0,0,0,0
ef54f4d8cd3bc3ee45c317f92dcc3769ea99e4b3,1259814085,1,1,1,0,1,1,0,1,0.11,29,4,242,188.63,119,TRUE,0,0,0,0,0
2025ce5a6b68cc84be282f5deed7b6279344d3d9,1259813992,2,2,2,0.747776,37,0,0,2,0.14,59,36.5,241,187.63,149,FALSE,0,0,0,0,0
33e471c3e57455a2d5b60698ea46182c0a7a12de,1259806142,2,2,2,0.181188,15,1,0,1,0.01,69,6,240,186.67,148,FALSE,0,0,0,0,0
36e8cb3abe7292d75256a2def580479564bb6a51,1259804979,2,2,2,0.310917,5,0,0,1,0,49.5,3,239,185.67,147,FALSE,0,0,0,0,0
c58039fca9bb9c80e0a1aca87b4a765384573d11,1259804920,2,3,3,0.29664,23,7,0,1,0.01,64.33,3.67,238,184.67,146,TRUE,0,0,0,0,0
ad818b543fab7fe6c93ae5ffb27a657077535752,1259804474,1,1,1,0,1,3,0,1,0.01,31,3,237,183.67,114,FALSE,0,0,0,0,0
18adc1b84e1e6b3f21d2bac0c5f60ee06f2d8940,1259804418,1,1,1,0,27,3,0,1,0.01,32,1,236,182.68,176,FALSE,0,0,0,0,0
9528ea2b72291a0e8918547d98ff5ae30a2b3ca0,1259803933,1,2,3,0.182264,35,3,0,1,0,37.33,2.67,235,181.68,175,FALSE,0,0,0,0,2
19104a0bc611c85110571f73359e5a4c232d657e,1259803274,2,2,3,0.023161,104,107,0,1,0.04,57.67,2.67,234,180.68,143.5,TRUE,0,0,0,0,4
793643921cdfcf49ccf59f656e05d5e448caceb4,1259802959,2,2,2,0.24365,31,6,0,2,0.01,50,5.5,233,179.68,88,FALSE,0,0,0,0,0
07aa40b246a0fec16b7a355714f098eb21b7a382,1259802075,1,1,1,0,14,5,0,1,0.01,82,5,232,178.69,172,FALSE,0,0,0,0,2
0dd5af5e490a32ebb45c5745b7671fa706e4bd5f,1259801623,1,1,1,0,3,4,0,1,0,83,4,231,177.69,171,FALSE,0,0,0,0,2
15a1f6a5aa441eaded13c243bebf4b0576bc59f5,1259801422,2,2,2,0.0471338,45,10,0,2,1.38,28.5,4,230,176.69,86,FALSE,0,0,0,0,1
5ec8a9df19cab136c0c418f99bd327dcc9eb9c8d,1259798510,2,2,2,0.542941,37,23,0,1,0.01,30.5,1.5,229,175.7,140.5,FALSE,0,0,0,0,1
d173eac42fcb0f0e9b91ff15de7be34db909e36c,1259798025,1,1,2,0.0789627,17,0,0,1,0,14.5,0.5,228,174.7,111,FALSE,0,0,0,0,0
a11da35f72b9620055be5def14cbe10ab340ba88,1259797769,1,1,1,0,44,1,0,1,0,2,1,227,173.7,168,FALSE,0,0,0,0,0
965af7bb6c0f1b6db006b2a5b87c2cf8389e8578,1259797351,2,4,4,0.185006,117,0,0,2,0,0,1.25,226,172.71,138.5,FALSE,0,0,0,0,2
2603bb4c15fa13c81eeb6c9d1020cf6197b3db6c,1259797057,2,4,17,0.364505,2,1744,0,2,27.07,102.94,12.82,225,171.71,137.5,FALSE,0,0,6,0,5
24edc4d3c1849d0dcd88cc5f1a7657d4b6446224,1259769875,1,1,1,0,2,3,0,2,0,112,16,224,170.82,165,FALSE,0,0,0,0,0
9f3952852db9865569c80f2f5d8731c0d84e4759,1259769831,1,1,1,0,3,4,0,2,1.95,113,15,223,169.82,164,FALSE,0,0,0,0,0
33ea2216c3c31aac5386d1b1f486542618eba90a,1259681979,0,0,0,0,0,0,0,0,0,0,0,222,169.19,0,FALSE,0,0,0,0,0
970ccd8c8a44a9d5ee45d73df48bcc42fbea51d0,1259662670,1,1,0,0,0,0,0,0,0,0,0,33,32.65,9,FALSE,0,0,0,0,0
9de77d10c32fd424ad7c4d0b1110c8cc253798b6,1259662431,1,1,0,0,0,0,0,0,0,0,0,32,31.65,8,FALSE,0,0,0,0,0
b5951108b7d1f2da1071cdeab7b6845dbd33506a,1259662323,1,1,1,0,1,1,1,2,1.1,226,58,31,30.65,15,FALSE,0,0,0,0,0
eda700ddc1e737d6c6739a50a46e735128781d25,1259661749,2,2,2,0.847128,6,3,1,2,70.63,407.5,80,30,29.65,13,FALSE,0,0,0,0,0
a3acc21c6cc555bc4f348d2218269904e41c03c0,1259659708,0,0,0,0,0,0,0,0,0,0,0,29,28.65,0,FALSE,0,0,0,0,0
bf03e8570237f243e52666029959edc8aa0330f2,1259603075,1,1,0,0,0,0,0,0,0,0,0,221,168.52,28,FALSE,0,0,0,0,0
980f5d35422705b868ccc29bc0f35869d8081d55,1259602415,1,1,1,0,8,0,0,2,0.01,230,57,220,167.52,108,FALSE,0,0,0,0,0
cbcc89edd6634d7c01c648d618200c5b0c761d2d,1259601906,1,1,1,0,10,6,1,2,0.4,226,56,219,166.53,107,FALSE,0,0,0,0,0
689afd3fa41a7a6f7ee79fef0dd6c41f014db288,1259601381,1,1,1,0,1,1,1,2,0,45,5,218,165.53,106,FALSE,0,0,0,0,0
dca7e9bbd17e2d96a081754469d73f49d35a61c8,1259601241,2,4,11,0.468925,19,20,0,2,27.06,107,16.27,217,164.53,134,FALSE,0,0,6,0,10
9fa5a0bb1162fe1aaa5e1b558ac7a9fef77908bb,1259600939,0,0,0,0,0,0,0,0,0,0,0,216,163.53,0,FALSE,0,0,0,0,0
278d7ae3bcc7365e5c26c9a21b5e3d0d5bef966a,1259600887,1,1,0,0,0,0,0,0,0,0,0,215,162.53,27,FALSE,0,0,0,0,0
8c520d4ae9d5f1be268ec708f798a9659b918ab0,1259600637,1,1,0,0,0,0,0,0,0,0,0,214,161.53,26,FALSE,0,0,0,0,0
07bfe7a318f80ff53cb161feba21180d9908dc1f,1259567921,1,1,1,0,0,9,0,2,0,694,150,213,160.66,162,FALSE,0,0,0,0,0
93c55b3e1d8c1df533a5f633655aa5fb6ba5d83b,1259567860,3,3,3,0.379549,7,8,0,2,0.02,246.67,50.33,212,159.66,88.6667,TRUE,0,0,0,0,1
9463674964aec1b251fb83503de9a01f1c0c1da9,1259567197,2,2,2,1,6,6,0,2,0.01,460.5,83.5,211,158.66,131.5,TRUE,0,0,0,0,0
8a326700a5147304aed83a6f80998d5ea2d294c7,1259566607,1,1,1,0,45,45,0,2,0.01,695,147,210,157.67,159,FALSE,0,0,0,0,0
27b6acb3f220d1cf86000996e085e015ee82f960,1259566492,1,1,1,0,14,16,0,2,0.13,115,13,209,156.67,158,FALSE,0,0,0,0,0
ab924008fb472d73fc62c77060f6e0aeff8fe594,1259566149,2,2,2,0.75117,6,53,0,2,0.02,484,82.5,208,155.67,129.5,TRUE,0,0,0,0,0
f6238739e52257cdae39671b0f398ff6b42da7bc,1259565538,2,2,2,0.611798,33,36,1,2,0.53,381.5,73,207,154.67,128.5,FALSE,0,0,0,0,0
44f1a5d5c76ed5c4cf462c68e5a15eef3016e59d,1259565347,2,2,3,0.930818,14,12,0,2,0.71,250,49,206,153.67,77.5,TRUE,0,0,0,0,0
ebc9e6e459fc1eca6cbfbf5169074d5cff5ba384,1259564866,1,1,1,0,3,3,0,2,0,730,143,205,152.67,154,FALSE,0,0,0,0,0
b4cf4f072f20ff89dbaea9cc8ae8d83ef8f3e4a9,1259564740,1,1,2,0.786857,10,9,0,2,1.12,367.5,71,204,151.67,153,FALSE,0,0,0,0,0
82b0bb551d1bb98121dd6870cf0673f2139d8fe3,1259564318,1,1,1,0,2,2,0,2,0.09,730,141,203,150.67,152,FALSE,0,0,0,0,0
cc56c63fe0645438dbf9bcf41b3c8b274602b9c5,1259564034,1,1,1,0,236,4,0,2,0.09,8,53,202,149.68,100,TRUE,0,0,3,0,0
4505a5ccc33d7c827b9153eb3296fef00507c5ad,1259556475,1,1,1,0,0,1,0,2,0.01,731,140,201,148.7,151,FALSE,0,0,0,0,0
8156f85d34f97dcc17a6206e9c7f049941945814,1259556093,1,2,3,0.119503,18,252,0,2,0.02,685.67,22.33,200,147.7,99,FALSE,0,0,3,0,0
489b88c0c29569b840c9a2a3681237d9c40680da,1259555368,2,2,2,0.734496,10,10,0,2,0.88,486.5,78,199,146.71,124,FALSE,0,0,0,0,0
7c733b832e7a099cf7549a74798d861994c6d455,1259555228,1,1,2,1,4,12,0,1,145.21,10,2,198,145.71,149,FALSE,0,0,0,0,0
87219f99006f262986ce90765c0917175a4df495,1259555094,1,1,1,0,189,193,0,1,139.24,202,9,197,144.71,148,FALSE,0,0,6,0,0
50cb10494d881f312bc33102815980721403be82,1259555066,1,1,2,0.0301032,40,44,0,2,0.88,391.5,69.5,196,143.71,147,FALSE,0,0,0,0,0
e6f71f94d815a33c4cc098dc850420b27812c5d1,1259554957,1,1,1,0,692,695,0,2,0.94,734,137,195,142.71,146,TRUE,0,0,0,0,8
9d18efe5d7377c9337f6668102aa0dbb6cd970ed,1259554836,2,2,2,0.0112276,106,110,0,2,0.88,76.5,11.5,194,141.71,121,FALSE,0,0,0,0,0
1972a186013fd7247cbd36d26e40ba4f2c6081b3,1259554713,1,1,1,0,1,1,0,2,0.01,34,15,193,140.71,96,FALSE,0,0,0,0,0
34a55ba602dd3e1e598a9af85993debb1322e207,1259554017,1,1,0,0,0,0,0,0,0,0,0,192,139.71,25,FALSE,0,0,0,0,0
f9b9c922c8b38140219180142b854b9ffab2f857,1259553955,1,1,1,0,14,16,0,2,0,36,14,191,138.71,95,FALSE,0,0,0,0,0
7025a24a68f8bcf821dcb7228a9ac30290946f8e,1259553873,1,1,1,0,3,1,1,2,0.03,34,13,190,137.71,94,FALSE,0,0,0,0,0
5db80e5ee30a06fcff7ddfbc640e2ce5d3840f1a,1259553666,1,1,1,0,8,3,0,1,0.03,1776,1,189,136.71,93,FALSE,0,0,0,0,0
35e2f6b85444e156123585075ce3838e6f026cb1,1259553068,1,1,0,0,0,0,0,0,0,0,0,188,135.71,24,FALSE,0,0,0,0,0
8e23ebb6500603808425e9a24b95e6d2165b4077,1259551211,1,1,0,0,0,0,0,0,0,0,0,187,134.72,23,FALSE,0,0,0,0,0
42924a07a4ed890dfb6b539b402124981d08e81b,1259551114,1,1,0,0,0,0,0,0,0,0,0,186,133.72,22,FALSE,0,0,0,0,0
23987d19ce6cf982aba76f694aa0a1143a8912fa,1259551065,1,3,6,0.0986811,2157,1,0,2,0.15,5.67,2,185,132.72,92,FALSE,0,0,4,11,17
36fbbeb24477e7957cb29930f2c62661f84c5c33,1259474468,0,0,0,0,0,0,0,0,0,0,0,28,27.82,0,FALSE,0,0,0,0,0
a2f98e188f3bcec2c02ba99cca7e70ec53315959,1259474213,1,1,1,0,2,0,0,1,0.01,10,1,26,25.82,6,FALSE,0,0,0,0,0
5734bd5371d7e11a0cee88379427193fffcdd711,1259474213,1,1,1,0,2,0,0,1,0.01,10,1,27,26.82,7,FALSE,0,0,0,0,0
02ad73185db7d4e008c425e5c374d939b450a6fd,1259473859,1,1,1,0,1,1,0,2,0,734,136,25,24.82,11,FALSE,0,0,0,0,0
59ed400f374062ab5d905740e194647a8635d295,1259473859,1,1,1,0,1,1,0,2,0,734,136,24,23.82,10,FALSE,0,0,0,0,0
a3ca40ed2390314859b57a0f8355fa54d8e0c123,1259473774,2,2,2,0.371825,43,0,0,0,0,0,0,23,22.82,9,TRUE,0,0,0,0,0
aa3167efe4bf072bab80e044879fa9d4e09e5467,1259473774,2,2,2,0.371825,43,0,0,0,0,0,0,22,21.82,8,FALSE,0,0,0,0,0
48585027589395164d5962756e231886c9832476,1259473731,4,4,3,0.122651,19,9,0,2,0.82,255.33,47,21,20.82,7.5,FALSE,0,0,0,0,2
80328f91353eb4b7fd4a226c606495261cb9a28b,1259473731,4,4,3,0.122651,19,9,0,2,0.82,255.33,47,20,19.82,6.5,FALSE,0,0,0,0,2
7459e7d0750a4a8647294e4af35dab43dc57028f,1259404364,1,1,0,0,0,0,0,0,0,0,0,19,18.86,5,FALSE,0,0,0,0,0
0a911ddd7d80ff236a537c683abaed20b36368fe,1259404364,1,1,0,0,0,0,0,0,0,0,0,18,17.86,4,FALSE,0,0,0,0,0
9973bd7155cf2892a91daddab3fa8bc8ed5ca89e,1259403867,2,2,1,0,8,0,0,0,0,0,0,17,16.86,2,TRUE,0,0,0,0,0
3491ff31c7f4b56eab47ce2406a943e080e34f2e,1259403867,2,2,1,0,8,0,0,0,0,0,0,16,15.86,1,FALSE,0,0,0,0,0
bac22ca3bc69d0b0f8d34668066535e3e4fe8148,1259403105,1,1,1,0,7,4,0,2,0,239,50,15,14.87,9,FALSE,0,0,0,0,0
f1f84295120c16ceae3c10855d340aa09ee41305,1259403105,1,1,1,0,7,4,0,2,0,239,50,14,13.87,8,FALSE,0,0,0,0,0
9fb91c6af9cd5c164160e830a97163a89324f31f,1259402862,2,2,6,0.518213,22,24,1,2,68.61,202.83,26.67,12,11.87,6,FALSE,0,0,2,0,0
f4d7a5e9171c8dc4b28a464e919e9e9ccea2853d,1259402862,2,2,6,0.518213,22,24,1,2,68.61,202.83,26.67,13,12.87,7,TRUE,0,0,2,0,0
2594ff4856804f61b2d29bb8ea8b071b6670a6dd,1259371400,1,1,1,0,1,1,0,2,0,44,2,11,10.88,5,FALSE,0,0,0,0,0
14aded148a1b9a2d00af4308f1f348f330436387,1259371400,1,1,1,0,1,1,0,2,0,44,2,10,9.88,4,FALSE,0,0,0,0,0
29fbb44582ef082cb8c968fb87cb089cb8479044,1259371298,2,2,4,0.313178,22,37,0,2,38.62,207.75,34.5,8,7.88,3,FALSE,0,0,0,0,0
fd276365ee381288221bd912534be5108614ab8a,1259371298,2,2,4,0.313178,22,37,0,2,38.62,207.75,34.5,9,8.88,4,TRUE,0,0,0,0,0
c89a114d13fae7c4babe5b41c24c8cace748d32c,1258889206,1,1,1,0,1,1,1,2,0.09,738,132,7,7,3,TRUE,0,0,0,0,0
53170d00c7c67b093acc39367c90f8899ee91e44,1258889206,1,1,1,0,1,1,1,2,0.09,738,132,6,6,2,TRUE,0,0,0,0,0
64a9c720d0e05480d29ab9ed3446de7b0fa291aa,1258881820,1,1,1,0,45,3,0,1,51.54,696,131,5,5,1,FALSE,0,0,0,0,0
a872f92a4457cbb5a8e25db8019f92b343c08527,1258881820,1,1,1,0,45,3,0,1,51.54,696,131,4,4,0,FALSE,0,0,0,0,0
b51d743005e4898afaf613170db6b4da8893ca9b,1258872440,1,1,0,0,0,0,0,0,0,0,0,2,2,0,FALSE,0,0,0,0,0
8e8cbcab1acb39521dd2cc835122a4be0f9fb33b,1258872440,1,1,0,0,0,0,0,0,0,0,0,3,3,1,FALSE,0,0,0,0,0
0c1d7a085941f812d0555ec8a0e9f046c2ea29d3,1258872300,1,1,1,0,4,3,0,1,51.44,50,8,1,1,1,FALSE,0,0,0,0,0
8b34960c2bc20c0462bda65012e3aa2f11711ccf,1258872300,1,1,1,0,4,3,0,1,51.44,50,8,0,0,0,FALSE,0,0,0,0,0
fde2bfcef33160172999d5c092387deefb0055b8,1258686960,1,1,0,0,0,0,0,0,0,0,0,184,134.39,21,FALSE,0,0,0,0,0
2cd55de92e72e8f3f9b02d19cfa35c0985a8d53b,1254428758,1,1,1,0,18,25,0,1,0,703,130,183,148.12,144,FALSE,0,0,0,0,0
10ce37f7f7c9a44746da8cfebca3270e9c117b1a,1254428621,1,1,1,0,9,9,0,1,79.92,703,129,182,147.12,143,FALSE,0,0,0,0,0
f87eb47af3eb90941b0c371fba37f00aa446e200,1254428358,1,1,0,0,0,0,0,0,0,0,0,181,146.12,20,FALSE,0,0,0,0,0
9f06b11eaba9e8eba11b68fb1f2f03ce77bfa299,1254428318,1,1,0,0,0,0,0,0,0,0,0,180,145.12,19,FALSE,0,0,0,0,0
fa083231bc9de7d4e15a1b80d865605503cc1285,1254428237,1,1,0,0,0,0,0,0,0,0,0,179,144.12,18,FALSE,0,0,0,0,0
0739b0bd87677870f211e5d027ec5cf6b87da0ff,1254428114,1,1,1,0,1,1,0,1,85.86,50,7,178,143.12,91,FALSE,0,0,0,0,0
433b347a7bbddda5b6274ac1e4b5dabd9ed27109,1248218707,1,1,1,0,5,1,1,1,8.04,235,48,177,169.05,90,FALSE,0,0,0,0,0
204cea84a89cec0e1dcb844a7f407d81d0b35224,1247524406,3,3,2,0.278129,5,6,0,1,3.03,138,9.5,176,171.68,82.6667,FALSE,0,0,0,0,0
4598445d1bbbc7ddc7108cdfa4f5e19b757bcbae,1247523874,1,1,1,0,2,2,0,1,0,235,47,175,170.68,88,TRUE,0,0,0,0,0
947767a9481f4c50cd640c4d2d306329fa3356c3,1247523675,1,1,1,0,5,5,0,1,0,703,128,174,169.68,141,FALSE,0,0,0,0,0
a7a445463e7a4e23a729fef8fb868f3a092b77e2,1247523486,2,2,2,0.786857,17,2,0,1,0.02,461.5,70.5,173,168.68,113.5,TRUE,0,0,2,0,0
50b5fa8b878807f562e563c7836d2ce39be1f853,1247523061,1,1,1,0,14,4,0,1,0,218,45,172,167.68,86,FALSE,0,0,3,0,0
edbdcb3a91c2d8c7d39e8175e673d90f0eed76bd,1247522667,1,1,1,0,6,2,0,1,0.06,214,44,171,166.69,85,FALSE,0,0,0,0,0
e248d775b3aaa48ba024e20cda8d856b7891ec8d,1247520277,1,1,1,0,1,1,0,1,0,695,126,170,165.7,139,FALSE,0,0,0,0,0
332115d28aaf586399c1073d613d189655b910a3,1247520024,1,1,1,0,4,2,0,1,0,693,125,169,164.7,138,FALSE,0,0,0,0,0
7b9f119755f3d164b5bb1305a24a106879b7be1e,1247519943,1,1,1,0,1,0,1,1,0,692,124,168,163.7,137,FALSE,0,0,0,0,0
4b368aff12e5d2a3b8a1927eb64661d551f76320,1247519602,2,2,2,0.405639,16,4,0,1,2.98,383.5,61.5,167,162.7,110,FALSE,0,0,0,0,0
895f75f4686eb7f475575686ec4681ac3786099f,1247517769,1,1,1,0,4,0,0,1,0,210,43,166,161.71,83,FALSE,0,0,0,0,0
bcbf2c7370373c8084da8e8f3e4a619b7a2cd816,1247517635,2,2,2,0.805983,21,0,0,1,0.01,440,66.5,165,160.71,108.5,FALSE,0,0,0,0,0
b4896c4cb5e017eb589fa95a6c7050ad5bb9eb58,1247517261,1,1,1,0,1,1,1,1,4.96,137,20,164,159.71,81,FALSE,0,0,0,0,0
808f194230b8544c041e5c4910a3789c7bed0976,1247516631,1,1,1,0,1,2,0,1,0,202,41,163,158.72,80,FALSE,0,0,0,0,0
b1b8bf44dbbc7451c5560c5979beb5b37b35a11e,1247516438,2,2,2,0.861781,18,2,0,1,0.01,432.5,65.5,162,157.72,106.5,FALSE,0,0,0,0,0
0892f6dec9655171feff721db81cdf8a6c6bc863,1247515891,2,2,3,0.324467,22,5,0,1,0.02,281,43.33,161,156.72,105.5,FALSE,0,0,0,0,0
ef572f4dba8d65451b4a74fa21dc11946d9c8783,1247515049,1,1,1,0,5,5,0,1,0,193,39,160,155.73,77,FALSE,0,0,0,0,0
c5f0d7d0a5a499a0b0c2e8f8fd5b635016c495eb,1247514915,1,1,1,0,5,1,0,1,0,189,38,159,154.73,76,FALSE,0,0,0,0,0
f8e18cf4bece9a3f513567ee62c8c6a7061fc8be,1247514820,1,1,1,0,2,1,0,1,0,188,37,158,153.73,75,FALSE,0,0,0,0,0
58caa50b5faaa70e5c48b458ada7a1d19122541e,1247514667,2,2,3,0.382196,3,8,0,1,1.66,121.33,15,157,152.73,103,TRUE,0,0,0,0,0
655c456bfb37258ab22f37e5a263396933e7ebbc,1247511952,2,2,2,0.175022,31,2,0,1,0.01,418.5,62.5,156,151.74,102,FALSE,0,0,0,0,0
9cc5593afb7bf3213ba7676607ac04505a73d21a,1247511682,1,1,2,0.35218,7,2,0,1,2.91,111,21,155,150.74,72,FALSE,0,0,0,0,0
461337a42bb0c5e63ee9af5989eefce13607c546,1247511048,2,2,2,0.229363,12,1,0,1,4.38,413,61.5,154,149.74,100.5,FALSE,0,0,0,0,0
61fa7ee77bb7d02acfd87fb646583c82f527f308,1247174734,1,1,1,0,1,2,0,1,0.91,673,117,153,150.31,129,FALSE,0,0,0,0,0
cc5983f03368273159caf5b956ee08b164db0394,1247095837,2,2,1,0,14,0,0,1,0.03,659,116,152,149.68,72,TRUE,0,0,0,0,0
7a4773d7f3a4d1e586159f13f50fe72af4b4f37f,1247093376,1,1,1,0,8,39,0,1,0.01,690,115,151,148.7,127,FALSE,0,0,0,0,0
cd8efdb9ac34c445f7f47e0e1e6932a4a24c0186,1247092422,1,1,1,0,8,8,0,1,0,690,114,150,147.7,126,FALSE,0,0,0,0,0
6b870a3b49a593677b3a8bf9f5b57cd5b5ae6060,1247092402,1,1,1,0,29,8,0,1,0.02,669,113,149,146.7,125,FALSE,0,0,0,0,0
7807f42376b3a395de9bc52f33011b3763c7d686,1247090980,3,3,3,0.239893,89,27,0,1,0.68,289.67,41,148,145.71,69.6667,FALSE,0,0,0,0,0
b664df98b95af023b0be6eae85142cc62d508322,1247088338,2,2,2,0.405639,4,4,1,1,0.53,380,59,147,144.72,96,TRUE,0,0,0,0,0
9ee808f879bdb55d020b39acea1717fdfdf89806,1247087803,1,1,1,0,2,4,0,1,0,625,110,146,143.72,122,FALSE,0,0,0,0,0
f06838b25842f2271a803819b26d50a23b512fb5,1247087694,1,1,1,0,0,1,0,1,0.03,626,109,145,142.72,121,FALSE,0,0,0,0,0
f363f9c9ef3c145edfd8a48368028cb28c974203,1247084713,1,1,1,0,1,19,0,1,0.01,644,108,144,141.73,120,FALSE,0,0,0,0,0
28cc06ce399a2d33f6646c75f349453f302310e6,1247084197,1,1,1,0,2,3,0,1,0.01,645,107,143,140.74,119,FALSE,0,0,0,0,0
d121d44357e5b8f37c4af2f1fed38203ac9bd670,1247083157,1,1,1,0,11,4,0,1,0.01,638,106,142,139.74,118,TRUE,0,0,0,0,1
e516dcb700562c541bbe5d8c0e935da07df71d4d,1247082640,1,1,1,0,35,4,0,1,0.87,607,105,141,138.74,117,FALSE,0,0,0,0,0
417fd10eece4b53ab8efb91d34a069134553398f,1247010101,1,1,1,0,8,0,0,0,0,0,0,140,138.06,68,FALSE,0,0,0,0,0
448a6d66d83ab25811a6936d4a8e3452a1b2cb67,1247009752,1,1,4,0.166964,61,59,0,1,1.37,33,4,139,137.06,67,FALSE,0,0,0,0,0
7b580b8fbd9a236bbfddf7afbe72c9a918d471cc,1247009606,1,1,1,0,5,4,0,1,0,202,7,138,136.06,116,FALSE,0,0,0,0,0
92a43c5575c40f506882c041638562cbcf9a0934,1247009286,2,2,4,0.077603,222,186,0,1,1.48,51.25,2.25,137,135.06,90.5,FALSE,0,0,6,0,0
e6c931876cc9036ec948ac6391b59cc7f4cb2a96,1247007812,1,1,1,0,8,1,1,1,0.02,600,104,136,134.07,114,FALSE,0,0,0,0,0
2035c31167e3e913b792308998ddf8e7ee40f921,1247006493,2,2,2,0.78257,21,10,1,1,0.01,332.5,51.5,135,133.07,89,FALSE,0,0,0,0,2
78ee497516a71ec3483e08b7b66d02e4620ddf1c,1247005229,2,2,2,0.32803,86,0,0,1,0,289.5,51,134,132.08,88,TRUE,0,0,0,0,1
4f7e90ae70928ec8ee3300b73d0bc057d55e2001,1247004864,1,1,1,0,6,2,1,1,0,575,101,133,131.08,111,TRUE,0,0,0,0,0
03f8d7a0de8e39e73659f86773b46f193185c00d,1247004509,2,2,2,0.127043,7,4,0,1,0.01,310,51,132,130.08,86.5,FALSE,0,0,0,0,0
15839dea45bf9e4d2471cd88eb2f02d38039493b,1247003705,2,2,6,0.296749,142,98,0,1,0.04,152.67,18.33,131,129.09,85.5,TRUE,0,0,0,0,2
abcac578805add68b1ab60cb30bacde86fb8e7ab,1247000251,2,2,5,0,2,2,0,1,0.04,40.8,1.6,130,128.1,84.5,FALSE,0,0,0,0,0
3a3be0fac441ab3900d7bf34e94ed4b62821d25e,1247000084,1,1,0,0,0,0,0,0,0,0,0,129,127.1,14,FALSE,0,0,0,0,0
05ea7a5b9fcbd548d2ac2f15c22cdbd9ecde37e5,1247000029,1,1,0,0,0,0,0,0,0,0,0,128,126.1,13,FALSE,0,0,0,0,0
8675f1222816e6775bebc4368e25b4d32ce07331,1247000000,1,1,0,0,0,0,0,0,0,0,0,127,125.1,12,FALSE,0,0,0,0,0
631ef3ecdedc1e4fb676eb005404fcbf2d312534,1246999967,1,1,0,0,0,0,0,0,0,0,0,126,124.1,11,FALSE,0,0,0,0,0
c61372b31af18b766fb6b49cb6ee14bd0fdee347,1246998536,1,1,1,0,5,5,0,1,0.01,595,98,125,123.11,107,FALSE,0,0,0,0,0
8e523c67675ac3dcd96334c59b039c80b1c216a9,1246997782,2,2,2,0.684676,25,4,0,1,0.01,375,51,124,122.11,83,FALSE,0,0,1,0,0
08c821944a3bbe54cfeff3c76f6b1fe53571ac60,1246997028,2,2,2,0.405639,4,4,1,1,0.01,361,51.5,123,121.11,82,FALSE,0,0,0,0,0
6dc17158e505e4d7762fc7885a4dc961ae3965f9,1246996776,2,2,2,0.65908,15,4,0,1,0.06,369.5,50,122,120.11,81,TRUE,0,0,1,0,0
1da8234bf1b535d4b7f1b1252163cab3a70c37c2,1246995843,1,1,1,0,0,9,1,1,5.11,9,3,121,119.12,57,FALSE,0,0,0,0,0
b657c6725fbe9fa750fdd8a3bcbe60f2e2b99303,1246995672,1,1,1,0,13,0,0,1,0,124,17,120,118.12,56,TRUE,0,0,0,0,0
b37a02ea5a6bd98138f2f745f9b140756888c238,1246995527,1,1,1,0,7,0,0,1,0,117,16,119,117.12,55,FALSE,0,0,0,0,0
039dca0ed516e21658ca7fe4228037e25dfe3253,1246995453,2,2,2,0.0445446,29,0,1,1,0.01,94,9,118,116.12,78.5,TRUE,0,0,0,0,0
062deb66da2acebc6d8e6527b86a819e75c64a17,1246994914,2,2,2,0.465805,1,24,1,1,0.01,348,49,117,115.12,77.5,FALSE,0,0,0,0,0
aed14b6f471b5791e9ce5ededa7debbbae793486,1246994696,1,1,2,0.405639,8,8,0,1,0.01,77.5,8,116,114.12,52,FALSE,0,0,0,0,0
16fe60125c3fa0c8cc278e916a24f9742f12fab9,1246994516,2,2,2,0.186435,34,5,1,1,0.01,64.5,2,115,113.12,76,TRUE,0,0,0,0,0
5c3e2d723f73f44b576266aae1c4509e9b9ff4af,1246994118,1,1,1,0,1,0,0,1,0,599,93,114,112.12,100,FALSE,0,0,0,0,1
a21fb6c03f3033643cb1f0fbc7c297c039a68c83,1246993880,2,2,5,0.550211,10,15,0,1,0.04,174.8,19.4,113,111.12,74.5,TRUE,0,0,0,0,0
7899e458cdeb3588807904a8fd13d1493336971d,1246992092,2,2,2,0.0720699,31,6,1,1,0.01,51,1,112,110.13,73.5,FALSE,0,0,0,0,0
85721ee740358496303f78209b8fc511f4a76663,1246991198,2,2,2,0.326237,21,3,0,1,0.01,42,0.5,111,109.13,72.5,TRUE,0,0,0,0,0
637ac18381d52f3b482cadfa4d8d7ceb886a29c5,1246990652,2,2,4,0.237488,86,6,0,1,0.01,36,3,110,108.13,71.5,TRUE,0,0,0,0,0
27dc193f53f881b9f374ed44efab29f2ada835c7,1246988769,2,2,2,0.181188,32,16,0,1,3.04,346,46.5,109,107.14,70.5,FALSE,0,0,0,0,0
285252424ab4a2abe422bdcb28cbc86c921bd53c,1246988095,2,2,6,0.367885,44,101,0,1,2.72,142,16.17,108,106.14,69.5,TRUE,0,0,0,0,0
50b3c2c048a46a7f334106ee98bd7f7b148b370e,1246981780,1,1,3,1,6,0,0,1,3.49,259.67,30.67,107,105.16,93,FALSE,0,0,0,0,0
2e9164f81c7b9120115fdd1a72016c9db891c484,1246927160,1,1,1,0,1,1,1,1,0.02,595,88,106,104.34,92,FALSE,0,0,0,0,0
73f475ac49faaf6f018f09c148f42f3b4d6541c4,1246925733,1,1,1,0,1,2,0,1,0,596,87,105,103.35,91,FALSE,0,0,0,0,0
52ad821670bb06b744943973c09e33113558ec0c,1246925498,1,1,1,0,4,37,1,1,0,629,86,104,102.35,90,FALSE,0,0,0,0,0
cab958168193fefa31590b62b39ea3e9d203977c,1246925404,1,1,1,0,24,0,0,1,0.01,605,85,103,101.35,89,FALSE,0,0,0,0,0
a779a2852fc00f946cb2ff588dbd75d40b8ad65e,1246924850,1,1,1,0,8,6,0,1,3,603,84,102,100.35,88,FALSE,0,0,0,0,0
267b4aaea2b41ff25f5c2b2b71ff5f2e4f1157cc,1246666034,1,1,1,0,14,7,0,1,0,596,83,101,100.17,87,TRUE,0,0,0,0,0
17fabc457eff458c557deab3835335ad8cf75af5,1246665975,1,1,1,0,2,4,1,1,0,598,82,100,99.17,86,FALSE,0,0,0,0,0
52241a1dbd4242ca5adc7ac573ac7f9ae51c6d69,1246665571,2,2,4,0.300733,29,15,0,1,1.17,204.5,22,99,98.17,64.5,TRUE,0,0,0,0,0
b1b5dafc6dadccce6d3770636a2a6a2153621678,1246576410,1,1,1,0,15,0,0,1,0.02,571,80,98,97.44,84,FALSE,0,0,0,0,0
7a463cae9c1026dfcfaf91a576bfbbc1ccfd8ce6,1246574301,1,1,1,0,3,3,0,1,0,571,79,97,96.45,83,FALSE,0,0,0,0,0
93548844266a8ac161a42527fd24f30c9c07ed84,1246573871,1,1,1,0,12,17,0,1,0.01,576,78,96,95.45,82,FALSE,0,0,0,0,1
2b3fadf5cb4aa1141eaac05bd4cc7702925350df,1246573420,2,2,2,0.956859,31,2,0,1,0.02,370.5,41,95,94.45,62,FALSE,0,0,0,0,0
9bdd59f4055b2606e7af3e8753aee29653c025b2,1246572801,1,1,1,0,21,9,1,1,0.02,551,76,94,93.46,80,TRUE,0,0,0,0,0
5f11b4a8aed0733a109baa88ec48bc12b28b8e15,1246571393,3,3,2,0.507374,7,3,0,1,0.03,362.5,40,93,92.46,43.6667,TRUE,0,0,0,0,0
c85b73594fc1286ff55a2e61ad8b94eecee4be36,1246571097,1,1,0,0,0,0,0,0,0,0,0,92,91.46,9,FALSE,0,0,0,0,0
c4dc385ead55dbb342d305f929930738a9c5fb31,1246570485,1,1,1,0,7,6,0,1,0,549,74,91,90.46,78,FALSE,0,0,0,0,0
15f3b2f6dc965d6fc0ca0f95b91630a68cca2a55,1246570361,1,1,1,0,1,1,1,1,0,549,73,90,89.46,77,FALSE,0,0,0,0,0
caff679e7f8d638ee05c300d3c88e8110716cf37,1246570266,1,1,1,0,18,1,0,1,0.01,532,72,89,88.46,76,TRUE,0,0,0,0,0
26d9305f6d54945db76aa6c65683d63b822df379,1246569385,1,1,1,0,2,2,0,1,0,532,71,88,87.47,75,TRUE,0,0,0,0,0
2e99bc9ace55baf3f901575d632e610b0a3f68ad,1246569191,1,1,1,0,5,7,0,1,0,534,70,87,86.47,74,TRUE,0,0,0,0,0
a03ca8d1388af52674cc2870ac5afc505fd6a05d,1246569116,1,1,1,0,9,1,0,1,0,526,69,86,85.47,73,FALSE,0,0,0,0,0
c81b5cee1849da2749612410cc2927dd4e6437b8,1246569069,1,1,1,0,1,1,0,1,0,526,68,85,84.47,72,FALSE,0,0,0,0,0
bc7b77067460a0eee779a1c44d839680626fa471,1246569021,1,1,1,0,9,4,1,1,0,521,67,84,83.47,71,FALSE,0,0,0,0,0
7e3c60b735ca5ef170b0e87ec87c5bdcbbec7d61,1246568670,1,1,1,0,1,0,0,1,0,520,66,83,82.47,70,FALSE,0,0,0,0,0
9f2a5b5fd53e5f0c897154f78b46caf2301920d9,1246568613,1,1,1,0,5,1,0,1,0,516,65,82,81.47,69,FALSE,0,0,0,0,0
72f4b542160c5f93b96ed3daba55f6fc7db3b0b1,1246568292,1,1,1,0,5,2,0,1,0,513,64,81,80.47,68,FALSE,0,0,0,0,0
7cf69839b612a02a4e7194dd96cc556a61eea660,1246568192,1,1,1,0,8,3,0,1,0.01,508,63,80,79.47,67,FALSE,0,0,0,0,0
fa5223ef33fed355d521ccdd8a545537d79e8400,1246567751,2,2,2,0.405639,4,4,0,1,0,341.5,33.5,79,78.47,53.5,TRUE,0,0,0,0,0
cfb3018ae938d983ca0590e40b9449b534ef9b2c,1246567550,2,2,2,1,24,2,0,1,0.06,330.5,33,78,77.47,52.5,TRUE,0,0,0,0,0
bd5e77133787ac72c8e7545028be78095b8d0c60,1246562839,2,2,3,0.290338,16,8,0,1,0.73,230.33,21.33,77,76.48,51.5,TRUE,0,0,0,0,0
73d1d67ef9deb9e45728a38e3237b13843e1a127,1246561878,2,2,2,0.47756,22,13,0,1,0.01,322,32,76,75.48,50.5,TRUE,0,0,0,0,0
9f4d2be0681d7dc76cd329a144f75bd7f06c2050,1246560898,3,3,2,0.542941,54,6,0,1,0.57,298,31.5,75,74.49,35.6667,FALSE,0,0,0,0,0
20cdbde322476f8c9a7e57c1227dcc5885f7c125,1246555299,1,1,1,0,2,6,0,1,0.01,455,57,74,73.5,61,FALSE,0,0,0,0,0
651f4abc4741dfe04634fbf1ee0dad8abd85b359,1246554761,1,1,0,0,0,0,0,0,0,0,0,73,72.5,7,FALSE,0,0,0,0,0
cbfd0cea5c00b565264b8921f3a2d463e49c006b,1246554630,1,1,1,0,10,7,0,1,0,452,56,72,71.5,60,TRUE,0,0,0,0,0
55840bb6dcc121122690c5aa08f7a69816173ee9,1246554305,2,3,4,0.52296,13,5,0,1,0.03,122.75,14.75,71,70.5,47.5,TRUE,0,0,0,0,0
06050c9314450348caa7d24ec4365515207ee7e9,1246552435,1,1,1,0,2,9,0,1,0,451,54,70,69.51,58,FALSE,0,0,0,0,0
da904525e251e6550bf93bbce11c949cf8e6bea8,1246552338,1,1,1,0,6,0,0,0,0,0,0,69,68.51,35,FALSE,0,0,0,0,0
6ccbe3b5418b3b9c74846aeb65c97e1d64b4bb02,1246552330,2,2,5,0.499877,13,16,1,1,0.78,102.6,11.4,68,67.51,45.5,FALSE,0,0,0,0,0
bf79dd96bf7cbabef70749eb55b95af82016197d,1246549508,0,0,0,0,0,0,0,0,0,0,0,67,66.51,0,FALSE,0,0,0,0,0
62710065f7503cf254224cdf70ddf3506639ae85,1246549473,3,3,4,0.28041,12,4,0,1,0.48,113.25,13.5,66,65.51,31.6667,TRUE,0,0,0,0,0
01f4c7bbf21e1907c855d0143b06821aed0b5c30,1246541503,1,1,1,0,2,2,0,1,0.88,411,46,0,0,0,FALSE,0,0,0,0,0
e3b7ef7e56eb80af1d578fad4c03812c58779bbd,1246470388,2,3,3,0.590837,11,12,0,1,0.01,7,0.33,65,64.68,43.5,TRUE,0,0,0,0,0
910eb94ab914fc04aa1cfcc9e5502e49ae1ff95e,1246469678,2,2,3,0.302992,23,0,0,1,0,3.67,2,64,63.68,42.5,TRUE,0,0,0,0,0
81bc999e726b39945c60da5b668978b0685ce7d7,1246469098,1,1,1,0,11,0,0,1,0.01,172,3,63,62.68,53,FALSE,0,0,0,0,0
6ab87391af7f96728703d8a1394239b07ec02802,1246468511,2,2,5,0.590309,9,1,1,1,0,46.8,1.4,62,61.68,41,FALSE,0,0,0,0,0
8983f8a0e03ed7aec1ba94f0737893a5718ecdcc,1246468334,2,2,6,0.409759,20,0,0,1,2.69,109,8.83,61,60.68,40,TRUE,0,0,0,0,0
6d0bf20104e491f367e235e3d6cfaa46883f863b,1246467960,1,1,1,0,1,1,0,1,0.01,145,20,60,59.68,28,FALSE,0,0,0,0,0
d57ad3380e1d8c08864735d251ab2ccb42de925c,1246467714,1,1,1,0,11,0,0,1,0.01,428,49,59,58.68,50,TRUE,0,0,0,0,0
9532e7f940b3b9dab635a94b76985a85b0c8d275,1246467105,2,2,2,0.57938,8,4,0,1,0.01,284.5,26,58,57.68,38,FALSE,0,0,0,0,0
5be808818b9ead52793c047fb345c6160312865a,1246466621,2,2,2,0.906557,15,0,0,1,0.04,277,25.5,57,56.68,37,FALSE,0,0,0,0,0
a2d82304dc9fe05fabd207e09a14c3613873415c,1246465834,1,1,1,0,9,0,0,1,0,411,46,56,55.68,47,FALSE,0,0,0,0,0
69bfe803d6fecff6b30e25264721597e13a41605,1246465687,1,1,1,0,5,5,0,1,0,411,45,55,54.68,46,FALSE,0,0,0,0,0
5bc8a3cd0a2191d2e5cb06e3f5d50264c9e64891,1246465665,1,1,1,0,23,4,0,1,0,392,44,54,53.68,45,FALSE,0,0,0,0,0
75d0abd7dd1f81515a003b4ea1a43d685af651d0,1246465382,1,1,0,0,0,0,0,0,0,0,0,53,52.69,5,FALSE,0,0,0,0,0
dcd640d2b9de2d0244d7efe24c126ee58a384128,1246465326,1,1,1,0,4,4,0,1,0,392,43,52,51.69,44,FALSE,0,0,0,0,0
5b38d16d80c02e4bff80ba4684d95dcd67c66758,1246465191,1,1,1,0,7,7,0,1,0,392,42,51,50.69,43,FALSE,0,0,0,0,0
e5acdb36715f3c2c393507abbb28b9c192c980aa,1246464826,2,2,2,0.405639,28,4,0,1,0.38,231.5,21.5,50,49.69,33.5,TRUE,0,0,0,0,0
64260a8374fa63c4848558dca56db673fc854ea1,1246464178,1,1,1,0,19,2,0,1,0.01,375,40,49,48.69,41,TRUE,0,0,0,0,0
6e40c71b63b420b82077c1c7bcdee28eab1aeacc,1246463103,1,1,1,0,4,3,0,1,0.01,374,39,48,47.69,40,FALSE,0,0,0,0,0
04180120d93b8068cadddd512d53d41320478ff6,1246462384,1,1,1,0,5,0,0,1,0,369,38,47,46.69,39,TRUE,0,0,0,0,0
3cf23e5c328d2edaa5014adcac7d9a6d608b1f5c,1246461983,1,1,1,0,11,0,0,1,0.01,358,37,46,45.69,38,TRUE,0,0,0,0,0
3830d7eb31457f49491b7324f81150ffb3f04f42,1246461147,2,2,1,0,14,3,0,1,0.01,347,36,45,44.69,20.5,TRUE,0,0,0,0,0
c9eb31f7b9ed36a92a4bad9622bd24ebc6e7facc,1246460636,1,1,1,0,7,1,0,1,0.02,341,35,44,43.69,36,TRUE,0,0,0,0,0
a989232eb1ad54586c5b08d8be50cedf523aa794,1246460343,1,1,1,0,5,11,1,1,0.02,140,17,43,42.69,24,FALSE,0,0,0,0,0
61d0aa185ad2fec286c3b01e4e2952c6bc8638e9,1246458700,2,2,2,0.831221,50,23,1,1,0.3,227,18.5,42,41.69,29,FALSE,0,0,0,0,1
2a7cdd43dc8d9dfd7a602d06e1d08ebe785b868b,1246457731,1,1,1,0,6,6,0,1,0.58,355,33,41,40.7,34,TRUE,0,0,0,0,0
2eb299bed736d5686787045c3421fb43720c2151,1246407650,2,2,2,0.423935,16,11,0,1,0.02,224.5,17.5,40,39.76,27.5,TRUE,0,0,0,0,0
e7f11d597fd667ccb1e4f00548845b5b3a9ce3a8,1246406148,2,2,2,0.847128,21,6,0,1,0.01,217,17,39,38.76,26.5,TRUE,0,0,0,0,0
7be9f442d2349e877139da52644d8b5c9a6c7a04,1246405158,2,2,2,0.377073,17,0,0,1,0.04,208.5,16.5,38,37.76,25.5,TRUE,0,0,0,0,0
de054f81874a293d13559675441789c37d533daa,1246405014,1,1,1,0,0,22,0,1,0.01,357,29,37,36.76,30,FALSE,0,0,0,0,0
28d5505a617c93cf82404a128ac3907e2d0c4df2,1246404504,1,1,1,0,1,1,0,1,0.02,357,28,36,35.76,29,FALSE,0,0,0,0,0
da5960af3cad1714c026924afbd65d6baf3b5c75,1246402381,1,1,1,0,1,11,0,1,0.02,367,27,35,34.77,28,FALSE,0,0,0,0,0
ebac0eba4ba749aca589bf6fca983e077343c183,1246402126,1,1,1,0,0,0,0,0,0,0,0,34,33.77,19,FALSE,0,0,0,0,0
cb764b7c6e9517f95ce8c175878920b403f44e38,1246400841,1,1,1,0,6,0,0,1,0,361,26,33,32.77,27,FALSE,0,0,0,0,0
d3023dafcfa4a9e51199a828e1c6aa7ff1507f84,1246400668,1,1,0,0,0,0,0,0,0,0,0,32,31.77,3,FALSE,0,0,0,0,0
41c4d9df7e4f8096167ca7c7bf10f6fa25938cc2,1246400433,1,1,1,0,12,12,0,1,0,361,25,31,30.77,26,FALSE,0,0,0,0,0
6fbb1f7510a323c0ac2ba3a501fe1756c7af3119,1246400349,2,2,2,0.210758,4,3,1,1,0.01,215.5,13,30,29.77,21.5,FALSE,0,0,0,0,0
2cb739da2099eb4973f1a27f0a7b41d4994ef7f6,1246399782,2,2,2,0.707544,13,5,1,1,0.01,211.5,12.5,29,28.77,20.5,FALSE,0,0,0,0,2
6ad859554f062adf24634fdde7cd47ec7adff902,1246399073,1,1,1,0,22,2,0,1,0.01,340,22,28,27.77,23,TRUE,0,0,0,0,0
8efe00bdd401efb9ab7db637a2f123d1b922e0c0,1246398351,1,1,1,0,2,2,0,1,0,63,6,27,26.77,16,FALSE,0,0,0,0,0
ce22cb78af92d95a06e534e3fd0533f29298f1d6,1246398220,1,1,1,0,29,1,0,1,0,312,21,26,25.77,22,FALSE,0,0,0,0,0
9bc091d339332a39d7a9236295ea4787b436ea66,1246397942,2,2,2,0.57938,6,3,1,1,0,186,10.5,25,24.77,18,FALSE,0,0,0,0,0
46a0892e67e58c73728d2a7f386d10e430336e6b,1246397786,2,2,3,0.590436,14,6,0,1,0.01,148.67,7.33,24,23.77,17,TRUE,0,0,0,0,0
24bca5d37074cc81eed6de1e897623db183a779f,1246397322,2,2,3,0.754542,24,1,0,1,0.01,141,7,23,22.77,16,FALSE,0,0,0,0,0
9128dc18d5a8356c67a8b136e426811664508630,1246396763,1,1,2,0.87387,11,11,0,1,1.96,63,6,22,21.77,12,FALSE,0,0,0,0,0
778c103fb0c654b93761e86bc6ad19e734daa69a,1246395320,2,2,3,0.149972,41,5,0,1,3.98,104.67,6,21,20.77,14.5,FALSE,0,0,0,0,0
4a0706f6fbcb2d448bc89541d450a93267f39bae,1246060177,2,2,2,0.775805,24,0,0,1,0.02,178.5,9,20,19.99,13.5,FALSE,0,0,0,0,0
416e2eef844556c90e2bee5fe8093b9f92d7824f,1246058375,1,1,1,0,1,8,0,1,0.01,292,15,19,18.99,16,FALSE,0,0,0,0,0
e4350c6a408d002bcd75f81a6921ca861222158b,1246057939,2,2,2,0.450982,22,0,0,1,0.01,171,8,18,17.99,12,FALSE,0,0,0,0,0
744bfa86a835944443a2c9e8b6a69e3100c19e7a,1246057411,1,1,1,0,61,0,0,1,0.01,215,13,17,17,14,FALSE,0,0,0,0,0
636d261fab93583fb3e2936ab8f1dcc604477a29,1246056961,1,1,1,0,168,0,0,0,0,0,0,16,16,13,FALSE,0,0,3,0,0
bddf02f3c2239887584e31528cd96f0567bdcc24,1246056468,1,1,1,0,2,0,0,1,0,213,12,15,15,12,TRUE,0,0,0,0,1
62296c0104ed93e2631216c1879ab80be1fae2d2,1246056375,2,2,2,0.47756,14,0,0,1,0.08,132.5,6.5,14,14,9.5,FALSE,0,0,0,0,0
0736ed6318de8e0f2e89254b698a50664a044298,1246051416,1,1,1,0,6,2,0,1,0.01,205,10,13,13,10,FALSE,0,0,0,0,0
fac66a908271f81a9e97d37089fa04eb03def760,1246050495,1,1,1,0,5,4,0,1,0.01,204,9,12,12,9,FALSE,0,0,0,0,0
4b36c4f590025d34447ee9d25336d78b11ad0e0d,1246050089,1,1,0,0,0,0,0,0,0,0,0,11,11,2,FALSE,0,0,0,0,0
c32879553b6e38bdffb3b25f7a9c69cad1d36318,1246049850,1,1,1,0,13,2,0,1,0.01,193,8,10,10,8,FALSE,0,0,0,0,0
462920f07e13d37f9d246a8c7158dd9a618f880f,1246049350,1,1,1,0,33,5,0,1,0.01,165,7,9,9,7,TRUE,0,0,0,0,0
a091bdda5d20d29bbbe9ab2299f51c79ec870cc3,1246048078,2,2,2,0.215766,47,1,0,1,0.01,87.5,4,8,8,6.5,TRUE,0,0,0,0,0
bdf2c8f6c81860ef0ccb2ebe6fe07488c0f6decf,1246047337,2,2,5,0.351574,19,3,0,1,0.03,32.6,1.2,7,7,5.5,FALSE,0,0,0,0,0
3dfe6c06d6439edd0dbcdd8583f31819f26b295c,1246046588,2,2,2,0.44391,25,1,0,1,0.01,72,3,6,6,4.5,FALSE,0,0,0,0,0
aa01cc2bd81f8e481025a024e27387489deecddf,1246045799,2,2,2,0.603762,59,2,0,1,0.01,43.5,2.5,5,5,3.5,TRUE,0,0,0,0,0
3b3be54142d41f7edc339e3446791d561c550ff5,1246044686,3,3,2,0.546218,22,0,0,1,0.01,32.5,2,4,4,2,FALSE,0,0,0,0,0
afde985f2702db5583d7632ee0326b8da6d451ff,1246044054,1,1,1,0,6,0,0,1,0.02,8,2,3,3,2,FALSE,0,0,0,0,0
1633662c9b7ed1c505805eed9cf336562d007a0e,1246043871,1,1,1,0,49,11,0,1,0.01,13,1,2,2,1,TRUE,0,0,0,0,0
0d81d0bc882fdeedc2373e6100862b64dd76883b,1246042748,1,1,4,0.472903,8,2,0,1,0,11.5,0.25,1,1,1,FALSE,0,0,0,0,0
9998490f93d3ad3d56c00d23c0aa13fac41c3f6b,1246042578,3,3,5,0.551244,59,0,0,0,0,0,0,0,0,0,FALSE,0,0,0,0,0