commit_id,time_stamp,ns,nd,nf,entropy,la,ld,is_fix,ndev,age,lt,nuc,exp,rexp,sexp,contains_bug,htmlcss,strict,bdom,so,tc
2a9c953948a7470eb2f57ea8d7a54780bd7d5529,1557839024,1,1,0,0,0,0,0,0,0,0,0,0,0,0,FALSE,0,0,0,0,0
e42cd97dae460a7c306d0d214b0783c7eccae144,1557435253,1,1,1,0,3,2,1,116,21.03,17088,3340,0,0,0,FALSE,0,0,0,0,0
8fdf0ed9faf81c2342fd3d888d653c637c062c30,1556467244,1,1,1,0,1,1,0,2,758.97,42,11,0,0,0,FALSE,0,0,0,0,0
343456d69697dd8ac73a680707a3290faea9ae12,1555617858,2,2,2,0.0364917,69,1,0,121,27.67,21979,2236.5,0,0,0,FALSE,0,0,0,0,0
6b1d83c968b769206302c440ba0cc894cbd5209d,1555304723,1,1,1,0,1,1,1,2,786.28,32,7,7057,1389.69,4775,FALSE,0,0,0,0,0
c68170b336acc2892093994cc4d508c2ccb7a3b5,1555259162,1,1,1,0,1,0,1,3,129.64,31,10,2,1.84,2,FALSE,0,0,0,0,0
0b8592a35c4cb0ab3a7b825d1d9b37dfa1eade43,1553226893,2,2,2,0.133748,12,9,0,120,7.92,21977.5,2236,0,0,0,FALSE,0,0,0,0,2
750067f42d3aa5f927604ece2c6df0ff2b2e9d72,1552892644,1,1,2,0.251463,4,2,0,1,770.97,30.5,3.5,0,0,0,FALSE,0,0,0,0,0
7084300d3420d2b3c45fa1e9c19dedcd2ba4b97c,1552542448,2,2,2,0.405639,5,19,0,119,112.13,21984.5,2235.5,1,0.99,0.5,FALSE,0,0,0,0,0
c541e4ccdc22413eed96572acdce3b0b5fe0cb61,1552365825,1,1,2,1,2,2,1,1,707.46,40,5.5,0,0,0,FALSE,0,0,0,0,0
e7221b96ec2073e578e948966f0fce8815815c36,1550676982,1,1,0,0,0,0,0,0,0,0,0,0,0,0,FALSE,0,0,0,0,0
d5ef31929a1262abbc75b8dadc0b6ae6e9558b5f,1549991492,2,2,309,0.681097,22289,0,0,0,0,0,0,50,9.17,18,FALSE,0,3,12,90,111
7606ea3e25969076e77e237effda84f78ae533ca,1549991303,1,1,0,0,0,0,0,0,0,0,0,7056,1441.45,4774,FALSE,0,0,0,0,0
fe7da419562108b1da4226cf9107f63d697996b1,1549954211,1,1,1,0,2,1,0,6,406.53,212,16,2,1.85,1,FALSE,0,0,0,1,2
a1157419767cf199d0b7a426d315d0854ae67a16,1549954142,1,1,1,0,1,0,0,112,82.6,17101,3336,1,1,1,FALSE,0,0,0,0,0
15b156512faa986b1787d5371af4a1ddbb28f57e,1549954142,1,1,1,0,1,0,0,112,82.6,17101,3336,0,0,0,FALSE,0,0,0,0,0
3ae8f23bff9c5de1d903409630b0eedb8cb6b59a,1548626381,1,1,1,0,1,1,0,1,52.87,32,1,0,0,0,FALSE,0,0,0,0,0
9ac205216ec7e097095856b971dea625f4da2fe6,1548087337,1,1,0,0,0,0,0,0,0,0,0,7055,1460.45,4773,FALSE,0,0,0,0,0
0d639cff18baa1bfa705dd153ce4a2e9db6e42c5,1548087287,1,1,0,0,0,0,0,0,0,0,0,7054,1459.45,4772,FALSE,0,0,0,0,0
6352e48c332ba465a8e557b925eb598dfab468fb,1548087244,1,1,0,0,0,0,0,0,0,0,0,7053,1458.45,4771,FALSE,0,0,0,0,0
6248f8a65861b506f2c106defe28619be5f45723,1548021430,1,1,6,1,6,6,0,6,228.86,26.33,3.33,0,0,0,FALSE,0,0,0,0,0
f4ca396a796435422bd4fd41fadbd225edddf175,1547625446,1,1,1,0,1,1,0,4,424.7,35,9,1,0.99,0,FALSE,0,0,0,2,4
afab656cfea0fab7899847e5b087532cc1ba6cb3,1547192715,1,1,1,0,3,3,0,2,374.57,70,8,0,0,0,FALSE,0,0,0,1,2
a7e0428889f7c26fba5c6e7127cbb36a99e0eb44,1545841018,1,1,0,0,0,0,0,0,0,0,0,7052,1481.66,10,FALSE,0,0,0,0,0
238e763aa1973c53a6222989d8fc45bb8502b688,1544545595,2,2,4,0.939634,4,9,0,5,394.14,28.25,5.25,16,15.67,9.5,FALSE,0,0,0,0,0
aa1d7d870d9cf84842ee23ff485fd24abf0ed3d1,1544543603,2,2,15,0.656854,32,83,0,7,299.97,32.6,2.33,15,14.67,8.5,FALSE,0,0,0,2,4
c77650a17b320778cc6408a14792d2fa7b74e132,1544491793,1,1,1,0,2,24,0,2,0.04,39,8,14,13.7,10,FALSE,0,0,0,0,0
6cb1f71adf4f7dec8a51befbd83500bbcaea6bd5,1544488100,2,2,7,0.849869,8,11,0,2,638.88,45.71,3,13,12.7,7,FALSE,0,0,0,0,1
4c55ea7068124f72403352962a6f1aac70245c2e,1544488048,2,2,5,0.935133,11,11,0,4,513.64,35.6,4.2,12,11.7,6,FALSE,0,0,0,0,4
7f2ee90c9f025da5e3cdd18ef6b99a4da768433e,1544058746,1,1,1,0,7,4,1,2,624.82,26,12,11,10.86,7,FALSE,0,0,0,0,0
2130eacf4137041d2b041851f979949d689fcd18,1544058670,1,1,1,0,3,4,1,6,204.68,241,22,10,9.86,6,FALSE,0,0,0,0,0
daf1f1b10b0b40032ec053891eea12863a1540d3,1544058643,1,1,1,0,11,2,1,2,668.72,22,9,9,8.86,3,FALSE,0,0,0,0,0
c33df3147f0741cfb9ddc30e9f3b5601ffc6ecbd,1544058609,1,1,1,0,32,0,1,0,0,0,0,8,7.86,2,FALSE,0,0,0,0,0
bda6f2795f07d53c8a4788f23bbdd2357b1dc2b6,1543983982,1,1,0,0,0,0,0,0,0,0,0,7051,1501.33,176,FALSE,0,0,0,0,0
151e3162639edb6e33162b7e24b28cdf7d8f8bdc,1543983048,1,1,2,0.47756,2,5,0,2,619.53,23,6.5,7,6.87,5,FALSE,0,0,0,0,0
8eccdd098aebbbec401f0a9763074e9f26e6c721,1543982994,1,1,2,0.851622,65,0,1,0,0,0,0,6,5.87,4,FALSE,0,0,0,0,2
508d46a7a4e448ed576cc268556d6bd10b1b994f,1543684170,1,1,1,0,2,4,0,1,664.39,66,10,5,4.93,1,FALSE,0,0,0,0,0
3b199c30e037fba857c6ca5cfac824bfc48e8de9,1543594198,1,1,2,0.734496,2,3,0,1,663.35,107,4.5,4,3.94,3,FALSE,0,0,0,0,0
377e2d87c88893a8a1e4e3cd04da5a8893ea7a7b,1543417941,1,1,1,0,1,1,1,2,597.3,25,12,0,0,0,FALSE,0,0,0,0,0
c3740e08477fc67cac9f113adf84b2d77492fddc,1543159483,1,1,1,0,1,1,0,1,658.32,21,6,3,3,2,FALSE,0,0,0,0,0
78854835aaa6c2126ab0269cf517d596319d821a,1543158063,1,1,1,0,1,2,0,2,0.47,44,11,2,2,1,FALSE,0,0,0,0,0
4cae8fb22ff9bbe9bf08f13e727f2ee76051b268,1543117127,1,1,1,0,0,2,0,1,594.91,46,10,1,1,0,FALSE,0,0,0,0,0
3b96b919910889d2493e233fa49b4b89f195a6fb,1543108256,1,1,1,0,2,2,0,2,594.81,30,11,0,0,0,FALSE,0,0,0,0,0
1cb18dfada50388b142cea0b17645d70782b2736,1542817380,1,1,1,0,1,1,0,112,64.45,17101,3335,7050,1513.62,4770,FALSE,0,0,0,0,0
136d5253e724838ca701fb54db09f18b618c127e,1542512015,1,1,2,0.57938,2,4,0,1,641.34,26,5,1,0.99,1,FALSE,0,0,0,0,0
580cd4cd1b2efab5b3ba22c1478a543196cb7c2a,1542293163,1,1,0,0,0,0,0,0,0,0,0,7049,1518.67,4769,FALSE,0,0,0,0,0
f822dd8d70e1f882aa15837ea76512a8b8cd29e7,1542293028,1,1,0,0,0,0,0,0,0,0,0,1,0.95,1,FALSE,0,0,0,0,0
1e939919c0bc6c368ee06c330e9e3900b65a782f,1542093248,1,1,1,0,2,3,0,1,608.03,20,5,0,0,0,FALSE,0,0,0,0,0
c4075c18cb94a8e350539a96e69004fd29ef909a,1540809105,1,1,0,0,0,0,0,0,0,0,0,72,28.99,54,FALSE,0,0,0,0,0
d9c508272702678a72e3257b49762d5aa4d4a63e,1540738614,1,1,1,0,1,1,0,1,630.3,24,6,0,0,0,FALSE,0,0,0,0,0
6bdb8a2f75fa61473f2a93e4d65d0a0ccdea0c86,1539127708,1,1,1,0,1,1,0,3,572.07,29,9,0,0,0,FALSE,0,0,0,0,0
715aae679d71475d82e0153bd6a14083abe9fc19,1539010713,1,1,1,0,3,0,0,2,547.39,29,10,0,0,0,FALSE,0,0,0,0,0
39a7eae40d7b97921bca466ccb65969f0cc49332,1537249079,1,1,1,0,1,1,0,112,0,17101,3334,7048,1578.71,4768,FALSE,0,0,0,0,0
e0cbb4c8e6f58122d1afaf69f93e0d85bc5fea64,1537248694,1,1,1,0,1,7,0,112,6.05,17107,3333,7047,1577.72,4767,FALSE,0,0,0,0,0
349273409fa90aba324ec5f9360e582aa0aa2891,1536730927,1,1,4,0.592906,8,6,0,1,335.83,191.5,12.75,7046,1583.28,4766,FALSE,0,0,0,0,0
db0dbd39a78b2b6fbfc091afaf9f55a7f2900232,1536730185,1,1,4,0.256501,26,25,0,1,335.82,4303,14.25,7045,1582.29,4765,FALSE,0,0,0,0,0
3e273e915d1c4176a987fa6ad65e849f59d60453,1536729131,2,2,9,0.18917,167,177,0,1,290.78,2465.56,5.44,7044,1581.3,2449,FALSE,0,0,0,348,204
0843bd46ef805dd03c0c8d804630804f3ba0ca3c,1536726166,1,1,0,0,0,0,0,0,0,0,0,7043,1580.34,4763,FALSE,0,0,0,0,0
3ac4b261e4a920a07673d49edfb84bd317f449f7,1536726130,4,4,9,0.185785,173,196,0,114,138.56,4477.56,391.78,7042,1579.34,1485.75,FALSE,0,0,0,352,204
6018350ac10d5ce6a5b7db625140b82aeab804df,1535925630,2,2,5,1,15,5,0,3,439.21,43.4,2.8,0,0,0,FALSE,0,0,0,0,0
eaa9f36e912a97bfc95f6bdd28ea07e0a62b82e9,1535757761,1,1,0,0,0,0,0,0,0,0,0,7041,1590.63,4761,FALSE,0,0,0,0,0
552f94a7db34a8036689d6aae6c67c789e4e79a6,1535754906,1,1,1,0,2,2,0,6,0.65,2322,127,7040,1589.67,2571,FALSE,0,0,0,0,0
d8ddc1a15f8ac3f9ac952818cc7f7b3d049b41ef,1535754880,1,1,1,0,21,3,0,54,0.69,26849,2059,7039,1588.67,2570,FALSE,0,0,0,0,0
e5f9af54189ce714f5e53084337f54e2fea1de8d,1535754137,1,1,1,0,2,9,0,112,72.08,17114,3331,7038,1587.68,4760,FALSE,0,0,0,1,0
2de676fe76bc68fb279ac84c1c87d59511ced8cc,1535698651,2,2,3,0.540832,25,40,0,14,433.62,1088.33,75.33,7037,1587.39,1350.5,FALSE,0,0,0,0,2
278c6dd33dfc7040b37c7148a645416f7c97e9ea,1535695091,2,2,1,0,12,10,0,54,71.4,26847,2058,7036,1586.43,3663.5,FALSE,0,0,0,0,0
6e62e1e8df7b907beaa37a3182752d310314589f,1535693635,1,1,1,0,12,12,0,53,2.27,26829,2056,7035,1585.45,2567,FALSE,0,0,0,0,0
90e6199a161b6445b01454517b40ef65ebecd2ad,1535691975,2,2,2,0.365347,34,14,0,116,168.65,21953.5,2229.5,7034,1584.47,3662,FALSE,0,0,0,1,0
5c08f18d365b64063bfbfa686cbb97cdd6267347,1535497628,2,2,2,0.15876,17,1,1,116,-2.25,21963.5,2230,0,0,0,FALSE,0,0,0,0,0
48511837573d99138fc43b7e9f04eea7b01839fe,1531241239,1,1,1,0,3,1,0,1,449.84,32,3,0,0,0,FALSE,0,0,0,0,0
ab960bdc964fa1b1c46630f6d6681e55f6af862c,1530229539,1,1,1,0,1,1,0,1,508.66,44,6,0,0,0,FALSE,0,0,0,0,0
79b9d20a912118bf06acd093071902ed972daf4e,1529526245,2,2,2,0.097504,23,5,1,117,-70.25,21971.5,2231,0,0,0,FALSE,0,0,0,0,1
4ea8c2ec249be046a0f4ae32539d652194caf74f,1529058007,1,1,1,0,1,1,0,1,447.79,22,7,7033,1672.24,4757,FALSE,0,0,0,0,0
4ba0f8b6124062836af257dae8d208976b0e05b7,1529057716,1,1,8,0.571325,0,572,0,3,467.87,71.5,3.25,7032,1671.24,4756,FALSE,0,0,0,1,0
51c562256bc2a021eee05699444ce5a4db2df698,1528814166,1,1,1,0,6,0,0,3,28.24,41,11,0,0,0,FALSE,0,0,0,0,0
b8dfb7cc1470c5135b577b1c18195c9b4f710798,1527860014,1,1,1,0,4,4,0,1,423.83,25,6,0,0,0,FALSE,0,0,0,0,0
92a6575137172714ddcdd1ef55102d36468d4708,1526657795,1,1,1,0,7,5,0,1,467.32,25,6,7031,1705.12,98,FALSE,0,0,0,3,0
aff1928482b7bfd6f37d6bb07ff2ca34a10c1d5c,1526374387,2,2,2,1,6,6,0,5,52.1,39,6.5,71,34.85,41,FALSE,0,0,0,4,2
0d361bc7b65cb3aa2bdf529ca64f8dd5c9836c20,1526374243,2,2,2,1,2,2,0,7,58.53,140.5,13.5,70,33.85,40,FALSE,0,0,0,0,0
1859802d050db2b1d620a1133aa46183d6f2b3e7,1526374055,1,1,1,0,2,2,0,2,97.67,41,10,69,32.85,51,FALSE,0,0,0,0,0
50860fded29c0e1a269e042817358b70d94dcaa8,1526228372,1,1,1,0,4,0,0,5,219.98,237,20,0,0,0,FALSE,0,0,0,0,0
79dc90dfcb743b57d348a0ac134ff9694ae937e7,1525202570,2,2,2,0.821958,16,7,0,2,436.42,43.5,5.5,0,0,0,FALSE,0,0,0,2,2
04a66a01e249444d435ab0edfdff53224f9bd424,1525202518,1,1,1,0,8,2,0,2,432.91,35,11,7030,1726.06,4755,FALSE,0,0,0,0,0
cc483eda915433bbdbf1834dd1b315806cc82e1e,1524609301,1,1,1,0,1,1,0,1,0.21,642,43,7029,1734.18,4754,FALSE,0,0,0,0,0
bbcefc544727d3ab3d15f4a3bb8e5362a909c88d,1524609039,1,1,1,0,1,1,0,1,0.2,17089,56,7028,1733.19,4753,FALSE,0,0,0,0,0
67389a8c78975d97505fa15aa79bec6397749807,1524608853,1,1,0,0,0,0,0,0,0,0,0,7027,1732.19,4752,FALSE,0,0,0,0,0
a65fd336038da55fbda8605808f96178497ccfd5,1524608803,3,3,5,1,5,5,0,110,0.22,7646,693.8,7026,1731.19,1932.33,FALSE,0,0,0,3,0
fe14140c6904571ea1ea8a16a36f3657785b7405,1524593159,1,1,0,0,0,0,0,0,0,0,0,7025,1730.43,4750,FALSE,0,0,0,0,0
c4b20a6ea7f5722ed04d2c1fe9744ebd10ebd864,1524592991,1,1,4,0.0627831,73,73,0,1,60.39,5281.25,10.25,7024,1729.43,4749,FALSE,0,0,0,199,110
72ef3680a186f95102de7fe696501795df71fa57,1524591711,1,1,2,0.847128,17,1,0,1,303.48,8559.5,20,7023,1728.45,4748,FALSE,0,0,0,0,0
f73db1f02c30ea0386e198ef4ec47d368d6f2cec,1524591458,1,1,2,0.310917,9,1,0,1,277.21,332,21,7022,1727.46,4747,FALSE,0,0,0,0,0
cf8bb34a76aa0599d01117b0c5a0ec92fc179a38,1524591343,1,1,2,0.847128,17,1,0,1,303.48,8552,27.5,7021,1726.46,4746,FALSE,0,0,0,0,0
b00210043360e4a22623d30f859f7f1c06b000ac,1524590014,1,1,0,0,0,0,0,0,0,0,0,7020,1725.48,4745,FALSE,0,0,0,0,0
4680cdacc087de9c07c681711fc4b4ac73fa181b,1524589726,3,3,5,0.102467,81,73,0,110,64.41,7644.4,693.6,7019,1724.48,1929.33,FALSE,0,0,0,199,106
852988e04ac438da47edb7f96bf66ccc24a63023,1524589234,1,1,1,0,8,0,0,110,80.51,17097,3325,7018,1723.49,4743,FALSE,0,0,0,0,0
a9d3ca8737a7bba593546278e25d042ca7c3091e,1524540792,1,1,0,0,0,0,0,0,0,0,0,0,0,0,FALSE,0,0,0,0,0
224a256f699a52e7a032d2c6d1059dfb98135878,1523997290,1,1,1,0,2,2,0,2,436.53,24,9,0,0,0,FALSE,0,0,0,0,0
da0fad328a98cbd2e3ffe8994ceef7edcd48cecb,1523022726,1,1,1,0,3,3,1,2,97.89,64,8,0,0,0,FALSE,0,0,0,0,0
546e924be340b1c92df4c6086c889771d0b32251,1522174776,1,1,1,0,1,1,0,1,19.8,642,41,7017,1759.84,4742,FALSE,0,0,0,0,0
363fef0efcf3270ab254fddd0deff12579ce7a26,1521815496,2,2,7,0.833333,21,15,0,3,274.4,26.71,2.14,0,0,0,FALSE,0,0,0,6,4
6e4cdc0c5e8f78c799c9862d68e39a9d91c1f427,1521733098,1,1,0,0,0,0,1,0,0,0,0,0,0,0,FALSE,0,0,0,0,0
f73b35bb497dd8948dcfa97a6924bf5ee860d467,1520525112,1,1,1,0,32,0,0,0,0,0,0,0,0,0,FALSE,0,0,0,0,0
b5a07bdc4bc993233829be00c8b61a26d9b8600f,1520464399,1,1,1,0,1,1,0,1,0.08,642,40,7016,1786.39,4741,FALSE,0,0,0,0,0
ae7044c0d3ee3d40b79f6afa90b93175ea988fb5,1520457852,1,1,1,0,1,1,0,1,32.68,642,39,7015,1785.49,4740,FALSE,0,0,0,0,0
c1f805f4972843b675056b2786f1165f7db81737,1519028761,1,1,5,1,10,5,0,2,301.13,24.2,3,0,0,0,FALSE,0,0,0,5,5
678eb000b7b57a8db4d9ac356417d0b13afc1ef5,1518893252,1,1,1,0,3,0,0,1,306.91,66,10,0,0,0,FALSE,0,0,0,0,0
7f24cab7ddb7715ffa4fe16ab8d7b5aa2ec8356e,1518543548,1,1,1,0,11,3,0,3,237.82,25,9,0,0,0,FALSE,0,0,0,1,0
54f05aa5cb58d90d7d5d97335d53f870dfea9584,1517935261,1,1,1,0,2,2,0,1,294.53,41,9,0,0,0,FALSE,0,0,0,0,0
0e314104d6f37539ed08820d8547cdd953451657,1517636339,2,2,23,0.372581,456,396,0,1,477.1,980.17,2.3,7014,1832.01,2435,FALSE,0,0,0,444,268
6339af7cb1486c16975cbfb3e9ffd9983f0e9e47,1517635019,1,1,14,0.34813,221,109,0,1,494.17,1275.29,3.86,7013,1831.04,4738,FALSE,0,0,0,4,12
edff3e8d254adcf7f74e9227ea572a6d7a2a6958,1517634667,1,1,14,0.525093,125,30,0,1,486.5,103.21,3.71,7012,1830.04,4737,FALSE,0,0,0,2,6
97e9edc53d2cc55df7adf765a003c800c54a6bda,1517633489,1,1,0,0,0,0,0,0,0,0,0,7011,1829.06,4736,FALSE,0,0,0,0,0
ce32a89e3e7940def6bfc1c1cbf2feef9759e847,1517633393,3,3,8,0.260047,349,312,0,110,356.6,4959.12,433.38,7010,1828.06,1925.67,FALSE,0,0,0,446,270
5e58cd216c567f0bccfc2058f5a5ed0d2948333e,1517632215,2,2,3,0.491133,7,7,1,116,78.86,15407.7,1519.33,7009,1827.08,3649.5,FALSE,0,0,0,0,4
5adb4ee95ca381422c8920c072836453ab0c5c94,1517622906,1,1,1,0,29,3,0,110,0.03,17071,3322,7008,1826.24,4733,FALSE,0,0,0,1,0
a73b92b58e8970031664286263a623f272886a42,1517620123,1,1,1,0,10,0,0,110,0.04,17061,3321,7007,1825.29,4732,FALSE,0,0,0,0,4
a1b53054d68c3447ded11f50e892b863b489a9bd,1517617799,1,1,0,0,0,0,0,0,0,0,0,7006,1824.33,4731,FALSE,0,0,0,0,0
dac890a21139294e67591c9a1532345f3720cc5e,1517616619,1,1,1,0,2,2,0,110,0,17061,3320,7005,1823.35,4730,FALSE,0,0,0,0,0
7167a78644120a72863b32a414bac84ac6cfaa61,1517616363,1,1,1,0,1,2,0,110,0.01,17062,3319,7004,1822.36,4729,FALSE,0,0,0,1,0
f83197727b77f89594b770458618a70cbc608a13,1517615661,1,1,1,0,4,2,0,110,0,17060,3318,7003,1821.37,4728,FALSE,0,0,0,0,0
20c5307542cd255d5b1f96e35f4c2da264a7da3c,1517615474,1,1,1,0,2,2,0,110,0,17060,3317,7002,1820.37,4727,FALSE,0,0,0,0,0
45ac7f3bccb9d9d1374c59a22bbb5d4b17bebb28,1517615402,1,1,1,0,6,3,0,110,0,17057,3316,7001,1819.37,4726,TRUE,0,0,0,0,2
7cb477a3a055c9ba35fa9a7e0f6366fe4f614b3c,1517615259,1,1,1,0,1,1,0,110,0,17057,3315,7000,1818.38,4725,FALSE,0,0,0,0,0
b8c719d3be6a40eb5c860cad7021fed4464e7a86,1517615145,1,1,1,0,21,62,1,110,2.68,17098,3314,6999,1817.38,4724,TRUE,0,0,0,0,0
d8e069cc3410082e44eb18fcf8e7f3d08ebe1d4a,1517383272,2,2,2,0.805983,32,3,0,116,396.21,21935.5,2222,6998,1820.3,3643.5,TRUE,0,0,0,0,0
47a6d538f5759fc5788f1bbb147caa7fde6b0a92,1516951074,1,1,1,0,5,8,0,2,0,48,6,6997,1826.64,97,FALSE,0,0,0,0,2
803c05dc68a00b834f33cbe3dbc4ddd78b603c62,1516950954,1,1,1,0,9,2,0,1,354.98,41,5,0,0,0,FALSE,0,0,0,0,1
77c128fc20cb7a373421e176bc2b64776b15714f,1516406702,1,1,1,0,4,2,0,2,311.84,38,11,0,0,0,FALSE,0,0,0,0,0
75690245aae87f85afe8f5309230f2029e757f93,1515949590,1,1,1,0,2,0,0,1,343.39,38,7,6996,1842.89,4722,FALSE,0,0,0,0,0
e9562a6ce33bcbae23c9bba759fdda560cd19a7f,1515521324,1,1,1,0,1,1,0,1,338.43,40,7,6995,1849.36,4721,FALSE,0,0,0,0,0
d985dbffb89e5fa13505ed93449b9fec1fbf973b,1514829908,1,1,2,0.47756,50,20,0,5,211.03,126,8,0,0,0,FALSE,0,0,0,2,1
fa73d46885daa8a308d328b733143b0000db3a90,1514564888,1,1,1,0,2,2,0,2,264.45,64,7,6994,1865.26,96,FALSE,0,0,0,0,0
b2ea6b1cd251796dcb5f9700c4911a7b6223920b,1512547586,1,1,1,0,1,1,0,3,229.51,32,11,0,0,0,FALSE,0,0,0,0,0
3a330e0cb72a088db568cdbd1615840d321e57b4,1512517447,1,1,0,0,0,0,0,0,0,0,0,0,0,0,FALSE,0,0,0,0,0
462bc9bf3b0ac2738098d3045e80a2a8910203de,1511028078,1,1,0,0,0,0,0,0,0,0,0,0,0,0,FALSE,0,0,0,0,0
40e096b6d5291a025e365a0f4c010d9a0efb9a69,1510931074,1,1,1,0,1,1,1,3,8.72,35,8,0,0,0,FALSE,0,0,0,3,0
8464b184b756c8dea0d361bd2f07670617118c47,1510328727,1,1,2,1,0,6,0,3,131.86,40,7,3,2.89,3,FALSE,0,0,0,0,0
c3b3c71b0a6532e61c30ff5fdc3d7106d67e24e4,1510177541,1,1,1,0,1,1,0,2,4.4,35,7,68,42.71,27,TRUE,0,0,0,2,0
76c2e0accb8a2b0fdda36eb0c986a411fadc7e7b,1510177228,1,1,1,0,1,1,1,3,14.07,28,9,67,41.71,50,FALSE,0,0,0,0,0
b36f21cbaff7c885223b44267c70e6711b754af6,1510168280,1,1,1,0,6,14,0,1,276.47,52,9,0,0,0,FALSE,0,0,0,4,2
e23c8742728455eefcc8ab1021f336e88c4f9e13,1510064898,1,1,1,0,3,1,0,2,212.37,28,12,0,0,0,FALSE,0,0,0,0,0
424d9fc34e174d497340f1f62622c1a26b1b6ee6,1509997458,1,1,1,0,1,1,1,1,237.66,47,6,2,1.92,2,FALSE,0,0,0,0,0
30d305da0fcd31f4316f5d3cae02f9c3d986626b,1509797308,1,1,1,0,13,16,0,1,272.18,38,6,1,0.99,0,FALSE,0,0,0,6,4
7c006f7445f55e137e0172c9856c29d3a79cfbc9,1509593908,1,1,1,0,1,1,1,2,269.83,35,6,0,0,0,FALSE,0,0,0,1,0
102d9e34d71838c027b5fc3d9153187f50842c95,1508961440,1,1,1,0,1,1,1,2,224.56,28,8,1,0.98,1,FALSE,0,0,0,0,0
e8c87cfc45ceb1a5b6ba578bf7c78b669042275b,1508775806,1,1,0,0,0,0,0,0,0,0,0,0,0,0,FALSE,0,0,0,0,0
bcd2c356049988f4910653fb52fb620a36541d01,1508312678,1,1,1,0,2,2,1,1,192.09,39,9,0,0,0,FALSE,0,0,0,0,0
413a38cdf2036bb2fd30f71799abde0228fc7950,1508148252,1,1,1,0,1,1,0,2,68.09,24,7,66,42.47,49,FALSE,0,0,0,0,0
bf5d0867a658c6f6288088d282d87f8b54d84c2f,1508148065,1,1,1,0,2,2,0,2,104.66,30,10,65,41.47,48,FALSE,0,0,0,0,0
00705afc19c09227561daddd6905c855649f9e6d,1507566847,1,1,0,0,0,0,0,0,0,0,0,0,0,0,FALSE,0,0,0,0,0
270ca7166ac28b044f86c139b5b0095a9f78e4cc,1507222122,1,1,1,0,1,0,0,4,21.99,236,19,0,0,0,FALSE,0,0,0,0,0
3ab99065ad86734eab51e9ea160b371a7f81dc73,1507002678,1,1,1,0,1,1,0,1,203,29,9,0,0,0,FALSE,0,0,0,0,0
1b1bb79b051e79595d0b7636969cc3d987eecacb,1506912940,1,1,1,0,3,3,0,5,4.51,188,14,6993,2012.99,4720,FALSE,0,0,0,0,0
6ad829fa90af199150b11ba1d3c944b648a39ce5,1506523426,1,1,1,0,8,0,1,4,63.69,180,13,0,0,0,FALSE,0,0,0,1,0
f5ea579db357e82d46456f3385f6830074275b21,1505322466,1,1,1,0,1,1,1,3,117.85,236,18,0,0,0,FALSE,0,0,0,0,0
8e631dfcd496bc355ee7ceeb959421b0788b9bbc,1502699269,1,1,1,0,2,2,0,3,48.08,44,14,64,45.65,26,FALSE,0,0,0,1,0
03e23ecc196d541f0ae9b4f2490a24e0161b69bb,1502265107,1,1,1,0,3,1,0,1,161.42,22,6,0,0,0,FALSE,0,0,0,0,0
a0a3a6af910e475d8dd14dabc452f957e436e28b,1502093884,1,1,1,0,1,1,1,2,155.04,38,10,6992,2120.37,4719,FALSE,0,0,0,0,0
c2616dd4f3ab267d000a2b4f564e1c76fc8b8378,1501483385,1,1,1,0,2,2,0,2,145.03,18,6,2,1.9,1,FALSE,0,0,0,0,0
76c1ed2fd4a87d049c7bd7897a76ea6dd8b5cacc,1501020375,1,1,1,0,4,2,0,3,133.76,178,12,1,0.93,0,FALSE,0,0,0,0,0
527b167bc5d7ef845fbd7ff48d75f97dcf682470,1500253859,1,1,1,0,1,1,1,1,161.72,32,7,0,0,0,FALSE,0,0,0,0,0
bcd13b270d38deb1378aadb751c4ab81e3544337,1500031515,1,1,1,0,2,2,1,2,96.24,36,14,63,47.6,47,FALSE,0,0,0,0,0
536f09b68c4aa2571b34b09100fd20540d81072c,1500030604,1,1,1,0,2,1,1,2,1.85,30,13,62,46.6,46,FALSE,0,0,0,0,0
01148a1df881b7b1f2cd92626bbdb330176ca1b1,1499870553,1,1,1,0,5,0,0,2,129.3,25,12,6991,2174.01,4718,FALSE,0,0,0,0,2
534296bba4a9bb03d9e59a5153c2bd20a7af631b,1499105751,1,1,1,0,2,6,0,1,76.59,34,9,0,0,0,FALSE,0,0,0,0,0
e908519fc321829d6e43a1a40a791ce62e2fbc8c,1498545158,1,1,1,0,2,2,0,2,119.8,44,13,0,0,0,FALSE,0,0,0,0,0
61acdd0c295e4447c9c10da04e287b1ebffe452c,1497995744,1,1,1,0,1,1,1,2,72.68,25,8,0,0,0,FALSE,0,0,0,0,0
5a3ff73997b773a28a5a160b95acfd133a8162e7,1497449864,3,3,2,0.925787,17,2,0,8,207.89,1441,74,6990,2236.31,956,TRUE,0,0,0,0,3
bacaaaef8a18cbc5264b31f63f03434ac16e3204,1496758007,1,1,1,0,5,2,0,1,121.26,22,4,6989,2254.18,95,FALSE,0,0,0,0,2
b107653a0fcd2fe07c3fb24a3a921605b715580a,1495139798,1,1,1,0,1,2,1,3,0.08,237,17,61,51.78,25,FALSE,0,0,0,0,0
8620733457416768146b6dc73343677e25176352,1495132860,1,1,1,0,2,1,1,3,0,236,16,60,50.79,24,TRUE,0,0,0,0,0
0274d3dd2d3ed42f8ae6eb764150c8c59a812d8f,1495132435,1,1,1,0,1,1,1,3,18.57,236,15,59,49.79,23,FALSE,0,0,0,0,0
f659da740d2132a0b06ac5bc84830a2b7b6870fa,1494705962,1,1,0,0,0,0,1,0,0,0,0,0,0,0,FALSE,0,0,0,0,0
0b311640082abb2350914776375a919ca544a2ab,1494356532,1,1,2,0.734496,8,22,0,2,77.66,16,5,58,49.85,22,FALSE,0,0,0,0,0
f6827f482d4b77935f526de582a6044e7d8af29e,1493829046,1,1,0,0,0,0,1,0,0,0,0,0,0,0,FALSE,0,0,0,0,0
5dce119b9fee2f4e3ad227560ddac1cafac5d041,1493527728,1,1,1,0,9,14,0,3,5.29,241,14,6988,2346.46,94,TRUE,0,0,0,0,1
67a3fb99ef173a8beda2b414effd1e3ffb2f4f01,1493070912,1,1,3,0.908502,21,52,1,2,66.61,90.67,4.67,0,0,0,FALSE,0,0,0,0,0
f03b3edca4faecf07e45a5c495eb510ff73b78dc,1493010951,2,2,11,0.887436,14,14,0,3,70.07,22.91,1.82,6987,2361.23,2405,FALSE,0,0,0,18,37
a6019d5316911dfa1ace7396b215b45bc448b667,1492977474,1,1,1,0,3,3,1,2,18.97,30,6,57,50.8,21,FALSE,0,0,0,0,0
ae4e45d8f9e8bc9cd99ef204ff34bbbeb96e908c,1492717797,2,2,6,0.950011,13,13,1,3,57.41,31,4.17,56,50.18,32.5,FALSE,0,0,0,0,0
08a3f533b7f67a0d36f31c92cba5cb1d1c579fea,1492629517,1,1,3,0.886787,4,13,0,2,49.48,62.67,5,6986,2372.03,92,FALSE,0,0,0,0,0
65b148a3b2c8a86da92f51add871b04afddaba59,1492585270,1,1,1,0,0,89,0,2,14.43,89,8,6985,2372.4,91,FALSE,0,0,0,0,0
4092747dde6447656b03fdbab28e0e935626b863,1492501490,2,2,3,1,6,6,1,2,47.09,48.67,5,55,49.49,31.5,FALSE,0,0,0,0,0
bb059c0f643435d8e465ffdefc52a638d8441a51,1492500838,2,2,14,1,28,28,1,4,37.31,41.21,2.64,54,48.49,30.5,FALSE,0,0,0,0,0
e5e8f35c066c71a04ba584f65acc017d032c0174,1492488219,2,2,11,0.63629,37,54,0,2,41.95,27.82,1.73,6984,2374.42,2403,FALSE,0,0,0,0,0
a023f9204925dbcc0c8fdc590a3d4e29da6eb906,1492376790,1,1,1,0,3,1,1,3,13.47,38,12,6983,2376.9,4715,FALSE,0,0,0,0,0
58e484f389762750a13b0d8f952eb80235a31649,1492376222,2,2,7,0.446521,19,84,0,3,44.08,39.57,3.57,6982,2375.92,2401.5,FALSE,0,0,0,2,1
aa5e1b2fe0530f7d62b5683c8e472deed9f1174c,1492374642,2,2,7,0.963084,20,10,1,3,10.53,29.57,4,6981,2374.97,2400.5,FALSE,0,0,0,0,1
e2941dda3b0a8473ad180a25aae7dd9935d543f4,1492351066,1,1,4,0.722128,7,6,1,1,0.3,29.5,3.75,6980,2374.7,4712,FALSE,0,0,0,0,0
64a99754887c0861ccd52dea2f1c326d279043a4,1492350566,2,2,4,0.866137,47,56,0,2,52.69,19.25,3.5,6979,2373.72,2399,TRUE,0,0,0,0,0
8b74809f1ce7bbe456391233e514fab088be7843,1492316597,1,1,2,0.892647,5,8,0,1,0.02,31.5,6,6978,2373.77,4710,TRUE,0,0,0,0,0
0bdc73195f772d2346847f4deaa10311906ec606,1492316569,2,2,4,0.798387,43,66,0,1,36.93,20.5,3,6977,2372.78,2397.5,TRUE,0,0,0,0,0
73ce6066f8a33d5fcfffd7c6d515c5c6c3d2405e,1492315715,1,1,3,0.75,4,4,1,1,8.27,31.67,4,6976,2371.8,4708,FALSE,0,0,0,0,0
8a51574acf56f4697755327840b5f2930b8598c4,1492315193,1,1,2,0.734496,5,5,0,1,41.86,31.5,5.5,6975,2370.82,4707,FALSE,0,0,0,0,0
e02db41f99e0204502c120666280b37dcf40d630,1492168727,1,1,0,0,0,0,0,0,0,0,0,53,47.96,42,FALSE,0,0,0,0,0
b79b715383dbfc0f1c6370e204ed772abf055a2b,1492035494,1,1,1,0,2,0,0,1,2.62,123,9,2,0.95,2,FALSE,0,0,0,0,0
aafd66da628e0cd5cc8e6828db440b0c7e0b9b60,1491811525,1,1,1,0,1,1,0,1,1.1,25,11,52,47.45,17,FALSE,0,0,0,0,0
f888dfe4f81b0685418e34b10f3732b8374749cb,1491809461,1,1,1,0,1,1,0,1,5.45,123,8,51,46.46,41,FALSE,0,0,0,0,0
b89854766a5f1996a0f4afabce93391c19ecdb0b,1491803985,1,1,1,0,0,0,0,2,5.53,27,3,6974,2385.81,4706,FALSE,0,0,0,0,0
23ae2c537d25dcdd81e39f368f105fe8639ffce4,1491803971,2,2,4,0.850865,49,56,0,1,41.2,18.25,3,6973,2384.81,2395,TRUE,0,0,0,0,0
d10b44bdef2b735865c493fbaec8687ec8998aef,1491716508,2,2,29,0.596606,90,90,0,3,29.61,51.86,1.76,6972,2386.57,2394,TRUE,0,0,0,0,0
303502efa7c63b4097e95a039e356e98b9bb2b6c,1491715389,2,2,3,0.719636,7,40,0,2,55.52,40,5,6971,2385.6,2393,FALSE,0,0,0,0,1
3390d9309b1025ccc253e01c5dcbf4f186c5b15f,1491578372,1,1,1,0,0,39,0,2,0.77,39,9,6970,2388.93,82,FALSE,0,0,0,0,1
99fb4c8ff715e620c0ebc57782881ef6c717fbd0,1491511455,1,1,1,0,3,2,1,1,35.57,38,8,50,45.86,16,FALSE,0,0,0,0,0
b506174410fa943c053eb5bdae3099df371fdb79,1491375958,2,2,3,0.909716,16,14,0,1,46.67,29.33,3.67,49,45.04,27.5,FALSE,0,0,0,0,0
2538a5657794e3327126c53e3447144e8e3705c4,1491338330,2,2,11,0.918788,14,52,0,3,36.71,51,2.55,48,44.09,26.5,TRUE,0,0,0,0,0
bbd59f800b1d47adf5f93dfb05ef745451aaaa73,1491338292,1,1,1,0,4,1,0,1,1.45,120,7,47,43.09,38,FALSE,0,0,0,0,0
7c921110678be128255c6317e4ea729f538fc0cb,1491331072,1,1,2,1,6,4,1,1,35.48,50.5,1,46,42.1,37,FALSE,0,0,0,0,0
96ebd44509b399b2f5322e40cc1c531f72c75b28,1491330933,1,1,1,0,6,0,1,1,21.62,40,7,45,41.1,36,FALSE,0,0,0,0,0
645acd4275d660380c5923200b78f8f8fdaee2b0,1491326574,1,1,1,0,1,1,1,1,1.01,27,2,44,40.11,35,FALSE,0,0,0,0,0
402ca89c50778bf8bb1ce9c6158d461a7d1ba1ba,1491326111,1,1,1,0,1,1,1,1,0.99,21,8,43,39.11,13,FALSE,0,0,0,0,0
f3957ac416476fe19ec49732978f3ac71839718c,1491240950,1,1,1,0,0,29,0,1,21.47,29,5,6969,2398.65,81,FALSE,0,0,0,2,0
3e2b0bb763f43b272d847f61c9029fbe675b4b03,1491240926,2,2,7,0.752257,18,33,0,3,32.78,41.14,3.43,6968,2397.65,2391,TRUE,0,0,0,0,0
571e752a4241028d46a2300308d203f7f52f12db,1491239660,1,1,1,0,10,10,0,1,0.51,27,1,6967,2396.69,4701,TRUE,0,0,0,0,0
ca2fd5c64aa2a3d09ba5734753332ecf7b61de2f,1491213312,1,1,2,0.805983,7,7,0,2,6.54,26,3,42,38.24,12,FALSE,0,0,0,0,0
53cac4eef41d92e0f7f4378b337e0b847ae15de9,1491213193,1,1,1,0,5,5,0,2,2.22,38,11,41,37.24,34,TRUE,0,0,0,0,0
6dc03831d864ca0b654bb18c8ab0e3ce1baa59a7,1491213023,1,1,1,0,2,0,0,1,24.54,118,6,40,36.24,33,FALSE,0,0,0,0,0
6543d3277ebcb727f61845754e1d0e717ede42b2,1491196019,2,2,4,0.931398,42,55,0,1,35.92,17.25,3,6966,2397.08,2389.5,FALSE,0,0,0,0,0
1bdda20e497b989d8c33b5fd67276516646e0b45,1491021416,1,1,1,0,11,2,0,2,54.87,29,10,6965,2401.66,4699,FALSE,0,0,0,0,0
b679e9cc22bb809f2b69593de49c855002ae597a,1490903700,1,1,3,1,3,3,0,1,16.67,34,2.33,0,0,0,FALSE,0,0,0,0,0
43a520c97136fb1cf3b98730b59935915a397299,1490892165,1,1,7,0.709026,14,14,0,3,24.55,37.43,3.57,2,1.85,2,FALSE,0,0,0,0,0
64d92ddf323107f3630695f3e02841401c7f4455,1490885054,1,1,1,0,1,1,0,2,31.15,51,13,1,0.85,1,FALSE,0,0,0,0,0
dad1fccdb44c8316a8667e8ad48976a4135d5f32,1490649501,1,1,1,0,0,36,0,1,49.57,36,7,6964,2412.63,78,FALSE,0,0,0,0,0
6d19563a9faaa4f7ce8ee58911adcf711fe177f7,1490648902,2,2,4,0.837588,19,47,0,2,37.67,31.75,2.75,6963,2411.65,2387.5,FALSE,0,0,0,0,0
8be26ac755af4307672e277447d82b53b4295d63,1490648319,1,1,2,0.956859,27,6,0,1,50.55,15.5,2.5,39,35.83,11,FALSE,0,0,0,2,0
d7bdf0ae25f9ab6ffd7b9133c3dc42a93310448c,1490588826,2,2,7,0.862586,32,39,0,3,44.3,25.86,2.71,6962,2412.6,2386.5,FALSE,0,0,0,0,0
4b80666a309a6bb16833181111536faaabe49bc3,1490368696,1,1,1,0,5,3,0,1,47.31,20,6,6961,2418.75,4696,FALSE,0,0,0,0,0
ecb3c108d1aa9c87a7f5c408dc837805882aaac5,1490336395,1,1,1,0,6,6,0,2,46.94,25,8,6960,2418.8,4695,FALSE,0,0,0,0,1
8db488b943e4e979e9e7a57c99086a7648b57d23,1490243692,1,1,3,0.619987,25,77,0,1,45.86,30.33,3.33,6959,2420.82,75,FALSE,0,0,0,2,1
a8abced07a05a89abc794f0480e9cf1883ae9e4e,1490219703,1,1,1,0,2,2,1,2,29.14,19,7,38,35.29,10,FALSE,0,0,0,0,0
f7a6cddc9e5a1b2a2447d94f311751749719170a,1490160183,1,1,4,0.443664,9,40,0,1,44.9,22.75,2.25,6958,2422.55,74,TRUE,0,0,0,0,1
f3e0cbe5bffa8baba44e607887a0cbe34475bc5e,1490074412,1,1,3,0.904422,3,7,0,2,23.54,26.33,4.67,6957,2424.36,73,FALSE,0,0,0,0,0
0acb2847bf5cfc426804ffa7c48527d58d9b5c4a,1489819863,1,1,1,0,1,2,0,1,40.96,20,5,6956,2431.73,72,FALSE,0,0,0,0,0
3c324a716d178b155372aa5fda82738d40bd48fa,1489732871,1,1,1,0,0,3,0,2,17.81,33,9,6955,2433.6,71,FALSE,0,0,0,0,0
76ab9cd539feba8ae923372c19ab27d312078ee5,1489700926,1,1,4,1,12,4,0,2,21.66,24.5,2.5,37,34.84,32,FALSE,0,0,0,0,8
929a9969874196dae5244d2bf1e699a0d7f2f767,1489642514,1,1,1,0,1,2,0,2,0,20,10,6954,2435.59,70,FALSE,0,0,0,0,0
164bc7132858a6cead35d7580c385b9dec581808,1489642455,1,1,1,0,1,2,0,2,8.36,21,9,6953,2434.59,69,FALSE,0,0,0,0,0
9d11b48ce5758df247607dc837a98cbfe449784a,1489559299,1,1,2,1,0,52,0,1,18.97,26,2.5,6952,2436.35,4694,FALSE,0,0,0,0,0
b8a3a42278f606b25c47ed6ae30e8b114a3a3ec4,1489559257,1,1,16,0.824867,9,45,0,3,20.95,48.38,1.69,6951,2435.35,4693,FALSE,0,0,0,0,0
f983ff2b7c9f0680d39c1919711ac13f3a37ba1f,1489481143,1,1,1,0,1,1,0,2,0.21,36,9,36,34.07,31,FALSE,0,0,0,0,0
351e44a1270e86a0030be50f7c5b7cd2847364f0,1489481087,1,1,1,0,1,1,1,2,0.2,37,9,35,33.07,30,FALSE,0,0,0,0,0
bb7c95947914d12af5f79e7369dd59ce29bc61a8,1489463385,2,2,33,0.666296,59,194,0,4,24.21,43.15,1.12,6950,2437.53,2380,TRUE,0,0,0,8,0
2f281c68b01f7a10c910cf4f67f55f514f7b1081,1489386294,2,2,3,0.547501,10,26,0,1,16.1,24.67,4,6949,2439.09,2379,FALSE,0,0,0,0,1
c89637e4db06592b319d3ca53c854fbfb8545349,1489385794,2,2,17,1,17,17,0,3,29.02,43.41,1.59,6948,2438.11,2378,FALSE,0,0,0,0,0
ad3236a85904ca562a281294fd62ea6e70a2dce2,1489385781,1,1,1,0,0,21,0,1,35.93,21,4,6947,2437.11,65,FALSE,0,0,0,1,0
98969648e99423e3815a70b2611b2bf1509ca768,1489345138,2,2,0,0,0,0,0,0,0,0,0,34,32.2,14.5,FALSE,0,0,0,0,0
3e03cbf2b882d9ec433e270e328887fbeef06320,1489344788,1,1,2,0.734496,5,5,0,1,1.5,30.5,4,33,31.2,9,FALSE,0,0,0,0,0
3b302b822c9e94f0444f356cc156f9c0e1667dde,1489297454,2,2,6,0.92164,45,38,0,2,34.91,33.33,1.67,6946,2439.04,2376.5,FALSE,0,0,0,10,0
fa8c607742ea670bb60477db9feb79f732595e69,1489215442,1,1,2,0.965187,37,4,0,1,33.96,14,3.5,6945,2440.77,63,FALSE,0,0,0,2,0
4c77d8807cd7f78ac63bf2097829243ccb237957,1489092647,1,1,1,0,25,25,0,1,0.92,118,5,32,30.44,28,FALSE,0,0,0,0,0
357ce4663fce4fb5baf7de23aa4e00f487fbfe5c,1489043109,1,1,1,0,0,30,0,2,15.98,30,11,6944,2445.52,4688,FALSE,0,0,0,0,0
b24750211684cf11726ce70b7e1ad95475a6d04f,1489012953,2,2,2,0.066266,39,1,0,2,14.05,49,6,31,29.51,17.5,FALSE,0,0,0,0,0
5f2a03076dd1f391f419c1f910787b92dab4a74b,1488953224,2,2,16,1,16,16,0,2,19.05,32.25,1.69,6943,2447.53,2374.5,FALSE,0,0,0,0,0
9260bd2f57d619d3d3b56f1ecd1bc82766727b3e,1488949974,2,2,4,0.711349,19,33,0,3,23.25,37.75,4.5,6942,2446.64,2373.5,TRUE,0,0,0,0,0
41a8d2272e827fd43ddf11c29489ebeb6960e1fc,1488920241,2,2,40,0.940316,47,49,0,3,22.6,36.55,1.3,30,28.6,16.5,TRUE,0,0,0,2,10
7ffe700d6627838207a3d880880ba4bd248533ce,1488870328,1,1,1,0,0,21,0,1,29.97,21,6,6941,2448.31,4685,FALSE,0,0,0,0,0
49ac4a5b5284a84cff4f3a373b1c76fc7d2b5ca8,1488794265,1,1,2,1,2,2,0,2,1.11,30.5,4.5,29,27.71,25,FALSE,0,0,0,0,2
59e45d99f255c233cd67f922544c4485db83c6a4,1488793347,1,1,1,0,1,1,1,2,1.09,36,8,28,26.71,24,FALSE,0,0,0,0,0
bda6d56c609496c750c45513bca5a05a91f78108,1488710238,2,2,14,0.759266,22,41,0,3,24.03,39.57,1.21,6940,2452.7,2372,FALSE,0,0,0,10,0
89829331f0fb5d14af74d48951afdfda6c1bef54,1488709778,1,1,1,0,0,32,0,1,28.11,32,6,6939,2451.71,59,FALSE,0,0,0,1,0
3c2795b816f404fa87b1ad4ca6218df7a0d9bad9,1488698787,1,1,8,0.642964,31,28,0,3,23.4,32,1.88,6938,2451.08,4683,TRUE,0,0,0,0,3
17f7069d0785910e5094151962b46ab22325c957,1488612744,2,2,11,0.672959,11,93,0,3,23.63,60.36,2,6937,2452.98,2370,FALSE,0,0,0,5,5
ba52c744aea55a385ea6604faf73245fa8b9bc85,1488477792,1,1,1,0,2,2,0,2,0.46,31,7,6936,2456.54,57,FALSE,0,0,0,0,0
e7bbcfa72b1160cc7f0f329737c15f8d8e82f836,1488438275,1,1,1,0,1,2,0,1,24.97,39,7,6935,2456.88,56,TRUE,0,0,0,0,0
a2fe303463a230392949f8b7708c20e8f3b78d56,1488438131,1,1,1,0,1,1,0,2,11.35,31,6,6934,2455.88,55,FALSE,0,0,0,0,0
e2096c0ef1ad674825df919d6a8e4568ce3160fb,1488375587,1,1,1,0,2,2,1,2,11.64,50,11,27,26.05,23,FALSE,0,0,0,0,0
d0f23b67ac279d493bbadb5f332abd5d6e86427e,1488317990,1,1,21,1,21,21,0,3,21.4,30.62,0.81,6933,2458.95,4681,FALSE,0,0,0,0,22
46ffbc1d9086d4f2bd1d049624b2e3a1fcbcb0cd,1488265311,1,1,2,0.674494,3,5,0,1,1,51.5,0.5,6932,2459.74,4680,TRUE,0,0,0,0,0
d8b5183b1d6133a856aebe7b0cfda70e54b7e296,1488194108,2,2,13,0.962479,16,12,0,3,15.88,37.85,2.69,26,25.19,14,TRUE,0,0,0,0,0
4c4b29cdef21d09c88ab909836efe0705c8be4bd,1488179299,1,1,2,0.958513,103,0,0,0,0,0,0,6931,2461.66,4679,TRUE,0,0,0,0,2
b6a426a10deeacbbaf067cfe45b099153127b9b7,1488179233,2,2,4,0.812415,13,57,0,2,21.97,24,2.5,6930,2460.67,2366,FALSE,0,0,0,0,6
d1d86811bc64829795c915008f9249bc9dcb7071,1488082959,1,1,1,0,1,1,0,1,1.89,37,9,6929,2462.94,4677,FALSE,0,0,0,0,0
2fd70c8ecaef7b5f545b50c881cd246e562edf0a,1488082945,1,1,1,0,1,1,0,2,9.45,49,7,6928,2461.94,4676,FALSE,0,0,0,0,0
3e80dffd481ef8f427b8dccd9e536e9abfb20682,1488059420,1,1,1,0,1,1,1,2,7.98,183,10,0,0,0,FALSE,0,0,0,0,0
7cc1328bf19c004ee8859d9deb6e9884f12a8fd5,1488008674,2,2,2,0.427141,4,19,0,1,20,23,3.5,6927,2463.47,2364,FALSE,0,0,0,0,1
ffcb38f74d6efab412d7dbad5d016366d18c2017,1488008048,2,2,4,0.881568,6,8,0,3,18.9,58.75,4,6926,2462.49,2363,FALSE,0,0,0,0,6
37f168d466f94c2ce349efe6c0cac53310f3d834,1487919755,2,2,11,0.714026,11,45,0,2,18.21,33.27,1.45,6925,2464.5,2362,FALSE,0,0,0,0,0
b9c61eea6064d1ba8b473e11510f49d310d08bd2,1487810891,2,2,2,0.974884,0,57,0,1,17.71,28.5,5,6924,2467.22,2361,FALSE,0,0,0,0,0
1e8ac50ab59a1bb1072d97d11fc271213ba8b749,1487798922,1,1,1,0,1,0,0,1,17.57,34,10,25,24.5,21,FALSE,0,0,0,0,0
56b7d339a6b29d1ee151020d670a7a6cd9d4fdb7,1487702065,1,1,5,0.51509,11,30,0,2,10.41,23.2,2.2,6923,2469.95,49,FALSE,0,0,0,0,0
0350d4904ff55cadc3234c8b4b973456934ec188,1487702041,1,1,1,0,0,23,0,1,16.45,23,7,6922,2468.95,48,FALSE,0,0,0,0,1
5baad4df101599af5b4c80df210b0581651ddedb,1487670051,1,1,2,0.57938,2,1,0,3,8.8,33.5,6.5,24,23.6,20,FALSE,0,0,0,0,0
aaef6f6737e0bf8e699af4ad4e6fed80464f1325,1487668371,1,1,2,1,16,16,0,1,7.53,122,5.5,23,22.6,5,FALSE,0,0,0,0,2
2a3296111dafecdadfe3d2b297b61208b22f3a8f,1487662126,1,1,1,0,3,2,0,2,15.99,29,10,6921,2469.32,4671,FALSE,0,0,0,0,0
3a375c0ae1013a3ac631fc95f1007e2d36523577,1487597833,1,1,1,0,11,22,1,2,2.64,256,12,22,21.65,19,FALSE,0,0,0,2,0
31500cd6e4dc368b5f88d7743d06d96795aa4546,1487538035,1,1,1,0,1,1,1,2,14.55,32,11,21,20.69,18,FALSE,0,0,0,0,0
b4e815c04b655b555e0c59bf51cef65377a1d843,1487457102,1,1,6,0.648799,12,10,0,1,13.61,51.5,1.67,20,19.75,4,FALSE,0,0,0,2,0
27644a7bd52691fc746b9d6d83326a77a198bd47,1487438013,1,1,1,0,0,30,0,2,13.39,30,8,6920,2476.03,4670,FALSE,0,0,0,0,0
e52ed26c7a26fe63324122e5191e9674d24d64d7,1487433495,1,1,1,0,1,1,1,2,13.34,32,10,19,18.76,17,FALSE,0,0,0,0,0
0369bf7afe049791e9dcc6c3cbac6ba2d3be0dad,1487432438,1,1,1,0,2,4,0,3,0.72,82,9,18,17.76,16,FALSE,0,0,0,0,0
16413cc32ad5d2e739cb02e5bf89872069b09830,1487370127,1,1,6,0.648799,11,11,0,3,8.5,105,3.5,17,16.8,15,FALSE,0,0,0,0,0
753e47de13cd76d52fa38cfe3be66103ef2d7cea,1487369006,1,1,1,0,46,3,0,1,0.03,35,1,16,15.8,14,FALSE,0,0,0,0,0
b87bd5250b5859a41854cc9fc1384594319a1738,1487366152,1,1,1,0,35,0,0,0,0,0,0,15,14.8,13,FALSE,0,0,0,0,0
a61f41a79afadeb401145e7b815eab3204e3fcb6,1487267376,1,1,1,0,2,2,0,2,11.42,81,7,14,13.84,12,FALSE,0,0,0,0,0
53dba0a2117148a32e244c8c9e11979b4c843dae,1487266138,1,1,1,0,1,1,0,1,3.41,49,6,13,12.84,11,FALSE,0,0,0,0,0
86e8437514c8d11e29ed3955b9cbb2e8e8aff545,1487230308,1,1,1,0,0,53,0,1,10.99,53,9,6919,2482.22,4669,FALSE,0,0,0,0,1
2d83592273449b893f493664a392bab7a3aa3079,1487172048,1,1,1,0,1,1,1,1,10.31,75,9,12,11.88,3,FALSE,0,0,0,0,0
2baf7a3e9eda0ed4456179ea377163585ee7ddea,1487150484,1,1,2,1,2,0,1,1,10.06,16.5,2.5,11,10.89,2,FALSE,0,0,0,0,0
677c01b7533a2dd9cd9e0e7c8fcb90b588515155,1487150216,2,2,3,1,3,6,0,1,10.06,28.33,3.67,10,9.89,5.5,FALSE,0,0,0,0,0
43bcecf52f13fc1d6a33a4b1ac3bb3b203704f78,1487036187,1,1,1,0,7,7,1,1,5.27,50,9,6918,2487.98,4668,FALSE,0,0,0,0,0
135cb0ad881eb91c9b7d7146768d173fc734ad24,1487001918,1,1,2,0.734496,3,2,1,1,8.34,32.5,5.5,9,8.94,9,FALSE,0,0,0,0,0
3411cce1d247365772f6e7d365edf474f4cb5e6a,1487001821,1,1,1,0,5,5,1,1,8.34,30,9,8,7.94,8,FALSE,0,0,0,0,0
4f3ef2e8d8ea9e91f5c6b80b65c3fd5585699af3,1487001766,1,1,1,0,1,1,1,1,6.34,33,8,7,6.94,7,FALSE,0,0,0,0,0
a8229798813a576faa803e40e7bcde7260dc5e98,1487001700,1,1,1,0,2,1,0,1,6.34,45,8,6,5.94,6,FALSE,0,0,0,2,0
e31e1306c8699f3b9496f466911052afe0be7bcd,1486971111,1,1,1,0,25,2,0,1,7.99,26,5,6917,2489.25,4667,FALSE,0,0,0,0,1
8429c1db36adf70c57a4486574ebc738b4e2a7d7,1486883461,1,1,1,0,1,2,0,2,0.48,28,7,6916,2491.32,47,FALSE,0,0,0,0,0
d0078789358fc9232c3d5914a189ef02772dc81b,1486842140,1,1,1,0,1,1,0,1,6.49,28,6,0,0,0,FALSE,0,0,0,0,0
b3810c2afa54f36f1218eb1c2000353ec3893cdf,1486751109,1,1,3,0.812319,0,63,0,1,5.44,21,2,6915,2494.97,46,FALSE,0,0,0,1,0
d931d6e8e8716d32c0aed4a202d77295f77f4cc0,1486710849,1,1,7,0.735869,15,24,0,1,4.97,25.14,1.86,6914,2495.38,4666,FALSE,0,0,0,0,16
d460c42230c4a79bca7d0bd0833a206e07d3ba2b,1486677269,2,2,5,0.913385,5,12,0,2,3.72,26.4,2.6,5,5,2.5,FALSE,0,0,0,0,0
477fdb2cf2974bb214c811a8c1efa3851b798608,1486668465,1,1,1,0,13,13,0,1,4.48,256,10,4,4,4,TRUE,0,0,0,0,0
39931f9eaa5177f6dee1c8d0a93010f3a1aced38,1486668418,1,1,1,0,3,3,0,3,0.13,41,9,3,3,3,FALSE,0,0,0,0,0
f5b2031211550ccc5f4a03d8833d4124b3ec9335,1486657271,1,1,1,0,1,2,1,2,4.35,59,12,2,2,2,FALSE,0,0,0,0,0
2ab6da5b5137b720dcdbd869c8941034cff5c78d,1486657203,1,1,1,0,1,1,1,1,4.35,20,5,1,1,1,FALSE,0,0,0,0,0
b37e973463ae3931234083da80870ef2e8c5f920,1486657171,1,1,1,0,5,5,0,2,4.35,41,8,0,0,0,FALSE,0,0,0,0,0
5fe15a160d7f0aec76a33d1ac25b260441d20d3b,1486580723,1,1,1,0,27,6,0,1,3.47,29,8,6913,2498.97,4665,TRUE,0,0,0,1,0
8f8b29368ed5eab71bb83b97742cff26cac40508,1486518940,1,1,3,0.872771,5,9,0,2,2.06,43,3,6912,2500.15,4664,FALSE,0,0,0,0,0
5e38259044047c1a5f2e2e7010800872ed29a0f7,1486493326,1,1,1,0,11,4,0,1,0.36,37,11,6911,2500.06,45,FALSE,0,0,0,0,0
30c32908a3ea119f7cad7ba20bcd7bbd956a2034,1486482860,1,1,2,1,2,2,0,1,2.34,32.5,4,6910,2499.43,4663,FALSE,0,0,0,0,0
3b125166d5a4d8952e9eb2ef42cc6f2c14df19d3,1486462388,1,1,1,0,1,1,0,1,0.01,37,10,6909,2499.15,44,FALSE,0,0,0,0,0
fdd7a5b8d2d60dea4da630104a9854a3124417f7,1486461147,1,1,1,0,1,5,0,1,0,41,9,6908,2498.19,43,FALSE,0,0,0,0,0
62a88ce256c9af8a918e2761c0215b43bb103674,1486460880,1,1,1,0,4,4,0,1,0.01,41,8,6907,2497.2,42,FALSE,0,0,0,0,0
04348ab176bc341b688c4776007d4c454217a00f,1486460632,1,1,1,0,0,1,0,2,2.08,42,8,6906,2496.21,4662,FALSE,0,0,0,0,0
47abf76e88e3f7afa1f41444c9575845b76d6773,1486460362,1,1,1,0,14,1,0,1,2.08,28,7,6905,2495.22,41,FALSE,0,0,0,0,0
cb7612aef69fdf8839972cce4357cc1b9cb106e8,1486453997,2,2,11,0.877195,44,162,0,1,2,19.45,0.91,6904,2494.45,2350.5,FALSE,0,0,0,1,0
b0980a90fc83bc92e040f905ebed8196f895949c,1486367023,2,2,7,0.394198,6,143,0,1,0.86,65.14,2.86,6903,2496.51,2349.5,FALSE,0,0,0,1,2
7479d282bc83beeef8f432d9905b3776862fdf61,1486363515,1,1,1,0,1,1,0,1,0.95,29,5,6902,2495.63,4659,FALSE,0,0,0,0,0
23c0bc0e7aa051c8fea8a0e50db81ff7d554eb79,1486363478,1,1,1,0,1,1,0,1,0.95,23,5,6901,2494.63,38,FALSE,0,0,0,0,0
5219385eb219fc0f1a3216649f9054cb39083e61,1486362699,1,1,1,0,1,1,0,2,0.95,22,5,6900,2493.66,4658,FALSE,0,0,0,0,1
6cb3460fcefe66cb96e55b82c6febd2153c992cc,1486281010,2,2,452,0.698928,4262,4262,0,4,23.62,32.13,0.17,6899,2495.53,2347,TRUE,0,0,16,151,86
f3a8e55e70ecf7bfa88361d48b48f5172957555e,1486190958,1,1,3,0.850403,9,9,0,2,19.27,43.33,2,6898,2497.71,4656,FALSE,0,0,0,0,0
9d445ec238fd06afc90bac6100ee5decf6a97854,1486144533,1,1,2,1,2,2,1,2,19.88,25.5,6,0,0,0,FALSE,0,0,0,0,0
ac53cc7d694ac09bf5945e3e52892894691534e3,1486106760,1,1,2,1,2,2,0,1,23.08,23.5,4,6897,2499.68,4655,FALSE,0,0,0,0,0
c068eedcf3959590b037ec0994c6cf7f9b3c2653,1486014394,1,1,1,0,0,19,0,1,22.83,19,4,6896,2501.95,4654,FALSE,0,0,0,1,0
a6ff1ea9d5b1274712bbb937b8f24e54155d3ac3,1485762700,1,1,1,0,0,0,0,1,19.92,33,5,6895,2509.91,4653,FALSE,0,0,0,4,0
41133cf40f9bf4673f3c298d6bc1c3173698ad1d,1485675185,1,1,1,0,0,22,0,1,18.91,22,5,6894,2512.04,4652,FALSE,0,0,0,1,0
42b48b3d861644a06cfc13f18d414fb18d9bfeab,1485588065,1,1,1,0,9,37,0,1,16.55,273,8,6893,2514.16,36,FALSE,0,0,0,0,0
a0b928dfbb58a9167d595914afd7d1cf65732f95,1485526978,2,2,4,1,4,4,0,1,16.52,30.75,2,0,0,0,FALSE,0,0,0,0,0
3c5b828d7e0460812e2a24605a91ed5c8130d287,1485283482,1,1,1,0,1,2,0,1,14.37,41,6,6892,2524.14,4651,FALSE,0,0,0,0,0
bac4291086d849ae485ccc3f21e24ce4b98c76f3,1485283462,1,1,1,0,6,4,0,1,14.41,30,4,6891,2523.14,4650,FALSE,0,0,0,0,0
868fd1253b18699d81fef478ad13218bbccbfd05,1485282732,2,2,2,0.57938,10,20,0,1,14.41,29.5,2,6890,2522.17,2342,FALSE,0,0,0,9,0
c5c0ff77b6e329e41da30ff7d6305da3154da90b,1484868310,1,1,5,0.926528,0,90,0,1,9.59,18,0.8,6889,2536.25,4648,FALSE,0,0,0,2,0
54abb96a852400daaa1aaffc841d0947b96d34c4,1484868281,1,1,11,0.378721,0,272,0,2,8.59,24.73,1.09,6888,2535.25,4647,FALSE,0,0,0,0,0
c5dac98e1d8cfd1a0439176907718fa4dd26f175,1484868244,1,1,6,0.309632,0,192,0,2,7.35,32,2.17,6887,2534.25,4646,FALSE,0,0,0,0,2
999022d6477167c29efb6454e9edb99f759e42a2,1484866497,1,1,1,0,0,52,0,2,2.62,52,7,6886,2533.32,4645,FALSE,0,0,0,0,0
85255da560a4f641c019573b901c2eb43729df6d,1484864015,1,1,0,0,0,0,0,0,0,0,0,6885,2532.41,9,FALSE,0,0,0,0,0
c8285a41bc8a9a991c0e5a0f4ac428f3c9bd99dc,1484850918,1,1,0,0,0,0,0,0,0,0,0,0,0,0,FALSE,0,0,0,0,0
ee1c64fafef34784b7c146f65ed88f346ffca9a5,1484812697,1,1,12,1,12,12,0,2,3.31,29,1.25,6884,2533.28,4644,FALSE,0,0,0,0,0
73df84c0b482dd2337cbdda594625075dc55c219,1484726131,1,1,8,1,8,8,0,2,2.31,30.5,1.62,6883,2535.45,4643,FALSE,0,0,0,0,0
be6a50b0ed2874db91be38890c3a7b791c49e61f,1484639706,1,1,13,1,13,13,0,2,1.31,31.77,0.85,6882,2537.62,4642,FALSE,0,0,0,0,0
401016d26066d5d7fef631c79cffd211e45a99bb,1484526462,1,1,85,0.952415,85,16,0,1,5.37,33.26,0.28,0,0,0,FALSE,0,0,0,0,0
b856263af6ff759601cbde207efe69b7366764fb,1484251879,1,1,1,0,5,6,0,1,1.09,22,6,6881,2550.95,34,FALSE,0,0,0,0,0
085dc1aa01783e0ce924f39f2b2ed5464c4572e1,1484247953,2,2,2,0.968252,19,26,0,1,2.41,131.5,4.5,6880,2550.1,2337,FALSE,0,0,0,0,0
563059c4b96cffb2cb090d9d450dbe6196735f18,1484247288,2,2,5,0.709167,25,42,0,1,2.12,28.4,2,6879,2549.12,2336,FALSE,0,0,0,0,0
168322fda5419e3c200c79b8b9b28a054a8e1213,1484179100,1,1,4,0.86227,0,118,0,1,1.63,29.5,2.25,6878,2550.66,31,FALSE,0,0,0,2,1
f5e7671fbcd1400005027c5877c5bf65906c8e93,1484170612,1,1,18,0.747056,37,37,0,1,1.39,31.89,0.61,6877,2549.97,4639,FALSE,0,0,0,0,0
d80077ed94720f85f26b617066c16b966aa74867,1484166395,2,2,7,0.782881,36,93,0,1,1.28,26.86,2.14,6876,2549.13,2334,TRUE,0,0,0,0,0
3b4cbc70e7bb5f14e0563a014edbba526999fb4c,1484165516,2,2,5,0.905554,27,36,0,1,1.44,28.8,2.2,6875,2548.16,2333,FALSE,0,0,0,0,0
36927bff8bd6c2c6b536e31aed9daa10237590ac,1484159970,2,2,4,0.848842,21,49,0,1,1.04,23.25,2.5,6874,2547.37,2332,FALSE,0,0,0,0,0
dcded33f5878d928870f1ece7ebde3e7a520c30e,1484159282,1,1,2,1,0,78,0,1,0.43,39,2.5,6873,2546.39,4635,FALSE,0,0,0,4,2
fe5c7a7f3b53e32c216dac20a24d25c003efa801,1484158976,2,2,4,0.847377,28,50,0,1,1.05,25.5,1.75,6872,2545.41,2330.5,FALSE,0,0,0,0,0
aa60e55db4572daf8a4921c3136fb983a2a53aa8,1484157972,1,1,125,0.70259,427,306,0,1,1.31,32.66,0.26,6871,2544.44,26,TRUE,0,0,0,0,2
7baf2267a0a87d3a528c156fb9cd5f9c262e32bc,1484157600,1,1,1,0,1,4,0,1,1.39,33,6,6870,2543.46,25,FALSE,0,0,0,0,0
454219fbfe461456f8ebe9f7a894ddeb4cf8c4e2,1484151060,2,2,3,0.440199,23,45,0,2,0.85,29,4.67,6869,2542.7,2328.5,FALSE,0,0,0,1,2
379b7a057ce64e8f81734bd4c0766eb5292f235f,1484150009,1,1,1,0,4,4,0,1,1.3,38,10,0,0,0,FALSE,0,0,0,1,2
c6854fa8fc77eb0c8a7a461655a9b97391e605fc,1484125721,2,2,16,0.675754,0,653,0,1,1.01,40.81,1.06,6868,2542.63,2327.5,FALSE,0,0,0,9,5
34ca4f3efafc7cad5569c22ecb71c5be7d301eea,1484122302,2,2,7,0.871651,32,58,0,1,0.97,22,0.86,6867,2541.76,2326.5,FALSE,0,0,0,0,10
11052f4d87ffc396039c233582c015c198dcf0bb,1484121833,1,1,1,0,1,5,0,1,0.97,18,4,6866,2540.78,21,FALSE,0,0,0,0,0
401c0f053c6a73df01da299baeba120ada094ea8,1484121808,2,2,5,0.946081,74,56,0,1,0.95,28.4,1.6,6865,2539.78,2325,FALSE,0,0,0,10,5
6c54ae2ae52ec4481081de8d75c2a6131eb62c1a,1484112356,2,2,3,0.590366,8,23,0,1,0.83,20.67,3.33,6864,2539.13,2324,FALSE,0,0,0,0,3
70379910f7d8d435aa7e43a79097a1953806e4c8,1484112341,1,1,1,0,3,18,0,1,0.86,30,5,6863,2538.13,18,FALSE,0,0,0,0,0
41e6991d2e93252ee422e72158b66be8fb47558b,1484111354,1,1,1,0,1,1,0,1,0.85,33,5,6862,2537.16,17,FALSE,0,0,0,0,0
3b990b7916b7438d626e2f252cf66d52581e902a,1484109481,2,2,4,1,10,6,0,1,0.83,22.5,1.75,6861,2536.23,2322,FALSE,0,0,0,0,0
dc4671dd0d4af2954e093ddad8f4bbf1368e7728,1484106337,1,1,1,0,3,18,0,1,0.25,46,7,6860,2535.35,4627,FALSE,0,0,0,0,0
b2504adb304136d5ed6bdc49ad8dc8538c56f248,1484105186,1,1,1,0,4,1,1,1,0.78,15,5,6859,2534.39,15,FALSE,0,0,0,0,0
e45db2e507b6d2ad1921c233649191ae4a285050,1484105152,1,1,3,0.425793,4,23,0,1,0.78,17.33,1.33,6858,2533.39,14,FALSE,0,0,0,0,0
0aa7a62dc37f344d4407b205ff659915f0c6802c,1484099318,1,1,1,0,3,3,0,1,0.71,12,3,6857,2532.61,13,FALSE,0,0,0,0,0
e52c421c1d706aab9f05db8e4ad067c364c2165c,1484099108,1,1,2,0.857219,12,17,0,1,0.71,9.5,2,6856,2531.61,12,FALSE,0,0,0,0,0
b6bdb23ffdd5bc263f117cf9b43f36e20ebdfcc7,1484099088,2,2,5,0.796453,6,15,0,1,0.59,32,2.6,6855,2530.61,2318.5,FALSE,0,0,0,0,0
003c11c36b09ce8cde4cd4797989bf9b60920f5a,1484097948,1,1,2,0.734496,3,2,0,1,0.7,26.5,3,6854,2529.66,10,FALSE,0,0,0,0,0
c5d4bb8dcb7f98e07e9a325b3167aa4789dfdf17,1484096980,2,2,4,0.791102,20,46,0,1,0.68,28.75,1.75,6853,2528.69,2317,FALSE,0,0,0,0,0
fc1a36021247034127908b18d6fc912e339990d7,1484088247,1,1,3,0.223363,1,71,0,1,0.4,34.33,2,6852,2528.01,4624,FALSE,0,0,0,0,1
4ecd69e4facae9a4debe17c2b28438d2a7d4568c,1484084642,2,2,24,0.707167,50,217,0,1,0.54,31.17,0.67,6851,2527.14,2315.5,FALSE,0,0,0,0,0
b2f69ea36a160b424f244aada9ea27e1a7092e7e,1484075885,1,1,1,0,0,10,0,1,0.44,10,2,6850,2526.46,7,FALSE,0,0,0,0,0
71f49dda0ff9c014a485ced445d23d7a86649828,1484075408,1,1,6,0.537867,84,114,0,1,0.43,20.5,1.17,6849,2525.48,6,FALSE,0,0,0,0,2
c64a3bd3df63e606e448bb0cccb64393d2508cb9,1484072692,1,1,3,0.523391,37,47,0,1,0.4,20.67,2,6848,2524.58,5,FALSE,0,0,0,0,0
0cd28f982debd21cdd44aa0cd2fef3e50de7bc53,1484072278,1,1,8,0.608989,102,140,0,1,0.4,19.88,0.88,6847,2523.59,4,FALSE,0,0,0,4,4
400b5c09d7cf789db3dd693126c77fa4e0910473,1484071639,1,1,6,0.514241,92,126,0,1,0.39,23.33,1,6846,2522.62,3,FALSE,0,0,0,0,0
20befcdf841133fefcbff433b95cb4a443dc03fe,1484070891,1,1,1,0,0,33,0,1,0.38,33,3,6845,2521.64,2,FALSE,0,0,0,0,0
69cac05575b9a1c914fc5868cd39ea3570b28880,1484070879,1,1,6,0.588145,75,122,0,1,0.38,22.67,0.83,6844,2520.64,1,FALSE,0,0,0,6,0
ef2c4bf5e1c93282ba34d016e6dc3f57f758dfbb,1484041520,1,1,113,0.852626,188,228,0,1,0.04,36.87,0.17,6843,2520.71,4622,TRUE,0,0,6,0,0
8c970519093c1c764353c7bf1489698815532137,1484038226,1,1,280,1,0,280,0,1,0.05,34.74,0.09,6842,2519.83,4621,FALSE,0,0,0,0,0
c500b2cc1617c2ffa86e0b1ec204a8bf126e9820,1484038095,1,1,1,0,1,1,0,1,0,36,4,6841,2518.83,4620,FALSE,0,0,0,0,0
26ea38dcf4d0c856eb7ab62de4995ed81ba6cac7,1484037865,2,2,500,0.873492,726,726,0,1,0.97,30.74,0.06,6840,2517.84,2309.5,FALSE,0,0,0,218,92
2b05673125b3aa230b9e7d322623faf4feaeb1dc,1484023469,1,1,1,0,0,1,0,1,0.08,68,5,6839,2517.36,4618,FALSE,0,0,0,0,0
8bc7e006db74a3ef3a0491d644a89fc4814e4a4e,1484017564,1,1,26,0.600561,18,117,0,1,1.2,24.42,0.5,6838,2516.57,4617,TRUE,0,0,0,0,0
8501b0c2ef74c30d0f886713debc2a92d2736199,1484016728,1,1,1,0,0,4,0,1,0.8,4,2,6837,2515.6,4616,FALSE,0,0,0,0,0
6d28724e4815a3bca889b72c0e0a1d1ce4e41f0b,1484016669,1,1,11,1,11,44,0,1,0.04,65.91,1.27,6836,2514.61,4615,FALSE,0,0,0,0,0
71039740c3833b29404dc8d561f7d903885f1742,1484016304,1,1,2,0.959293,6,29,0,1,0.05,25.5,3,6835,2513.62,4614,FALSE,0,0,0,0,0
6434747ef6a7e475784454727afaf51ae3d4cdaf,1484016290,1,1,2,0.423935,3,24,0,1,0.05,104,2.5,6834,2512.62,4613,FALSE,0,0,0,2,0
68190b854657d074e3ebd35d70291ab4bb48fe32,1484016278,1,1,31,0.877852,34,64,0,1,0.5,42.58,0.42,6833,2511.62,4612,TRUE,0,0,0,0,4
395a81058ba73d944e916762c42e527a9811455b,1484015916,1,1,7,0.55949,10,24,0,1,0.55,24,0.71,6832,2510.63,4611,FALSE,0,0,0,0,0
82e681a19174ea2dbef98c55e1df9a2aca0c15e9,1484015576,1,1,1,0,0,28,0,1,0.01,28,4,6831,2509.65,4610,FALSE,0,0,0,0,0
1392d37ca24209efa3a9d600932ed1788c900890,1484015568,1,1,1,0,3,41,0,1,0.04,79,7,6830,2508.65,4609,FALSE,0,0,0,0,0
627bfe6bfacb85c9ba668095b40822d8eb94c7a5,1484015438,1,1,5,0.571543,7,33,0,1,0.34,47.2,0.8,6829,2507.65,4608,FALSE,0,0,0,0,0
f2c49500ee286675718c1bddcbb85d932fcd4652,1484014607,1,1,25,0.982422,27,104,0,1,0.48,40.08,0.44,6828,2506.68,4607,FALSE,0,0,0,0,0
bc4262f90192215dc5be22944fad0480bb3bf2d4,1484014043,1,1,7,0.516616,35,120,0,1,2.15,22.43,1.14,6827,2505.7,4606,FALSE,0,0,0,0,0
44950212a021f846bd1421441ceba88bf5c4176a,1484013393,1,1,7,0.603789,2,13,0,1,0.6,6.71,0.57,6826,2504.72,4605,FALSE,0,0,0,0,0
9e467f872efd51b27b19935a3b90821e0fdc8768,1484013372,1,1,1,0,0,23,0,1,0.23,23,2,6825,2503.72,4604,FALSE,0,0,0,0,1
db4bbc9b47dd252d464d43b0fcc725c6b5bc1918,1484012851,1,1,4,1,4,4,1,1,0.01,15.25,0.75,6824,2502.74,4603,FALSE,0,0,0,0,0
77cc37ba4999271837d04062aaed48a469a61fe5,1484012313,1,1,410,0.764147,875,1157,0,1,2.44,33.66,0.04,6823,2501.76,4602,TRUE,0,0,10,4,0
65654f8f9e4313b57b341c88017456950dd2d8ee,1484011023,1,1,96,0.731956,139,536,0,1,3.92,35.46,0.1,6822,2500.81,4601,FALSE,0,0,0,0,4
efcf51c7bf755cbb6bfeebdbb68b384dc3b28ccb,1484007600,1,1,15,0.728583,27,64,0,1,1.62,35.33,0.53,6821,2499.93,4600,FALSE,0,0,0,0,0
59124c4cfee042a53583deb3f4d7e56b4fbc0cd8,1484006824,1,1,20,0.471291,0,707,0,1,9.82,35.35,0.05,6820,2498.96,4599,FALSE,0,0,0,0,0
aacfefc7524e1c647b39efa605f1eca1f6da80d5,1484004995,1,1,25,0.668938,53,165,0,1,0.57,36.68,0.32,6819,2498.02,4598,TRUE,0,0,0,2,1
648722f1a6be5119a79e541b686e770c8fba638b,1483999280,1,1,5,0.729272,40,30,0,1,0.59,30,0.8,6818,2497.23,4597,FALSE,0,0,0,0,0
c2208f82dc71f612220bc5e80888493cc5335349,1483998821,1,1,12,0.698509,37,21,0,1,0.84,58.25,0.5,6817,2496.24,4596,FALSE,0,0,0,0,0
40e9c66ca60455d26de752bfbab330771597e7a8,1483995711,1,1,2,0.0330757,0,653,0,1,2.84,326.5,1.5,6816,2495.35,4595,FALSE,0,0,0,2,3
dc687c1d854e20504d073671f9f4b5452791ab50,1483993414,1,1,177,0.788085,433,437,0,1,7.38,35.29,0.03,6815,2494.43,4594,FALSE,0,0,0,9,19
e6152a97e8feb5e58f8e5ac04a5c03c1f5114ef6,1483992391,1,1,1,0,1,1,1,1,2.75,26,2,6814,2493.47,4593,FALSE,0,0,0,0,0
ca9e6fa0877747310173d57b681b6c852df8836e,1483992246,1,1,8,0.789771,11,11,1,1,8.64,3.38,0.25,6813,2492.47,4592,FALSE,0,0,0,0,0
4d0c15b49ee1f7133a2f314b8f74e1b34559b9ac,1483947499,1,1,115,0.663544,621,613,0,1,7.53,42.28,0.05,6812,2493.06,4591,TRUE,0,0,0,39,22
10f64ee9c46f2e010e0a9ddfd4ed91cd9270f6b8,1483859902,1,1,103,0.837625,207,207,0,1,6.77,22.69,0.05,6811,2495.16,4590,TRUE,0,0,0,2,2
4c881b27263061ad0565fc6d72dcd426a6de7e83,1483754521,1,1,24,0.466076,132,132,0,1,5.54,52.08,0.12,6810,2497.9,4589,TRUE,0,0,0,0,0
41ad5e901ffbc50849057e6e7fc9828ea96abcca,1483746752,1,1,2,0.57938,3,3,0,1,3.41,20.5,1,6809,2497.18,4588,FALSE,0,0,0,0,0
bf54267f0bcd2119bbbf6b8ece8b0afb49904cc2,1483746582,1,1,7,0.701216,15,15,0,1,4.86,59,0.43,6808,2496.19,4587,FALSE,0,0,0,0,0
f4a6e9ede974e0c59ab6f44d1b34081baa693875,1483746164,1,1,5,1,5,5,0,1,4.89,59.6,0.6,6807,2495.2,4586,FALSE,0,0,0,0,0
7167d7e09ffe9f6bc58788a1440b72b3974d0a6e,1483746099,1,1,108,0.79728,173,272,0,1,6.78,40.72,0.02,6806,2494.2,4585,TRUE,0,0,0,2,0
912d6b04a1f6b732508a6da72a95ec4f96bda154,1483717877,1,1,0,0,0,0,0,0,0,0,0,6805,2494.2,4584,FALSE,0,0,0,0,0
1e80c19b0f4a65076b1c9c56758b6ad3bf381c90,1483717829,1,1,0,0,0,0,0,0,0,0,0,6804,2493.2,4583,FALSE,0,0,0,0,0
d461c879797be6e07c76e3f78429dbc63f3723b3,1483639889,1,1,1,0,0,16,0,1,5.57,16,1,6803,2494.97,4582,FALSE,0,0,0,1,0
0e24641cb8cc4624fc792adb3abb7325cd8df866,1483513626,1,1,7,0.799424,21,21,0,1,2.53,31.29,0.29,6802,2498.45,4581,FALSE,0,0,0,0,0
1a1e462f80aa530048c5da8a8e6f330f7c14879f,1483397131,1,1,17,0.690742,45,59,0,1,2.76,35.29,0.06,6801,2501.61,4580,FALSE,0,0,0,0,0
860d1f9484982d45ead630f3ed87ca7d0c5ae2cd,1483213136,1,1,5,0.573112,12,12,0,1,11.83,4220.2,7.6,6800,2507.19,4579,FALSE,0,0,0,24,5
528e134995d0c8d0be022d8b48f7243b1d9c02a2,1483212901,1,1,2,0.57938,3,3,0,1,11.84,329,18.5,6799,2506.2,4578,FALSE,0,0,0,1,0
955537d67f9d12cb9bb2ea26f3e0858372694e79,1483212795,1,1,2,0.734496,5,5,0,1,11.84,8544,26.5,6798,2505.2,4577,FALSE,0,0,0,2,0
6eeafd3dc2460dfd7d419a59161be26f6f90e8c9,1483167172,1,1,0,0,0,0,0,0,0,0,0,6797,2505.84,4576,FALSE,0,0,0,0,0
2900cfd288f72671c335021fa3220818445f9123,1483158406,8,22,667,0.276969,19699,120417,0,125,14.92,180.54,8.05,6796,2505.15,1116.38,TRUE,174,24,560,1449,1082
165572022d58d3e39e928b33ff9b9589cc60b67b,1483158177,3,3,5,0.569963,11,11,0,110,15.95,7633.8,690.8,6795,2504.16,1870.67,FALSE,0,0,0,23,5
e33b15674d873cac092c4be86fe4bd902efc455f,1483142951,2,2,2,0.47756,12,2,0,116,28.23,21930.5,2221,6794,2503.71,3567,FALSE,0,0,0,1,0
30863e5fa69471fc50743fffca7d1d7c4d0d2626,1482769697,1,1,1,0,5,1,1,3,40.28,220,34,6793,2516.14,173,FALSE,0,0,0,0,0
6672a4f9427f82d2602f6ef5205d1752c3667bf4,1482600046,1,1,0,0,0,0,0,0,0,0,0,6792,2521.3,172,FALSE,0,0,0,0,0
ae467c7313c2e10f88e5ba9038205aa675616db7,1482595231,1,1,0,0,0,0,0,0,0,0,0,6791,2520.48,4572,FALSE,0,0,0,0,0
a23b918befa6f151217700938384cac1067ba12e,1482595061,1,1,0,0,0,0,0,0,0,0,0,6790,2519.49,4571,FALSE,0,0,0,0,0
f7263047bfd45f7fdd08d416872cacc4901148c5,1482355341,1,1,1,0,1,1,0,110,0,17084,3309,6789,2527.23,4570,FALSE,0,0,0,1,0
02fdf4e673df417058971ed0d97b4d9b5aa84672,1482355300,1,1,1,0,1,1,0,110,0,17084,3308,6788,2526.23,4569,FALSE,0,0,0,2,0
e2c703a96f70e6cc99b6e7585c734b47aa7ec595,1482355281,1,1,1,0,6,4,0,110,0.12,17082,3307,6787,2525.23,4568,FALSE,0,0,0,3,0
32fdfcc1e56885e14c12da9da28d4a8c2df9a7e5,1482345226,1,1,1,0,4,1,0,110,12.5,17079,3306,6786,2524.6,4567,FALSE,0,0,0,1,0
6c1ae0b54d68096788e6c8647ef55b9811bc02c8,1482301156,1,1,1,0,2,2,0,6,8.94,908,193,6785,2525.21,2560,FALSE,0,0,0,0,0
b93c3b1ee8d82fa5e6b2da200a241015f9b1c783,1482190906,2,2,31,0.329181,368,327,0,1,102.4,755.77,1.61,6784,2528.24,2347,FALSE,0,0,0,435,240
f71a7a04b51bd761683e4a774c5b1d38bdaa7b20,1482189817,1,1,26,0.59542,87,65,0,1,103.46,79.58,1.88,6783,2527.28,4565,FALSE,0,0,0,9,0
c7a7540e16ff88d686bdfecd6d206e7bdd74386a,1482189476,1,1,26,0.337237,192,149,0,1,115.66,710.04,2,6782,2526.3,4564,FALSE,0,0,0,18,0
ef618992b5c206fd07202d6234807085fe3b58d7,1481986488,1,1,0,0,0,0,0,0,0,0,0,6781,2532.75,4563,FALSE,0,0,0,0,0
0c1c87b046b6365762c90eb4efa37a3e60710bdc,1481528461,1,1,1,0,1,1,0,6,48.35,908,192,6780,2548.74,2559,FALSE,0,0,0,0,0
708b962860116b4d77d6de01a371bb5c6d2f3b31,1481439695,3,3,8,0.245098,291,272,0,110,21.38,4955.12,431.62,6779,2551.06,1866,FALSE,0,0,0,428,240
b51786e72e8b6810be2e09a7bfb37816560d67c5,1481264907,1,1,1,0,6,7,1,110,1.5,17080,3305,6778,2556.63,4561,FALSE,0,0,0,0,0
5ee5099af1befc9748bfaad821d403a54f31807e,1481149065,1,1,0,0,0,0,0,0,0,0,0,6777,2560,4560,FALSE,0,0,0,0,0
482dc9478b834225ff8575930aa496e162f63c02,1481135065,1,1,1,0,5,7,0,110,3.91,17082,3304,6776,2559.53,4559,TRUE,0,0,0,0,0
da2d08d7717457a00b6374a8a025bc770075243d,1481134820,1,1,0,0,0,0,0,0,0,0,0,6775,2558.54,4558,FALSE,0,0,0,0,0
528b6a98a9c7cfc4ef9d64346a4eae3150a068b6,1480797465,1,1,1,0,1,1,0,110,0.47,17082,3303,6774,2570.34,4557,FALSE,0,0,0,0,0
a8bcb5f3d55139431ed15ac6555c5fc6f8779e7d,1480757061,1,1,1,0,1,1,0,110,1.48,17082,3302,6773,2570.88,4556,FALSE,0,0,0,0,0
d429f90ec5ea71daaa20214030dfbbcdad95c6e3,1480628764,1,1,1,0,2,2,0,109,6.65,17082,3301,0,0,0,FALSE,0,0,0,0,0
72f559e1a379cd63e913db66b3b1bd779a867955,1480053809,1,1,1,0,3,0,0,109,0.37,17079,3300,6772,2597.07,4555,FALSE,0,0,0,0,0
5a86b67263ac1d1d8b16aa69e756fd773223aa80,1480053507,1,1,0,0,0,0,0,0,0,0,0,6771,2596.08,4554,FALSE,0,0,0,0,0
bea4b29bc4df47a6df2c7017b215933c05b99f5c,1480052443,1,1,1,0,1,3,0,108,0.15,17081,3298,6770,2595.12,4553,FALSE,0,0,0,0,0
0cd4134bc6b8831aacff48710f7f0ac761cc7f1a,1480039459,1,1,1,0,1,0,1,108,1.33,17080,3297,6769,2594.63,4552,FALSE,0,0,0,0,0
2f92d55024036c2f99a73170825689f477c8afa9,1480021934,1,1,1,0,1,1,0,108,-0.35,17079,3299,0,0,0,FALSE,0,0,0,1,0
ec74813be6f3b4005e6e85c3aec9d02028a3b039,1479967488,1,1,1,0,90,33,0,52,0.05,26720,2050,6768,2596.44,2558,TRUE,0,0,0,0,0
67926a4df2abcdccad42ba4af5257700d5a12907,1479963188,1,1,1,0,1,1,0,52,0,26720,2049,6767,2595.61,2557,FALSE,0,0,0,0,0
40a591d0c0fc642716c8d572cc30294182969857,1479963179,1,1,1,0,4,3,0,52,3.29,26719,2048,6766,2594.61,2556,FALSE,0,0,0,0,0
783e03ffa304b1f037fee5218b158ecb5907c2c1,1479924803,1,1,1,0,3,8,0,108,0.03,17085,3296,6765,2595.11,4551,FALSE,0,0,0,0,0
1dddf27a39bac9891fac1110af9a87b001c5b584,1479921978,1,1,1,0,5,1,0,108,2.49,17081,3295,6764,2594.22,4550,FALSE,0,0,0,0,0
2890eabf663ebe1dfef624e21b9a699bc2e6543c,1479707174,1,1,1,0,1,1,0,108,0.32,17081,3294,6763,2601.64,4549,FALSE,0,0,0,0,0
a3e077324a187ff5002036dde70d1e20346c000f,1479679207,2,2,2,0.217835,79,57,0,114,3.64,21889,2210.5,6762,2601.74,3551.5,FALSE,0,0,2,0,0
86ee93650d0a14baca743c49df4fcc4e53c840ce,1479620692,2,2,2,0.57938,5,4,0,12,15.07,1340.5,102.5,6761,2603.04,1340.5,FALSE,0,0,0,0,0
dd0d984d37258e5644721a3d376e8fcd50b08df3,1479453338,1,1,1,0,62,46,0,108,2.05,17065,3292,6760,2608.65,4547,FALSE,0,0,0,3,0
eba18891e57a31b851a92b8c529124c9e01b8a64,1479355515,1,1,1,0,7,6,0,3,1.48,567,53,6759,2611.53,126,FALSE,0,0,0,2,0
5cb80a0a84629c7e19d04a434adeeec2940c78e7,1479289567,1,1,1,0,5,1,0,3,5.51,216,33,6758,2613.16,171,FALSE,0,0,0,0,0
db14f324f6b077a7ed0bb3c5494debe55ae16e96,1479287426,1,1,0,0,0,0,0,0,0,0,0,6757,2612.24,4546,FALSE,0,0,0,0,0
db9697dfef1eeaaec5c277426db213b58e36a2d7,1479277547,2,2,12,0.222105,173,173,0,1,10.72,1826,3.58,6756,2611.63,2335,FALSE,0,0,0,334,191
035ce4f44c127d15971ce2d8324e03385004a631,1479277375,1,1,7,0.544326,13,32,0,1,1.32,132,6,6755,2610.64,4544,FALSE,0,0,0,0,2
0c27706e89b921b573cbc1e36fe698d5b2c75e13,1479277252,1,1,7,0.441677,23,51,0,1,1.32,2476.14,7.29,6754,2609.65,4543,FALSE,0,0,0,0,4
238defb150153331c5c84884797f43eeb3612abe,1479276444,1,1,0,0,0,0,0,0,0,0,0,6753,2608.68,4542,FALSE,0,0,0,0,0
53ba1e0c3c1e06e8e4a0dcc12d7bd54c2152e879,1479276407,3,3,7,0.19792,172,151,0,108,2.43,5596,490.57,6752,2607.68,1858.33,FALSE,0,0,0,338,197
95d3477c220070eaa695f4acc676d142653298c4,1479275287,2,2,2,0.310917,2,3,1,114,0.03,21881.5,2209,6751,2606.72,3546.5,FALSE,0,0,0,0,0
a06d1a0313801b5918b98cbc57af50938ebe3ac9,1479275223,1,1,1,0,53,24,0,52,0,26668,2045,6750,2605.73,2552,TRUE,0,0,0,0,0
330c8cb46e38e597e5cb2be9969a952e45afece6,1479275174,1,1,1,0,93,107,0,52,0.55,26682,2044,6749,2604.73,2551,FALSE,0,0,0,0,0
da2e8a103086924cd100368db2c87f1680e3a200,1479269933,1,1,1,0,1,1,0,108,0.08,17066,3289,6748,2603.93,4539,FALSE,0,0,0,0,0
5bc9e6b8bd4d22f67d29e1dcd7d9fdf1fcf3b68d,1479262699,1,1,1,0,5,5,0,108,0.01,17066,3288,6747,2603.22,4538,FALSE,0,0,0,0,0
9a02bd5fc7ab402fa7b698537b8ecce6dd7401b7,1479262047,1,1,1,0,3,10,0,108,0.37,17073,3287,6746,2602.25,4537,FALSE,0,0,0,0,2
eb4861c3cd6b2d4b9a85ecc822c9469e9a0773c3,1479235258,1,1,0,0,0,0,0,0,0,0,0,6745,2602.3,4536,FALSE,0,0,0,0,0
89656fdf4abeca41b81566dab51f992ca7a18301,1479230059,1,1,1,0,1,1,0,108,0.03,17073,3286,6744,2601.51,4535,FALSE,0,0,0,0,0
4cb7bea97d1585e6a92a2dc48585a45f34e6ac8f,1479227681,4,4,3,0.278264,45,14,0,116,12.08,14763.7,1486.67,6743,2600.6,1844.5,FALSE,0,0,0,0,0
5585b3ae2273780e43081734fb145f48eab67823,1479186102,1,1,19,0.421818,169,165,0,1,98.28,1136.63,2.21,6742,2601.24,4533,FALSE,0,0,0,178,106
95f47b6d194b78420741bf6284e8b159da2dfc0d,1479185806,1,1,16,0.687886,45,41,0,1,103.78,72.44,2.56,6741,2600.25,4532,FALSE,0,0,0,0,1
76b7758fc7e64b018516e1130e234ee27fa19625,1479185658,1,1,16,0.494794,91,76,0,1,116.52,1096.56,3.12,6740,2599.26,4531,FALSE,0,0,0,0,2
170c13b5ba5e9862ce3ac2284e2d7896dcfe1c6d,1479184662,1,1,0,0,0,0,0,0,0,0,0,6739,2598.3,4530,FALSE,0,0,0,0,0
26a6117889a40f652957721876144e1aa7df43e0,1479184306,3,3,5,0.243768,118,118,0,108,4.25,7631.2,685.2,6738,2597.31,1853.67,FALSE,0,0,0,178,105
014982cb2c4e75680bf30938695389406623d4c7,1479173572,1,1,1,0,1,3,0,108,0.08,17078,3283,6737,2596.73,4528,FALSE,0,0,0,0,1
058361e222ab7a1250da568ba2cdc4f2737c66df,1479166666,1,1,1,0,18,21,0,108,0.15,17081,3282,6736,2596,4527,FALSE,0,0,0,0,0
e344b66af9460c82e279b2f88b014feb5b4dd865,1479153892,1,1,1,0,2,5,0,108,0.09,17084,3281,6735,2595.5,4526,FALSE,0,0,0,0,0
54cb3599e346f2c8a965a87ec97601109184516d,1479148786,1,1,0,0,0,0,1,0,0,0,0,6734,2594.7,4525,FALSE,0,0,0,0,0
6c427b7a260183685b16d2624351529cda25ce81,1479146259,1,1,1,0,13,5,0,108,0.37,17076,3280,6733,2593.8,4524,FALSE,0,0,0,0,0
ce093845e11dce3cf5cb896f33e47985b294650b,1479114395,2,2,2,0.229363,11,2,0,114,0.01,21873,2202.5,6732,2594.05,3536,FALSE,0,0,0,0,0
13d315a93b0f3c9288e6267a50a804b967e9257b,1479113341,1,1,0,0,0,0,0,0,0,0,0,6731,2593.09,4522,FALSE,0,0,0,0,0
102c5f00d76096059cb6e1a8f9cf082dc6488334,1479113267,2,2,2,0.861781,19,1,0,114,5.57,21864,2202,6730,2592.1,3534.5,FALSE,0,0,0,0,0
98493212738b56c92fe6ea223bebb4e3b76ea6c6,1479106213,2,2,62,0.445978,740,589,0,1,96.98,387.06,0.74,6729,2591.37,2321.5,FALSE,0,0,0,376,213
b1ff59b3ea86aefb67676e4e3f5ff636c23fd6c7,1479106200,1,1,59,0.649853,345,239,0,1,92.08,60.51,0.83,6728,2590.37,4519,FALSE,0,0,0,6,2
74020217398fb72e62218c111fc58ce2416e28cc,1479106186,1,1,58,0.463698,552,401,0,1,101.94,338.09,0.84,6727,2589.37,4518,FALSE,0,0,0,12,4
2cc247ddf895d3c258e35ae841711f17787a88ed,1479106169,1,1,0,0,0,0,0,0,0,0,0,6726,2588.37,4517,FALSE,0,0,0,0,0
1fe904295383277c526d0af4c97b2edb697f08bf,1478886033,1,1,0,0,0,0,0,0,0,0,0,6725,2596,4516,FALSE,0,0,0,0,0
8bde34dda0b7ca27b99649211b016cede066a593,1478813625,2,2,1,0,2,1,0,3,46.1,215,32,6724,2597.85,2342,FALSE,0,0,0,0,0
98720bea4acc64223a3755c56bed153d555df9e6,1478813292,1,1,0,0,0,0,0,0,0,0,0,1,0.98,1,FALSE,0,0,0,0,0
032637bba1103c93bf99ba19d29b8ecd5660de67,1478806738,1,1,1,0,1,1,0,108,2.13,17067,3276,6723,2597.12,4514,FALSE,0,0,0,0,0
5488644658bab23132a57d6f1cc5ed6b25899101,1478727800,3,3,8,0.204819,408,363,0,108,14.09,4944.75,427.5,6722,2599.23,1847.67,FALSE,0,0,0,370,211
dadde87cab309e898a1088cb0119ed3c4e1da134,1478622962,1,1,1,0,1,1,0,108,0.04,17067,3275,6721,2602.37,4512,FALSE,0,0,0,0,0
fcd0bbfc5623f3f0c6fd79d5ab579cba38674fab,1478619320,1,1,1,0,2,2,0,108,0.27,17067,3274,6720,2601.51,4511,FALSE,0,0,0,0,0
600fbbadfba939d1c5a8b9eb667816d152ca3ec7,1478595821,1,1,1,0,5,3,0,108,0.13,17065,3273,6719,2601.44,4510,FALSE,0,0,0,0,0
3d0df11e50351aba52ad259f82823baffe917ef2,1478584645,1,1,1,0,180,138,0,108,1.17,17023,3272,6718,2600.88,4509,TRUE,0,0,0,6,2
2e4c997dba9d5226cc8c20508fd1eab31173f339,1478536552,1,1,1,0,1,1,0,52,0,26661,2040,6717,2601.78,2547,FALSE,0,0,0,1,1
5aaf7e40aec203dbfa6e311a79588f68e85a43d8,1478536136,1,1,1,0,45,43,0,52,0.66,26659,2039,6716,2600.8,2546,FALSE,0,0,0,0,0
57703b040d879479920a0e16c6f135dfe2e4caaa,1478483484,1,1,1,0,22,23,0,108,0.02,17024,3271,6715,2601.88,4508,FALSE,0,0,0,0,0
c6ff776147b56c80c69d7b44e81d0241cf225a14,1478481338,1,1,1,0,2,2,0,108,0.02,17024,3270,6714,2600.97,4507,FALSE,0,0,0,0,0
9ac729e1bc8f57f9f826187828184c5604a036a2,1478479405,2,2,2,0.57938,15,3,0,113,0.47,21835.5,2196.5,0,0,0,FALSE,0,0,0,0,0
6d951ccc87f3cc867252a507e7d177c12badf3d5,1478459461,1,1,1,0,1,1,1,106,0.5,17024,3268,0,0,0,FALSE,0,0,0,0,0
3217118faba6d08f979309e4a533d23779d467a8,1478417953,1,1,1,0,13,20,0,51,1.98,26654,2037,6713,2602.47,2545,FALSE,0,0,0,0,0
6ef973ae3340ce2ce5fa94464cce69e7ef893990,1478416396,1,1,1,0,4,1,0,106,0.9,17021,3267,6712,2601.54,4506,TRUE,0,0,0,0,0
e0a65ac34a5d83588f6fe5e3943811f8eaa1ffb1,1478389469,1,1,1,0,5,51,0,6,0,2360,122,6711,2601.6,2544,FALSE,0,0,0,0,0
b833d83a3e485f9222d207dcf439a352ccfa608a,1478389436,1,1,1,0,22,0,0,6,24.75,2338,121,6710,2600.6,2543,FALSE,0,0,0,0,0
220713109c1e38e6eff513cfdc1bfe560b203d8f,1478339068,1,1,1,0,1,1,0,106,0.42,17021,3266,6709,2601.6,4505,FALSE,0,0,0,0,0
cafb9822ce85b76d4a2527a899f1ca9608090de1,1478302443,1,1,1,0,6,4,0,106,0.64,17019,3265,6708,2602.05,4504,FALSE,0,0,0,0,0
1b3815928d5ada407e9ba6ec20ed4bb3af685e22,1478247054,3,3,3,0.265767,9,8,0,114,28.04,14679.7,1498,6707,2603.24,2389,FALSE,0,0,0,0,0
fbb67f9dbe86351e7e4b408b5d384e516dbef0ca,1478186644,1,1,0,0,0,0,0,0,0,0,0,0,0,0,FALSE,0,0,0,0,0
8d24f393ac4f2da2300205f275c97d6d9962af86,1477986943,1,1,0,0,0,0,0,0,0,0,0,6706,2612.6,4502,FALSE,0,0,0,0,0
39e6c50f72e2771d342f8b50e26187e3094c1aa4,1477973463,1,1,5,0.175365,45,48,0,1,1.04,4214.8,6.6,6705,2612.14,4501,FALSE,0,0,0,136,91
50aaa95bca5652c77e492889f8141ba8229698c7,1477973284,1,1,2,0.47756,3,4,0,1,1.04,340,16,6704,2611.15,4500,FALSE,0,0,0,1,0
cd1921dfad67df713aad447d110fc922be9f80b3,1477973143,1,1,2,0.775805,5,7,0,1,1.04,8519.5,24,6703,2610.15,4499,FALSE,0,0,0,2,0
7759376b91a2b7e8c4ae4d4fcb0b02c80145a6d2,1477972357,1,1,0,0,0,0,0,0,0,0,0,6702,2609.18,4498,FALSE,0,0,0,0,0
ccc3081be0e61a25611ae437ccecd1e31939fe71,1477971327,3,3,5,0.15391,44,46,0,106,3.38,7611,681,6701,2608.22,1841.67,FALSE,0,0,0,135,91
62b66305f272b2aa866789fae3948e56a345cb72,1477971289,1,1,1,0,4,4,0,51,0.44,26654,2035,6700,2607.23,2541,FALSE,0,0,2,0,0
46d1f53ee9d42b5c4f8dca8b23e7d026bbc12d42,1477956568,1,1,0,0,0,0,0,0,0,0,0,6699,2606.81,4496,FALSE,0,0,0,0,0
65daae20430b14b4b0f94cb908f1241776cf585b,1477933972,1,1,1,0,1,2,0,106,0.01,17019,3262,6698,2606.71,4495,FALSE,0,0,0,0,0
0fcf43b02b370ac6579c9d6aa1dc88e54f0b96c7,1477933015,2,2,2,0.278129,10,1,0,112,3.77,21832,2191.5,6697,2605.75,3517,FALSE,0,0,0,1,0
fc22665dd83d5d4a015484b9df3013a6a1c1eb38,1477893367,1,1,0,0,0,0,0,0,0,0,0,6696,2606.33,4493,FALSE,0,0,0,0,0
a3710bba3437905b5c4a8923d008865d113ce4ab,1477883545,2,2,113,0.441391,704,700,0,1,113.91,225.37,0.41,6695,2605.72,2306.5,FALSE,0,0,0,425,263
be1e9a31706f9ae9c0fc22c289f3df8e5fb8053b,1477883299,1,1,110,0.658632,272,330,0,1,107.98,44.82,0.43,6694,2604.73,4491,FALSE,0,0,0,5,20
b58a63eff18637e0f4ccccdf4b5e6f1a793e269f,1477883217,1,1,109,0.519937,489,512,0,1,116.61,192.56,0.43,6693,2603.73,4490,FALSE,0,0,0,10,40
7862e5ce2d708f2b06fa5f56a2993bdecb1a9c72,1477615174,3,3,7,0.215276,432,370,0,106,19.67,5574.43,486.14,6692,2613.43,1838.33,FALSE,0,0,0,424,251
5028267c72ca28322600400074d9c3afa6c9dbd7,1477614847,1,1,1,0,2,2,1,106,0.31,17019,3259,6691,2612.45,4488,FALSE,0,0,0,0,0
6f03ef955c08e6b3c19236953d4f8b14c2cdfae0,1477608850,1,1,0,0,0,0,0,0,0,0,0,6690,2611.69,4487,FALSE,0,0,0,0,0
f75bf13ad107bfbc220ddda4468f3c8257619188,1477608711,1,1,0,0,0,0,0,0,0,0,0,6689,2610.69,4486,FALSE,0,0,0,0,0
d7dbf0951d03f3c757de6a6e0fdad2af020e46de,1477600008,1,1,1,0,4,1,0,51,0.03,26642,2033,6688,2610.04,2539,FALSE,0,0,0,0,0
daf6de6a46265c61d607149482c040d7111083be,1477597007,1,1,1,0,2,1,0,51,0.11,26641,2032,6687,2609.16,2538,FALSE,0,0,0,0,0
7d4c3ed404363f89c6215be450d1e693ef57e166,1477587922,2,2,2,0.165608,20,6,0,112,0.25,21823,2189,6686,2608.52,3511,FALSE,0,0,0,0,3
a9fd17950af7101d6b84ee5ed3f08f48f2adaa41,1477581705,1,1,1,0,1,1,0,106,0.42,17018,3257,6685,2607.77,4484,FALSE,0,0,0,0,0
7cbffd5ebf9771f5aa98da5f2d674718b4e3c7d0,1477552112,1,1,0,0,0,0,0,0,0,0,0,6684,2607.95,4483,FALSE,0,0,0,0,0
b91a51525875d1a9f07c63e907cbc9ab5b608a71,1477551052,1,1,1,0,55,55,0,51,0.06,26628,2030,6683,2607,2536,FALSE,0,0,0,0,0
bc5729a9de8ac60ba4c6700d9de98ddecb03e57d,1477545498,2,2,2,0.156333,70,76,0,112,0.86,21826,2187.5,6682,2606.22,3508.5,FALSE,0,0,0,1,11
729d1a57aa77a9c82c8292dcfa0054e4b90060b1,1477471020,2,2,2,0.101454,17,10,0,112,0.34,21822.5,2187,6681,2608.19,3507.5,FALSE,0,0,0,1,0
73e2562cd172f79a103bad90a9ac5992741b0852,1477468272,1,1,0,0,0,0,0,0,0,0,0,6680,2607.3,4480,FALSE,0,0,0,0,0
849423c9d878a6d2acb68af73188f7a03cdab6f9,1477454917,1,1,1,0,25,47,0,106,0.3,17041,3254,6679,2606.83,4479,FALSE,0,0,0,0,0
e485e16d28ad1c6c5843e602b12adee4b730abce,1477430548,1,1,0,0,0,0,0,0,0,0,0,6678,2606.81,4478,FALSE,0,0,0,0,0
1c9a9f364dc0c37853ae26b975af2d96c5337b89,1477428947,2,2,2,0.32803,54,32,0,111,5.49,21822.5,2186,0,0,0,TRUE,0,0,0,0,0
bc49e7fe1862ad675fb517d779b970cf23d10c4e,1477350891,1,1,1,0,1,1,0,6,0.03,908,191,6677,2608.99,2533,FALSE,0,0,0,0,0
6a9337434f587e28176030385f59c7018ea6cf6f,1477347988,2,2,1,0,0,5,0,6,11.12,913,190,6676,2608.11,3504.5,FALSE,0,0,0,0,0
0c89b9aeb54e23bb8a073f07f6d79429e764d0f0,1477329334,1,1,0,0,0,0,0,0,0,0,0,6675,2607.85,4476,FALSE,0,0,0,0,0
6f7a8501cb9e9bb59c109a0ac35171fb2fce56cd,1476990193,1,1,1,0,5,5,0,49,10.16,26610,2026,0,0,0,FALSE,0,0,0,0,0
7a03898ffe83103f939ef047efe7aa958d36780e,1476919328,1,1,1,0,1,1,1,105,2.33,17035,3252,6674,2623.36,4475,FALSE,0,0,0,0,0
2d21faf68aea172befb894db11972de838ec3735,1476891358,1,1,0,0,0,0,0,0,0,0,0,6673,2623.5,4474,FALSE,0,0,0,0,0
609ae34b4e99fb45667d59cf8846fcec2afa6225,1476717793,2,2,1,0,1,1,0,105,6.91,17035,3251,6672,2629.56,2240.5,FALSE,0,0,0,0,0
26ee0c5c2a60b15fa46eef24188ee08f2631fa26,1476596206,1,1,0,0,0,0,0,0,0,0,0,6671,2633.53,4472,FALSE,0,0,0,0,0
cafb5e13317a52263c33a7db65f64a5e4453542e,1476578190,1,1,1,0,1,4,0,2,0.22,469,122,6670,2633.26,2531,FALSE,0,0,0,0,0
7717b8aa64b6278e58fcb2ba9e06f29975293d23,1476561693,1,1,0,0,0,0,0,0,0,0,0,6669,2632.94,4471,FALSE,0,0,0,0,0
c82322c49056a7c25226c9cef20b3f4a3add2924,1476558897,1,1,2,0.412983,35,32,1,2,144.92,318,70.5,6668,2632.05,2530,FALSE,0,0,0,0,0
4af0c066ec4503e96beb4f7d4bd48fbbdc1bba4d,1476407844,1,1,0,0,0,0,0,0,0,0,0,6667,2637.25,4470,FALSE,0,0,0,0,0
d2b10de40bc3c1eadceec151e2e17099063f57d3,1476387051,1,1,1,0,1,1,0,6,10.72,913,189,6666,2637.1,2529,FALSE,0,0,0,0,0
26bfb74a604704d571b6e65aa7ae4f3472387c4d,1476345542,1,1,0,0,0,0,0,0,0,0,0,6665,2637.81,4469,FALSE,0,0,0,0,0
ef129e4c8c551a366da0e1b6e74d8005bea851c8,1476343110,1,1,0,0,0,0,0,0,0,0,0,6664,2636.91,4468,FALSE,0,0,0,0,0
0b04309ea53e8d290e46ffb309324f41294ab1ac,1476336494,1,1,0,0,0,0,0,0,0,0,0,6663,2636.18,4467,FALSE,0,0,0,0,0
fb4852f6db27115fbf37b393354af84e503829f4,1476334266,1,1,0,0,0,0,0,0,0,0,0,6662,2635.27,4466,FALSE,0,0,0,0,0
50469430200cb5c8a0ab53da786ee1908bf7c03a,1476310586,1,1,0,0,0,0,0,0,0,0,0,6661,2635.25,4465,FALSE,0,0,0,0,0
14d7f89f75385274c32cd00b182389fdf7176ff8,1476254253,1,1,1,0,16,20,0,3,0.04,540,51,6660,2636.56,120,FALSE,0,0,0,0,0
d431e9703031ba3b6918994760ec33b907398f17,1476250820,2,2,2,0.83857,29,5,0,8,58.14,1427,70.5,6659,2635.7,1323.5,FALSE,0,0,0,0,0
8f06ea259a2690c893b513c336bca57f533037e8,1476120601,1,1,1,0,5,2,0,105,0,17032,3250,6658,2640.06,4464,FALSE,0,0,0,0,0
0a0fa58e2d54d85844d715d877150b09f589463b,1476120496,1,1,1,0,1,1,0,105,0,17032,3249,6657,2639.07,4463,FALSE,0,0,0,0,0
286f1abb87b05450a7c291f623e920cebfde0424,1476120477,1,1,1,0,1,1,0,105,0.49,17032,3248,6656,2638.07,4462,FALSE,0,0,0,0,0
a621ba236a927791265e63d1f54d5daf2f2047ee,1476112395,1,1,1,0,13,48,0,49,0,26645,2025,6655,2637.4,2527,FALSE,0,0,0,0,0
a041a3782d77211f90af090d3b7229ae07dae236,1476112355,1,1,1,0,0,15,0,49,0.36,26660,2024,6654,2636.4,2526,FALSE,0,0,0,0,0
9f8064a8b578371027c05b9655d86a709991d36c,1476081027,1,1,1,0,20,1,0,49,0.04,26641,2023,6653,2636.69,2525,FALSE,0,0,0,0,0
729f4246222ab910a08d387202325429f1b4317f,1476078040,1,1,1,0,2,2,0,105,0.09,17032,3247,6652,2635.82,4461,FALSE,0,0,0,0,4
6a8e978fd784beedf8f7823691c7b430ecd04d98,1476077540,1,1,1,0,1,12,0,49,0,26652,2022,6651,2634.84,2524,FALSE,0,0,0,0,0
aea509c2305064a994febc71b6540ac5561795e6,1476077133,1,1,1,0,15,1,0,49,0,26638,2021,6650,2633.85,2523,FALSE,0,0,0,0,0
21113b8c87949858cd79dc8a9d9ce1f081ca2d41,1476077101,1,1,1,0,1,1,0,49,0.04,26638,2020,6649,2632.85,2522,FALSE,0,0,0,0,0
dcf6d382c428ae1dbeb8eab955ab684ab8da42d0,1476073645,1,1,1,0,10,6,0,49,0.01,26634,2019,6648,2632,2521,FALSE,0,0,1,0,0
c541598f40763be481f30fd549be0c88bbf5dc0d,1476072590,1,1,1,0,86,151,0,49,0.03,26699,2018,6647,2631.04,2520,FALSE,0,4,0,0,0
bd8e38518fffa50a5efa4d2f29eec31497dd4e88,1476069888,1,1,1,0,28,14,0,49,0.02,26685,2017,6646,2630.15,2519,FALSE,0,0,0,0,0
067036a359e1eab05031d32c1f555161e8d2303f,1476069876,1,1,1,0,1,1,0,105,0.02,17032,3246,6645,2629.15,4460,FALSE,0,0,0,2,1
22b51ed2327cbf817669aa1241762e240fe06952,1476068077,2,2,2,1,10,2,0,110,0.15,21854.5,2177,6644,2628.22,3488.5,FALSE,0,0,0,0,4
054e78572b4e46c5a11aef07bf69b56fd35693f7,1476055008,2,2,2,0.278129,69,41,0,110,2.01,21840.5,2176.5,6643,2627.76,3487.5,FALSE,0,0,0,0,0
31cb06a6430e8a965ddeea32ceea5e556047b269,1476047680,1,1,1,0,25,10,0,105,0.05,17011,3243,6642,2627.06,4457,FALSE,0,0,0,0,0
ee4a5a260464974f3dd603999aa277b46f827be6,1476043168,1,1,1,0,20,9,0,105,0.02,17000,3242,6641,2626.24,4456,FALSE,0,0,0,0,0
05b60871c5aade474c465e58a3d1095e6ec6fddc,1476041842,1,1,1,0,1,1,0,105,1.08,17000,3241,6640,2625.3,4455,FALSE,0,0,0,0,0
03a194fcb9daf6c43b4034ee6a0915d6553ec930,1475948588,1,1,1,0,36,21,0,105,0,16985,3240,6639,2628.11,4454,FALSE,0,0,0,1,0
52e96c38dc52c79e0b73679456c7c6e092ffa775,1475948541,1,1,1,0,3,0,0,105,2.7,16982,3239,6638,2627.11,4453,FALSE,0,0,0,0,0
f5dd98cac45c4264e1191165840f3128edfe2ad9,1475948495,1,1,1,0,1,1,0,1,80.7,112,27,6637,2626.11,186,FALSE,0,0,0,0,0
b890d40b549cd00dade6ae0d954656a97ebc869e,1475948481,1,1,1,0,1,1,0,1,130,17,9,6636,2625.11,2516,FALSE,0,0,0,0,0
457a0dc703e3a7a677249b7db0abbdffbc7cb87a,1475879507,1,1,0,0,0,0,0,0,0,0,0,6635,2626.93,4452,FALSE,0,0,0,0,0
e4837cd75d1b14cdeffb5f796da840a71893bcea,1475853321,1,1,0,0,0,0,0,0,0,0,0,6634,2627,4451,FALSE,0,0,0,0,0
67b2c6f90043e45125f21febdcb29553ac76a08b,1475734811,1,1,0,0,0,0,0,0,0,0,0,6633,2630.86,4450,FALSE,0,0,0,0,0
4b0db6ec6cbf14787b5e713ad192314a4ba8933a,1475726826,1,1,0,0,0,0,0,0,0,0,0,6632,2630.19,4449,FALSE,0,0,0,0,0
39e2b943dc18871e60a0e6673c9632aa47fb6f58,1475722192,1,1,18,0.373571,321,288,0,1,40.45,1201.72,2.44,6631,2629.38,4448,FALSE,0,0,1,390,219
67781417288ef2622ac91ea6870bed7261c208a4,1475721165,1,1,15,0.532983,100,66,0,1,44.28,86.47,2.8,6630,2628.42,4447,FALSE,0,0,0,2,4
52a75b18e4a7ab791db9f6b0ad845c76f31a42a8,1475720972,1,1,15,0.411416,164,117,0,1,47.96,1171.6,3.07,6629,2627.43,4446,FALSE,0,0,0,4,8
260a84c4d85afc53236baecaddf96c15038bedeb,1475715630,3,3,5,0.228572,218,219,0,105,2.38,7591.8,676,6628,2626.65,1823,FALSE,0,0,1,388,215
9c4c194bb5bf99ddc1457ad84231a7ef248dc2c8,1475715600,1,1,2,0.943292,2,23,0,50,0.05,13508.5,1041,6627,2625.65,2515,FALSE,0,0,0,0,0
ac74a1ea158f2687b2d44616c3abedcc5ffbfe41,1475713003,1,1,1,0,0,4,0,49,0,26670,2013,6626,2624.75,2514,FALSE,0,0,0,0,0
e4ddf3e1559087859e17996f98668b8ab51a5b74,1475712699,1,1,1,0,2,2,0,49,0.04,26670,2012,6625,2623.77,2513,FALSE,0,0,0,3,0
896b27ef739dea1a7e0d7f272210dd4da79947e6,1475709534,1,1,1,0,5,21,0,49,0,26686,2011,6624,2622.9,2512,FALSE,0,0,0,0,0
bdf0b9f28890ed399c0ab7ab30f003f324aae38e,1475709151,1,1,1,0,4,7,0,49,0,26689,2010,6623,2621.91,2511,FALSE,0,0,0,0,2
1665e5cbffdfa3a7b5ded411d7a44bdf45e2c96d,1475709070,1,1,2,0.405639,16,8,0,50,96.5,13516,1038.5,6622,2620.91,2510,FALSE,0,0,0,0,1
6e8c0de1ff698fe86d1303cf26a17990c8e9fc30,1475706643,1,1,1,0,26,8,0,49,0.18,26663,2008,6621,2620.01,2509,FALSE,0,0,0,2,0
4fb41ac6a9a305d569464ec398b13b458d224ae8,1475694790,1,1,0,0,0,0,0,0,0,0,0,6620,2619.5,4444,FALSE,0,0,0,0,0
af983b2dd3ac59a5e3eb6df2d63eb4ce09e61cb2,1475690872,1,1,1,0,1,1,0,49,0,26663,2007,6619,2618.66,2508,FALSE,0,0,0,0,0
405d5875b8cbb23a6b142db51b57e59029ed1334,1475690689,2,2,2,0.210758,13,1,0,110,0.05,21816.5,2169,6618,2617.66,3475,FALSE,0,0,0,0,0
b30f979ec7e3da01c522181a11b8662f2e35bc5e,1475688830,1,1,1,0,1,1,0,105,0.06,16982,3236,6617,2616.74,4442,FALSE,0,0,0,0,0
836bd258a03802a2e19debefcbb3388577385b69,1475683551,2,2,2,0.229363,26,0,0,110,1.42,21803.5,2168,6616,2615.95,3473.5,FALSE,0,0,0,0,0
d2f74ee24596fa0bf0a1c095738697c27dbb2e2b,1475680548,1,1,1,0,2,2,1,105,0.41,16978,3234,6615,2615.08,4440,FALSE,0,0,0,0,0
45f668b4169f18cb76483d25a769d70917a84e70,1475645181,1,1,1,0,16,3,0,105,0.09,16965,3233,6614,2615.51,4439,FALSE,0,0,0,0,0
d29d74f687ffedce432119b0c21f1234d97223ad,1475637667,1,1,1,0,4,3,0,105,0.49,16964,3232,6613,2614.82,4438,FALSE,0,0,0,2,0
9fba7be2960e3882e8c32cd8d816d523b0c7f5c2,1475595668,1,1,1,0,4,0,0,105,0.31,16960,3231,6612,2615.52,4437,FALSE,0,0,0,0,0
f30851bac14e5c3b2a278b24ba8f63ff955e53ce,1475568485,1,1,1,0,1,1,0,105,0.02,16960,3230,6611,2615.62,4436,FALSE,0,0,0,0,0
d308bce09fa5f3712490bf7a05a199128f96e3b7,1475566335,1,1,1,0,2,2,0,105,0.01,16960,3229,6610,2614.71,4435,FALSE,0,0,0,0,4
3d7dbd140c7f9dc8ad5058506ea01080f900abcb,1475565814,1,1,1,0,0,1,0,105,0,16961,3228,6609,2613.73,4434,FALSE,0,0,0,0,0
15bd64a1b4e66f77b1629a81271ba341f4cb719c,1475565780,1,1,1,0,13,8,0,105,0.08,16956,3227,6608,2612.73,4433,FALSE,0,0,0,0,0
3c3010083789421ad9bf390f11e374bd70c7c017,1475559150,1,1,1,0,2,7,0,105,0.08,16961,3226,6607,2612,4432,FALSE,0,0,0,0,0
81bdb9da43751581f42ad457f5c435babc49306a,1475552077,1,1,1,0,2,6,0,105,0,16965,3225,6606,2611.29,4431,FALSE,0,0,0,0,0
60e3a93a30ae743517b35f5b2e246c28204f3426,1475552019,1,1,1,0,1,3,0,105,0,16967,3224,6605,2610.29,4430,FALSE,0,0,0,0,0
158f2839fda66a5e67c24258889690bf150c30d4,1475551671,1,1,1,0,1,2,0,105,0.1,16968,3223,6604,2609.31,4429,FALSE,0,0,0,0,0
c7b9df4286d870546afc1ee717e3eda0014db1e2,1475543167,1,1,1,0,8,5,0,105,0,16965,3222,6603,2608.65,4428,FALSE,0,0,0,0,0
0eca941e22b9fde2e001d8e42407e248e8bd554f,1475543132,1,1,1,0,13,12,0,105,0.04,16964,3221,6602,2607.65,4427,FALSE,0,0,0,0,0
8592f4163f32bc58390fbabb447cbabfd1269e8c,1475539665,1,1,1,0,3,1,1,105,0.87,16962,3220,6601,2606.79,4426,FALSE,0,0,0,0,0
29e2598a39311dac16b5e99037d3578f1be3f209,1475531826,1,1,0,0,0,0,0,0,0,0,0,6600,2606.11,4425,FALSE,0,0,0,0,0
32e75acb9fe14305db80dc47fe0021520bed311f,1475531697,1,1,0,0,0,0,0,0,0,0,0,6599,2605.11,4424,FALSE,0,0,0,0,0
b54501a771e86d07862925ef219ba7ff02613ae1,1475516086,1,1,0,0,0,0,0,0,0,0,0,6598,2604.74,4423,FALSE,0,0,0,0,0
eb1446def58285f7928549c64fef44e799050e32,1475470847,2,2,14,0.29094,209,172,0,1,29.86,1520.21,2.93,6597,2605.56,2270,FALSE,0,0,0,376,212
d9fd2bdf9c12db26594f4c75e1023515813156cc,1475470484,1,1,10,0.568258,42,25,0,1,21.2,95.1,3.9,6596,2604.58,4421,FALSE,0,0,0,2,1
0961d6eddee597e79ca5673546326a505d600b38,1475470300,1,1,10,0.44209,75,45,0,1,21.2,1723.7,4.5,6595,2603.59,4420,FALSE,0,0,0,4,2
60628606285f94e8262a244b63910fdfa7bc974f,1475464973,1,1,0,0,0,0,0,0,0,0,0,6594,2602.8,4419,FALSE,0,0,0,0,0
a12c3797fbb26a28525503fdf88f1d2b4d142d4a,1475464898,3,3,7,0.200138,173,153,0,105,8.51,5563.57,480.29,6593,2601.8,1813.33,FALSE,0,0,0,376,228
48bc8b4f1afbb2a822083b4236747fa92fea07e6,1475461150,1,1,1,0,1,1,0,6,18.34,913,188,6592,2600.95,2505,FALSE,0,0,0,0,0
e8616819633dcdfe21095e5d11cd01a61e8133e1,1475441862,1,1,1,0,6,13,0,49,0.01,26636,2004,6591,2600.73,2504,FALSE,0,0,0,0,0
9985e818080650a00a122528a9382bfd513ffba3,1475440667,2,2,2,0.0843225,16,0,0,110,1.77,21791,2159,6590,2599.78,3460,FALSE,0,0,0,0,0
ffde99b21675a09ba75e44bf518ca74fad508a4f,1475390130,1,1,1,0,2,1,0,49,0,26620,2002,6589,2600.81,2502,FALSE,0,0,0,0,0
492caa4fd2ce1145d735b993f09bf64b88bcd5e1,1475390085,1,1,1,0,13,1,0,49,5.08,26608,2001,6588,2599.81,2501,FALSE,0,0,0,0,0
01c0950ae87915c4348d7e4cc3216882f02e17c9,1475274792,1,1,1,0,1,1,0,1,179.75,18,5,6587,2603.44,117,FALSE,0,0,0,0,3
20fa52309c37b238fc2b62bfa2a290d4ab9f0679,1475186049,1,1,1,0,2,1,0,105,1.08,16960,3217,6586,2606.02,4416,FALSE,0,0,0,0,0
7a345b5606c895d32db7e2af818dcec61fc58adc,1475178946,1,1,0,0,0,0,0,0,0,0,0,6585,2605.31,168,FALSE,0,0,0,0,0
b6d81168828b470a825d1486e36350cc09533b0e,1475096604,1,1,0,0,0,0,0,0,0,0,0,6584,2607.64,4415,FALSE,0,0,0,0,0
4495e74f7772c4fbe570cceb983a2ddefcca9bca,1475092451,1,1,1,0,6,0,0,105,0.93,16954,3216,6583,2606.81,4414,FALSE,0,0,0,0,0
c009349d9900770871809770f496486e59caf66b,1475012201,1,1,1,0,11,5,0,105,0.02,16948,3215,6582,2609.06,4413,FALSE,0,0,0,0,0
26d5ba992c41912477c82b79b3d5c011cce0d00e,1475010246,1,1,1,0,1,1,1,105,0.69,16948,3214,6581,2608.13,4412,FALSE,0,0,0,0,0
c1c394ac60b581315c3776a5f8faf791e1cc0cb3,1474951311,1,1,0,0,0,0,0,0,0,0,0,6580,2609.52,4411,FALSE,0,0,0,0,0
320ef6f933f1cd1a6673a447142237affea4306d,1474950773,1,1,1,0,13,13,0,49,0,26608,2000,6579,2608.54,2500,FALSE,0,0,0,0,0
b678bb4a748f43cdb9468fc9bbf7920d0b03e950,1474950453,2,2,2,0.526097,49,19,0,110,3.95,21763,2155,6578,2607.56,3454.5,TRUE,0,0,0,2,1
ac571efbbda10f2141c224bc3b28299d708c4364,1474836375,1,1,29,0.388038,376,232,0,1,44.83,757.86,1.45,6577,2611.18,4409,FALSE,0,0,0,424,242
ab95e7dde7e0d664a0836dd1bc0d122df7ace400,1474836014,1,1,26,0.650605,125,44,0,1,43.78,66.42,1.58,6576,2610.2,4408,FALSE,0,0,0,2,2
2f8450b5231127a47d5e143633bb240add6d1cd2,1474835866,1,1,26,0.473844,209,71,0,1,49.41,691.58,1.69,6575,2609.21,4407,FALSE,0,0,0,3,2
33a43a5f93b79f661e50177ac5d579b514112c9b,1474835077,1,1,0,0,0,0,0,0,0,0,0,6574,2608.24,4406,FALSE,0,0,0,0,0
70d3057e1754b50b24174e3f0bc352b047582d17,1474835027,1,1,0,0,0,0,0,0,0,0,0,6573,2607.24,4405,FALSE,0,0,0,0,0
3d279202264d13db42e9665aa291ffaf6de193fe,1474834960,3,3,5,0.216244,251,188,0,105,4.17,7567.8,670.8,6572,2606.24,1808,FALSE,0,0,0,422,240
fac95018404603959985c5b072b3cdd4570bddc9,1474830657,1,1,1,0,5,2,0,3,14.96,212,31,6571,2605.42,167,FALSE,0,0,0,0,0
4d6aade733da4f50bf13bf9619e3699b7fd6382b,1474830230,1,1,1,0,5,5,0,105,0.47,16945,3211,6570,2604.43,4403,FALSE,0,0,0,2,0
d9e2c1cc347fe4e78860d56bd961520a1a1779f8,1474789510,1,1,1,0,2,2,0,105,0,16945,3210,6569,2605.08,4402,FALSE,0,0,0,0,0
c8c6a7e7b1ea157c9eed12f3019287c8a850e11e,1474789144,1,1,1,0,1,2,1,105,0.03,16946,3209,6568,2604.09,4401,FALSE,0,0,0,0,0
69addb855eed117d762f9962b00089d96b9275a5,1474786704,1,1,1,0,48,13,0,105,0.12,16911,3208,6567,2603.19,4400,FALSE,0,0,0,1,0
55fb0172c0ad07a90206a9b718b28e7ee565f3cc,1474776470,1,1,1,0,4,20,0,105,0.48,16927,3207,6566,2602.61,4399,FALSE,0,0,0,0,0
2026cbeebd0a0e1f60b68b0951c3205c99e59101,1474735243,1,1,1,0,16,4,0,105,0.63,16915,3206,6565,2603.27,4398,FALSE,0,0,0,0,0
d6d01cdfa034e6c2d22b2c2b2061ed0855a27bc8,1474681074,1,1,1,0,24,12,0,105,0.07,16903,3205,6564,2604.46,4397,TRUE,0,0,0,0,0
cb07604dc6516e2b9bcdd07bbd72c33083a2bb0a,1474674674,1,1,1,0,1,1,1,105,0,16903,3204,6563,2603.72,4396,FALSE,0,0,0,0,0
549def0e4874ac4cb2d51f38f9745f22fa79cf22,1474674516,1,1,1,0,4,1,0,105,0.06,16900,3203,6562,2602.73,4395,FALSE,0,0,0,0,0
a3c215919d6dafa6b6e61fa4c2a67a7ee42f9b41,1474668909,1,1,1,0,7,4,0,105,0.03,16897,3202,6561,2601.95,4394,FALSE,0,0,0,0,0
ab904a10473c1b703af22fe387fc0c34bab39c54,1474666743,1,1,1,0,3,1,0,105,3.26,16895,3201,6560,2601.04,4393,FALSE,0,0,0,0,0
60381f4d6c7b0842f205ad0f75ffaac3bb10f248,1474585369,1,1,0,0,0,0,0,0,0,0,0,6559,2603.33,4392,FALSE,0,0,0,0,0
8f607295aedb2f432fc1c444d72f5c580d4716f8,1474409163,1,1,0,0,0,0,0,0,0,0,0,6558,2609.47,4391,FALSE,0,0,0,0,0
a96a747b8c11ce925e7e6c3b3a51c0d71f22be36,1474390486,1,1,6,0.091831,119,119,0,1,2.47,3495.17,5.5,6557,2609.23,4390,FALSE,0,0,0,331,160
5425ef9a598e4fc724fef0ee505dbe5692689bbc,1474390226,1,1,3,1,3,3,0,1,2.47,240,10.67,6556,2608.24,4389,FALSE,0,0,0,0,0
81b88ae10cf87d92b84dfb9bae361de2a0667d07,1474390060,1,1,3,0.409223,7,7,0,1,2.47,5652,14.33,6555,2607.25,4388,FALSE,0,0,0,0,0
c8914a890c57ffa154bcae1d244ba876b39c1b2d,1474389639,1,1,1,0,2,0,0,2,37.81,464,120,6554,2606.26,2498,FALSE,0,0,0,0,0
27218a95afefbade323809cc71761dd0cd87e751,1474385497,1,1,0,0,0,0,0,0,0,0,0,6553,2605.43,4387,FALSE,0,0,0,0,0
8e150ad6bc98b58df80a064ed18f8a3674142e8a,1474385411,3,3,5,0.0825146,118,118,0,105,2.07,7557.8,668.4,6552,2604.44,1801.33,FALSE,0,0,0,331,160
b25a86f352ce13be279cf601552f6e3270430493,1474382999,1,1,1,0,2,2,0,49,0,26581,1998,6551,2603.53,2497,FALSE,0,0,0,0,0
ec8e2792354e0cb96dfa72deca8b1ff4ea40224b,1474382980,1,1,1,0,16,12,0,49,20.61,26577,1997,6550,2602.53,2496,FALSE,0,0,0,0,0
1cc16029dbefc0751b38d06421cab4319604d5b0,1474381881,1,1,1,0,2,2,0,105,0.6,16895,3199,6549,2601.58,4385,FALSE,0,0,0,0,0
c3a7516712cd198f36c0f86900879de0cac09a97,1474330295,1,1,0,0,0,0,0,0,0,0,0,6548,2602.67,4384,FALSE,0,0,0,0,0
5c912bcc62d385084cf7f9a13b5ac850a7e72be0,1474329927,1,1,1,0,2,2,0,105,1.93,16895,3198,6547,2601.68,4383,FALSE,0,0,0,0,0
b3742c8d3cef711518dba4cdb18927a841738b80,1474307564,1,1,0,0,0,0,0,0,0,0,0,6546,2601.58,4382,FALSE,0,0,0,0,0
9e23f5441bc1118d9c4aa601cfa26544c50d4d98,1474177060,2,2,106,0.411524,1220,805,0,1,71.04,230.42,0.39,6545,2605.87,2248.5,FALSE,0,0,0,469,263
94ac73824fc0a19d776bc8de47903f34e136cb75,1474176523,1,1,100,0.629141,521,316,0,1,66.4,40.07,0.4,6544,2604.89,4380,FALSE,0,0,0,17,9
0b9ddff4083a65edd3f600af47d3c0cfe79bba35,1474176292,1,1,100,0.412207,971,594,0,1,73.73,200.68,0.42,6543,2603.9,4379,FALSE,0,0,0,34,18
12319d577539094294c595ee29e9c0b6b1449c9a,1474175584,1,1,0,0,0,0,0,0,0,0,0,6542,2602.93,4378,FALSE,0,0,0,0,0
6091c8ec4995ee4b93e6df03bfb925d16d1d3426,1474164754,1,1,1,0,0,7,0,105,1.45,16902,3196,6541,2602.37,4377,FALSE,0,0,0,0,0
cfb7dab0f31fa4d66c7e26971cc9dc6231116ec3,1474162927,1,1,0,0,0,0,0,0,0,0,0,6540,2601.44,4376,FALSE,0,0,0,0,0
45e1965936ef7f03e6a930bf8f35f71a9ebb2ffb,1474162869,3,3,8,0.189779,699,494,0,105,33.75,4879.88,417.5,6539,2600.45,1797,FALSE,0,0,0,456,262
2d9f3cde0f228d5408f551345687e04c439b239e,1474154717,1,1,0,0,0,0,0,0,0,0,0,6538,2599.78,4374,FALSE,0,0,0,0,0
e5f477024707f57d44e5ca1a0c488ab2a13f22d1,1474039666,1,1,1,0,53,16,0,105,5.9,16865,3195,6537,2603.43,4373,FALSE,0,0,0,0,0
dc7c32151466d892a1942e7e7a059eccb1d55fed,1473962005,1,1,0,0,0,0,0,0,0,0,0,45,29.87,45,FALSE,0,0,0,0,0
40164659b1e75bfc21b3be1b81eaca7f8c870b9b,1473959819,1,1,0,0,0,0,0,0,0,0,0,6536,2605.67,4372,FALSE,0,0,0,0,0
7829f3d224d5b5ca75c31fdd0f928859b7d4a1c8,1473959409,1,1,0,0,0,0,0,0,0,0,0,0,0,0,FALSE,0,0,0,0,0
92359257c1f566b655a417498086e145e4e3db1c,1473876934,1,1,1,0,1,1,0,6,19.81,913,187,6535,2608.05,2495,FALSE,0,0,0,0,0
d2a2b3a8c408b125a4986442110a7b4c811bfb71,1473566732,1,1,0,0,0,0,0,0,0,0,0,6534,2619.75,4371,FALSE,0,0,0,0,0
4019eb65f2dbcce76a77c3c8926a9242ebba956d,1473542558,1,1,0,0,0,0,0,0,0,0,0,6533,2619.75,166,FALSE,0,0,0,0,0
4c5bead5c6951b9671877c52165fb3fff3ecc4fd,1473539647,1,1,0,0,0,0,0,0,0,0,0,6532,2618.87,4370,FALSE,0,0,0,0,0
0163aae35757cae97b42d45ef1a1dd1c5fe3bb3a,1473538125,1,1,1,0,11,8,0,3,4.21,209,30,6531,2617.93,165,FALSE,0,0,0,0,0
8fa23a94a08deda82968d2d5c8fd13282ca49d81,1473529716,1,1,1,0,3,3,0,105,3.85,16865,3194,6530,2617.27,4369,FALSE,0,0,0,2,5
8176d56c725489156e19d68aeaf8851d313f4446,1473197093,1,1,1,0,13,13,1,105,4.76,16865,3193,6529,2630.03,4368,FALSE,0,0,0,0,0
5add1687433c7ebed11918f05ea945be5683926f,1473192059,1,1,0,0,0,0,0,0,0,0,0,6528,2629.24,4367,FALSE,0,0,0,0,0
27e59404d36c6eba13deb6d6bd26618d939bdb6b,1473191008,1,1,0,0,0,0,0,0,0,0,0,6527,2628.28,4366,FALSE,0,0,0,0,0
54f5ac7b8de57a8c55c08d92f3d308882aff8efa,1473174278,1,1,1,0,3,3,0,3,0.36,209,29,6526,2627.97,164,FALSE,0,0,0,0,0
5c688cc0b737aa598019029d7fe71616664bf191,1473142837,1,1,1,0,0,1,0,3,0,210,28,6525,2628.28,163,FALSE,0,0,0,0,0
86efb0ea096071bb7f7dc8bab4fc1e64d4b6a9ee,1473142719,1,1,1,0,1,1,0,3,0.55,210,27,6524,2627.28,162,FALSE,0,0,0,0,0
bc13666222c0027c0b8cf31b8f9b3774c84d9f19,1473095505,1,1,1,0,55,45,0,3,0.34,200,26,6523,2628.25,161,FALSE,0,0,0,0,0
d1abde7d1af1bb4cb2423286a54313220c0d8f31,1473066471,1,1,1,0,1,3,0,3,0.01,202,25,6522,2628.45,160,TRUE,0,0,0,0,0
691db4d406b7bece655f605b78d6f30900b9c318,1473065673,1,1,1,0,2,2,0,3,0.63,202,24,6521,2627.49,159,FALSE,0,0,0,0,0
4d2181ad833a62a838cebd9c4de6142724d46fbd,1473011598,1,1,1,0,2,2,0,3,8.1,83,12,6520,2628.73,158,FALSE,0,0,0,0,0
fb833b0c198b6d8182fd873adf267d802b59cb6d,1473011535,1,1,1,0,114,43,0,3,0.4,131,23,6519,2627.74,157,FALSE,0,0,0,0,0
9dd291a96eef2a1d9a1f43ca1266763940e5e2b0,1472977396,2,2,1,0,4,22,0,3,0.67,149,22,6518,2628.15,2260.5,FALSE,0,0,0,0,0
1344803e7ee15cf87b665f90ac27f60db730f198,1472919777,2,2,1,0,56,8,0,3,3.45,101,21,6517,2629.55,2259.5,FALSE,0,0,0,0,0
4a5f8fa974aa483519fcf8bd30bb921f3b7922b5,1472785420,1,1,1,0,14,4,0,105,0.35,16855,3192,6516,2634.16,4363,TRUE,0,0,0,0,0
212e4a64074bf1949438f0fd102fdc3bbaf7194d,1472755298,1,1,1,0,31,23,0,105,0.42,16847,3191,6515,2634.42,4362,FALSE,0,0,0,0,0
d47123779ed1f78a4c32abdde85f816160ba13dd,1472718629,1,1,1,0,5,3,0,105,0.01,16845,3190,6514,2634.95,4361,FALSE,0,0,0,0,0
fc734a63717e2f29268eb79a161daaa6a9107d02,1472717532,1,1,1,0,1,1,0,105,1.33,16845,3189,6513,2634,4360,TRUE,0,0,0,0,0
02be5b808ecd147192ff8cc13ceed0f151f2a38f,1472621552,1,1,1,0,4,0,0,3,3.58,97,20,6512,2637.02,154,FALSE,0,0,0,0,0
0d757fdc40e401da27c9bd6081bf7a16facea671,1472602379,2,2,2,0.2904,37,16,0,110,1.39,21700.5,2141.5,6511,2636.82,3426.5,FALSE,0,0,0,0,0
0263a879c4ca4a22cfd8c37a4177a6e60c1eae50,1472512756,1,1,1,0,2,1,0,105,0.7,16844,3187,6510,2639.59,4358,FALSE,0,0,0,0,0
c309ed1c49065b34553d450976f183ba5049e8ef,1472484217,1,1,1,0,1,0,0,1,50.61,21,8,6509,2639.79,153,FALSE,0,0,0,0,0
78a7fa1d146ef2f28a1b1cde499400cba91df231,1472483240,1,1,1,0,1,1,0,49,1.31,26577,1994,6508,2638.83,2493,FALSE,0,0,0,0,0
77178a9583408217d370d1b45aaed6c982de2685,1472481465,1,1,1,0,1,1,0,105,0.01,16827,3185,6507,2637.91,4357,FALSE,0,0,0,0,0
d2ab33eb526b04aafe01058816fa90b2efcd8450,1472480594,1,1,1,0,1,1,1,104,1.24,16827,3184,0,0,0,FALSE,0,0,0,0,0
e58de14437de1166ae74f5d8863e01dbfb6009af,1472451950,2,2,2,0.533969,38,42,0,110,-0.35,21702,2140.5,6506,2638.15,3424,FALSE,0,0,0,2,0
7b3194660c8601b798a0b14a1eb66f0e512ca761,1472373130,1,1,1,0,1,1,1,104,0.03,16827,3183,6505,2640.46,4355,FALSE,0,0,0,0,0
f627b25e9d3506ca2d9f9c746be48b3bcace8e62,1472370811,1,1,1,0,1,1,0,104,0.13,16827,3182,6504,2639.56,4354,FALSE,0,0,0,2,0
1bbb7c9d3b8999f13bc6605f5dccba158a5b6cbf,1472369695,1,1,1,0,58,51,0,49,0.04,26570,1993,6503,2638.61,2491,FALSE,0,0,0,4,0
08a4ae1f563eda9c9127ca6e47ba0da211ac9306,1472366456,1,1,1,0,36,0,0,49,0.08,26534,1992,6502,2637.74,2490,FALSE,0,0,0,0,0
7c398f80198878e51c888d5286d6e564baadd923,1472359224,2,2,3,0.53506,27,18,0,109,0.15,15223.7,1457.33,6501,2637.05,3421,FALSE,0,0,0,0,2
6651023f7f51c1846211184b6ea217a79e7d4db8,1472353083,1,1,1,0,11,11,0,49,0.01,26533,1990,6500,2636.31,2488,FALSE,0,0,0,0,0
021df666a37214e5925a440b56ff14897c364d7a,1472352224,1,1,1,0,2,2,0,49,0.01,26533,1989,6499,2635.34,2487,FALSE,0,0,0,0,0
d7e60cb6d0b465f0a08d563c3a99f14da7240d61,1472351381,1,1,1,0,4,4,0,49,0.01,26533,1988,6498,2634.38,2486,FALSE,0,0,0,0,0
4cd26e6860bc0958d15c8468f98e31fff10ace5e,1472350631,1,1,1,0,22,2,0,49,0.03,26513,1987,6497,2633.41,2485,FALSE,0,0,0,0,1
946a3bf5c85a60504a399cca3f96a5446c2e4fa9,1472348200,1,1,1,0,18,38,0,49,0.07,26533,1986,6496,2632.51,2484,FALSE,0,0,0,0,0
b10e6a01b2e9d81bc38b5d2e3ad2fda7a9b611f0,1472342585,2,2,2,0.377073,27,7,0,104,4.64,9559,1644,6495,2631.75,3417.5,FALSE,0,0,0,1,0
e23341a118b0c4358c07992b8896771e8c1f0651,1472341966,2,2,2,1,2,2,1,109,2.39,21666,2133,6494,2630.77,3416.5,FALSE,0,0,0,0,0
4446fb13a3af904f1cfb1d8c7b52c1e2e76850be,1472338000,1,1,1,0,2,2,1,104,0.18,16799,3178,6493,2629.94,4350,FALSE,0,0,0,0,0
a0ecdfff0b3c273933807fd3cb0d4d3bb68031d5,1472322383,1,1,1,0,1,1,0,104,0.03,16752,3175,6492,2629.59,4349,FALSE,0,0,0,0,0
4dfbde7716bee0844372ac64b39e5b740f14ab85,1472322340,1,1,1,0,50,28,0,104,0.03,16777,3177,6491,2628.59,4348,FALSE,0,0,0,0,0
60023a23dfa09d2c6699a9dcbc278fa3d9c76769,1472319831,1,1,1,0,6,5,0,104,2.74,16751,3174,6490,2627.7,4347,FALSE,0,0,0,0,0
3c03d4a1f3814fded8c847bfa93762699a32b0d3,1472319775,1,1,1,0,68,43,0,104,-0.03,16752,3176,6489,2626.7,4346,FALSE,0,0,0,2,0
e96442631cdb249b4aa5f11d0d73420ac17e931f,1472314665,1,1,0,0,0,0,0,0,0,0,0,6488,2625.91,4345,FALSE,0,0,0,0,0
94750bfa3c8a8d58686a5c2525f6975a6df9ca15,1472311968,2,5,12,0.514259,147,151,0,5,49.83,58.58,6.08,6487,2625.02,2248,FALSE,0,0,0,0,0
5cc02555d034ccc00b7f9f66a1a9f9840098050f,1472165001,1,1,1,0,2,3,0,6,36.91,914,186,6486,2630.16,2481,FALSE,0,0,0,0,0
6e2f7e2f38e7ec2769efd60c0c09b8d063756606,1472135369,1,1,0,0,0,0,0,0,0,0,0,6485,2630.4,4343,FALSE,0,0,0,0,0
de92cc32e6473c5eca9497338797826109dfa113,1472083434,1,1,1,0,44,19,0,104,1.19,16726,3173,6484,2631.58,4342,FALSE,0,0,0,2,0
e97205409d03de4e037a9ac4912d6b296afce49f,1472051247,1,1,0,0,0,0,0,0,0,0,0,6483,2631.93,4341,FALSE,0,0,0,0,0
091d8e3dbfdebdc5dd71e28ed9fffefacc1990b4,1471997043,1,1,0,0,0,0,0,0,0,0,0,0,0,0,FALSE,0,0,0,0,0
171ca53c29470c2f49add21a805410bf7ca146b0,1471980404,1,1,1,0,5,4,0,104,0.55,16725,3172,6482,2633.9,4340,FALSE,0,0,0,0,0
1aee1c6cb8e024323b0535410b41e536df0bdd9d,1471932566,1,1,1,0,1,8,1,104,0.51,16732,3171,6481,2634.91,4339,FALSE,0,0,0,0,0
5be61796d94fc9143a07545e246632fa6c2c12c2,1471932342,1,1,1,0,2,2,0,49,0.5,26533,1984,6480,2633.92,2480,FALSE,0,0,0,0,0
343f48b08c130abc88f6faf8fc7a907a1b56dbef,1471888719,2,2,2,0.608022,21,5,0,109,4.43,21624.5,2128,6479,2634.76,3408.5,FALSE,0,0,0,0,1
358ecfd2ebd867bb36112559995de417ac63fb4d,1471888567,1,1,1,0,2,1,0,104,4.97,16722,3169,6478,2633.76,4337,FALSE,0,0,0,0,0
8066ad7e651c555c468e209c698654f861b0e75e,1471849745,1,1,0,0,0,0,0,0,0,0,0,6477,2634.39,4336,FALSE,0,0,0,0,0
7ae0d0099d21c049e56eeb8c54e3561ef4255ff0,1471845701,1,1,1,0,24,0,0,3,14.35,73,18,6476,2633.56,151,FALSE,0,0,0,0,0
2e4fc41c9bf22815a08c3e17ea1ebc0a7ca449ac,1471838677,1,1,0,0,0,0,0,0,0,0,0,6475,2632.86,4335,FALSE,0,0,0,0,0
71247ff5562761c19da1aea7ef3c927d419d5e06,1471831626,1,1,0,0,0,0,0,0,0,0,0,44,30.32,44,FALSE,0,0,0,0,0
5ef163f1434e333c584404a57852b1d3e6fc1f58,1471620248,1,1,0,0,0,0,0,0,0,0,0,6474,2641.07,4334,FALSE,0,0,0,0,0
510cbfaa3fa61430dd592ff0957436f9ab0433fe,1471541807,1,1,1,0,14,14,0,6,0.12,2319,117,6473,2643.4,2478,FALSE,0,0,0,0,0
bd3fcab9c0262be3a3928a00cd139c67a475863f,1471531627,2,2,2,0.470013,31,8,0,12,16.62,1331.5,98.5,6472,2642.83,1296,FALSE,0,0,0,0,0
9841e6aa4c1b7e54c35a04ba621406892c332a60,1471459252,1,1,1,0,3,3,0,104,0,16722,3168,6471,2644.9,4333,FALSE,0,0,0,0,0
1bf125eebd899c52b311902cc89867e1fd3c6830,1471459211,1,1,1,0,49,26,0,104,1.57,16699,3167,6470,2643.91,4332,FALSE,0,0,0,10,0
f9936b8b5489e3aea8fbdee45ba3e096a3994b57,1471323643,1,1,1,0,21,9,0,104,0.57,16687,3166,6469,2648.68,4331,FALSE,0,0,0,0,0
d11aa6de06f3f513230910d29c6c7ce3f4fa4bfc,1471274552,1,1,1,0,1,6,0,104,0.01,16692,3165,6468,2649.77,4330,FALSE,0,0,0,0,0
1c4fccc0fda6260d3235b0236a9afe5d44b54e2f,1471273533,1,1,1,0,1,2,0,104,0.02,16693,3164,6467,2648.82,4329,FALSE,0,0,0,0,0
aa0323f04d027d2ff0451bacdc04449922632879,1471271511,1,1,1,0,1,1,0,104,1.72,16693,3163,6466,2647.9,4328,FALSE,0,0,0,0,0
2916e9dd11e0020a283c8b6d959bba433a5f7c5e,1471123061,1,1,1,0,2,5,0,104,0.02,16696,3162,6465,2653.25,4327,FALSE,0,0,0,0,0
6958d7abd4c57921baac3fde2ecfa74c1428b89c,1471122826,1,1,1,0,0,2,0,49,0.02,26528,1982,6464,2652.26,2476,FALSE,0,0,0,0,0
9e661cb8586839661cb9708c101150dfab1dbfef,1471122814,1,1,1,0,4,0,0,2,33.9,460,119,6463,2651.26,2475,FALSE,0,0,0,0,0
a972026c679f6dd36d0763b14d78f373c110b7b9,1471121540,1,1,0,0,0,0,0,0,0,0,0,6462,2650.31,4326,FALSE,0,0,0,0,0
2b1bda7418994ac3853e9290646a269817d0ba48,1471121421,2,2,2,0.523683,4,22,1,109,0.02,21621,2123,6461,2649.32,3399.5,TRUE,0,0,0,0,0
7c971587dc2a5de62553cdf9f45f51a90e2527b7,1471120089,1,1,0,0,0,0,0,0,0,0,0,6460,2648.38,4324,FALSE,0,0,0,0,0
a6a3f3ed80f9bb084db27b04a12015e8a8e1eab0,1471119989,2,2,2,0.595158,4,43,0,109,0,21640.5,2122.5,6459,2647.38,3398,FALSE,0,0,0,0,2
5cca51e978b01b9353a900039348182a9d62b755,1471119726,2,2,2,0.917275,13,21,0,109,1.6,21644.5,2122,6458,2646.39,3397,FALSE,0,0,0,0,0
f2f9517259f1fc7d76f9dc29046b4c3fc5cefc46,1471107785,2,2,1,0,55,130,0,1,19.42,132,1,6457,2645.9,2161,FALSE,0,0,0,0,0
4889aa8d2c4653760272a59e2b1df54546be7716,1471107656,9,9,8,0.64712,145,41,0,1,0,11,0.12,6456,2644.91,480.667,FALSE,0,0,0,0,0
8051ec805798afac4f16253ea42faaff586efc95,1471107636,2,2,1,0,4,31,0,1,0,57,1,6455,2643.91,2160,FALSE,0,0,0,0,0
f9b1317490428f17172c60653ed5561cf563fdad,1471107566,5,5,4,0.639824,550,0,0,0,0,0,0,6454,2642.91,864.2,FALSE,0,0,0,0,0
f169337dedcad55e2375ba2b8bd16b91864757f4,1471107551,2,2,1,0,5,32,0,1,93.4,80,2,6453,2641.91,2159.5,FALSE,0,0,0,0,0
4c09cde0126b7442d741e37d28161d2848eb0d21,1471107477,2,2,1,0,295,0,0,0,0,0,0,6452,2640.91,2158.5,FALSE,0,0,0,0,0
f52bbc337dc9b118b5c75efb72e7bda08178820e,1471107462,3,3,2,1,52,48,0,1,13.71,300,3,6451,2639.92,1443,FALSE,0,0,0,0,0
aeaf01ac0a0f84fdeebd919e6082dca6740c767f,1471034832,6,6,5,0.924298,304,0,0,0,0,0,0,6450,2642,726.667,FALSE,0,0,0,4,3
2f86e0700d4a824a2f09d691fc80a251a70742e6,1471034811,5,5,4,1,16,124,0,1,410.64,241.5,0.5,6449,2641,864.2,FALSE,0,0,0,0,8
40a13d4b86a14fd0fad9dca3167c5326a578e533,1471011651,1,1,0,0,0,0,0,0,0,0,0,6448,2640.99,4312,FALSE,0,0,0,0,0
a06bf830855eb51c532c0b9d3d6f195eeb06071f,1470983583,1,1,55,0.423077,697,443,0,1,51.03,408.49,0.71,6447,2641.18,4311,FALSE,0,0,0,348,191
28663c1e27f2a03995b99cb12dfa076d1b7b57e1,1470983352,1,1,52,0.571694,341,214,0,1,46.13,48.81,0.71,6446,2640.19,4310,FALSE,0,0,0,0,3
fff78cbd5a1ed3bcb62918f16f996c40887db788,1470983251,1,1,52,0.446713,578,309,0,1,53.7,355.4,0.79,6445,2639.19,4309,FALSE,0,0,0,2,6
a0971d016dc17d57dc4eb033862e601548b77a1c,1470982149,3,3,5,0.14775,355,228,0,104,3.3,7461,660,6444,2638.24,1774,FALSE,0,0,0,348,188
410e9e3eb891db0846b09b04b5f8c4aafc4cbd7d,1470981611,2,2,2,0.19863,42,17,0,109,0.22,21632,2121,6443,2637.26,3389,TRUE,0,0,0,0,0
37813c3826232c9a33d86e7bb8464d1da4559654,1470966223,1,1,1,0,31,0,0,49,1.23,26500,1977,6442,2636.92,2470,FALSE,0,0,0,0,0
e00c24366207c61af9732fa517fbfa1d6cecac9f,1470959652,1,1,1,0,5,4,1,104,0.71,16732,3156,6441,2636.19,4306,FALSE,0,0,0,0,0
f504f5aac57f7b3f863451ec74317ad86712744c,1470898273,1,1,1,0,1,1,0,104,0.02,16732,3155,6440,2637.8,4305,FALSE,0,0,0,0,0
0b63f2c259b51eddf2bd9e15221bdb1205c1bc1b,1470896295,1,1,1,0,1,1,0,104,0.53,16732,3154,6439,2636.88,4304,FALSE,0,0,0,0,0
7da7d7b7e03f01c6135d59483bc2ce46c212db19,1470872337,1,1,0,0,0,0,0,0,0,0,0,6438,2636.9,4303,FALSE,0,0,0,0,0
14fb27ce77774ba08112aa8705a151f968e8781a,1470859992,1,1,1,0,5,5,0,49,3.71,26500,1976,6437,2636.42,2469,FALSE,0,0,0,0,0
907add6acc1f5cba2ecddf78fb403f427e2484ff,1470852612,1,1,0,0,0,0,0,0,0,0,0,6436,2635.73,4302,FALSE,0,0,0,0,0
f110e3ddcdbf27ebc6e7e67c834f7f619fa794b4,1470850706,1,1,1,0,7,5,0,104,0.45,16730,3153,6435,2634.82,4301,FALSE,0,0,0,0,0
ed206e5611494ef0a34f70d3f9f160ceed369c42,1470812188,1,1,1,0,41,4,0,104,0.16,16693,3152,6434,2635.45,4300,TRUE,0,0,0,0,0
e4d8af175bec9e469256b59001832c74665f999f,1470798792,1,1,1,0,2,2,0,104,0.08,16693,3151,6433,2635.01,4299,FALSE,0,0,0,0,0
ba7ddc8cdc1cc822b60835ca4617ffee6927a3b6,1470791925,1,1,1,0,2,2,0,104,0.01,16693,3150,6432,2634.31,4298,FALSE,0,0,0,0,0
389f5790a7987a0ade9f0d5367fcf859400e6ab6,1470791879,1,1,0,0,0,0,0,0,0,0,0,6431,2633.31,4297,FALSE,0,0,0,0,0
6071982dd9b645cb66fda98f3813ec2b90489e7a,1470791300,1,1,1,0,145,56,0,104,0.77,16604,3149,6430,2632.33,4296,TRUE,0,0,0,2,0
f71c0bd4c342bc80d068d0dcd68b29f0421ef91f,1470765337,1,1,0,0,0,0,0,0,0,0,0,43,30.07,43,FALSE,0,0,0,0,0
50b45d013a9edc9752c22e98a03874d28ca2acea,1470754157,1,1,0,0,0,0,1,0,0,0,0,6429,2632.9,150,FALSE,0,0,0,0,0
93a047e77c72c99291fb9a71b33b4a886f5ba3fe,1470725935,1,1,0,0,0,0,0,0,0,0,0,6428,2633.1,4295,FALSE,0,0,0,0,0
a3bf0e8888d1ddc92d1c97ef1afe04957c48b328,1470724738,1,1,1,0,3,5,0,104,0.12,16606,3148,6427,2632.15,4294,FALSE,0,0,0,0,0
d8fa2f3e89f51016d59e80f17d6a95b90d7ee507,1470714441,1,1,1,0,1,1,1,104,0.21,16606,3147,6426,2631.58,4293,FALSE,0,0,0,0,0
e361c5a5b3a5580385c93ce9aebb392461a6250f,1470704276,1,1,0,0,0,0,0,0,0,0,0,6425,2631.01,4292,FALSE,0,0,0,0,0
3ef032cbaf4d94d0f6594c5359e6fb004e120fa3,1470700332,1,1,0,0,0,0,0,0,0,0,0,6424,2630.18,4291,FALSE,0,0,0,0,0
f676a8c9c18f8cc2224f93fa4e054c7e5da8938d,1470696740,1,1,0,0,0,0,0,0,0,0,0,6423,2629.33,4290,FALSE,0,0,0,0,0
36cf5a7ff36625175ff386e1c6163cd38b8b7a5c,1470696289,1,1,1,0,1,1,0,104,0,16606,3146,6422,2628.35,4289,FALSE,0,0,0,0,1
6d930d6920feb0fe118c1f6a9f99e8f1657779d2,1470696247,1,1,1,0,13,15,0,104,0.81,16608,3145,6421,2627.35,4288,TRUE,0,0,0,0,2
941ffee2d3bb00e56e20679bd4f005535561af39,1470631592,1,1,0,0,0,0,0,0,0,0,0,6420,2629.08,4287,FALSE,0,0,0,0,0
c733f930dc33b2c78b5906cb6f2ea5a3fa63b49c,1470631137,2,2,79,0.401175,644,674,0,1,62.61,308.15,0.51,6419,2628.1,2200,FALSE,0,0,0,433,256
cbf5cb1162eb2642b8321743cd0ea89ef4ffad6d,1470630214,1,1,72,0.682396,230,253,0,1,45.68,48.49,0.53,6418,2627.14,4285,FALSE,0,0,0,5,8
3d3ce0979f395e94049c128a339c37c8e1c28484,1470630063,1,1,72,0.459631,418,437,0,1,64.24,270.19,0.56,6417,2626.15,4284,FALSE,0,0,0,13,16
0a71f3372f0e0787967b7d9d5d1c5bc29d49a5a5,1470626264,3,3,8,0.230519,419,427,0,104,12.94,4829.12,410.88,6416,2625.31,1765,FALSE,0,0,0,431,255
f817f68487691d35585c0aa4c839078b39c4409f,1470611202,1,1,0,0,0,0,0,0,0,0,0,6415,2624.94,4282,FALSE,0,0,0,0,0
826975f392c7a037b23ed637f48c4c221890e8c5,1470606028,1,1,1,0,2,1,0,3,0.02,72,17,6414,2624.16,149,FALSE,0,0,0,0,0
5f244d3c311e6bddf0002800d39944b871b80e62,1470604463,1,1,1,0,5,0,0,3,0.01,67,16,6413,2623.22,148,FALSE,0,0,0,0,0
71be34859fee146ca8f45641ab03b908a6e83670,1470603338,1,1,1,0,6,2,0,3,5.08,63,15,6412,2622.27,147,FALSE,0,0,0,0,0
f9a4705c9cc4f15b65378ccd97cf15f49c20326c,1470548769,1,1,0,0,0,0,0,0,0,0,0,6411,2623.57,4281,FALSE,0,0,0,0,0
a546842792c99324cad85108e9188e1e4182b9c6,1470540513,1,1,0,0,0,0,0,0,0,0,0,6410,2622.91,4280,FALSE,0,0,0,0,0
ba86e201795a1b83fc0b4320b99c335a83c56f97,1470539323,2,2,2,0.153054,50,43,1,109,1.53,21550.5,2113,6409,2621.96,3373.5,FALSE,0,0,0,0,1
b32fc6f6e6be692b6534a3772ac9cdaa519d88bb,1470528954,1,1,1,0,1,1,0,104,0.01,16606,3142,6408,2621.4,4278,FALSE,0,0,0,0,0
1f13a346874ae3f60411741ff38f1e447b128da1,1470528462,1,1,1,0,28,18,0,104,1.81,16596,3141,6407,2620.42,4277,TRUE,0,0,0,2,0
f212b4850de1d1c4d293e4545b051a3d626c6956,1470372483,1,1,1,0,22,22,0,104,0.01,16596,3140,6406,2625.99,4276,FALSE,0,0,0,0,0
1b4555afb66bfa097b7c759648115fbce038b274,1470371695,1,1,1,0,56,84,0,104,0.5,16624,3139,6405,2625.02,4275,TRUE,0,0,0,0,0
358013c67ed72beef966285ca7641c294a2163ad,1470328619,1,1,1,0,1,1,0,104,0.5,16624,3138,6404,2625.84,4274,FALSE,0,0,0,0,0
02e9f4c3339b36040036a557b891bcd02671e9d3,1470285748,1,1,1,0,4,2,0,104,0.18,16640,3136,6403,2626.65,4273,FALSE,0,0,0,0,0
a98667ca05ee83a6a38c4b030daa89be7f14183d,1470285648,2,2,2,0.647965,5,72,1,109,0.23,21593,2110,6402,2625.65,3369.5,FALSE,0,0,0,1,7
d7951db01bf925c07c38d9731b65eb35ffeec104,1470270140,1,1,1,0,3,0,1,104,0.18,16637,3135,6401,2625.31,4271,FALSE,0,0,0,0,0
21fba2df9f0c491c4cee189b538054c3d0e4ee5a,1470254647,1,1,1,0,4,2,0,104,0.09,16635,3134,6400,2624.96,4270,FALSE,0,0,0,0,0
a4947139a6ca791c9758a5a52afce2b90e2f0e22,1470246502,2,2,2,0.625469,19,46,0,109,0.91,21603,2108,6399,2624.31,3367.5,FALSE,0,1,0,2,0
c01e7580cd39617f3c57690942efeccc09597da8,1470238474,1,1,1,0,1,1,0,49,3.87,26570,1972,6398,2623.64,2465,FALSE,0,0,0,0,0
8b4f22ed753ff91d3ee2a815eff9dcd8cce5f122,1470164826,1,1,1,0,10,4,1,3,0.49,57,14,6397,2625.75,146,FALSE,0,0,0,0,0
669b76bf99716cd9ce25f3556b43a6ab0150ce92,1470122167,2,2,1,0,7,1,0,3,1.08,51,13,6396,2626.56,2206.5,TRUE,0,0,0,0,0
efee02ace7f4850d88b02bf25ec9db44a411417d,1470106130,1,1,0,0,0,0,0,0,0,0,0,42,29.53,42,FALSE,0,0,0,0,0
cd8adf5611ae64e384f3c17e1c346799449c06cc,1470097702,1,1,1,0,8,16,0,104,0.36,16644,3132,6395,2626.59,4267,FALSE,0,0,0,0,0
d216106b88ceab200d9c422bc24a1b5d4d605b24,1470096819,1,2,5,0.61604,10,0,0,2,60.87,68.6,6.6,6394,2625.63,144,FALSE,0,0,0,0,0
6dd8fb12ad23bff70c08bb40ffeaf7ca75617468,1470095712,3,3,3,0.639759,32,8,0,14,30.28,1058,70.33,6393,2624.67,906.667,FALSE,0,0,0,0,0
a4999575d07e2cee802ffca60ffcb1e39ec6299f,1470086245,1,1,1,0,23,10,0,3,0.67,70,10,6392,2624.07,142,FALSE,0,0,0,0,0
fcaff8ff288bafc0d6e67297085b72ae490c7dd0,1470066810,1,1,1,0,3,3,0,104,0.68,16644,3131,6391,2623.9,4266,FALSE,0,0,0,0,0
cf0b3e3212d27759d5857e09848979f31bc8ea1c,1470028571,1,1,2,0.165608,15,11,0,4,13.74,58.5,10.5,6390,2624.51,141,FALSE,0,0,0,0,0
bccb4150fd64cfdc382ff1d10ae39e225fff2f60,1470007975,1,1,1,0,5,0,0,104,0,16639,3130,6389,2624.38,4265,FALSE,0,0,0,0,0
9a297b0eb53058e1905b66372a1ef162b2963a61,1470007928,1,1,1,0,15,8,0,104,0.65,16632,3129,6388,2623.38,4264,FALSE,0,0,0,0,0
9c4baf7645f67544eec27849e2a75306f733b939,1469951688,1,1,1,0,8,5,0,104,1.17,16629,3128,2,1.8,2,FALSE,0,0,0,0,0
73b2f2050960b7a1ae234ed8eada3f4ffc8bf715,1469934510,1,1,1,0,3,40,0,2,51.32,48,4,6387,2625.49,4263,FALSE,0,0,0,0,0
8b88336b454c4c6acc6c6060af19570d5cef7dfb,1469922603,3,3,2,1,16,4,0,1,0,298,2.5,6386,2624.99,1424.67,FALSE,0,0,0,0,0
46ea1ba438340967086f93c0ab8768f02b3462e8,1469922533,6,6,5,0.547299,1802,393,0,1,45.48,499,1.4,6385,2623.99,714,FALSE,0,0,0,0,0
ae939860fec6352c0dd4efbddb204f3d1ef56feb,1469922512,4,4,3,0.930818,38,14,0,1,79.67,745,1.33,6384,2622.99,1067.5,FALSE,0,0,0,0,0
de051ac1ac11462931df1dcb077405331b39faeb,1469905817,1,1,0,0,0,0,0,0,0,0,0,6383,2622.7,4259,FALSE,0,0,0,0,0
642690e6926f753d5fdc58ae1a8d384ba851beed,1469904358,1,1,1,0,1,1,1,49,1.46,26570,1971,6382,2621.76,2463,FALSE,0,0,0,0,0
1468c74c369ce5e36328bff07e170a9ce1d146ea,1469850436,1,1,1,0,29,7,0,104,0.9,16607,3127,6381,2623.04,4258,FALSE,0,0,0,3,0
0847978784a28c9618a827e19220451e1eb5257f,1469807751,50,50,49,0.557931,1596,1197,0,1,419.84,158,0.33,6380,2623.84,96.78,FALSE,0,0,0,69,127
005ee66119605e367094518a337f34097f02dc95,1469807728,3,3,2,0.952082,81,8,0,1,4.43,450.5,4.5,6379,2622.84,1424.67,FALSE,0,0,0,11,0
0bfa1ec2d0e274af90836bf0d4875bbbdac28df1,1469805353,1,1,0,0,0,0,0,0,0,0,0,41,28.73,41,FALSE,0,0,0,0,0
7c74464d7ae222820fb35068a59a3b07d1765dcd,1469804123,1,1,0,0,0,0,0,0,0,0,0,6378,2621.99,4255,FALSE,0,0,0,0,0
712eeb009f494a8dbf358ed106d951de3cc4e505,1469777967,1,1,1,0,1,1,0,49,2.07,26570,1970,6377,2622.1,2462,FALSE,0,0,0,0,0
7e6f5ef4f561bbf2f5f6f81bf40d025706ce6065,1469772817,3,3,5,0.182612,194,178,0,104,8.98,7435.8,653.6,6376,2621.32,1754.67,FALSE,0,0,0,381,214
b54e28deb7612ba3f670aaf85579f57ce37ba514,1469736018,1,1,1,0,2,3,1,103,1.05,16608,3125,0,0,0,FALSE,0,0,0,0,0
1f44cebac3ab9f3b6f793833afd9e3a96af7b962,1469684417,1,1,0,0,0,0,0,0,0,0,0,6375,2624.05,4253,FALSE,0,0,0,0,0
cd04b448756709906bb0255532a00812b9b4578c,1469666684,1,1,21,0.294216,252,219,0,1,30.38,1026.24,1.67,6374,2623.8,4252,FALSE,0,0,0,384,224
6d4f76888f2865d8e1c514f35bf4ad778933e7dc,1469666476,1,1,18,0.578745,58,41,0,1,21.87,90.11,1.89,6373,2622.81,4251,FALSE,0,0,0,3,10
623a72a1299410293a1975c5e4f43b8d20d47e4d,1469666228,1,1,18,0.39874,110,78,0,1,34.77,975.61,2.17,6372,2621.82,4250,FALSE,0,0,0,6,12
9c05e8392b0f17d00216f582c39db9c6a736e605,1469644970,1,1,1,0,2,0,0,103,0,16606,3124,6371,2621.72,4249,FALSE,0,0,0,0,0
9a67fec48a3ac76659ae0749bad11dc423abc389,1469644893,1,1,1,0,0,1,0,103,0.14,16607,3123,6370,2620.73,4248,FALSE,0,0,0,0,0
ba0c4c413db5e0a06b952528d9ce24fb6014e298,1469643315,1,1,0,0,0,0,0,0,0,0,0,6369,2619.79,4247,FALSE,0,0,0,0,0
1966ac79790d2448284363ffaf2b9c33f25587b3,1469632760,1,1,1,0,0,1,1,103,0.03,16608,3122,6368,2619.24,4246,FALSE,0,0,0,0,0
8b624217c553c94fd4f3ba3f43387a79079b9e2a,1469630256,1,1,1,0,15,13,0,103,0.32,16606,3121,6367,2618.34,4245,FALSE,0,0,0,0,0
40499af9b9ced8f404e8c5e06ed8e6bfa1757334,1469602480,1,1,1,0,1,1,1,103,0.04,16606,3120,6366,2618.51,4244,FALSE,0,0,0,0,2
b3bd359a0ddcb43e89f309955e748f2a3c60f8d0,1469598763,1,1,1,0,1,1,0,103,0.51,16606,3119,6365,2617.67,4243,FALSE,0,0,0,0,0
de07e3f87432d227d00b1c4a40d714aa6b09e8fe,1469598718,1,1,1,0,35,26,0,49,0,26561,1969,6364,2616.67,2461,TRUE,0,0,0,0,2
c7e8953b68a88aa2e9cfb2587d31f4a69cffc920,1469598661,1,1,1,0,5,5,0,49,1.06,26561,1968,6363,2615.68,2460,FALSE,0,0,0,0,0
80e7fe4bf9314d69995125060a08bbcbdb74d21a,1469554396,1,1,1,0,2,2,0,103,0.1,16606,3118,6362,2616.54,4242,TRUE,0,0,0,0,4
2bc199d7fca00f99c3be41e2d47fd5d847a5d2d8,1469546174,1,1,1,0,14,9,0,103,0.45,16601,3117,6361,2615.89,4241,FALSE,0,0,0,0,0
cc6a0ee98d0b84b6afd3c406cb41820774ec645e,1469507002,1,1,0,0,0,0,0,0,0,0,0,6360,2616.54,4240,FALSE,0,0,0,0,0
9b710d8e81fb2921e22cfd8448c77cfa858f9c72,1469506984,2,2,2,0.331675,46,25,0,108,0.46,21570.5,2097,6359,2615.54,3349,FALSE,0,0,0,3,0
c9492d79a102447743c9872afe5e95912d43e821,1469478673,1,1,1,0,5,0,0,103,0.05,16597,3115,1,1,1,FALSE,0,0,0,0,0
94c4719c0df24c45f1f45980ff80b2965ca5039e,1469474122,1,1,1,0,1,1,1,102,0.21,16597,3114,0,0,0,FALSE,0,0,0,0,0
c253e8d7b83e97d97a3b4103bfaf0308b2e3ceb9,1469456205,2,2,2,0.431711,30,8,0,107,4.2,21557,2095.5,6358,2616.68,3348,FALSE,0,0,0,0,0
408b44a913156ce3403d29ea6f69c2cd17c9062f,1469429772,3,3,2,0.0810866,564,0,0,0,0,0,0,6357,2616.79,1412.33,FALSE,0,0,0,0,0
8813a1ee096442e56de3a1244140dd2aec40727d,1469425068,13,13,12,0.371443,1160,102,0,1,233.83,142.25,1.33,6356,2615.99,332.923,FALSE,0,0,6,6,29
8c168dd1b8395adf2a931a0622b6ede2a96af851,1469425042,2,2,1,0,19,21,0,1,73.96,554,10,6355,2614.99,2122,FALSE,0,0,0,0,0
25b977817b0164d6aec05a188cae52ed9ee56af2,1469424722,3,3,2,0.961468,35,39,0,1,450.6,452.5,4,6354,2614,1416.67,FALSE,0,0,0,0,0
98f12fb8e1f1c157bdc7d14e605397373871d741,1469399566,1,1,0,0,0,0,0,0,0,0,0,6353,2614.06,4233,FALSE,0,0,0,0,0
e05a40bb16f2b75aaabc5c4a2714578f064ffc3d,1469379179,1,1,0,0,0,0,0,0,0,0,0,6352,2613.92,4232,FALSE,0,0,0,0,0
a8d371876022682b3224d0e222016f4fac719d75,1469379153,2,2,251,0.443621,2460,1799,0,1,81.28,115.08,0.15,6351,2612.92,2171.5,FALSE,0,0,0,473,289
51ed7e7707047aae23433bebaf461064787b006a,1469379142,1,1,229,0.660086,1133,817,0,1,66.68,39.44,0.17,6350,2611.92,4230,FALSE,0,0,0,30,26
edb45df54b7547285f3911ed583f10868198a92f,1469379124,1,1,217,0.44146,1844,1337,0,1,89.53,111.36,0.18,6349,2610.92,4229,FALSE,0,0,0,43,34
3ad0cbc86dd4c8aa71386fa83fdbb2755f10512f,1469374667,1,1,1,0,3,3,0,49,0.01,26523,1965,6348,2610.11,2457,FALSE,0,0,0,0,0
6402af7db9b952b24f3099c2b59832dd19541cfd,1469374179,2,2,2,0.278129,15,18,0,107,1.72,21558.5,2094,6347,2609.13,3342,FALSE,0,0,0,0,0
6a41a79ded0158f8c5f5afe5f0c873d445a14a1d,1469335667,1,1,1,0,9,3,0,102,0.04,16583,3110,6346,2609.75,4227,FALSE,0,0,0,0,0
fbd9a804a917a79047237b19008e27a35caf560b,1469332335,1,1,1,0,1,4,0,102,0,16586,3109,6345,2608.89,4226,FALSE,0,0,0,0,0
694e1175a1f2e4e4496c4b23ff21392c54b9ece8,1469332195,1,1,1,0,1,4,0,102,0,16589,3108,6344,2607.89,4225,FALSE,0,0,0,0,0
80dbd4cbfab6a800668602b955eaa98de9b691c2,1469332087,1,1,1,0,7,13,0,102,0,16595,3107,6343,2606.9,4224,FALSE,0,0,0,0,0
d459f4ac7c7d0a3deacd794f9ea52deaf69c9cce,1469331955,1,1,1,0,14,14,0,102,1,16595,3106,6342,2605.9,4223,FALSE,0,0,0,0,0
2c5c4bfbea68611eaec87d55fc35666d162ec0b3,1469245152,1,1,1,0,0,5,0,102,1.5,16600,3105,6341,2608.54,4222,FALSE,0,0,0,0,0
a1a68bb5d757048b02bbfe0ddec872cf169ba143,1469238101,1,1,0,0,0,0,0,0,0,0,0,6340,2607.84,4221,FALSE,0,0,0,0,0
984a10c1b1e51f112b4cc7e6548b9c1adfe5f80d,1469115666,2,2,2,0.340898,31,6,0,107,2.77,21551.5,2090.5,6339,2611.98,3337.5,TRUE,0,0,0,0,1
3c4c06cb5e848b4d07efba33472f94160aee0de9,1469064070,1,1,0,0,0,0,0,0,0,0,0,6338,2613.15,4219,FALSE,0,0,0,0,0
8d28a5ca3f4fe7368459dd89f393243de377869d,1468976318,1,1,1,0,1,1,0,102,1.85,16598,3103,6337,2615.86,4218,FALSE,0,0,0,0,0
ea000e6ce7891279c345b8e5fadf024f9971b8c6,1468976153,1,1,1,0,1,1,0,6,1.27,914,185,6336,2614.86,2454,FALSE,0,0,0,1,1
801c4a56c32f1c76c2e9c58bdac2ed4853beef81,1468976131,2,2,2,1,6,44,0,2,125.1,152.5,32,6335,2613.87,1319,FALSE,0,0,0,0,4
6723cdfa07d1e886531bf3e7f80dc4f26c1362c2,1468866566,1,1,1,0,1,1,0,6,28.03,914,184,6334,2617.5,2452,FALSE,0,0,0,0,0
2cf10711f56d7042d13ec1182b256f166f0772fc,1468857459,1,1,1,0,4,1,0,3,0.98,51,11,6333,2616.88,140,FALSE,0,0,0,0,0
bde171e94767dcde1a3ca390619867d69a2c7344,1468825945,1,1,1,0,3,2,0,3,48.67,62,8,6332,2617.22,139,FALSE,0,0,0,0,0
2696615523c50efd923b826a660f0d098700e2cd,1468820643,1,1,0,0,0,0,0,0,0,0,0,6331,2616.44,4217,FALSE,0,0,0,0,0
f98028d1d81cb29ce182064c708560b3a0b6d5ff,1468816400,1,1,1,0,2,4,0,102,0.08,16600,3102,6330,2615.62,4216,FALSE,0,0,0,0,0
c73bb67486c8fb4aea3579de03f33394b5169265,1468812101,3,3,8,0.191937,1386,1033,0,102,48.85,4780.88,406.88,6329,2614.8,1741,FALSE,0,0,0,447,282
e7a16b2e642c5c7bbb0bd6de79e2185910782ad3,1468811385,1,1,0,0,0,0,0,0,0,0,0,6328,2613.83,4214,FALSE,0,0,0,0,0
a5612ed668601a18f5c4f1a4d68fe248150dfe0a,1468811343,1,1,0,0,0,0,0,0,0,0,0,6327,2612.83,4213,FALSE,0,0,0,0,0
97475fc365c59decd0727052e7574b32b841d707,1468809326,1,1,1,0,2,13,0,102,0.1,16611,3101,6326,2611.92,4212,FALSE,0,0,0,3,4
ea7aa52ea389292a53ea2181e5c48cf6dac46b32,1468800908,1,1,1,0,6,6,0,102,0,16611,3100,6325,2611.27,4211,FALSE,0,0,0,0,0
ec4ae5978beef70660cdf95f41a2015625475391,1468800876,1,1,1,0,83,70,0,102,5.08,16598,3099,6324,2610.28,4210,FALSE,0,0,0,3,0
90d73143e198419473d733e671e6e56bc0995103,1468788936,1,1,1,0,2,1,0,10,6.9,361,125,0,0,0,FALSE,0,0,0,0,0
249f0cd72c50d67697a27d79423c28e07f50d521,1468775765,1,1,1,0,28,0,0,49,11.53,26477,1962,6323,2610.33,2451,FALSE,0,0,0,0,0
232cc1ab3401997844a30ab450ad74a9a06d971b,1468773213,1,1,1,0,1,1,0,3,10.99,51,10,6322,2609.44,138,FALSE,0,0,0,0,0
2cea31cb1b790f4f0ae314841bb888eaf6294c16,1468371795,1,1,0,0,0,0,0,0,0,0,0,40,28.7,40,FALSE,0,0,0,0,0
02c4d60861570f082e13b4494576b665591929b6,1468361729,1,1,1,0,1,4,0,102,10.21,16601,3098,6321,2625.9,4209,FALSE,0,0,0,0,1
8c9073308ae281d4583bf980d17b209fe508eb5d,1468193434,1,1,1,0,3,0,0,2,0.1,457,118,6320,2632.12,2450,FALSE,0,0,0,0,0
8cb54556715cf3b1d4d532138422959df160cd90,1468193129,2,2,2,0.734496,17,3,0,11,14.26,1316,97,6319,2631.13,1280,FALSE,0,0,0,0,0
8bc44e3bffbfff00bbc0b3173b2fa1f4fe3c1b39,1468191759,1,1,0,0,0,0,0,0,0,0,0,6318,2630.19,4208,FALSE,0,0,0,0,0
73f84baaecc1bb76885c3cb7d52e12b0ab81bb69,1468184615,1,1,1,0,5,1,0,2,4.68,453,117,6317,2629.5,2448,FALSE,0,0,0,0,0
d3acace1c4dc48cb5ba067ecc9e683b429d02e33,1468111924,1,1,1,0,1,0,0,1,11.19,20,7,6316,2631.62,137,FALSE,0,0,0,0,0
7f3539d001acc02ec97c395435cfd6758f256fd6,1468104733,1,1,0,0,0,0,0,0,0,0,0,39,27.88,39,FALSE,0,0,0,0,0
3ef19f1ab1a3bcf3ddce83da77629d25d2cc4682,1468002165,1,1,0,0,0,0,0,0,0,0,0,6315,2635.35,4207,FALSE,0,0,0,0,0
749b2db84654b6982f3bbc263548c95badbaa6c3,1467946056,1,1,0,0,0,0,0,0,0,0,0,6314,2636.77,4206,FALSE,0,0,0,0,0
a3e99b5d89b2556cd2814a22916b1e29dd5d4fd0,1467945872,1,1,0,0,0,0,0,0,0,0,0,6313,2635.78,4205,FALSE,0,0,0,0,0
dbbb3fbb5596b4da4b8304878e54ab5a261fe3e5,1467823370,1,1,1,0,11,5,0,3,1.8,45,9,6312,2640.08,136,FALSE,0,0,0,0,0
6eeac45d23ea1197123b78733e562fd5d0f9e652,1467779976,3,7,18,0.403825,514,372,0,50,126.98,2240.11,118.67,6311,2640.96,2304.67,FALSE,0,0,8,25,1
5669cc0a0b26d0f3a628b7b5638e940ad489db47,1467667504,1,1,1,0,2,0,0,3,0.03,43,8,6310,2644.85,135,FALSE,0,0,0,0,0
d986901a1cf6c2eb9b54c66e8f6ce0b0aa9ef137,1467664704,1,1,1,0,1,1,0,3,0.07,43,7,6309,2643.97,134,FALSE,0,0,0,0,0
5394bbf06aef17d5d9bff84be4babd764bb4fa59,1467658351,1,1,1,0,2,1,0,3,0.02,42,6,6308,2643.25,133,FALSE,0,0,0,0,0
d7b2f922b5805cfbadee26f047c91a1d333a3af9,1467656542,1,1,1,0,1,1,1,3,1.81,42,5,6307,2642.33,132,FALSE,0,0,0,0,0
9ab55443eba8943153abde6e3024f917d84839c4,1467655075,1,1,2,0.210758,3,11,1,49,10.26,14380,1029.5,6306,2641.39,2446,FALSE,0,0,0,0,0
67c7a43e6f9461a14b2258a0000013c46b707a56,1467644392,1,1,0,0,0,0,0,0,0,0,0,6305,2640.86,4203,FALSE,0,0,0,0,0
f55d15692baf96820f0c1742d67df41aeaba05cc,1467500257,1,1,1,0,7,8,0,3,0.09,43,4,6304,2646.13,131,FALSE,0,0,0,0,0
107994859b3854f9aeb7fbe15c80de8fa12a9921,1467492088,1,1,1,0,14,5,0,3,0.18,34,3,6303,2645.49,130,TRUE,0,0,0,0,0
a8d368906128c6509dd4ac7362221a81c4a31bbf,1467479955,1,1,1,0,4,2,0,102,0.03,16599,3097,6302,2645.02,4202,FALSE,0,0,0,0,0
4fb4ec5328c2e1e54f58c00bc825e6c1ec3b1878,1467477410,1,1,1,0,12,0,0,101,2.95,16587,3096,0,0,0,FALSE,0,0,0,0,0
9bc851965648ae7d1e0ce3129d72d8a15b7eb508,1467476745,1,1,1,0,22,31,0,2,0.09,43,2,6301,2644.16,129,FALSE,0,0,0,0,0
af36d2d8e55ad16f69608cf55bb902b5f90a0ce4,1467468900,1,1,1,0,2,2,0,1,0.85,43,1,49,17.82,3,FALSE,0,0,0,0,0
6b0069f10f322c1a5cfeccbd127d59b509c5bd29,1467395119,2,2,1,0,43,0,0,0,0,0,0,0,0,0,FALSE,0,1,0,0,0
a64b6293335cd7e26eb49e87697d2532a7013db5,1467223285,1,1,1,0,128,457,0,49,3,26816,1959,6300,2654.26,2445,FALSE,0,0,0,0,0
fc4cc977edc71855ad194f4f4004286bbfa8a9fb,1467222289,1,1,1,0,8,8,0,101,3.03,16587,3095,6299,2653.31,4201,FALSE,0,0,0,0,0
5d18fb8c70236e5c561cbeb71623f4820292f9cd,1467144749,1,1,1,0,1,4,0,1,72.71,23,6,6298,2655.72,128,FALSE,0,0,0,0,0
7483520c8c2e95ac97cc36bf1ed6fdf3262967b8,1467144693,1,1,0,0,0,0,0,0,0,0,0,6297,2654.72,4200,FALSE,0,0,0,0,0
26a4bfb838e70742ca6ee1954b2f16ae82738d8f,1467143824,1,1,0,0,0,0,0,0,0,0,0,0,0,0,FALSE,0,0,0,0,0
1163bfac5cfad6aed9f6a8eeb50664ff09bc534e,1466964308,1,1,1,0,68,51,0,49,2.17,26799,1958,6296,2661.69,2444,FALSE,0,0,0,0,0
d643bbd7e4b7bf2b66668d332a344619ffa17736,1466960125,1,1,1,0,10,10,0,101,1.61,16587,3094,6295,2660.88,4199,FALSE,0,0,0,0,0
32158935f84f6d523886396ca8f4b3aa940c1c3c,1466820641,1,1,1,0,2,2,0,101,0.5,16587,3093,1,0.98,1,FALSE,0,0,0,0,0
50bf1ea7842799553e7337ae4ddf2f7349b20e2c,1466777099,2,2,2,0.0742324,32,22,0,106,6.19,21688,2082,6294,2668.01,3320.5,FALSE,0,0,0,0,3
314c65281879cd94d4ff350cdf430a2977acc565,1466444627,1,1,1,0,1,1,0,6,8.57,914,183,6293,2681.93,2442,FALSE,0,0,0,0,0
fa29123c5e32e4bd07e1a3a80a11e5331f36d4a2,1466366771,1,1,0,0,0,0,0,0,0,0,0,38,28.05,38,FALSE,0,0,0,0,0
a3dd60370e76508a105a42d3a9defdd48c295f93,1466314290,1,1,1,0,8,9,0,6,0.02,2274,112,6292,2686.83,2441,FALSE,0,0,0,0,2
3d82567118cbc6d0b54b018dd3fad1b5a65c0054,1466312753,1,1,1,0,12,26,0,6,0.35,2288,111,6291,2685.9,2440,FALSE,0,0,0,0,0
eaac5e02c0b4fa5f862aa60837e2a6db7cc8ee04,1466282870,1,1,1,0,15,0,0,6,0.68,2273,110,6290,2686.25,2439,FALSE,0,0,0,0,0
3bd5703bdbc8d702201d54deea10e63283b22915,1466281198,2,2,1,0,3,1,0,49,0.66,26790,1956,6289,2685.33,3317.5,FALSE,0,0,0,0,0
c1ae43e04192ddf5cdd878b8cd4f2c008ce1934e,1466279378,1,1,0,0,0,0,0,0,0,0,0,6288,2684.41,4196,FALSE,0,0,0,0,0
bf80a754742c197b6c36cac3026bdb964647ab99,1466267913,1,1,1,0,5,3,0,10,0,357,123,6287,2683.93,110,FALSE,0,0,0,0,0
bea701622308a2f99937aa5423df3319b14b79fd,1466267899,1,1,1,0,1,0,0,10,9.4,356,122,6286,2682.93,109,FALSE,0,0,0,0,0
c8ff2b4612fe6540918ae3eef0ebfbd52591ddda,1466224494,3,4,4,0.278664,23,6,0,50,67.53,7325,527,6285,2683.9,2272,FALSE,6,0,0,0,0
6c673cd19b447026da364d872957557943618e17,1466203261,1,1,1,0,8,8,0,101,1.23,16584,3091,6284,2683.86,4194,FALSE,0,0,0,0,0
960507220040eae6fc73547770462e6a874323b2,1466096884,2,2,2,0.368404,24,2,0,105,0.14,21675.5,2080,0,0,0,FALSE,0,0,0,0,0
9cabc7c2223399f61ab259d50543698d2971e67d,1466084662,2,2,2,0.57938,3,3,0,105,1.69,21675.5,2079.5,6283,2688.24,3314.5,FALSE,0,0,0,1,0
b2b3391827a6aac254a4141dafa05d5b47be6326,1466036480,1,1,1,0,1,1,1,99,0.74,16582,3088,0,0,0,FALSE,0,0,0,0,0
19e94b88899a9d580018b7c4c7f365b5c370017e,1465972134,1,1,1,0,47,47,0,99,0.01,16582,3087,6282,2692.37,4192,FALSE,0,0,0,0,0
4bee8c9ead68ec531a0faf95e8727849756032ea,1465971212,1,1,1,0,24,1,0,99,0,16559,3086,6281,2691.41,4191,FALSE,0,0,0,0,0
3f1ae773066b8be3ddc6f0defae24fc23c5119ed,1465971191,1,1,1,0,3,2,0,99,1.5,16558,3085,6280,2690.41,4190,FALSE,0,0,0,0,0
9f6d6d7b3728308ec18451b9674d6c7aa99c4749,1465841285,2,2,2,0.438746,7,23,0,104,3.54,21671.5,2077,6279,2695.35,3312,FALSE,0,0,0,0,0
adac412f588b6aaad4976aa2d0c2b199573ada27,1465757269,1,1,1,0,23,15,0,99,0.54,16566,3083,6278,2698.21,4188,FALSE,0,0,0,0,0
4a3592997914dcda38b99f8bec7a3f361e7e664f,1465710887,1,1,1,0,11,16,0,99,0.09,16511,3081,6277,2699.34,4187,FALSE,0,0,0,0,0
31ca38515acfba6a176f66158c20f344fc9ace0e,1465710871,1,1,1,0,63,3,1,99,0,16506,3082,6276,2698.34,4186,TRUE,0,0,0,0,0
4a0610f107a0b8ff8e3be2d4f28d6f6f5cd87a35,1465703786,2,3,3,0.208956,13,13,0,10,16.82,1110.67,102,6275,2697.66,1280.5,FALSE,0,0,0,0,0
9a1b3d813a0fb66d8296f84597a9044060bae74a,1465703223,1,1,1,0,35,35,0,99,0,16511,3080,6274,2696.69,4185,FALSE,0,0,0,0,0
a7a486249198f575462522897d73317f903ad060,1465703145,1,1,1,0,4,3,0,99,2.35,16510,3079,6273,2695.69,4184,FALSE,0,0,0,0,0
5783536837a64db63d0305ca4e6a795e68eb49c2,1465556642,1,1,0,0,0,0,0,0,0,0,0,6272,2701.43,4183,FALSE,0,0,0,0,0
f8646d1a5d60ab8970d8dcecd055467fc0a17701,1465500588,1,1,1,0,1,1,0,2,20.15,48,3,6271,2703.02,4182,FALSE,0,0,0,0,0
39bb7064e791da4aeaba04350035f779f21a7438,1465500403,1,1,1,0,2,2,0,99,1.15,16510,3078,6270,2702.03,4181,FALSE,0,0,0,0,0
388bf6934df1574a6a923482760cf8f0267492cf,1465455325,2,2,3,0.182519,31,0,0,13,1.4,1041.33,66.67,6269,2703.11,1270.5,FALSE,0,0,0,0,0
5122e9271c3d1cfadf4869b547a71436143730bd,1465453617,1,1,1,0,2,1,0,10,1.99,354,120,6268,2702.19,107,FALSE,0,0,0,0,0
32b36435f87c931876606e050f2a6e31ab18f876,1465401130,1,1,1,0,73,19,0,99,0.86,16456,3077,6267,2703.62,4180,FALSE,0,0,0,0,0
807ad48bbc510b12df04eb5840f91a627ea8cccd,1465327175,1,1,1,0,2,1,0,99,0.16,16455,3076,6266,2706.04,4179,FALSE,0,0,0,0,0
b5842314b49a712b2cc7207a8514ac21c3a80a3f,1465313628,2,2,2,1,2,2,0,104,0.37,21612,2072.5,6265,2705.67,3305,FALSE,0,0,0,0,0
efb4db2b8674d54f2bcfe5368e95f37186b06aff,1465309201,1,1,1,0,17,13,0,48,0.01,26765,1950,6264,2704.87,2431,FALSE,0,0,0,0,0
ecbf8cd72216b9170ccd9073e57a4e3daa3265b8,1465308513,1,1,1,0,14,2,0,48,0,26753,1949,6263,2703.91,2430,FALSE,0,0,0,0,0
9992144130e19c7239b125c9f4f2c498b6e9d3b0,1465308494,1,1,1,0,4,6,0,48,0.55,26755,1948,6262,2702.91,2429,FALSE,0,0,0,0,0
2465a6bdbdb63aa1b83c99025be9c0612dacc15a,1465281966,2,2,2,0.507374,49,21,0,11,0.09,1287,91.5,6261,2703.13,1267,FALSE,0,0,0,0,0
1a7199fd6becb3cefaeee9e6a4a13422d494b14d,1465280413,1,1,1,0,7,16,0,6,0.14,2230,105,6260,2702.21,2427,FALSE,0,0,0,0,0
1f9cba6f5364e507a6685c0a67364d2e2d0515e8,1465280234,1,1,0,0,0,0,0,0,0,0,0,37,27.8,37,FALSE,0,0,0,0,0
57f0a4c6d71ffea605c8f98fb42be1f634d3d378,1465268415,1,1,1,0,4,4,0,10,0,353,118,6259,2701.76,105,FALSE,0,0,0,0,0
138cf77916fd80445fc4484a24a759b0b40b132e,1465268331,2,2,3,0.500038,160,62,0,13,6.92,1002,65,6258,2700.76,1265,FALSE,0,0,0,2,0
43d1ca89c2ab8cbea2a5798deec6c541404a6d44,1465260573,1,1,1,0,32,4,0,48,0,26727,1947,6257,2700.12,2425,FALSE,0,0,0,0,0
51e619b18fe94b242a277a084abf4d0e895d9769,1465260515,1,1,1,0,6,6,0,48,0.08,26727,1946,6256,2699.13,2424,FALSE,0,0,0,0,0
21df7426e2f4d2a2d42c18206eed9ce22ccb4f8c,1465253904,2,2,2,0.61672,11,9,0,104,0.64,21590,2069.5,6255,2698.43,3300,FALSE,0,0,0,0,0
2f6b2ca0c7fa9c6a51268c86c6d53cc240f0de8f,1465232623,1,1,1,0,6,2,0,99,0.75,16450,3073,6254,2698.41,4176,FALSE,0,0,0,1,0
cf1b9f95956cf93b6e57fb99ec76b3d3fc91ca8a,1465192151,1,1,0,0,0,0,0,0,0,0,0,6253,2699.28,4175,FALSE,0,0,0,0,0
b0ec8339fa39b56f49fa90d1894d494ef0a1b4b8,1465168026,1,1,1,0,73,81,0,99,0.04,16458,3072,6252,2699.4,4174,FALSE,0,0,0,0,0
762748684e75078110c261235ae7b9b87518e021,1465164487,2,2,2,0.0344098,56,18,0,104,6.64,21573,2068,6251,2698.56,3297.5,FALSE,0,0,0,2,0
bdfd5880e92338d2814ddb08436bfc0abf9341b2,1464972427,1,1,1,0,12,12,0,99,0.14,16420,3070,6250,2706.46,4172,FALSE,0,0,0,2,4
9e55e5bcea962bdce3d215958f1708b3fd130243,1464960450,1,1,1,0,6,7,0,99,0.65,16421,3069,6249,2706.02,4171,FALSE,0,0,0,0,0
887576e4a5dbde5883a12b8bc7300f9f11a20d3b,1464906352,1,1,0,0,0,0,0,0,0,0,0,6248,2707.54,4170,FALSE,0,0,0,0,0
ccd1d6ab296b67ca720c286679504b793a8391da,1464904105,1,1,1,0,2,3,0,99,0.24,16422,3068,6247,2706.64,4169,FALSE,0,0,0,0,1
fcbb63ad60b67f935a549e3cf02dc1a30ac48356,1464883562,1,1,1,0,21,13,0,99,0.02,16414,3067,6246,2706.6,4168,TRUE,0,0,0,0,0
1607e7914c5d519ad20a3c3ecf9b27edaab9ba07,1464882120,1,1,1,0,22,12,0,99,1.91,16404,3066,6245,2705.67,4167,FALSE,0,0,0,0,0
68e98397abb61b63e6c4067cd0eadb7e74c9c2fd,1464791637,1,1,1,0,3,0,0,10,0.3,337,116,6244,2708.88,103,FALSE,0,0,0,0,0
3983d4f47374adad9317a85bf85e9a804c65c2a8,1464765559,1,1,1,0,1,1,0,10,0,337,115,6243,2709.1,102,FALSE,0,0,0,0,0
9eda959489fd8d6eada71c7fbdf988e5bbaec2fe,1464765529,1,1,1,0,5,0,0,10,0.01,332,114,6242,2708.1,101,FALSE,0,0,0,0,0
4880f9923c7943a85076200382d1cfddd0cc5fdd,1464764543,2,2,2,0.59748,36,5,0,11,0.35,1251,88,6241,2707.15,1260.5,FALSE,0,0,0,0,0
87e8a4290e2b272a9c8b69b2b0f4ad1a0937d82a,1464752270,1,1,1,0,6,0,0,10,6.5,309,112,6240,2706.72,99,FALSE,0,0,0,0,0
fd96d59963ccbb6a1475d1709febbfc1b271f42e,1464716849,2,3,3,0.75,4,0,0,7,38.01,1392.67,86.67,6239,2707.37,1301.5,FALSE,0,3,0,0,0
1a1771f0b58cb45a888ce02a6f98e8dd72d6408d,1464716817,2,2,2,0.181188,8,8,0,99,0.61,8222,1535.5,6238,2706.38,2146,FALSE,0,0,0,0,0
22ed53260f916897762d4246bddf9ab473e78680,1464708444,1,1,1,0,29,22,0,99,1.63,16397,3064,6237,2705.77,4165,FALSE,0,0,0,0,0
77cf88a3bf11aa6766cb02d5768513bbf3010340,1464620640,1,3,7,0.766804,98,62,0,3,31.19,58.43,5.57,6236,2708.86,125,FALSE,0,0,0,0,1
a16473536992e61aaf4cb9f376af411610c2bf84,1464567218,1,1,1,0,15,29,0,99,2.07,16411,3063,6235,2710.36,4164,FALSE,0,0,0,0,0
695d74d7c515526969ac4401cbf69520abc81234,1464563162,1,1,1,0,27,4,0,2,52.7,65,5,6234,2709.55,124,FALSE,0,0,0,0,0
6ccea636b145ef2f612b0d691ffab48ccf35692d,1464559347,1,1,0,0,0,0,0,0,0,0,0,6233,2708.73,123,FALSE,0,0,0,0,0
0ccaf766619654ea994b8e9095545b400ffbbdbc,1464502512,1,1,3,0.655459,5,5,0,1,49.7,45.67,3,6232,2710.39,122,FALSE,0,0,0,0,0
593f6f9f863bcb350e0754192afc5ced765087af,1464455781,1,1,1,0,2,3,0,3,34.94,466,46,6231,2711.58,98,FALSE,0,0,0,0,0
fbdda6df03cf57c39f59ed01e35077ca9a6b9ab4,1464387981,1,1,1,0,20,15,0,99,0.03,16406,3062,6230,2713.77,4163,FALSE,0,0,0,0,0
a7dcce3e8d4c9e6c03520d4f6eb2bdee02728acc,1464385112,1,1,1,0,52,70,0,99,0.04,16424,3061,6229,2712.9,4162,FALSE,0,0,0,0,0
ee5718003baf13ed727096e7e970c248fe2e5614,1464381960,1,1,1,0,2,7,0,99,1.2,16429,3060,6228,2712.05,4161,FALSE,0,0,0,0,0
a43065ec08227c4d9c7f124213f8ef9fece147c1,1464278341,1,1,1,0,12,3,0,99,0.83,16420,3059,6227,2715.93,4160,FALSE,0,0,0,0,0
1740ee91dafca6c2b40a998e46f61c5451d5e1f7,1464209433,1,1,1,0,1,1,0,48,0.03,26726,1943,6226,2718.18,2419,FALSE,0,0,0,0,0
0964f9175e6b018f9b4e9cb2d6bc6f95095482f3,1464206434,1,1,1,0,2,2,0,48,0.18,26726,1941,6225,2717.32,2418,FALSE,0,0,0,0,0
90f95306f9b5d38ff6144fe259b0c1559a18655f,1464206410,2,2,2,0.647965,6,5,0,104,0.06,21572.5,2061,6224,2716.32,3288,FALSE,0,0,0,4,0
dbde3f88262329466d70bcb544477415cf6b9570,1464206139,1,1,0,0,0,0,0,0,0,0,0,6223,2715.33,7,FALSE,0,0,0,0,0
33e08baf3fd53ee94750c0b1d9ae029699e7aa10,1464196595,1,1,1,0,7,7,0,99,0.07,16419,3057,6222,2714.78,4158,FALSE,0,0,0,0,0
6e67ebab055c7752a5d7d7f59058a35bc6197330,1464190911,3,3,4,0.441358,33,58,0,105,0.61,11416.2,1065.5,6221,2714.05,2223.33,FALSE,0,0,0,1,0
e582ad226a8c9f891a3ad4e106ff5adc27b42593,1464149990,1,1,0,0,0,0,0,0,0,0,0,6220,2714.98,121,FALSE,0,0,0,0,0
dfb71a3a50869e4aa356c34b890f3ca04de13467,1464149723,1,1,1,0,14,7,0,98,0.36,16388,3054,6219,2713.99,4156,TRUE,0,0,0,0,0
5fbc5303ff7e8349d63f9c803d51ef141693f9e0,1464138337,3,3,4,0.306415,85,2,0,104,1.43,11395.5,1065.25,0,0,0,FALSE,0,0,0,1,0
5355f4f25e12217126585e27c3e2af6617ca544e,1464118934,1,1,1,0,13,24,0,98,0.12,16399,3053,6218,2714.44,4155,FALSE,0,0,0,2,0
98c422d227fb9110cc4971f545c7d0e96dc66c03,1464108180,1,1,1,0,7,2,0,98,0.39,16394,3052,6217,2713.95,4154,FALSE,0,0,0,0,2
e18b577d20f9719f393971260856c1e4ed25e72d,1464074601,1,1,1,0,1,1,0,98,0,16394,3051,6216,2714.53,4153,FALSE,0,0,0,0,2
7226df593e639cfde9f7b8dea9a8b3008ffa7847,1464074491,1,1,1,0,1,1,0,98,0.37,16394,3050,6215,2713.54,4152,FALSE,0,0,0,0,0
8a376f647e14556e6372d232d3072da87dac63d4,1464073015,1,1,1,0,33,33,0,47,0,26705,1938,6214,2712.61,2415,FALSE,0,0,0,0,0
050087f6c4d69544e6866a05417277fe4ae6b11c,1464072983,1,1,1,0,126,151,0,47,0.35,26730,1937,6213,2711.61,2414,FALSE,0,0,0,2,5
3fdac985c7f87324406df41bd1ed9d7af58d8830,1464044776,1,1,1,0,5,10,0,98,0.21,16403,3048,6212,2711.94,4151,FALSE,0,0,0,0,0
c67e3472556d93806cfd4cb8c7f85d841692a634,1464042331,2,2,3,0.253524,7,9,0,104,17.34,14537,1398.33,6211,2711.05,3281.5,FALSE,0,0,0,0,0
6b3e0da93c44cf58d0ead226e8ba06b8936d2d7f,1464031869,1,1,5,0.360676,36,16,0,1,3.88,146.6,4.2,6210,2710.55,4149,FALSE,0,0,0,0,0
2ab869e88a1238ec908fce05c7b77933361aadfe,1464031507,1,1,5,0.335838,66,31,0,1,1.99,3293.2,7.4,6209,2709.56,4148,FALSE,0,0,0,0,0
02ff3e625861154c90b6eb3842c631045207b3d0,1464026590,1,1,1,0,2,2,0,98,0.05,16403,3047,6208,2708.79,4147,FALSE,0,0,0,0,0
7e8528104bcdb8556fe4e875c59f7a781ff236ca,1464023199,1,1,0,0,0,0,0,0,0,0,0,6207,2707.95,4146,FALSE,0,0,0,0,0
65ce1b0bb5f9dafd553d1294c17376843980b296,1464022330,1,1,1,0,0,1,0,98,0.05,16404,3046,6206,2706.99,4145,FALSE,0,0,0,0,0
295d8cf4150275121e9d2ff331a6994a519c44a1,1464018937,1,1,8,0.272941,226,168,0,1,2.03,2555.5,2.75,6205,2706.15,4144,FALSE,0,0,0,394,224
40ac55acb6a6966274929b33e071bfd73f8f5bd3,1464018342,1,1,0,0,0,0,0,0,0,0,0,6204,2705.18,4143,FALSE,0,0,0,0,0
42c639d2522f950a0f2f6945d47125d4b524ee84,1464018327,3,3,5,0.206865,190,152,0,98,2.39,7351,637.4,6203,2704.18,1716,FALSE,0,0,0,394,224
a2617d810c893f79abb246c2a7aa19f8ff4a3a82,1464017926,1,1,1,0,50,0,1,47,0.63,26679,1935,6202,2703.2,2412,FALSE,0,0,0,0,2
d110b64ee4af316c357a56cf283b7f02ec3d4973,1464016201,1,1,1,0,27,10,0,98,0.42,16387,3044,6201,2702.28,4141,FALSE,0,0,0,0,0
90d07bc04cc4459e87c67e7722918224ff0dda6a,1463980275,1,1,1,0,1,1,0,98,2.55,16387,3043,6200,2702.96,4140,FALSE,0,0,0,0,0
9881cc9e1055cf8cbf2281ee758d3659f7f0eb6e,1463970492,1,1,1,0,133,24,0,5,0.02,2064,99,6199,2702.42,2411,FALSE,0,0,0,0,0
01474fed0b430296d9a5c73ae370e8038d9980e4,1463969189,1,1,1,0,50,0,0,5,0.76,2014,98,6198,2701.48,2410,FALSE,0,0,0,0,0
607ba653f77bbdbe572f0a6ddeafa05c2ca86b3d,1463963549,2,2,2,0.0987866,217,198,0,103,0.37,21523.5,2050.5,6197,2700.75,3274,FALSE,0,0,0,0,0
9090c1904fce3b08300621ce8f2bd1bb196a03bf,1463963496,1,1,1,0,1,0,0,98,1.23,16386,3040,6196,2699.75,4138,FALSE,0,0,0,0,0
024e6d8ae83f601607749ee8fbb600a698371ed0,1463903947,1,1,1,0,52,1,0,5,0.05,1963,97,6195,2701.54,2408,FALSE,0,0,0,0,0
e8b3b2dc31030aa431232153356510151ec10773,1463900339,1,1,1,0,2,5,0,47,0.17,26663,1933,6194,2700.71,2407,FALSE,0,0,0,0,0
158b76236704d24f511cb65f01bc75f5d6c9a134,1463899591,1,1,1,0,361,291,0,5,0.16,1893,96,6193,2699.74,2406,TRUE,0,0,0,1,2
5d72eec742059129a29f27b617ee5da0869b580a,1463885823,1,1,1,0,191,191,0,47,1.47,26663,1932,6192,2699.39,2405,FALSE,0,0,0,0,0
6fe020c920d46b5786cf7c3c504527a4bc263b04,1463885807,1,1,1,0,40,2,0,5,0.23,1855,95,6191,2698.39,2404,FALSE,0,0,0,0,0
40c5a6af49c97e1eef4e2c12c6b4de2a13e550f2,1463865964,2,2,2,0.57938,1,2,0,10,2.38,1082.5,83,6190,2698.31,1249.5,FALSE,0,0,0,0,0
803dce242b179c6fd64ef41aa3231b35c78ec21e,1463856910,1,1,1,0,15,13,0,98,0.02,16384,3039,6189,2697.74,4137,FALSE,0,0,0,0,0
4ed722ccd83366c3e6d4ef835cf48a7459662609,1463855495,1,1,1,0,19,25,0,98,0.59,16390,3038,6188,2696.8,4136,FALSE,0,0,0,0,0
0cf3476f147e89fc42a35c07b4627f19882fd6ed,1463818483,2,2,106,0.398766,1166,893,0,1,43.01,221.41,0.32,6187,2697.53,2115,FALSE,0,0,0,464,306
c731ef8e1e3b49accd67094661ae22f86e01e842,1463816914,1,1,91,0.0504279,836,16755,0,1,48.16,388.66,0.4,6186,2696.61,4134,FALSE,0,0,9,215,146
f35d479d5e67732993fd05fc84d92a9d8c823d48,1463805958,1,1,0,0,0,0,0,0,0,0,0,6185,2696.12,4133,FALSE,0,0,0,0,0
013d9db86f309b346a7b80272e685dae72059131,1463805648,1,1,0,0,0,0,0,0,0,0,0,6184,2695.13,4132,FALSE,0,0,0,0,0
f3af61de973551510877ff3fc5b7145dddfdb1e6,1463804509,1,1,1,0,2,4,0,98,0,16392,3037,6183,2694.19,4131,FALSE,0,0,0,0,0
077fb890836ce464400711a5f998362bc014d9c3,1463804464,1,1,1,0,1,1,0,98,0,16392,3036,6182,2693.19,4130,FALSE,0,0,0,0,0
d4d4390846e00ce79f4eb564cfd71ac4d5c7a11e,1463804372,1,1,1,0,1,1,0,98,0,16392,3035,6181,2692.19,4129,FALSE,0,0,0,0,0
33e54546fe8eee294562a0fc0fb23bb16b107d31,1463804270,1,1,1,0,9,3,0,98,0.52,16386,3034,6180,2691.2,4128,FALSE,0,0,0,0,0
bf008e06808a7041ed5638f024442cd95be069e6,1463765641,1,1,1,0,8,0,0,9,7.49,302,108,6179,2692,94,FALSE,0,0,0,0,0
9d4d725bc79a7b7a8df2360beb0d099a60bf2f1f,1463760322,3,3,8,0.21569,696,627,0,98,11.48,4742,398.12,6178,2691.24,1710.33,FALSE,0,0,0,451,291
08694bd709309afc7ef08e088657bd946ecbfd9a,1463760045,1,1,1,0,5,1,1,2,20.88,44,2,6177,2690.26,4126,FALSE,0,1,0,0,0
91242440fc2c602b5e27228b22c6021b22216e2d,1463758923,2,2,2,0.181188,8,8,0,103,0.02,21524.5,2045.5,6176,2689.31,3263.5,FALSE,0,0,0,0,0
68ae6fc2122c4ea23ae42f9b176e20cffde2d7ba,1463756919,2,2,2,0.181188,15,1,0,103,0.48,21517.5,2045,6175,2688.4,3262.5,FALSE,0,0,0,0,0
14a16c2a7a13746d4e2a58044f9ab59a50fcc109,1463721531,1,1,1,0,2,7,1,3,59.01,60,6,6174,2689.05,120,FALSE,0,0,0,0,0
9cbb50d3a60be0a790615c7aa13d6f23c2b5e994,1463718989,1,1,1,0,34,49,0,47,0,26664,1929,6173,2688.17,2400,FALSE,0,0,0,0,0
47635b99785063156525e0da7634e0fa08d6a084,1463718944,1,1,1,0,3,0,0,47,0.08,26661,1928,6172,2687.17,2399,FALSE,0,0,0,0,0
f90c3f24837c3288f720dfd4591a81a1ad60f976,1463712440,2,2,2,0.251463,18,0,0,103,0.2,21514.5,2043.5,6171,2686.47,3260.5,FALSE,0,0,0,1,0
5a67ecc1420ec663eef4abc8d6ddf69c29c70587,1463699753,1,1,1,0,2,2,1,47,0.11,26646,1926,6170,2686.06,2397,FALSE,0,0,0,0,0
a542f8ab542cc7ac1ead567ed74c38a7b24ea789,1463691138,1,1,1,0,2,8,0,98,0.22,16389,3030,6169,2685.46,4122,FALSE,0,0,0,1,0
f32349db7d737a4f22c4f3767843f3652b8840fa,1463690162,1,1,1,0,11,7,0,47,0.14,26642,1925,6168,2684.51,2396,TRUE,0,0,0,0,0
32f5db3f727dbe8428c92bacd07daeeefef3d576,1463678351,1,1,1,0,1,4,1,47,0.07,26645,1924,6167,2684.05,2395,FALSE,0,0,0,0,0
670e3983b40c21e4967c13a097cc2821b70ce105,1463672586,1,1,1,0,6,18,0,47,0,26657,1923,6166,2683.32,2394,FALSE,0,0,0,0,0
e1cc4d855213c3d6a43b6cec20ce5f3052508e55,1463672560,1,1,1,0,29,3,0,47,1.39,26631,1922,6165,2682.32,2393,FALSE,0,0,0,0,0
8422bb37b093f18dc0de1dc16bf91f8f5b25b98a,1463671729,1,1,1,0,4,2,0,98,0.02,16387,3029,6164,2681.36,4121,FALSE,0,0,0,0,0
ebf9b64062c228e30c0778854b8b4f280cf62740,1463670077,1,1,1,0,1,1,0,97,0.6,16387,3028,0,0,0,FALSE,0,0,0,0,0
56b397b506cb0121d6e3c20b55d13026f79c9474,1463618412,1,1,1,0,1,1,0,97,0,16387,3027,6163,2682.83,4120,FALSE,0,0,0,0,0
de6cc79ac80301ddd6610dc854b509f5ee7dae0a,1463618302,1,1,1,0,1,1,0,97,0.12,16387,3026,6162,2681.84,4119,FALSE,0,0,0,0,0
35cdf6513b2655e2accc83a191fdf6edf24ed33f,1463612435,1,1,511,0.670756,2600,2420,0,1,52.42,36.18,0.07,6161,2681.11,4118,FALSE,0,0,0,17,23
d28395fdb9a7352bbcb853bb71de973d4d8bad13,1463608314,1,1,1,0,5,2,0,97,0.04,16384,3025,6160,2680.3,4117,FALSE,0,0,0,0,0
84b8ee7bdace8ea4d6a34fe00f6df85c8b2d4cb6,1463604455,1,1,1,0,5,4,0,97,1.8,16383,3024,6159,2679.48,4116,FALSE,0,0,0,0,0
b56c7323324d6e5405552d002c24b00eb135dc16,1463554477,1,1,1,0,40,52,0,5,5.38,1867,93,6158,2680.79,2392,FALSE,0,0,0,0,0
041c1b4586f1ee47388a3b69a95bfb770df599f7,1463552127,1,1,1,0,16,16,0,47,0.93,26631,1921,6157,2679.9,2391,FALSE,0,0,0,0,0
0edc480d175c350a6f2066dae9bdfa9bf7c51a09,1463516060,1,1,0,0,0,0,0,0,0,0,0,6156,2680.57,4115,FALSE,0,0,0,0,0
1a3bcb4ebd1bec7a90b0a258e6b5bfa9ff130f91,1463471392,1,1,1,0,112,0,0,47,0,26519,1920,6155,2681.64,2390,FALSE,0,0,0,1,0
7d8c2a84b79a8a5960bf7e9af9e838d88f52cf99,1463471370,1,1,1,0,22,22,0,47,0.26,26519,1919,6154,2680.65,2389,FALSE,0,0,0,0,0
4faac431c4feda15f841ddc40937f1c584f9d3e2,1463448850,1,1,1,0,12,12,0,47,0,26519,1918,6153,2680.69,2388,FALSE,0,0,0,0,0
df9ded3282428db6caa9f8693dd016350ae10486,1463448816,1,1,1,0,2,2,1,47,0.21,26519,1917,6152,2679.69,2387,FALSE,0,0,0,0,0
1fe8d1679e19f7b0c6c981ac6b09ed4ef0df3ea6,1463448693,1,1,1,0,31,29,0,97,0,16381,3023,6151,2678.7,4114,TRUE,0,0,0,2,4
708505f2b1e607ec47da30e3b4d2158255aa0014,1463448662,1,1,1,0,2,2,1,97,0,16381,3022,6150,2677.7,4113,FALSE,0,0,0,0,0
b2da5ee1a7b778a31833a9241746b5581a5808cd,1463448612,1,1,1,0,1,1,0,97,0,16381,3021,6149,2676.7,4112,FALSE,0,0,0,0,0
315e751f43931548f3deeca8a58c655c13b942b2,1463448570,1,1,1,0,8,0,0,97,0.11,16373,3020,6148,2675.7,4111,FALSE,0,0,0,0,0
dc5544223fc30e5d228b898bb4cb783e33bc3999,1463439363,1,1,1,0,1,1,0,97,0.62,16373,3019,6147,2675.13,4110,FALSE,0,0,0,0,0
c14728d31a9d9f6852228a47ba1c9b7c8f6e54e8,1463430905,1,1,1,0,15,18,0,47,0.12,26522,1916,6146,2674.52,2386,FALSE,0,0,0,2,0
7d4b154866546bdbab1fc6bed08544ef7147e9ae,1463420847,1,1,1,0,17,18,0,47,0.01,26523,1915,6145,2673.98,2385,FALSE,0,0,0,0,0
b69647a0c35f14754c2e868dfc52f3b12732ba9a,1463420220,1,1,1,0,24,18,0,47,0.04,26517,1914,6144,2673.01,2384,TRUE,0,0,0,0,0
d054442e2cfa6e4b0943261631d27d20a2781c29,1463416689,1,1,1,0,17,27,0,47,0.04,26527,1913,6143,2672.18,2383,FALSE,0,0,0,1,0
e50bf1fb443fa50bddb89423337f17ba8ea532fd,1463413100,1,1,1,0,32,0,0,47,0.01,26495,1912,6142,2671.34,2382,FALSE,0,0,0,0,0
d40b6a75da79a19af48d2ac1832e8fb66c91b6aa,1463411835,1,1,1,0,6,6,0,47,0.41,26495,1911,6141,2670.4,2381,FALSE,0,0,0,0,0
e124e7fb5fb15a8eca8f12d57fc3393f979cf0ae,1463385626,1,1,1,0,4,4,0,97,0.17,16373,3018,6140,2670.61,4109,FALSE,0,0,0,1,0
7c3a163f9c06c10b221b32dc5d1da99da4641e44,1463376572,1,1,1,0,22,0,0,47,0.03,26473,1910,6139,2670.02,2380,FALSE,0,0,0,0,0
03af0791aab2d0b9807c5a0951de7242c69f012a,1463373993,1,1,1,0,1,6,0,47,0.47,26478,1909,6138,2669.14,2379,FALSE,0,0,0,0,1
464885a5397785a701c1880ad9cd0fbc3afd1a7b,1463371030,1,1,1,0,13,1,0,97,0.78,16361,3017,6137,2668.28,4108,FALSE,0,0,0,0,0
346579ac7a4f1d2c0c5a0268b7ccb3b861d3ac01,1463333645,1,1,1,0,20,14,0,47,0.35,26472,1908,6136,2669,2378,TRUE,0,0,0,0,1
76ed206e9b04c388b56705c6afe60de36d18f2de,1463303568,2,2,2,0.784198,90,10,0,102,0.33,21376.5,2026.5,6135,2669.39,3242,TRUE,0,0,0,0,0
06e7c963ef1c4babb51c3a79067188651dacc65b,1463292998,1,1,1,0,116,52,0,47,2.64,26366,1906,6134,2668.87,2376,FALSE,0,0,0,0,0
573d902026685d36f9eb0b2e69fc6f23fd9a21b5,1463256718,1,1,1,0,11,35,0,97,0.71,16347,3015,6133,2669.55,4106,FALSE,0,0,0,3,11
9afd4659c7adfb187f8f90f052ac5a016bf93425,1463194993,1,1,1,0,9,1,0,97,1.15,16339,3014,6132,2671.4,4105,FALSE,0,0,0,0,0
66cdfe5896d242a0510466c55c4eeeba2fcc912d,1463194772,1,1,0,0,0,0,0,0,0,0,0,6131,2670.41,4104,FALSE,0,0,0,0,0
72492176000676d0fd21edc959adc076a6680673,1463118161,1,1,1,0,14,7,0,9,0.33,295,107,6130,2672.95,93,FALSE,0,0,0,0,0
2f20c672e08d3a98441946230c030510293bedc6,1463095756,1,1,1,0,2,2,0,97,0.01,16339,3013,6129,2672.98,4103,FALSE,0,0,0,0,0
6d02a64c4787eb5c96b1c1f06badf982622986ee,1463095175,1,1,1,0,17,23,0,97,0.1,16345,3012,6128,2672.01,4102,FALSE,0,0,0,0,0
3d078383cba90b4b5f37d6703ce23c8395c35c57,1463089949,2,2,2,0.16802,75,2,0,10,12.22,1044.5,81,17,13.9,3,FALSE,0,0,0,0,0
64e765bf7a283f07d5746397214384116b6f1055,1463086634,1,1,1,0,1,1,1,97,0,16345,3011,6127,2671.41,4101,FALSE,0,0,0,0,0
b5b61257309d0152f9b820092d65d43d404168b0,1463086496,1,1,1,0,1,1,0,97,0.25,16345,3010,6126,2670.41,4100,FALSE,0,0,0,0,0
e45984f6b8015a8455fc7a3053a7dbc5093fc12f,1463065182,1,1,0,0,0,0,0,0,0,0,0,6125,2670.4,4099,FALSE,0,0,0,0,0
a95cf1c26c5e848e781a36a6b7f1da36ec35bdf1,1463064808,2,2,2,0.529349,348,348,0,102,0.88,21355.5,2022.5,6124,2669.41,3236.5,TRUE,0,0,0,4,0
4a19913726a55b54af19783d64f7d7011613f98e,1463059877,1,1,0,0,0,0,0,0,0,0,0,36,28.39,36,FALSE,0,0,0,0,0
2c86e34919ba72427b96cc4f80eade73509d7796,1463038906,8,8,5,0.305667,7344,60,0,1,27.23,27,0.6,6123,2669.61,514.5,FALSE,0,0,0,0,0
7ef8ece0bc97ea1ebdccb2cf37b76c25c5b60b34,1463037679,2,2,1,0,67,39,0,1,-93.4,73,1,6122,2668.67,2048,FALSE,0,0,0,0,0
26ef242899303363297577e89578d27a71678360,1463037616,3,3,2,0.107744,46,59,0,1,34.01,125,1.5,6121,2667.67,1366.67,FALSE,0,0,0,0,0
96d33aaa1d7bc0741227a7d271e1350001a970f5,1463037528,29,29,27,0.464809,7238,2054,0,1,28.77,420,1.15,6120,2666.68,150.517,FALSE,0,0,0,0,0
170919b63306f3a108249b8c17e5b3fca9355999,1463037515,2,2,1,0,362,200,0,1,43.15,499,19,6119,2665.68,2050,FALSE,0,0,0,0,0
de26827da900db8d234c6c0236cb2e2301cfbb38,1463037435,69,69,65,0.492151,37910,7485,0,1,55.47,483,0.78,6118,2664.68,71.8696,FALSE,0,0,0,0,0
602203c26491e5737e68e429934c0fbf76d02a96,1463037420,2,2,1,0,244,192,0,1,29.01,433,7,6117,2663.68,2052,FALSE,0,0,0,0,0
d11bffda5c28dc82f9dfc4dc725f203ea2c93d27,1463037286,97,97,86,0.371471,94615,3940,0,1,37.13,150,0.5,6116,2662.69,54.3093,FALSE,0,0,0,0,0
2d158677220f15ea977d56f99713dfda397cc56f,1463037256,2,2,1,0,150,91,0,1,43.15,132,18,6115,2661.69,2054,FALSE,0,0,0,0,0
452d11d556967f9e6f077ac4cac9b4093f54bd21,1463036877,141,141,136,0.407335,25244,11352,0,1,58.84,90,0.37,6114,2660.71,39.5887,FALSE,0,0,0,0,0
a97418e9c2fe57f3abd28fae95e9733417452fd8,1463036856,2,2,1,0,24,23,0,1,39.16,165,22,6113,2659.71,2054,FALSE,0,0,0,0,0
dcf84f0e62588cdbaa2a5ad41c2df8bd71f12698,1463036130,212,212,207,0.471953,20509,6203,0,1,101.02,336.86,0.23,6112,2658.74,28.3396,FALSE,0,0,42,545,959
f2d770f3b551d86558fddce0acc26ed4c6ceba19,1463036106,3,3,2,1,38,34,0,1,29.01,392.5,6,6111,2657.74,1369,FALSE,0,0,0,0,8
2f9ad20a7f724c48b984a9323641fc2ff904dd41,1463034919,3,3,2,0.58649,53,51,0,1,21.07,410.5,4.5,6110,2656.8,1366,FALSE,0,0,0,9,2
52ae769bfa235570fbdc718285b431ec4b0292a8,1463029868,1,1,1,0,5,4,0,97,1.25,16344,3008,6109,2656.03,4083,FALSE,0,0,0,0,0
44d7c3887d991398a2088a742a566bc0b81acd19,1462948048,1,1,1,0,18,18,0,47,0.08,26366,1904,6108,2658.78,2374,FALSE,0,0,0,0,0
315271996c049772774944623a6672cbf8274aad,1462941022,1,1,1,0,8,11,0,47,0.22,26369,1903,6107,2658.1,2373,FALSE,0,0,0,2,0
262049f737bff4dfe95c43263448563122f5adb7,1462936426,1,1,1,0,0,9,0,97,0,16260,3006,6106,2657.31,4082,FALSE,0,0,0,1,0
04d6e351a645389e0c3001492104f83904f9ee6f,1462936312,2,2,2,0.713364,80,58,0,102,3.04,21296.5,2019.5,6105,2656.32,3226.5,FALSE,0,0,0,1,0
9fa86ec712595ead229ff883fa8be62bf38364aa,1462924595,1,1,0,0,0,0,0,0,0,0,0,35,27.48,35,FALSE,0,0,0,0,0
2357704540130fb394af3c01ebd249ed658725ca,1462922183,2,2,2,0.376524,362,255,0,102,-0.16,21303,2020.5,6104,2655.96,3225.5,FALSE,0,0,0,7,0
901e3dcff261554d600f8567fd246ce47d91c599,1462751438,1,1,1,0,2,2,0,97,1.78,16242,3004,6103,2662.81,4079,FALSE,0,0,0,0,0
8864095bab17a038ca9b7cef938bca20fa6ab766,1462674690,1,1,1,0,1,1,0,6,0.86,914,181,6102,2665.36,2370,FALSE,0,0,0,0,0
dbe6a9008cf625084612e03fa36ef659e800a16a,1462647639,2,2,125,0.407343,1248,1105,0,1,44.4,198.22,0.29,6101,2665.61,2085,FALSE,0,0,0,442,284
996636d25b43901b6a0bb3fa84c85f1f1f79eccc,1462647348,1,1,0,0,0,0,0,0,0,0,0,6100,2664.62,4077,FALSE,0,0,0,0,0
07c844053e9dda6377e936e1bda9d50ef37e930c,1462647310,1,1,122,0.623087,584,476,0,1,45.27,39.66,0.29,6099,2663.62,4076,FALSE,0,0,0,16,12
6f47eae67b08a43e310578627658f3a45330b33d,1462646986,1,1,119,0.0656272,17285,825,0,1,45.37,167.39,0.29,6098,2662.64,4075,FALSE,0,0,9,213,138
def9f5d84af52a53b9f774017e141d67ec7babb3,1462640805,1,1,1,0,1,1,1,97,0.13,16242,3002,6097,2661.92,4074,FALSE,0,0,0,0,0
47d024ae7b80ae990ebd9ecd07539c5949451b4e,1462629266,1,1,1,0,3,3,0,97,0.4,16242,3001,6096,2661.46,4073,FALSE,0,0,0,0,0
43fffe32002fc46c11b9d9e268b50a74123aa80d,1462608564,1,1,0,0,0,0,0,0,0,0,0,6095,2661.41,4072,FALSE,0,0,0,0,0
05135ca17173bbfee26ad6be2284ae2e7cafc1d3,1462600681,1,1,1,0,1,1,0,6,18.02,914,180,6094,2660.78,2369,FALSE,0,0,0,0,0
1123e13072883436799e4817288b4eb247cc0471,1462597819,3,3,8,0.168989,686,651,0,97,16.67,4719.5,393.25,6093,2659.91,1691,FALSE,0,0,0,430,280
ca1f22a7c60a30a686dbade938bf757aae9fc60e,1462595097,2,2,2,0.15876,13,5,0,102,2.01,21292.5,2017,6092,2659.03,3219,FALSE,0,0,0,0,2
9a461a5e480056040f1cdbca7836a1b8d335161c,1462421368,2,2,2,0.479849,85,44,0,102,2.08,21272,2016.5,6091,2666.06,3218,FALSE,0,0,0,11,0
73e7bab8398e5d6b8927cb75fb5de221f08bfd46,1462407434,1,1,0,0,0,0,0,0,0,0,0,6090,2665.71,119,FALSE,0,0,0,0,0
572060aedc37f913cccac478f33ed5ca7eefc6cf,1462407421,1,1,0,0,0,0,0,0,0,0,0,6089,2664.71,118,FALSE,0,0,0,0,0
f1b63d41f806ff23adf55e6ce9bc15bbbb03a19a,1462250059,1,1,1,0,12,3,1,47,0.02,26323,1898,6088,2671.02,2366,FALSE,0,0,0,0,6
9ee423edcfdbc7a56976c7b4054849c296029fd8,1462248240,1,1,1,0,14,0,0,47,0,26309,1897,6087,2670.11,2365,FALSE,0,0,0,0,0
70c8651182c2f12de5d97d985a63345bc572238b,1462248193,1,1,1,0,25,31,0,47,0.03,26315,1896,6086,2669.11,2364,FALSE,0,0,0,0,0
67ef2bb008e59823aa840e9676caa8e6cef4a2fc,1462245367,1,1,1,0,21,21,0,47,0.02,26293,1894,6085,2668.24,2363,FALSE,0,0,0,0,0
2b54f23dad0508e7f2f5137b2b9fb8b4cfe453e5,1462245338,1,1,1,0,25,3,0,47,0,26293,1895,6084,2667.24,2362,TRUE,0,0,0,0,2
f2b5e58500be30ea03dfd198b41af77cb92c254f,1462243353,1,1,1,0,1,1,0,47,0,26293,1893,6083,2666.33,2361,FALSE,0,0,0,0,0
b8fa0d9b29a0297db6c1a7d23a9507abfc95a05e,1462243343,1,1,1,0,33,50,0,47,0.4,26310,1892,6082,2665.33,2360,TRUE,0,0,0,0,1
264d68dec9c640dda633c2ac5cc9101cf37a6c9f,1462233197,1,1,1,0,28,5,0,97,0,16189,2998,6081,2664.81,4068,FALSE,0,0,0,0,0
71f5264ee17730c196727928c45ebd5faab69744,1462233010,1,1,1,0,49,49,0,97,0.15,16189,2997,6080,2663.81,4067,FALSE,0,0,0,0,0
ce8a1feb947b025a54b33fcd240a27b18985a3ee,1462221063,1,1,0,0,0,0,0,0,0,0,0,6079,2663.37,4066,FALSE,0,0,0,0,0
05c32044e970cd04f9c8422531217e9a9af77b4f,1462219731,1,1,1,0,1,1,0,97,0.09,16189,2996,6078,2662.43,4065,FALSE,0,0,0,0,0
44927be6e2dbe7a30cf3815982d534fc2912e816,1462211573,1,1,1,0,1,1,0,97,0.15,16189,2995,6077,2661.81,4064,FALSE,0,0,0,0,0
d1779d6cdd54d698fa34fc364e2a11a956285a25,1462208477,1,1,1,0,2,2,1,47,0.1,26310,1891,6076,2660.95,2359,FALSE,0,0,0,0,0
a13d640bcc67d933cae1b30cfc01fbc3f3f6d8b6,1462199969,1,1,1,0,29,29,0,47,0.29,26310,1890,6075,2660.35,2358,TRUE,0,0,0,0,0
c7d4106f66e58692ddaab8c45446b39374f77ba7,1462198532,1,1,1,0,21,0,0,97,1.47,16168,2994,6074,2659.41,4063,FALSE,0,0,0,0,0
2e59faad8f5248985d53758b0c0eba2a4fb311b0,1462174498,1,1,1,0,8,8,1,47,0.02,26310,1889,6073,2659.52,2357,FALSE,0,0,0,0,0
6d70b64b2e13dceeeeb90f200cc0c44818011505,1462172419,1,1,1,0,2,2,0,47,0.02,26310,1888,6072,2658.62,2356,FALSE,0,0,0,0,0
767f9c6bcedf1ae87d759a84be1e2208ff59ecb8,1462171033,1,1,1,0,2,4,0,47,0.18,26312,1887,6071,2657.68,2355,TRUE,0,0,0,0,0
edd7c2f0b165e1c9d32f0118fd360476dbaf8485,1462166599,1,1,0,0,0,0,0,0,0,0,0,6070,2656.89,4062,FALSE,0,0,0,0,0
b9cfd31bd5c147ca294ff4bc877738892803a3d4,1462161344,1,1,0,0,0,0,0,0,0,0,0,6069,2656.13,4061,FALSE,0,0,0,0,0
6883f991419a806444dce3770abc3b046696f736,1462155123,1,1,1,0,54,46,0,47,1.3,26304,1886,6068,2655.42,2354,TRUE,0,0,0,0,0
c2aee218d202f23e382b22375e03cabea874302b,1462155109,1,1,0,0,0,0,0,0,0,0,0,6067,2654.42,4060,FALSE,0,0,0,0,0
8e44d73705acb0024f702e7dc2f4fc03aaba825d,1462151862,1,1,0,0,0,0,0,0,0,0,0,34,27.03,34,FALSE,0,0,0,0,0
9e30cc454265c836f9d783b81dcf44433f2ee2b9,1462071778,1,1,1,0,1,1,1,96,1.34,16168,2993,0,0,0,FALSE,0,0,0,0,0
963e2c23b0183080a1f90c7f653285c9299876eb,1462042746,2,2,2,0.429206,11,31,0,47,6.26,14061.5,983,6066,2658.61,3206,FALSE,0,0,0,0,1
7ee4bf8d02acb464da3b22af85b86982860b6498,1462024978,1,1,1,0,1,1,0,9,16.69,290,105,16,13.3,1,FALSE,0,0,0,0,0
c3c6bc9666d30b2846d3f4ecc982e89a61df98e2,1461956261,1,1,2,0.0321149,35,44,0,96,0.06,8110.5,1496,6065,2661.62,4058,FALSE,0,0,0,0,0
ef1024bb60d15b5215b44a2c6a319e454b514d6a,1461950871,1,1,2,0.283117,59,6,0,95,0.41,8084,1495.5,0,0,0,TRUE,0,0,0,0,0
6c6e1c2be31f2b063ef9ae9c81d4f522d5e9d153,1461906508,1,1,0,0,0,0,0,0,0,0,0,6064,2662.94,6,FALSE,0,0,0,0,0
e9a08ba9a9baf81f1c1bb6818faf99766c83c3ac,1461904222,1,1,0,0,0,0,0,0,0,0,0,6063,2662.04,5,FALSE,0,0,0,0,0
59546b998904ffed4af1eebe76f9fdce4bae4135,1461904006,1,1,0,0,0,0,0,0,0,0,0,6062,2661.05,4,FALSE,0,0,0,0,0
816edcce2efbc43409107c51ae3f57ff57de7709,1461880525,1,1,1,0,18,18,0,95,1.19,16168,2990,6061,2661.14,4057,FALSE,0,0,0,0,0
da146a9afdd0a07baeb3db393e485e2b754b8cd9,1461777902,1,1,1,0,4,2,0,95,0.94,16166,2989,6060,2664.92,4056,FALSE,0,0,0,0,0
8accfb3372b3dddaaf07664bc4c297d37a47c40b,1461769937,1,1,0,0,0,0,0,0,0,0,0,33,26.3,33,FALSE,0,0,0,0,0
cbcd5ffdc4c793a96aa1a95f3c16774281200c07,1461769473,1,1,0,0,0,0,0,0,0,0,0,6059,2664.31,4055,FALSE,0,0,0,0,0
6f600ebeac7a98ddf47eef1594b4ac1de5635991,1461696946,1,1,1,0,1,0,0,94,1.5,16165,2988,0,0,0,FALSE,0,0,0,0,0
9aa456f26fd227cf7d91adfa0a1f6d07c75db37c,1461567873,1,1,1,0,13,13,0,47,0.01,26309,1884,6058,2672.75,2352,FALSE,0,0,0,0,0
dc77d7605d05bbda9a46f14da4408e0f745385d8,1461567382,1,1,1,0,22,8,0,47,0,26295,1883,6057,2671.77,2351,FALSE,0,0,0,0,0
f7c4410f41030ca9eab4794573f8f5a67662c211,1461567360,2,2,2,0.818216,41,19,0,99,1.8,21219,2002.5,6056,2670.77,3202,FALSE,0,0,0,0,0
9fa0ec00b8a5d1f2f26d26137c07318aa3a17477,1461436995,1,1,1,0,1,2,0,3,0.01,467,45,6055,2675.9,91,FALSE,0,0,0,0,0
0125ff73038dc1549a9a325adbd21c33f6c9a278,1461436274,1,1,1,0,11,14,0,5,0,1817,90,6054,2674.94,2349,FALSE,0,0,0,0,0
fbc91cf7aef4856753f636772e8285104ad480d7,1461436192,3,3,3,0.80532,44,20,0,96,0.76,6139,1028.67,6053,2673.94,2163.67,FALSE,0,0,0,0,2
43c26b5d6f9d7ba971cf89c2582ac08d72007291,1461387689,2,2,2,0.382468,38,4,0,99,0.81,21203,2001.5,6052,2675.23,3199.5,FALSE,0,0,0,2,0
4e38f70e0e7a6344b0bdb6bc52efc9fa5999e033,1461383116,2,2,2,0.0256531,264,225,0,94,0.51,8953,1533,6051,2674.44,3198.5,FALSE,0,0,0,5,8
e2c86dac63cbb9d6788dbc2b51e5c328288f08d8,1461339995,2,2,2,0.288282,15,1,0,7,13.15,1119,53,6050,2675.47,1217,FALSE,0,0,0,0,1
aebc0650f8fe0df6ec7df40204063ff79fcc8cde,1461338367,1,1,1,0,10,34,0,94,1.59,16148,2983,6049,2674.55,4050,FALSE,0,0,0,0,0
a0db54b53f78824bc97ce61d3189be71af61add2,1461252514,1,1,1,0,27,3,0,47,0.32,26225,1880,6048,2677.6,2344,FALSE,0,0,0,0,0
076e4e6db538a20370965f2eea4bbdd595fde3fa,1461225643,1,1,1,0,7,0,0,47,0.02,26209,1877,6047,2677.88,2343,FALSE,0,0,0,0,0
32b813e42b9c61d960d44665b61e8b5df06fe84c,1461224663,1,1,1,0,10,7,0,47,0.01,26222,1879,6046,2676.92,2342,FALSE,0,0,0,0,0
3c144b8601db9a7fe8eaa27b10b8db2d51ddc8d9,1461224210,2,2,2,0.734496,23,17,0,99,0.13,21182,1998.5,6045,2675.94,3195,FALSE,0,0,0,8,0
2ea08ccd368cceb645957f2f40d644394d8fde54,1461223899,1,1,1,0,12,0,0,47,0.34,26197,1876,6044,2674.96,2340,FALSE,0,0,0,0,0
a9ec8d953cd444e07186d9bb8feb50f0a09d8f6e,1461218297,8,8,7,0.531401,282,173,0,1,105.04,223.29,2,6043,2674.22,511.875,FALSE,0,0,0,5,10
fbdd63d3adbaee0a7d221505861423ab898486fa,1461214263,3,3,2,0.781471,56,18,0,1,18.09,391.5,4,6042,2673.41,1353,FALSE,0,0,0,4,2
44cf9714054ae0a4898850e8325d1c7e23d0cb96,1461208602,1,1,0,0,0,0,0,0,0,0,0,6041,2672.68,4046,FALSE,0,0,0,0,0
c0d74180549faa67a3efdd7c3c7aeae3bfc62936,1461201161,3,3,5,0.20198,662,547,0,94,5.46,7263.2,624.8,6040,2672.03,1681.67,FALSE,0,0,0,490,289
fc48518f2bb577035d8f485e9788a25a462b0761,1461201136,1,1,1,0,1,2,0,94,0.03,16149,2980,6039,2671.03,4044,FALSE,0,0,0,0,0
594c3b340625b34516cd64b995d52c6777370c69,1461198304,1,1,1,0,3,1,0,94,0.04,16147,2979,6038,2670.17,4043,FALSE,0,0,0,0,0
38edd713e487b59286740b28c227fb66f54666be,1461194510,2,2,2,0.330299,17,2,0,99,0.16,21164.5,1996,6037,2669.34,3190.5,FALSE,0,0,0,0,0
6987d70dc29f548e2d76774bca2037731236ee1c,1461180806,2,2,2,0.216161,72,17,0,99,0.34,21137,1995.5,6036,2668.99,3189.5,FALSE,0,0,0,8,0
b21a87b50fd6c8f0399046401a94655fe201e914,1461163764,1,1,1,0,1,1,1,94,0.27,16144,2976,6035,2668.79,4040,FALSE,0,0,0,0,0
0e4b307585b7f946a87c097be667536b743153c9,1461141092,1,1,0,0,0,0,0,0,0,0,0,6034,2668.86,4039,FALSE,0,0,0,0,0
c81bbe95c6022c9abcd741cb9f4e211085b9d444,1461140952,1,1,0,0,0,0,0,0,0,0,0,6033,2667.86,4038,FALSE,0,0,0,0,0
e3566eb1ce7afe7387c0f7334b307d85a5daff21,1461140640,1,1,1,0,1,1,0,94,0.02,16144,2975,6032,2666.88,4037,TRUE,0,0,0,1,0
0429434dbb2489b3910af557567c190267e65f11,1461138685,2,2,2,0.507374,23,37,0,99,0.58,21144,1994,6031,2665.97,3186.5,FALSE,0,0,0,4,0
80f35ee71320a8320a8a4ead2371189cf936c9f7,1461137131,1,1,1,0,20,2,0,47,0.28,26112,1872,6030,2665.04,2336,FALSE,0,0,0,0,0
224595c837850230888b5033d81576e2ce778f0c,1461135560,1,1,0,0,0,0,0,0,0,0,0,6029,2664.12,4035,FALSE,0,0,0,0,0
61ace9a24b77cde08e415a4b3acba2f35c7f9951,1461135554,1,1,0,0,0,0,0,0,0,0,0,6028,2663.12,4034,FALSE,0,0,0,0,0
8c630ede7e197f4cf39527977a8dc17d76de8d78,1461132426,1,1,0,0,0,0,0,0,0,0,0,6027,2662.26,4033,FALSE,0,0,0,0,0
35805ec2506978c14ab04bfb8b0fc9f5644204a2,1461129661,1,1,85,0.61949,336,157,0,1,22.78,46.07,0.4,6026,2661.39,4032,FALSE,0,0,0,41,17
ccdfca5392cd577ba90cf318471b29b4f83fa899,1461129436,1,1,84,0.342086,708,441,0,1,22.98,226.08,0.4,6025,2660.4,4031,FALSE,0,0,0,94,36
ddde027fd9bd5d25416b6a788e273babc959f307,1461128404,1,1,87,0.347012,1015,721,0,1,22.54,265.84,0.4,6024,2659.45,4030,FALSE,0,0,0,531,306
ca3b583695353da37d4c5aed362ac91ce1dabed6,1461112966,1,1,1,0,16,1,0,47,0.03,26097,1871,6023,2659.17,2335,FALSE,0,0,0,0,0
c2cbb06d57088119a6f303896a2c0ab5ccd65c19,1461110261,1,1,1,0,78,23,0,47,0.18,26042,1870,6022,2658.3,2334,FALSE,0,0,0,0,0
f6bf8d2e6d89d4e8c883f0e8a0a406435a961525,1461094680,1,1,1,0,10,15,0,47,0,26047,1869,6021,2658.03,2333,FALSE,0,0,0,0,0
60c89b275426eae1f81d3de06421578beaab3adc,1461094667,1,1,1,0,13,0,0,47,0.05,26034,1868,6020,2657.03,2332,FALSE,0,0,0,0,0
b72fba911d8828883fd3d5bdd301cd786e50269a,1461090117,1,1,1,0,29,44,0,47,0.04,26049,1867,6019,2656.24,2331,FALSE,0,0,0,0,0
3930c388e466ea4cc752f33896540ebc03e3de00,1461086583,1,1,1,0,3,9,1,47,0.09,26055,1866,6018,2655.41,2330,FALSE,0,0,0,0,0
ddf5ef0839c8a5546f18f6331ec1c93df1d338a0,1461079010,1,1,1,0,175,74,0,47,0.33,25954,1865,6017,2654.76,2329,TRUE,0,0,0,0,0
c66947405b27ea82b4eaf9359122e96db627c391,1461050649,1,1,1,0,36,2,0,47,0.06,25920,1864,6016,2655.08,2328,FALSE,0,0,0,0,0
ad27b62343b9eaea88fec1b893b934f9a3c9bf1b,1461045271,1,1,1,0,65,6,0,47,0.04,25861,1863,6015,2654.34,2327,TRUE,0,0,0,0,0
5283b0f407a1471bb0aae00b8222ad6c33fbab1b,1461043824,1,1,1,0,3,14,0,6,1.99,925,179,6014,2653.4,2326,FALSE,0,0,0,0,0
af41f9267a876cf858ba8e0d87ad22ede123099d,1461042236,1,1,1,0,4,2,0,47,0.55,25859,1862,6013,2652.48,2325,FALSE,0,0,0,0,0
6e8c9842501e1fbcf8423bc5609ea28a3797af87,1461040412,1,1,1,0,23,19,0,94,1.52,16154,2973,6012,2651.56,4029,TRUE,0,0,0,0,4
a47ce3cf135777986ce29cdf9de72d16e29acd6b,1461038218,1,1,0,0,0,0,0,0,0,0,0,6011,2650.66,4028,FALSE,0,0,0,0,0
ba58f35f37385cc786fe995cfcb7fa2805d31567,1460994438,1,1,1,0,14,0,0,47,1.06,25845,1861,6010,2651.7,2324,FALSE,0,1,0,0,0
30fd1693eeee1ccc6c79d9df969dce29f1e72a3c,1460977908,1,1,0,0,0,0,0,0,0,0,0,32,25.85,32,FALSE,0,0,0,0,0
161c17ce7f0a526776cc048ef96a83247021a74a,1460909115,1,1,1,0,6,15,0,94,0.07,16163,2972,6009,2654.68,4027,FALSE,0,0,0,6,0
27dfe542bd6911219f20670e55ac22f4cb5ec4b6,1460902656,2,2,2,0.647965,9,2,0,99,1.51,21000.5,1986.5,6008,2653.99,3174.5,FALSE,0,0,0,0,0
c2e018b2ac8b6983f558ada5e7a5a3dde0fdd747,1460872184,1,1,1,0,5,2,0,6,22.16,922,178,6007,2654.41,2322,FALSE,0,0,0,0,0
353113f17faf509deaaf735b006d8e57405fc18a,1460868502,1,1,1,0,35,1,0,94,0.04,16129,2970,6006,2653.58,4025,FALSE,0,0,0,0,0
762e858c489732668793395177e0b4dbb2cc2399,1460864710,1,1,1,0,2,3,1,94,0.1,16130,2969,6005,2652.76,4024,FALSE,0,0,0,1,0
db497020461abb0d74ce1c700cdc881756042a2e,1460862998,1,1,1,0,0,1,1,1,5.9,24,5,6004,2651.84,117,FALSE,0,0,0,0,0
7239bf791faa51c80215fd9fdadc506d175dcc76,1460855787,1,1,1,0,1,1,0,94,0.01,16130,2968,6003,2651.17,4023,FALSE,0,0,0,0,0
9cb75cae1d471ffc1672f0074010ea8aad71f9a9,1460854831,1,1,1,0,16,0,0,94,0.73,16114,2967,6002,2650.22,4022,FALSE,0,0,0,0,0
fdb4cf1208f8fb331fb8868d423cd7236369ea1f,1460791410,1,1,1,0,32,27,0,94,0.97,16109,2966,6001,2652.18,4021,FALSE,0,0,0,4,5
714cf7b18c4d42a5746693807ccf1e2d8f189cd9,1460707556,1,1,1,0,246,165,0,94,0.37,16028,2965,6000,2655.1,4020,TRUE,0,0,0,38,12
1a1e0e1a6b9e59dbe1076b792a3030ec4a7c7eff,1460675852,2,2,2,0.57938,6,6,0,99,0.23,20933,1983,5999,2655.59,3170,FALSE,0,0,0,1,0
f6c14ec31fcb0930be674d8a91bf889f7e3a8525,1460663118,4,4,4,0.343929,22,46,0,48,13.42,7409.5,516,5998,2655.18,1659,FALSE,0,0,0,0,0
da7f413f6f82ca4e6ba074d37141b3f75884a3ab,1460663071,1,1,0,0,0,0,0,0,0,0,0,5997,2654.18,4017,FALSE,0,0,0,0,0
3cf28953a73212992479e12f3374cec3a8af4005,1460657458,1,1,0,0,0,0,0,0,0,0,0,5996,2653.45,4016,FALSE,0,0,0,0,0
080b761f7fcd83661fdc555228060effe89b16e8,1460648239,1,1,1,0,5,3,0,94,0.5,16026,2963,5995,2652.88,4015,FALSE,0,0,0,0,0
e93cb815c35f1be0d6fe3c798b93a4a6412a4bcd,1460606811,2,2,8,0.381208,41,31,0,1,1.7,2588.62,3,5994,2653.82,2051,FALSE,0,0,0,22,12
692aabae1351bc353122d293132844d6eef1c03b,1460606632,1,1,4,0.339262,16,12,0,1,2.7,303,8.25,5993,2652.83,4013,FALSE,0,0,0,2,0
29c408ee8a43fa61aebc3ac6ba9fda32f107ee20,1460606520,1,1,3,0.260945,28,20,0,1,3.28,5421,11,5992,2651.83,4012,FALSE,0,0,0,4,0
7f6ad484ecda3be52655e222a647758ca860d24c,1460605413,1,1,0,0,0,0,0,0,0,0,0,5991,2650.88,4011,FALSE,0,0,0,0,0
391a930d49bdd5efca8a2512fc2347d37f1a18dc,1460605341,3,3,8,0.395931,31,25,0,94,1.27,4677.38,388.12,5990,2649.89,1669.33,FALSE,0,0,0,20,12
a532773703b1aa501f0328267086384308189ab8,1460597480,1,1,1,0,42,83,0,47,0.15,25891,1857,5989,2649.25,2319,FALSE,0,0,0,0,0
49f8aa428942890f1804024888995ce66ed11985,1460596627,1,1,1,0,13,9,1,94,1.33,16022,2961,5988,2648.29,4009,FALSE,0,0,0,2,0
44b9b085c0b6cbf7ea41ef4e022b34202fd03329,1460584255,1,1,1,0,31,9,0,46,0.27,25869,1856,0,0,0,FALSE,0,0,0,0,0
a447353977114777f95643e92ce96936242e1dcc,1460582560,1,1,1,0,1,0,0,9,1.74,289,104,5987,2647.95,87,FALSE,0,0,0,0,0
ef67e077326a3dc4c735f8529c2ee7323d60523f,1460565549,1,1,1,0,5,5,1,94,0.5,16022,2959,15,12.83,10,FALSE,0,0,0,0,0
7e885a4ddd124976bf63f19088e85f2b03a98989,1460560858,1,1,1,0,18,0,0,46,0.3,25851,1855,5986,2647.96,2318,FALSE,0,0,0,0,0
a3c1f427087eb4a676592b3915eaf1e078222839,1460534928,1,1,1,0,50,0,0,46,0.01,25801,1854,5985,2648.18,2317,FALSE,0,0,0,0,0
d3ef5a3acb5a719d51ffcf93a3cc96cb9a1903c8,1460533984,1,1,1,0,22,23,0,46,0.13,25802,1853,5984,2647.22,2316,TRUE,0,0,0,0,0
873de8c42e5bce31f7e8d9de4979e009daf7b353,1460530777,2,2,1,0,2,16,0,1,5,436,6,5983,2646.37,2009.5,FALSE,0,0,0,0,0
a039483886093788e7021131a9cba6ffc53f45ec,1460530557,137,137,120,0.37875,35815,3454,0,1,9.24,96,0.46,5982,2645.38,37.8102,FALSE,0,0,0,0,0
977e9c5c6428c947a8e4e3fb7c997f7a674beeff,1460530534,4,4,3,1,6,48,0,1,10.15,221,7.67,5981,2644.38,1013.25,FALSE,0,0,0,0,0
5bd01fbdbc4bd88a1a49b60c041cd17cd534a9f1,1460529845,5,5,4,0.575048,57,96,0,1,10.15,419,5,5980,2643.41,811.8,FALSE,0,0,0,4,7
5098d63a229a2284ac79e3fda28a353890563738,1460525904,1,1,0,0,0,0,0,0,0,0,0,5979,2642.6,4004,FALSE,0,0,0,0,0
63ba93dcb378d6d49690c8d46b9127d391669acc,1460525299,2,2,26,0.34814,387,268,0,1,11.62,819.08,0.85,5978,2641.62,2044.5,FALSE,0,0,0,334,200
764eccfdc0a1f644c45977eb758f8780ed4a1ff1,1460524945,1,1,23,0.516642,156,79,0,1,14.66,83.26,1.39,5977,2640.64,4002,FALSE,0,0,0,0,0
63d9a3fc42f12853de2c83497e5c68541dc61a4a,1460524719,1,1,21,0.439123,247,123,0,1,13.91,801.71,1.52,5976,2639.65,4001,FALSE,0,0,0,0,0
dea6ccbf4357ab96b7f1cc1fe8938932a7eae4af,1460524482,1,1,0,0,0,0,0,0,0,0,0,5975,2638.66,4000,FALSE,0,0,0,0,0
4275a731708dfd349ab78df683e444b6ed81c6f9,1460522678,2,2,2,0.693395,39,8,0,98,0.25,20896.5,1977,5974,2637.75,3157,FALSE,0,0,0,0,0
78a157d675d4f015165fb8a280c601562ab6fee7,1460521806,1,1,1,0,36,36,0,46,0.49,25777,1851,5973,2636.79,2314,FALSE,0,0,0,12,0
0c4d8836e78d58499f68830072fab76b0c4d8347,1460481613,3,3,8,0.231648,252,211,0,94,2.34,4671.75,387.88,5972,2637.65,1664.67,FALSE,0,0,0,334,200
97a437e8e62a1f1e82fb6bfe9f79b20cd3a4b632,1460480544,1,1,1,0,1,1,0,94,0.07,16016,2957,5971,2636.7,3997,FALSE,0,0,0,0,0
3c37f290a8ca98c90fc0d936002f780d966fbc10,1460479102,1,1,1,0,1,0,0,46,0.47,25776,1850,5970,2635.77,2313,FALSE,0,0,0,0,0
dcd5d470e028919e9ef22c60b83dc9627716cb67,1460474861,1,1,1,0,5,11,0,94,0.01,16022,2956,5969,2634.96,3996,FALSE,0,0,0,0,0
b424f3b60f9b99b66782ea0939a747ee65d31a5e,1460474044,2,2,2,0.734496,23,2,0,94,4.42,8887.5,1517.5,5968,2634,3153.5,FALSE,0,0,0,0,0
201ea9a9f0732f1076de9ab82cb543334cd9f46f,1460438172,2,2,2,0.0168695,106,40,0,98,0.07,20863,1974,5967,2634.66,3152.5,FALSE,0,0,0,0,0
2469af6c3f79c112586f0944d5171bb4b3ff400e,1460432039,3,3,3,0.482474,135,26,0,99,1.12,13968.7,1344,5966,2633.95,2129.33,FALSE,0,0,0,0,0
bfe6e06b5a3b36f3d43f103913c73745e5d4e6e7,1460421483,1,1,1,0,13,3,0,94,0.01,15959,2952,5965,2633.43,3992,FALSE,0,0,0,0,0
091b5fbe30db874255eda41dc3903d3bb93540fa,1460421015,2,2,2,0.35218,4,5,0,98,0.45,20804.5,1972.5,5964,2632.46,3150,FALSE,0,0,0,0,0
93168e6018872a79a69b50af284da98ae49a77a7,1460420962,1,1,1,0,7,4,0,94,0,15956,2950,5963,2631.46,3990,FALSE,0,0,0,0,0
16ed0818189fa7d6f82223808c2eb9a64143a57b,1460420899,1,1,1,0,3,17,0,94,0,15970,2949,5962,2630.46,3989,FALSE,0,0,0,0,0
c38b4b29cfacf6e2d74166503719d5f5921c2774,1460420566,1,1,1,0,6,7,0,94,2.11,15971,2948,5961,2629.48,3988,FALSE,0,0,0,0,0
be0bf2681b075b3bb57486647c1cf9eb44ee237f,1460354516,2,2,59,0.391507,442,417,0,1,17.53,380.59,0.46,5960,2631.53,2035.5,FALSE,0,0,0,306,189
f10bb8b80b8025011286f443421dacded3ef3ba4,1460354159,1,1,51,0.722913,159,155,0,1,17.02,59.1,0.61,5959,2630.55,3986,FALSE,0,0,0,4,5
76b289fe6eae263befcf2ceac47bdee41ad2d5da,1460353988,1,1,50,0.460863,305,288,0,1,17.3,359.8,0.62,5958,2629.55,3985,FALSE,0,0,0,8,10
a20b88d114c2871b5f1abc12a71c4b1fb8529188,1460353444,1,1,0,0,0,0,0,0,0,0,0,5957,2628.58,3984,FALSE,0,0,0,0,0
53bde1238c7e0cfca3dfea33c72d0057c8b224aa,1460353149,1,1,1,0,10,10,0,94,0.11,15971,2946,5956,2627.59,3983,FALSE,0,0,0,0,0
fd365c27e2e59689f106a82919346117237e1e72,1460353005,1,1,2,0.541048,19,0,0,1,26.51,22,3.5,5955,2626.6,115,FALSE,0,0,0,0,0
e60e97c03fda22d4dfea84e07022183990cf20df,1460343214,2,2,2,0.165608,26,0,0,98,1.52,20797.5,1969.5,5954,2626.05,3145,FALSE,0,0,0,1,0
e619f8ca8345446555abbea51c46c2818099667f,1460329881,1,1,0,0,0,0,0,0,0,0,0,31,25.3,31,FALSE,0,0,0,0,0
4f438416993a07f6c44703bb3d072b3291b3b5c5,1460261538,1,1,1,0,37,2,0,1,2.91,36,1,5953,2628.82,114,FALSE,0,0,0,0,0
87912a3b3f7e48a2fdc257039c0e3a13b30415f3,1460238220,3,3,8,0.220173,284,263,0,94,2.68,4662.75,386.25,5952,2628.9,1658.33,FALSE,0,0,0,306,188
cf2f538167d4a71f9658f948884fffce9d4cb5b9,1460234978,1,1,1,0,102,85,0,94,0.54,15951,2944,5951,2628.05,3980,FALSE,0,0,0,1,4
17e1a6dbe84e1debc15af55c0988602544cebf04,1460188387,2,2,2,0.278129,7,4,0,98,0.49,20787.5,1968.5,5950,2629.2,3143,FALSE,0,0,0,2,0
74f6af868616da154ae78f46581396e7bdf9af52,1460163558,1,1,1,0,3,2,0,9,4.34,287,102,5949,2629.35,83,FALSE,0,0,0,0,0
351236f52675a0fd523b72691d84d10dd83e9ea2,1460158335,1,1,1,0,6,6,0,94,0.06,15948,2942,5948,2628.59,3978,FALSE,0,0,0,0,0
51ad056710ad41070d49869aa6b7a90f8d431821,1460153047,1,1,1,0,8,16,0,94,0,15956,2941,5947,2627.84,3977,FALSE,0,0,0,0,0
6512b7f925d5ae866a1e516af08ae670f3367222,1460152986,1,1,1,0,8,5,0,94,0.21,15953,2940,5946,2626.84,3976,FALSE,0,0,0,0,0
057dd5b0a883d079690b34df4e22ff610af8504a,1460137642,1,1,1,0,1,1,0,46,0.08,25617,1842,5945,2626.55,2306,FALSE,0,0,0,0,0
c7264e3f1f4af7136694cf6f7b32828a69f7613e,1460134547,2,2,2,0.828997,14,2,0,98,0.03,20784,1966.5,5944,2625.69,3140,FALSE,0,0,0,0,1
349ec35c48b90514a574525bf75b8f6b86dad30e,1460134007,1,1,1,0,11,10,0,46,-0.04,25617,1843,5943,2624.72,2304,FALSE,0,0,0,0,0
f6ac7cb1a1a742bb9aa5ada7318ebe1dd35a0b20,1460130534,1,1,1,0,3,3,0,94,0,15950,2938,5942,2623.88,3974,FALSE,0,0,0,0,0
c1958daf65e22da9b12134d9995502ab2718d32c,1460130509,2,2,2,0.47756,4,3,0,98,0.44,20783,1964.5,5941,2622.88,3138,FALSE,0,0,0,2,0
977264f55b2e8756d1ad3816649a8f2149e2cdbf,1460106416,1,1,1,0,3,4,1,46,0.04,25617,1840,5940,2622.99,2302,FALSE,0,0,0,0,0
ee73c9b4369098ebfb530b5cb3a0d45b91ae3bb9,1460103989,1,1,0,0,0,0,0,0,0,0,0,5939,2622.1,3972,FALSE,0,0,0,0,0
e776e679afeeef477c87ee6b565eca416cb57d87,1460102623,2,2,2,0.527593,38,4,0,98,0.35,20766.5,1963,5938,2621.16,3136,TRUE,0,0,0,1,2
75fdb796a6d089ef91a29a20471fac92bcf35f31,1460098814,11,11,10,0.248218,412,453,0,1,-23.81,222,1.5,5937,2620.34,362.818,FALSE,0,0,0,0,0
8e5c321926f89be699801bd3b1193455bb1ef517,1460098758,5,5,4,0.0416852,62,2185,0,1,-34.01,576,6.25,5936,2619.34,797.6,FALSE,0,0,0,0,0
f8d0030181e59b941b13cf2846dc7d27f92b9c6f,1460098586,2,2,1,0,40,19,0,1,5.15,431,5,5935,2618.35,1989,FALSE,0,0,0,0,0
39ca5fdef72c4f213cd9a7975eec498bad2f97d1,1460097806,173,173,168,0.474036,21344,19110,0,1,39.59,115,0.32,5934,2617.39,30.7572,FALSE,0,0,0,0,0
3c2a06a11969b3826fb664d74d0f8d4396094198,1460097774,3,3,2,0.952916,50,101,0,1,5.14,533,8.5,5933,2616.39,1329.33,FALSE,0,0,0,4,17
7d39d58e437dcc2f0c1a8290b00cf600adf72991,1460090995,2,2,51,0.418666,425,314,0,1,11.44,436.33,0.57,5932,2615.7,2023.5,FALSE,0,0,0,370,243
b7e3b3febd9e1a52a95a4da28f698e0b53e39291,1460090289,1,1,47,0.734544,138,79,0,1,12.01,66.87,0.64,5931,2614.73,3964,FALSE,0,0,0,1,3
57f19429473271b52f324e12a44e444854a21f60,1460090123,1,1,46,0.470449,254,152,0,1,12.2,392.93,0.65,5930,2613.74,3963,FALSE,0,0,0,2,6
23901dfd455dd9a5e3a4e5c8cd636c53c0051daa,1460088095,1,1,0,0,0,0,0,0,0,0,0,5929,2612.83,3962,FALSE,0,0,0,0,0
87444e1a45cdc0755679bf03eacac6e1f81ae72d,1460087257,1,1,1,0,44,40,0,46,0,25590,1838,5928,2611.87,2300,FALSE,0,0,0,0,0
dc63bc2bd904a3bf277fc1886ee7e96f1f7a9228,1460087234,1,1,1,0,26,26,1,46,2.51,25590,1837,5927,2610.87,2299,FALSE,0,0,0,0,0
fac5e727e65e26ea9c4544053a02ea908b8e55b3,1460078843,3,3,5,0.258252,289,237,0,94,2.57,7200.8,615.6,5926,2610.26,1651,FALSE,0,0,0,369,240
f4ff4f29b1777773a65bbc5289449ca34bdfaf5c,1460056742,1,1,1,0,7,4,0,94,0.53,15936,2934,5925,2610.27,3960,FALSE,0,0,0,0,1
06412d5f12a1f2723a262a5d71bdf81c65b0d62d,1460017226,1,1,1,0,2,7,0,1,0.08,23,3,5924,2611.07,113,FALSE,0,0,0,0,0
e014592ea0e87a7c0594c98d21f9b35bdbf9ce54,1460011108,1,1,1,0,1,1,1,94,0,15936,2933,5923,2610.35,3959,FALSE,0,0,0,0,0
4305ffde18874110f866aff587ebcf7f5c4ec707,1460011091,1,1,1,0,29,29,0,94,0.39,15936,2932,5922,2609.35,3958,FALSE,0,0,0,0,0
bbc84903a78109e7534fe153fd526710ac8adba9,1460010968,1,1,0,0,0,0,0,0,0,0,0,5921,2608.36,3957,FALSE,0,0,0,0,0
0588dcb3e930546a2605057782a9cf3b3b8b8d5f,1460010142,1,3,9,0.524451,94,50,0,2,35.22,39.56,3.33,5920,2607.4,112,FALSE,0,3,0,0,1
58afd8c36450aa906e22441872520206587aa2be,1459977056,1,1,1,0,2,2,0,94,0.26,15936,2931,5919,2607.91,3956,FALSE,0,0,0,0,0
e120d63ee253021e1d640af086ef8f0c4f4fb64b,1459954745,1,1,1,0,4,3,0,94,0.42,15935,2930,5918,2607.93,3955,FALSE,0,0,0,0,0
504aead673a56515e910830223f391bb0f4a6a77,1459925468,1,1,0,0,0,0,0,0,0,0,0,5917,2608.27,111,FALSE,0,0,0,0,0
d7f43eba6a47778837d2037675555ee972a7be73,1459925320,1,1,0,0,0,0,0,0,0,0,0,5916,2607.27,110,FALSE,0,0,0,0,0
8c72ffc58332528a95b6119e723e8c09398208b0,1459925238,1,1,0,0,0,0,0,0,0,0,0,5915,2606.28,109,FALSE,0,0,0,0,0
27d3311b6a8002a54c8bcfbd1945abf6d94f77d9,1459918337,1,1,1,0,3,3,0,94,0.55,15935,2929,5914,2605.59,3954,FALSE,0,0,0,0,0
5e2f113d50372c8771a63569833b25e86c18746a,1459890695,1,2,3,0.607831,8,3,0,1,28.71,1469.33,16.33,5913,2605.85,262,FALSE,0,0,0,0,0
55e7b8764ed4d03d7a73a32085ae90193ca7e0c5,1459886650,1,1,0,0,0,0,0,0,0,0,0,30,24.59,30,FALSE,0,0,0,0,0
786a92669e2407ca68d57ec8568efb979991a6a8,1459876683,1,1,0,0,0,0,0,0,0,0,0,5912,2605.49,108,FALSE,0,0,0,0,0
513c0ae64dc1a5505a2ecfc6b645a43b1b28d97b,1459876637,1,1,0,0,0,0,0,0,0,0,0,5911,2604.5,107,FALSE,0,0,0,0,0
f0f6a1e38220708f1af77bf6b2b7416f66fdf020,1459871054,1,1,1,0,15,15,0,94,0.37,15935,2928,5910,2603.75,3953,FALSE,0,0,0,0,0
6f3fb587e289ca535e673dfc34310c1dfbf03556,1459870749,1,1,1,0,71,71,0,46,0.01,25590,1836,5909,2602.77,2298,FALSE,0,0,0,0,0
083c5b703a925d42baf99313ded52894e8c6b63d,1459869814,1,1,1,0,18,2,0,46,0.01,25574,1835,5908,2601.81,2297,FALSE,0,0,0,0,0
3583c56067e96558f59e9edac94a30977b8d945c,1459868911,1,1,1,0,49,49,0,46,0.35,25574,1834,5907,2600.85,2296,TRUE,0,0,0,0,0
9999199d2b8b57931021ca5185dd7f542d490331,1459838684,2,2,2,0.605958,68,16,0,98,0.54,20728.5,1956.5,5906,2601.23,3123.5,FALSE,0,0,0,0,0
21d056c47008454a8941d5c1a618f6e65e50d3f8,1459810071,1,1,0,0,0,0,0,0,0,0,0,5905,2601.53,106,FALSE,0,0,0,0,0
7c17af79c779af3835584763941aff213eb82695,1459805464,2,2,10,0.636662,24,26,0,1,1.67,2050.7,1.4,5904,2600.74,2016,FALSE,0,0,0,12,6
e8cff1ef5494174cb5d275a34a743c614506165d,1459803337,1,1,7,0.813895,11,9,0,1,2.6,159.43,4.14,5903,2599.84,3950,FALSE,0,0,0,0,0
8349627be6d6e140fb2b2e78eb4f60ee1a7f0172,1459802130,1,1,6,0.519455,16,16,0,1,2.59,2676.33,4.83,5902,2598.89,3949,FALSE,0,0,0,0,0
238d45a2cbac4b704f3dd6b222685d0d952f815b,1459795439,3,3,8,0.700521,25,34,0,94,0.25,4650,383.62,5901,2598.19,1646,FALSE,0,0,0,14,10
0308d4de621ab4b02605ddfa07c8572750572587,1459793425,1,1,0,0,0,0,1,0,0,0,0,5900,2597.29,105,FALSE,0,0,0,0,0
c084e358bdbc530e53afa547872e90502e4474b7,1459790171,1,1,0,0,0,0,0,0,0,0,0,5899,2596.43,3947,FALSE,0,0,0,0,0
f2a6f6ce6aa39c1cce68fdd700b167a319e432a8,1459789990,1,1,0,0,0,0,0,0,0,0,0,5898,2595.44,3946,FALSE,0,0,0,0,0
7a6b64b2f688563ff84dd180e44f712226444b08,1459789878,1,1,0,0,0,0,0,0,0,0,0,5897,2594.45,3945,FALSE,0,0,0,0,0
bca11bd21e29e6922d3944c60a956a705d4dbce1,1459789701,3,3,5,1,10,10,0,94,0.5,7193.2,613.2,5896,2593.46,1644,FALSE,0,0,0,6,0
cf5d6b5bc84c8863fc07b1658ceab95b4ffe03e9,1459788982,3,3,3,0.416772,27,10,0,99,1.2,13909,1331.67,5895,2592.49,2105.67,FALSE,0,0,0,0,0
bf39a319073b2e1eb2d2daa257339eb55e7eda8a,1459785064,1,1,0,0,0,0,1,0,0,0,0,5894,2591.67,104,FALSE,0,0,0,0,0
3f407aa255dcb31716245535af1a273883d5f14d,1459784972,2,2,5,0.719587,9,9,0,1,2.39,4012.2,2.6,5893,2590.67,2010.5,FALSE,0,0,0,6,0
2293de07a7b6c0de969606e42a5c98b6e4efb196,1459752427,1,2,1,0,2,1,0,1,1.53,119,16,5892,2591.14,103,FALSE,0,0,0,0,0
792bfbb604d55ea0c56c59e8c65d953fffb1d7a2,1459748651,1,1,0,0,0,0,0,0,0,0,0,5891,2590.31,3941,FALSE,0,0,0,0,0
804ad3d805033fa89ce5defa3667aaa713719bfe,1459748455,1,1,0,0,0,0,0,0,0,0,0,5890,2589.32,3940,FALSE,0,0,0,0,0
1ef96896d5b51770b1eff4619ee26e77353d6d6f,1459746616,3,3,8,0.257061,618,399,0,94,4.38,4622.62,383.25,5889,2588.41,1641.67,FALSE,0,0,0,297,202
c797f83ca5f27a458424e7d606d8db53b6b25d21,1459745617,1,1,1,0,16,0,0,5,14.89,1743,84,5888,2587.45,2293,FALSE,0,0,0,0,0
a71ac53fa725e5ce5f9c1e6e733da190d0fec623,1459744661,2,2,2,0.0181097,224,117,0,3,26.4,190,21.5,5887,2586.49,90,FALSE,0,0,0,0,8
7165ef6f5ede431fd8602105b23af48126eddb84,1459738652,1,1,1,0,1,1,0,94,0,15912,2922,5886,2585.76,3938,FALSE,0,0,0,0,0
c01e0cd7d116f6dfea65a14dba05cebcbf6b430e,1459738633,1,1,1,0,16,18,0,94,0.01,15914,2921,5885,2584.77,3937,FALSE,0,0,0,0,0
a5990a4c4ebc990a8c3cf91b21c052094f4f5d5b,1459738033,1,1,1,0,24,24,0,94,1.22,15914,2920,5884,2583.79,3936,FALSE,0,0,0,0,0
75d196b01bd0c1d4797f7386f7047ae28851186f,1459703659,1,1,2,0.482038,42,24,0,11,1.26,318,61.5,5883,2584.34,77,FALSE,0,0,0,0,0
69ce7cde7d68c5211649c8d19dc883402fe42b41,1459662557,1,1,1,0,15,2,0,3,0.49,343,40,5882,2585.19,76,FALSE,0,0,0,0,1
1c8c49ef32846b75ed936a51e85f9a4acb67ceaf,1459654028,2,2,1,0,194,112,0,1,31.86,328,4,5881,2584.58,1972,FALSE,0,0,0,0,0
3cf28099820219e32906452766bc9dd6f96b012d,1459653863,9,9,8,0.388322,380,202,0,1,4,141,2.75,5880,2583.59,444.889,FALSE,0,0,0,0,0
c2dc7371b716976708876e75159fbc50cd7ff13e,1459653695,3,3,2,0.801333,104,53,0,1,4,154,11,5879,2582.59,1319.67,FALSE,0,0,0,0,0
b334d7a5736f0ecdea0b3aababf19f3e6b484e90,1459653410,17,17,16,0.348247,248,2558,0,1,38.47,481.44,1.31,5878,2581.61,238.882,FALSE,0,0,6,28,74
ca089f6d60574a417d79ea65ed56df6539f86b8c,1459653060,8,8,7,0.873454,186,114,0,1,31.85,402.57,2.71,5877,2580.62,499.875,FALSE,0,0,0,8,10
9a9ba47586caeaa68c84be5490d2066bbf0dcf88,1459651681,3,3,2,0.869298,177,35,0,1,63.79,320.5,3.5,5876,2579.69,1313.33,FALSE,0,0,0,0,8
68617340109ec448d9c28fa943eb7ef6f917a760,1459632888,1,1,1,0,23,10,0,94,0.17,15901,2919,5875,2579.53,3929,FALSE,0,0,0,5,0
0f75d967d02a97423cd193467d3a7673908c4156,1459619988,1,1,0,0,0,0,0,0,0,0,0,5874,2579.11,101,FALSE,0,0,0,0,0
012bff97e0aca3ecd22053de9b16ce2d5d8e8e03,1459619849,2,3,3,0.583619,8,3,0,3,19.66,154.33,17,5873,2578.12,87.5,FALSE,0,0,0,0,0
2b585258166c597884ea3a94118a3c5377d5b53b,1459618393,1,1,1,0,18,9,0,94,0.1,15892,2918,5872,2577.18,3928,FALSE,0,0,0,0,0
579cf00d10ef67b5c56fa725ed949b90779da67f,1459609356,1,1,1,0,4,3,0,94,0.54,15891,2917,5871,2576.59,3927,FALSE,0,0,0,0,0
cfd25cec7563b72a75c57489eb77f054e7501c51,1459609295,1,1,0,0,0,0,0,0,0,0,0,5870,2575.59,3926,FALSE,0,0,0,0,0
723c02dbfa68e9458fd51547cc12776b5c963047,1459578558,1,1,61,0.724809,217,144,0,1,11.11,59.57,0.46,5869,2575.97,3925,FALSE,0,0,0,10,5
a2438ffc51a70f7786122c310f38259b9b4360b1,1459578528,1,1,60,0.475821,397,277,0,1,11.18,308.83,0.47,5868,2574.97,3924,FALSE,0,0,0,20,10
ee6ec2f6728eebf9f5beb2ecbca905fade1a32c1,1459578480,2,2,383,0.640034,2368,1038,0,1,54.04,62.28,0.07,5867,2573.97,1998.5,FALSE,0,0,0,303,190
c267c4e06bb0d3ac9b89bf57d8c5b9d06f5d3906,1459569379,1,1,1,0,3,0,0,2,3.95,481,114,5866,2573.38,2292,FALSE,0,0,0,0,0
c4a78445b3e1f24c8a9bdc79c529793a68e6d9f8,1459563472,1,1,1,0,5,15,0,46,0.04,25534,1831,5865,2572.64,2291,FALSE,0,0,0,0,0
4c8836a24ae7b6189810a0a2561ef2a78a6749ea,1459562796,1,1,1,0,3,5,0,94,0.07,15893,2916,5864,2571.67,3922,FALSE,0,0,0,0,0
972624297b234e0b032bfb5e3435ea6271f9f791,1459559619,1,1,1,0,2,2,0,46,0.01,25534,1830,5863,2570.82,2290,FALSE,0,0,0,0,0
58f93567fc923798ddbb449b9909f2e354a77323,1459559033,2,2,2,0.57938,23,10,0,98,0.03,20700.5,1948.5,5862,2569.84,3105,FALSE,0,0,0,2,0
ebf9904e8ad0293511776dc026f068acdebbcebc,1459556531,1,1,1,0,25,12,0,94,0,15880,2915,5861,2568.95,3920,FALSE,0,0,0,0,1
64652c263fd8866bedab2e08e264b237135922c5,1459556510,1,1,1,0,4,4,0,94,-0.03,15880,2914,5860,2567.96,3919,FALSE,0,0,0,0,0
f599c4817aa9e799be9ef681092511c4186ced4a,1459556476,2,2,2,0.523683,32,7,0,98,0,20688,1948,5859,2566.96,3103,FALSE,0,0,0,2,0
930b034da5aa138cc9c83066bd28c14eca760899,1459556432,2,2,2,0.368404,40,12,0,98,0.17,20674,1947.5,5858,2565.96,3102,FALSE,0,0,0,2,0
c21174f7f9586063ed67c9f58cad0bcd9bac5d43,1459556356,1,1,1,0,10,2,0,46,0.35,25475,1826,5857,2564.96,2286,FALSE,0,0,0,0,0
e22be612e221bbbe9a928ddee582140506843a21,1459556309,1,1,0,0,0,0,0,0,0,0,0,5856,2563.96,3916,FALSE,0,0,0,0,0
669bc1520e038be537c62f1cd77d67f7c6d92ccc,1459542599,1,1,0,0,0,0,0,0,0,0,0,0,0,0,FALSE,0,0,0,0,0
b8096df6d88fdc7c3887db563810c685922afb6e,1459526860,1,1,1,0,2,1,1,94,0.41,15864,2909,5855,2564.27,3915,FALSE,0,0,0,0,0
b257bb9c9e7346c8965849830ad8df4d5d8d191c,1459526432,3,3,3,0.472654,11,27,0,99,0.86,13878.7,1325.33,5854,2563.29,2090.67,FALSE,0,0,0,0,0
43d530ead908eb9beb4ac6a690d35e83a22248d3,1459524528,1,1,0,0,0,0,0,0,0,0,0,29,23.83,29,FALSE,0,0,0,0,0
d9f93d089558225a2c966d08f147d88637a7bddf,1459497113,1,1,0,0,0,0,0,0,0,0,0,5853,2563.6,3913,FALSE,0,0,0,0,0
9dbd665d05bd3999e40b2d3fa17de238f34c6eac,1459491840,1,1,1,0,1,1,0,94,0.17,15864,2908,5852,2562.83,3912,FALSE,0,0,0,2,0
3902fd1a6740bba3141d0eb01d8914a96e918454,1459477540,2,2,2,0.395661,27,22,0,98,0.08,20677.5,1945,5851,2562.47,3097.5,TRUE,0,0,0,0,4
642d248f997b6a3531fd436dd76b335f25639cd0,1459476523,1,1,1,0,9,18,0,46,0.13,25495,1823,5850,2561.51,2283,FALSE,0,0,0,0,0
8bd9a4d2c3e780ac8f0d7d1be4e939671cfef86a,1459464905,2,2,2,0.239918,22,3,0,98,0.47,20672.5,1944,5849,2561.03,3096,FALSE,0,0,0,0,2
e96ee69f1c14aaf1b42c3f1a14538129f10f0218,1459449315,1,1,0,0,0,0,0,0,0,0,0,5848,2560.72,99,FALSE,0,0,0,0,0
5bb899a700b9ab596f0d8fe5964c80bf3b9af6ef,1459443249,1,1,1,0,2,2,0,94,0.01,15869,2905,5847,2559.99,3909,FALSE,0,0,0,0,0
431e0fa2f649ea4a4e776ba5ae44bd72155bc4fd,1459443131,1,1,1,0,4,1,0,1,65.02,12,7,5846,2559,2281,FALSE,0,0,0,0,0
ec92292c38a92e6e7a793866c642d24c74a66ac6,1459442799,1,1,1,0,3,1,0,94,0.02,15867,2904,5845,2558.01,3908,FALSE,0,0,0,0,0
45953b2ac167492907fd73e5efa4e4e2b886ed92,1459440770,1,1,1,0,1,1,0,93,1.45,15867,2903,0,0,0,FALSE,0,0,0,0,0
b53f178c468d6ccc28dd79d1d574ee8d86179f43,1459410654,1,1,0,0,0,0,0,0,0,0,0,5844,2558.44,98,FALSE,0,0,0,0,0
5ad5eb8f5d08ed9a66ec05de0707f27ba30c8eb6,1459409250,1,1,1,0,22,22,0,93,0.24,15867,2901,5843,2557.5,3907,FALSE,0,0,0,0,0
7add87739a27bbe6899e46ee5f0312c2614da576,1459405915,1,1,1,0,10,0,0,46,0.15,25466,1821,5842,2556.65,2280,FALSE,0,0,0,0,0
2cd12c38e32c76aca6396df617d79ac752d81935,1459398415,1,1,0,0,0,0,0,0,0,0,0,5841,2555.98,3906,FALSE,0,0,0,0,0
c36d0af5cd9cd639fab541f8d01eaea7c5e24d91,1459392611,2,2,2,0.892647,7,6,1,96,0.71,20666,1940,5840,2555.24,3092,FALSE,0,0,0,0,4
ad72b5b5658afaecb81a0e3d5cd7c130721e086d,1459388380,1,1,1,0,2,2,0,92,-0.05,15867,2900,1,0.88,1,FALSE,0,0,0,0,0
55c3299d5c04ee8b035ee86f034ec222f4570167,1459365335,1,1,1,0,7,7,0,92,0.15,15866,2898,5839,2555.45,3904,FALSE,0,0,0,0,0
608e74a1113f1cd7d342b96f326e334b5df79d09,1459359324,1,1,0,0,0,0,0,0,0,0,0,1,0.85,1,FALSE,0,0,0,0,0
171d9eab78eb6631760a78680c12b59df3841d15,1459352176,1,1,1,0,6,6,0,92,0.41,15866,2897,5838,2555.03,3903,FALSE,0,0,0,0,0
ab9d2056dad72617e45a16203ae2b6db8be93adf,1459351427,1,1,1,0,2,2,0,9,0,275,98,5837,2554.06,72,FALSE,0,0,0,0,0
4310329971d330c39ab9f65db9f2cf60470266aa,1459351299,1,1,1,0,2,0,0,9,5.82,273,97,5836,2553.07,71,FALSE,0,0,0,0,0
7a3dda610506ab65f49b632cfe727adaa17ea10e,1459342331,1,1,0,0,0,0,0,0,0,0,0,28,22.95,28,FALSE,0,0,0,0,0
d038315f61cb15cc9615486a335b16a03cc12b6a,1459324451,1,1,0,0,0,0,0,0,0,0,0,5835,2553.26,3,FALSE,0,0,0,0,0
252ea445cab947c6e762b1d99a29ad08806e3b7d,1459318895,1,1,0,0,0,0,0,0,0,0,0,5834,2552.5,3902,FALSE,0,0,0,0,0
c0f91c91696ad181caaa20854c6b1009a7b1dc99,1459316888,1,1,1,0,2,3,0,92,0.01,15867,2896,5833,2551.59,3901,FALSE,0,0,0,0,0
519a02ff34331177a7f9b97c850ebcd10db5c4b9,1459316002,1,1,1,0,8,8,0,92,0.23,15867,2895,5832,2550.63,3900,FALSE,0,0,0,0,0
9826d9bd465750a77ff1acf407fe632d1b839cba,1459315415,3,3,8,0.161597,2334,1285,0,93,24.73,4485.88,380.62,5831,2549.66,1627.67,FALSE,0,0,0,449,290
08cd5b8bac6c0fb83d9d362b33e0f25f3db497c5,1459309615,26,26,25,0.258582,1217,2432,0,1,-43.15,578,1.72,5830,2548.91,155.731,FALSE,0,0,0,0,0
28898df874aae2bc5cec52c36a21aab4c114188a,1459309440,12,12,11,0.373568,326,160,0,1,27.94,188,2.18,5829,2547.92,330.417,FALSE,0,0,0,0,0
0867872887f777a2398c96da1c29942e9657c31e,1459308277,9,9,8,0.299506,231,114,0,1,27.93,128,2.62,5828,2546.97,439.333,FALSE,0,0,0,0,0
f7b41b117b8a6dc843a90fbdc82504d211ce92f6,1459308066,3,3,2,0.0382233,48,19,0,1,27.93,150,10.5,5827,2545.98,1306.33,FALSE,0,0,0,0,0
643ce1da74761a2346d0964f4e9a080341d0554a,1459296526,2,2,2,0.059243,65,46,0,96,0.52,20657,1937.5,5826,2545.49,3086,FALSE,0,0,0,3,0
277c9bdc7cbd62f438c65891dd2dfda37632a5b7,1459265926,1,1,1,0,5,8,0,92,0.48,15871,2893,5825,2545.84,3893,TRUE,0,0,0,2,0
455eace9c59dd5197a5497f1640d8065aaed1526,1459236523,1,1,1,0,57,77,0,46,0.14,25466,1818,5824,2546.13,2277,FALSE,0,0,0,0,0
f263a87983dbf1f390f6a2211b083b0326d1a5ca,1459228316,1,1,1,0,3,1,0,2,34.53,479,113,5823,2545.49,2276,FALSE,0,0,0,0,0
4f92fb7007846e4951374d37c253dfcbacfc0b18,1459224371,2,2,2,0.278129,14,8,0,96,0.1,20665.5,1936,5822,2544.67,3083.5,TRUE,0,0,0,2,0
4fd43f7fe7aa36895bcc43e432076398fa7aae50,1459218475,1,1,1,0,16,16,0,46,0.07,25464,1816,5821,2543.93,2274,TRUE,0,0,0,0,0
3fe2efa3118fd2494d9be5209c80a644ca22ec9e,1459212253,2,2,2,0.529349,22,36,0,96,0.22,20672.5,1935,5820,2543.2,3082,FALSE,0,0,0,0,0
4c789197f9fd39e866d661c30b7b00f649446522,1459211020,1,1,0,0,0,0,0,0,0,0,0,27,22.03,27,FALSE,0,0,0,0,0
a7bf3352df956b892d092c27eb641d5448214a6a,1459193649,2,2,2,0.15876,17,1,0,96,0.16,20664.5,1934.5,5819,2543.02,3081,FALSE,0,0,0,0,0
2ddd893ca2d5c550f0c08d64c8f9950122807646,1459182941,1,2,3,0.308637,124,17,0,1,67.44,1114.33,23.33,5818,2542.49,261,FALSE,0,0,0,19,18
5d92b37550c0b3197b90b5fc35933bcfbee3641c,1459182363,1,1,1,0,3,3,0,92,0.06,15861,2889,5817,2541.51,3889,FALSE,0,0,0,0,0
dcec88226294d95bec583cc77a9e6b71b439e087,1459177057,2,2,2,0.278129,7,4,0,96,0.41,20663,1933.5,5816,2540.75,3079.5,FALSE,0,0,0,0,0
de5313269211c61c8ddd413b72e70b5fe2beb1cb,1459173908,1,1,1,0,1,0,0,92,0.73,15860,2887,5815,2539.89,3887,FALSE,0,0,0,0,0
23a7871e2d3c9d17f1a600aeeb97a848e1e9ec77,1459120598,1,1,0,0,0,0,0,0,0,0,0,26,21.08,26,FALSE,0,0,0,0,0
792347978ae7015e1190fc25d86a15ff237eec18,1459110914,1,1,1,0,1,1,0,92,0.02,15860,2886,5814,2541.65,3886,FALSE,0,0,0,0,0
61c740a4ebf7e1f036f338b90f00ca252e6517fd,1459109248,1,1,1,0,5,5,0,92,0,15860,2885,5813,2540.73,3885,FALSE,0,0,0,0,0
c3a614858b9bb1abfdeb0f024140c30154f28e11,1459109010,2,2,2,0.57938,45,3,0,96,0.02,20641.5,1931.5,5812,2539.74,3077,FALSE,0,0,0,0,0
75727d073b96ec3c4dc0944064370c6b00129a5f,1459107429,1,1,1,0,17,18,0,92,0.08,15851,2883,5811,2538.81,3883,FALSE,0,0,0,0,0
b1d7450052b00ea2bd39b9d71a3087868399845f,1459107074,1,1,1,0,1,1,1,46,0.75,25433,1811,5810,2537.82,2269,FALSE,0,0,0,0,0
60e557b059a67d679ae45285e193120b2f47cca4,1459100421,1,1,1,0,472,295,0,92,0.03,15674,2882,5809,2537.11,3882,FALSE,0,0,0,6,0
071e13363c2e0164b921b06fd40b780e91cbf28f,1459097951,1,1,1,0,42,42,0,92,0.05,15674,2881,5808,2536.22,3881,FALSE,0,0,0,0,0
acf4651c0ebfb741ef1c27120bad7ddd77a1f0ad,1459093373,1,1,1,0,4,5,0,92,0.31,15675,2880,5807,2535.42,3880,FALSE,0,0,0,0,0
9b15dc20171e5d64219b4a72579a7263f0bbf60f,1459066482,1,1,1,0,2,2,1,92,0.03,15675,2879,5806,2535.6,3879,FALSE,0,0,0,0,0
f4f0791e0c11ea66e79e3c3604ab32ba09282f90,1459064223,1,1,1,0,1,1,1,92,0.01,15675,2878,5805,2534.7,3878,FALSE,0,0,0,0,0
654976c826a03c607bc1f25ed9bfb35e9d6b83a1,1459063240,1,1,1,0,9,4,0,92,0.34,15670,2877,5804,2533.74,3877,TRUE,0,0,0,0,0
50e86c70bd9b249b19adfb08cd1e6a0ec80ed6bc,1459042467,1,1,1,0,23,15,0,46,0.1,25425,1810,5803,2533.65,2268,FALSE,0,0,0,0,0
ee2153364d2f1cd72e9c74f65c085e0cc0f37977,1459036652,1,1,2,0.734496,15,0,0,46,17.43,12878.5,938,5802,2532.91,2267,FALSE,0,0,0,0,0
d135b846db2aba08ebfdf59bc34d5a50c37be80a,1459033696,2,2,2,0.78493,84,54,0,95,0.03,20532.5,1926.5,0,0,0,FALSE,0,0,0,2,0
6d76cdc1b7e37fefef47c4663945c4f03ff56175,1459028963,1,1,0,0,0,0,0,0,0,0,0,5801,2532.24,3876,FALSE,0,0,0,0,0
259bdb615127fbbd30f367a9dfd3aadfb050ff20,1459026576,1,1,1,0,51,39,0,45,0.02,25403,1807,5800,2531.35,2266,FALSE,0,0,0,0,0
12438fa0d7804a0bc1f7e2a81c00781c72aa3a86,1459025019,2,2,2,0.961468,31,6,0,95,0.06,20511,1925,5799,2530.41,3070,FALSE,0,0,0,0,0
654df6f7f88615d7a1a0eb158857b756a168bd72,1459022253,1,1,1,0,61,37,0,91,0.05,15614,2874,5798,2529.53,3874,FALSE,0,0,0,0,0
0dfe176fe6b0278f489e7c84b34bcd95212c952a,1459018181,2,2,2,0.135173,42,10,0,95,0.82,20483,1924,5797,2528.71,3068.5,FALSE,0,0,0,0,0
ce0b51888c5f659548bd4b26f3268f636729790c,1458975636,1,1,391,0.672794,1736,813,0,1,63.38,37.65,0.07,5796,2529.57,3872,FALSE,0,0,0,35,13
d46bcaa98d46264c2b38dcaed1da9604dea53ab4,1458975601,1,1,386,0.398086,3273,1592,0,1,51.53,74.9,0.07,5795,2528.57,3871,FALSE,0,0,0,70,24
18d0f1d8736b9e74754ea7fff7385aa5234f549c,1458974869,2,2,416,0.399109,3980,2029,0,1,59.42,80,0.06,5794,2527.6,1970,FALSE,0,0,0,480,287
0f3338013ea987ea11b6c8a2f85ccd6a7636fb34,1458957827,1,1,1,0,2,2,0,6,16.14,922,177,5793,2527.34,2263,FALSE,0,0,0,0,0
dcc239b070943201ec36e71eea6365d2b2f86499,1458948999,1,1,1,0,36,9,0,45,1.17,25326,1804,5792,2526.73,2262,FALSE,0,0,0,1,0
613488eaf844ce68c9f10c8fa53a4c3ee6397d4a,1458946249,1,1,1,0,1,1,0,91,0.35,15613,2872,5791,2525.85,3869,FALSE,0,0,0,0,0
97193b96801db080d071410186069ed6ea4a6fce,1458940492,1,2,4,0.781488,68,40,0,1,54.24,1503.5,11.5,5790,2525.1,260,FALSE,0,0,0,1,1
f3b35919efe63829c32f9b8fc31cf985ef4f3bac,1458915577,1,1,1,0,18,3,0,91,0.78,15598,2871,5789,2525.18,3868,FALSE,0,0,0,0,0
06316f1d474b07489adaa790886cf1b73cb6737d,1458848227,3,3,3,0.200526,83,4,0,95,2.59,13706,1308.33,0,0,0,FALSE,0,0,0,0,0
71c0861675aab706b021e68cd35480f33ed6ed56,1458844672,1,1,0,0,0,0,0,0,0,0,0,25,20.23,25,FALSE,0,0,0,0,0
583b03ba5f198cf0f7bf34395bf7fd8097c7be5c,1458831700,1,1,0,0,0,0,0,0,0,0,0,1,0.86,0,FALSE,0,0,0,0,0
16e2c06ab48306ea497037748154a745b97f8a19,1458805335,1,1,1,0,1,2,0,89,0,15571,2868,5788,2528.99,3867,FALSE,0,0,0,0,0
016de80ce756a535a69a4bf0b51a1c66538ced2c,1458804922,2,2,2,0.37331,24,6,0,93,0.05,20410,1920.5,5787,2528.01,3063.5,TRUE,0,0,0,1,0
577226bbd054f5a094bddabcada852d3c49c1ced,1458803451,1,1,1,0,10,6,0,43,0.06,25244,1800,5786,2527.07,2260,FALSE,0,0,0,0,0
1670800df33de11ee2eb995d496e60d86d520e8b,1458798196,2,2,2,0.0598204,15,7,0,93,0.92,20404,1919.5,5785,2526.3,3062,FALSE,0,0,0,0,0
9674d676936ae35cb8ace87371040d80e23e341c,1458749438,1,1,0,0,0,0,0,0,0,0,0,0,0,0,FALSE,0,0,0,0,0
f65d36b3c1d87c95534e56fba98b576a452e8fb7,1458719076,2,2,2,0.945437,26,26,0,93,0.63,20404,1919,5784,2528.76,3061,FALSE,0,0,0,2,0
8d93455076686eb97f6e2ee266854e3272ff5434,1458710239,1,1,1,0,16,22,0,89,0.56,15570,2864,5783,2528.15,3863,FALSE,0,0,0,0,0
271f64ee3fdbec6dfd7aab30fecc49a772318613,1458686891,2,2,2,0.847128,13,5,0,93,-1.37,20418.5,1921.5,0,0,0,FALSE,0,0,0,0,0
cfe5ea264d9e9029da0ca80d467f09fe0fafb524,1458661463,1,1,1,0,1,1,0,89,0.5,15570,2863,5782,2529.28,3862,FALSE,0,0,0,0,0
9a4e11f6f725df6bc64645f76c13c4cc294cf818,1458623491,1,1,1,0,7,2,1,3,39.01,55,5,5781,2529.94,97,TRUE,0,0,0,0,0
24cef1a919b9e387bf6e5d0c12895a334d10ad71,1458619141,1,1,1,0,16,12,0,43,0.01,25240,1797,5780,2529.13,2257,FALSE,0,0,0,0,0
5fe373f7aa83964a2b413930e92d3ecc2e319ed7,1458618375,2,2,2,0.520731,80,31,0,93,0.02,20380.5,1917,5779,2528.17,3058.5,TRUE,0,0,0,0,0
25eb4df5633351cf7577c167942fcf81340922f7,1458616575,2,2,2,0.268649,34,0,0,93,0.69,20363.5,1916.5,5778,2527.25,3057.5,FALSE,0,0,0,0,0
6d587bdf34dbb774bcb653507631d29ad7ec37c9,1458615886,1,1,1,0,16,0,0,43,0.47,25186,1794,5777,2526.28,2254,FALSE,0,0,0,0,0
03dd9df78eb37474905635ff1df0c7c101605be6,1458575183,1,1,1,0,2,3,0,43,0.9,25187,1793,5776,2527.05,2253,FALSE,0,0,0,0,0
96c60bab46dd7323af6d702da3b24dd7f3218077,1458544038,1,1,0,0,0,0,0,0,0,0,0,24,19.39,24,FALSE,0,0,0,0,0
811341efa1d583b4b771adc5637f699076140b3e,1458502542,1,1,0,0,0,0,0,0,0,0,0,5775,2529.24,96,FALSE,0,0,0,0,0
5f94723d7f0fa981c69f1369362719a83dec07fb,1458500018,1,1,1,0,1,0,0,8,0.01,272,95,5774,2528.35,69,FALSE,0,0,0,0,0
9d1536799bb1ca2b1884fe6fdbe3aa0031f86828,1458499412,1,1,1,0,1,0,0,8,0.01,271,94,5773,2527.37,68,FALSE,0,0,0,0,0
85057d588c218d690cb08fcd0395f60f775d450f,1458499234,1,1,0,0,0,0,0,0,0,0,0,5772,2526.38,95,FALSE,0,0,0,0,0
234e693d924576db77089b25159b47233d98e8e4,1458498562,1,1,1,0,1,1,0,89,0.44,15525,2860,5771,2525.41,3859,FALSE,0,0,0,0,0
51833b91d05824add7d2138c70f9e06ed9074178,1458498192,1,1,1,0,2,0,0,8,0,269,93,5770,2524.43,67,FALSE,0,0,0,0,0
dfb7a4c078c306b56171c187f883cfa69ff15aab,1458497778,1,1,1,0,1,1,0,8,0,269,92,5769,2523.44,66,FALSE,0,0,0,0,0
04ddaf49f50ac9ff28b94a109eaf562ead4041fc,1458497604,1,1,1,0,12,8,0,8,0,265,91,5768,2522.45,65,FALSE,0,0,0,0,0
b7a6560d9024173965a69aaa1053c865f115bfae,1458497586,1,1,1,0,1,0,0,8,0.05,264,90,5767,2521.45,64,FALSE,0,0,0,0,0
7d8531d6ed861ec4b58a2a7ac3b3860446f0f1ec,1458497009,1,1,1,0,42,0,0,43,0.03,25145,1792,5766,2520.48,2252,FALSE,0,0,0,0,0
ab77d9d83a80ae43e3a9682e557856b2f1896152,1458494163,1,1,1,0,26,52,0,43,0.38,25171,1791,5765,2519.6,2251,FALSE,0,0,0,0,4
37454b8f42a441a6a2203cda85a6974f883b776d,1458493366,1,1,1,0,2,0,0,8,0.43,262,89,5764,2518.64,63,FALSE,0,0,0,0,0
ef95f165ff88369af4d0775cf23b773755c42b43,1458461423,1,1,1,0,78,48,1,43,0.17,25141,1790,5763,2519.03,2250,FALSE,0,0,0,4,0
6494a072d2d9937e9e322aa375cc9328d910c651,1458460973,1,1,1,0,2,9,1,89,0.17,15532,2859,5762,2518.05,3858,FALSE,0,0,0,0,0
984bcc556eb02fd46ae2518973d12cbd3b67aa82,1458458818,1,1,1,0,12,2,0,5,0.04,1733,83,5761,2517.14,2249,FALSE,0,0,0,0,0
be77e7366cf5379bc5657cc0db90cfc0b7dd4a74,1458456191,1,1,1,0,0,6,0,8,0.01,268,88,5760,2516.25,62,FALSE,0,0,0,0,0
01d961bad8a59efc7d55c7e642e64f53dca0713d,1458455430,2,2,2,0.0598204,19,3,0,9,0.1,992.5,67,5759,2515.29,1154.5,FALSE,0,0,0,0,0
b2bff1ad45d637b5bf0fae28cd103a63e60f9e41,1458450692,2,2,2,0.169252,100,2,0,93,2.04,20266,1912,5758,2514.49,3052,TRUE,0,0,0,2,0
6eb0cb156505adfb5356fd67255c131055c637c8,1458446429,3,3,4,0.447367,111,51,0,94,0.74,10649.5,984.75,5757,2513.68,2054,FALSE,0,0,0,15,0
6ed9c005d72b14fcd107bc7e4cc5f3efbdd06b01,1458314981,2,2,2,0.57938,2,4,0,9,1.46,985,66,5756,2518.39,1152,FALSE,0,0,0,0,0
6ef8693bf07ef84a0c4ee3bed888dc768b9c3e9d,1458274171,2,2,2,0.405639,12,12,0,93,0,20266,1911.5,5755,2519.17,3049.5,FALSE,0,0,0,0,0
8c5025f93527bfe970ba5fc225012faaa2e966aa,1458274151,1,1,1,0,19,19,0,89,0,15481,2855,5754,2518.17,3854,FALSE,0,0,0,0,0
9735961090f6f4d1c404246c1fce55efe02fa2cb,1458274075,2,2,2,0.438746,23,7,0,93,1.91,20258,1910.5,5753,2517.17,3048,FALSE,0,0,0,4,0
4d89d9a1b7f7529fcd2646db3b09882b34aa936c,1458228237,1,1,0,0,0,0,0,0,0,0,0,5752,2518.17,94,FALSE,0,0,0,0,0
594f414b1a2c71a48800663bb374eee776b798fe,1458196464,1,1,0,0,0,0,0,0,0,0,0,5751,2518.56,93,FALSE,0,0,0,0,0
b61d30da1a09a6a04735a4948afbe0b4515b2cb4,1458189048,2,2,2,1,5,3,0,9,0.29,984,65.5,5750,2517.88,1150,FALSE,0,0,0,0,0
412e19006b4b79c310c86c7ba8ac0bd2e634a978,1458188063,1,1,1,0,3,2,1,8,0.55,264,83,5749,2516.92,57,FALSE,0,0,0,0,0
b8ebceadaf98d5df3de06ece351e8b3c8110f7ce,1458161877,1,1,1,0,1,0,0,89,1.23,15480,2853,14,12.73,9,FALSE,0,0,0,0,0
2b4f2718999006553c4a2c6133fd8fa8e4b4bc54,1458140195,2,2,2,0.57938,34,5,0,9,1.4,969,64.5,5748,2518.01,1148.5,FALSE,0,0,0,0,0
8d7058e6ada4316aac05e9a3f5957717415101c2,1458137796,1,1,0,0,0,0,0,0,0,0,0,23,18.6,23,FALSE,0,0,0,0,0
c83857c42a5c2258ff180871e24083d7859fe064,1458056335,1,1,1,0,5,5,0,43,0,25035,1785,5747,2520.67,2240,FALSE,0,0,0,0,0
b95d1d6123beedea643a0727753cde21be5425dc,1458055943,2,2,2,0.47756,12,2,0,93,3.07,20252.5,1909,5746,2519.69,3045.5,FALSE,0,0,0,0,0
7d1d7d909abbd23972b732ce4094715853adcb29,1458019066,2,2,2,0.666107,31,4,0,9,0.65,955.5,64,5745,2520.31,1146.5,FALSE,0,0,0,0,0
c89a80357c481a4f67038021d251962a66b56a1c,1458015399,1,1,1,0,87,103,0,5,0.43,1673,76,5744,2519.47,2237,FALSE,0,0,0,0,0
1bbb24fa0c364cb4495ff95ee684389d36fcc026,1457978020,2,2,2,0.425409,45,5,0,7,4.91,988,45,5743,2520.1,1145,FALSE,0,0,0,0,0
dd0aa991ff44e312fd9aa2e5a66e4369fc7fc8b5,1457924390,1,1,1,0,1,0,0,89,0.14,15479,2851,5742,2521.45,3851,FALSE,0,0,0,0,0
6f9b1b182213d2786201db02673ec810f56965eb,1457912152,1,1,1,0,2,2,0,89,0.07,15479,2850,5741,2520.99,3850,FALSE,0,0,0,0,0
65fd579ed22d2c2bc8ce90b5c5f0171ec66ab565,1457911212,2,2,2,0.497821,37,7,0,9,0.04,931,62.5,5740,2520.03,1144,FALSE,0,0,0,0,0
f3279b7ee12ade78f675f67446fa49c469ed22a2,1457908232,1,1,1,0,7,5,0,5,0.01,1609,73,5739,2519.16,2234,FALSE,0,0,0,0,0
4d185ae7b5ffa1041760b59fb9e6f8a9092b9a9c,1457907219,2,2,2,0.609793,42,7,0,9,6.72,912.5,61.5,5738,2518.2,1142.5,FALSE,0,0,0,0,0
81ee5d76b84c14df7ad4fc8bf07d9530306395b6,1457905768,1,1,1,0,22,21,0,89,1.11,15478,2849,5737,2517.27,3849,FALSE,0,0,0,0,0
8bed7137c739ba491b8753b7c7b1f62835a19db8,1457852142,1,1,0,0,0,0,0,0,0,0,0,5736,2518.61,92,FALSE,0,0,0,0,0
f8bcc5b9176ab24abaf0f594be1b53fa22e2b4c9,1457810205,1,1,1,0,3,1,0,88,0.09,15476,2848,0,0,0,FALSE,0,0,0,0,0
81f8518d1512466f11e0df31223174f8d30ccee0,1457802066,1,1,1,0,1,2,0,88,0.54,15477,2847,5735,2519.8,3848,FALSE,0,0,0,0,0
f88d27ccda2d75f6b0569c082530fe18eab39ad9,1457755208,1,1,1,0,3,3,1,88,0.92,15477,2846,5734,2520.86,3847,FALSE,0,0,0,0,0
40ed92d2af42296db78d59bca3eeee15ef7014a5,1457675640,1,1,1,0,37,42,0,88,0.58,15482,2845,5733,2523.36,3846,TRUE,0,0,0,3,0
c7319d004d5600e6330f390257346c1095a2af8a,1457656409,1,1,1,0,39,0,0,43,3.25,24986,1783,5732,2523.2,2232,FALSE,0,0,0,0,0
51a3c5d4e89bfccb926ab0e6da51643483800a56,1457625571,1,1,1,0,19,22,0,88,2.04,15485,2844,5731,2523.56,3845,FALSE,0,0,0,2,0
ecfa002a05baabb0f284e485d02c8bb34b56053d,1457563040,1,1,1,0,3,2,0,6,32.91,921,176,5730,2525.32,2231,FALSE,0,0,0,0,0
62962791b3fbc7e68655095d9caf919efe1cebc8,1457449119,1,1,1,0,5,5,1,88,0.85,15485,2843,5729,2529.35,3844,FALSE,0,0,0,0,0
864e14cb20093e872039a45065402de91eb65860,1457375430,2,2,2,0.555189,162,80,1,91,0.3,20194.5,1903.5,0,0,0,TRUE,0,0,0,9,0
092f90d2fca959fa75d14cae8a2377a58bcb122d,1457367119,1,1,1,0,63,31,0,42,0.01,24880,1781,5728,2531.99,2230,FALSE,0,0,0,0,0
49b33d667d74cc5d68441b581809891723cb2102,1457366651,1,1,1,0,27,7,0,42,0.02,24860,1780,5727,2531.01,2229,FALSE,0,0,0,0,0
63b097329c363d1a6001cd9f724ee91690c9d043,1457365278,1,1,1,0,2,2,0,42,0.38,24860,1779,5726,2530.07,2228,FALSE,0,0,0,0,0
2c3ab276ead08b827122b2eddc3fb9866bf22ac2,1457332439,3,3,3,0.134961,42,9,0,92,0.22,13517.3,1289.33,5725,2530.53,2040.33,FALSE,0,0,0,0,0
c30c43d69e9d3a4aaf53668b88cb5ab328f01ed8,1457331162,1,1,1,0,10,0,0,87,0.5,15463,2840,5724,2529.58,3842,FALSE,0,0,0,0,0
230c18d5d64f4916ea77d5230c13f64cc17df938,1457320423,1,1,1,0,21,0,0,5,2.76,1556,71,5723,2529.06,2226,FALSE,0,0,0,0,0
c16e64cd36269e3c8788b0061a77d8473da45d72,1457320367,1,1,1,0,0,19,0,42,0.38,24852,1777,5722,2528.06,2225,FALSE,0,0,0,0,0
64704e16c14a0da7b7255cb4b729b8bbd46cf5ee,1457287808,3,3,3,0.331376,179,124,0,92,2.78,13502,1288.33,5721,2528.51,2038.33,FALSE,0,0,0,1,0
8ac1d54858233e5fd8a6543e63a39ebb9b3fd527,1457225819,2,2,2,0.268649,17,0,0,91,0.01,20123,1899.5,5720,2530.26,3031.5,FALSE,0,0,0,1,1
0a9af2968e1238d75bcba65978754308c53583d6,1457225677,1,1,1,0,89,91,0,42,0.03,24818,1774,5719,2529.26,2222,FALSE,0,0,0,0,1
7eba5a22210bfc475c03ab0b837090875b90c814,1457223409,2,2,2,0.763543,13,4,0,91,0.62,20119.5,1898.5,5718,2528.36,3030,FALSE,0,0,0,2,1
19a8b3886e1636492ab033b9800e04a347f8b203,1457196222,1,1,1,0,1,1,0,3,0,338,37,5717,2528.57,49,FALSE,0,0,0,0,0
03716f62e8c9ca53a9ac8bd356563ae8918ea268,1457195940,1,1,1,0,1,1,0,3,1.32,338,36,5716,2527.58,48,FALSE,0,0,0,0,0
d38000bc33aa14fb9d1e9ffc8055794b082a83c3,1457195914,1,1,1,0,1,3,0,87,0.61,15431,2836,5715,2526.58,3838,FALSE,0,0,0,0,0
b41103ee6b7e8ba5b7222e372e164e8bc7042f72,1457166874,1,1,0,0,0,0,0,0,0,0,0,22,18.08,22,FALSE,0,0,0,0,0
a6c88a173b7cf15c8779722de1e74b82d55de28b,1457143348,2,2,2,0.405639,7,1,0,91,0.15,20117.5,1897.5,5714,2527.92,3028.5,FALSE,0,0,0,0,0
0bad210dec6bc035ab9258cd9fd83076269a80d9,1457143205,1,1,1,0,76,79,0,42,0.41,24807,1771,5713,2526.92,2219,FALSE,0,0,0,2,0
62cc7574fc39d6cb8da6ec1e2bfd99c2dcf7b0a9,1457116869,1,1,1,0,3,4,0,87,0,15432,2834,5712,2527.09,3836,FALSE,0,0,0,0,0
f5a134bcbd90eded121e47131130e95e2feeabb5,1457116649,1,1,1,0,4,17,0,87,0.06,15445,2833,5711,2526.1,3835,FALSE,0,0,0,0,0
a7bb6b53833914f79fac1cf9d7fef675425d4f1f,1457111820,1,1,1,0,17,6,0,87,0.05,15434,2832,5710,2525.32,3834,FALSE,0,0,0,2,2
e02ce1ea8b444a4e7d2ffd33b5f218773f663a55,1457107779,2,2,2,0.405639,19,1,0,91,0.13,20111.5,1895,5709,2524.49,3025.5,FALSE,0,0,0,0,0
760a00b82f6faa5ad2a25e7cc2eed23e20f2b991,1457106672,1,1,1,0,13,14,0,87,0,15432,2830,5708,2523.54,3832,FALSE,0,0,0,0,0
e6929e801b90d63dd50d45857390471e076a9a06,1457106640,1,1,1,0,18,10,0,87,0.01,15424,2829,5707,2522.54,3831,FALSE,0,0,0,0,0
8682da49623854c8cf2d337e43eb9ba1042e507f,1457105612,1,1,1,0,5,4,1,87,0,15423,2828,5706,2521.59,3830,FALSE,0,0,0,0,0
8e6f3e48d040842de4e0b45cd4b387eed2a36083,1457105596,1,1,1,0,12,3,0,87,0.23,15414,2827,5705,2520.59,3829,FALSE,0,0,0,0,0
0589dd6909f14435cce0dbdafae5ad477946cbcd,1457085803,2,2,2,0.437321,82,12,0,91,0.13,20068,1892.5,5704,2520.47,3022.5,FALSE,0,0,0,2,2
1b8071d2c43a525e624614d86120d08abd840a25,1457083483,1,1,0,0,0,0,0,0,0,0,0,5703,2519.57,2,FALSE,0,0,0,0,0
4debf155d70be98cfb1f467e7850f70fed9a91e3,1457081759,3,4,2,0.606951,66,15,0,7,1.63,921.5,41.5,5702,2518.64,784.667,FALSE,0,0,0,0,0
f6df126c43efcf33d722374eca211fd674e5d884,1457074721,1,1,1,0,1,1,0,87,0.01,15399,2825,5701,2517.95,3827,FALSE,0,0,0,0,0
9e11ebb62a78140a75f29189849f9c02bedbea1f,1457073983,2,2,2,0.210758,13,1,0,91,0,20062,1891.5,5700,2516.99,3020.5,FALSE,0,0,0,0,0
16ed42b188fc89baa895b11c59cf16eab3930eee,1457073778,2,2,2,0.669152,97,13,0,91,0.05,20020,1891,5699,2516,3019.5,FALSE,0,0,0,2,1
a19890469e6f30ebdd6ab29e7f02efe54bc5ef27,1457073749,1,1,1,0,2,1,0,42,0,24667,1766,5698,2515,2213,FALSE,0,0,0,0,0
cc1c1c127e096042cf1857b6f98398228545b891,1457073716,1,1,1,0,5,5,0,42,0,24667,1765,5697,2514,2212,FALSE,0,0,0,0,0
3c1e95a3c21614f735e26f5fb15cf585a93685a8,1457073682,1,1,1,0,7,9,0,42,0.08,24669,1764,5696,2513,2211,FALSE,0,0,0,0,0
d4c0777d2c8c931a93ff1185ecf565404bab08d9,1457066420,1,1,1,0,74,28,0,42,0.11,24623,1763,5695,2512.32,2210,FALSE,0,0,0,0,0
8f00000676178f5f9e0b13eb17ae799cc61a1e4a,1457064430,1,1,1,0,3,2,0,87,0,15371,2822,5694,2511.41,3824,FALSE,0,0,0,0,0
4240f737d11ee2f59492e8b81ff67964358c3af6,1457064277,1,1,1,0,10,4,0,87,0.08,15365,2821,5693,2510.41,3823,FALSE,0,0,0,2,3
25121a86bb7d6ccd4fa06a8d759d4bb20c986789,1457056967,2,2,2,0.584339,77,72,0,91,0.45,19991.5,1887.5,5692,2509.73,3015.5,FALSE,0,0,0,0,0
e4b3cde0a4ebe99589425c87cb1d9bd957893917,1457049503,1,1,1,0,41,40,0,87,0.33,15359,2819,5691,2509.06,3821,FALSE,0,0,0,0,0
c406e33fcccc7aeb1d8db9328a1665c259622a25,1457026472,2,2,1,0,3,0,0,2,1.99,319,34,1,0.88,0.5,FALSE,0,0,0,0,0
cf74ebeb71028590e12d49d14a888bbef3c3169f,1457020736,1,1,1,0,3,3,0,86,0.58,15359,2818,0,0,0,FALSE,0,0,0,0,0
ddd4c391a147d20cbc8238c045f0ab3060333235,1456986351,1,1,1,0,26,5,0,42,0.61,24602,1761,5690,2510.83,2208,FALSE,0,0,0,0,0
d682357189fc8c15a1a3b598eb362bc4636903e9,1456970423,1,1,1,0,281,0,0,86,0.42,15078,2817,13,12.18,8,FALSE,0,0,0,0,0
930ee1d650378a7b1400a02547213051065c78f7,1456947480,1,1,0,0,0,0,0,0,0,0,0,21,17.19,21,FALSE,0,0,0,0,0
c5344d53366294f0236732233ba559a13eb8cb63,1456934067,2,2,2,0.835501,21,4,0,90,1.25,19831.5,1885,5689,2512.13,3013.5,FALSE,0,0,0,0,2
d59c644a10374fb72b8f410a2eb3314253fa316b,1456933657,1,1,1,0,2,2,0,86,0.41,15072,2815,5688,2511.15,3819,FALSE,0,0,0,0,0
28171945e9f6367ac39dc6315c73a07b46a0f68a,1456933148,1,1,1,0,4,4,0,2,29.3,1983,151,5687,2510.17,181,FALSE,0,0,0,0,0
69efc246e8c45c1dec64b571d6c03c799a3d0d58,1456901231,2,2,1,0,7,5,0,1,0.07,410,3,5686,2510.57,1913,FALSE,0,0,0,0,0
f547276d2abff7bf05f4ea0d81f13265e323d2f0,1456901085,13,13,12,0.285705,347,1083,0,1,0.08,426.92,1.5,5685,2509.58,302.154,FALSE,0,0,0,41,27
501d6b1d412e09698ecb4894191738e672f91529,1456899462,1,1,11,0.268434,118,105,0,1,14.82,1764.36,1.27,5684,2508.65,3816,FALSE,0,0,0,227,134
a83b4ebd53af156ab705a7d0baf0056af1d24a71,1456899204,1,1,9,0.680071,24,13,0,1,17.02,144.67,2.89,5683,2507.66,3815,FALSE,0,0,0,0,0
6c2960211f7e9496ba77f526c12c9c5f9d747a68,1456899083,1,1,8,0.498553,34,21,0,1,19.03,1925.5,3.25,5682,2506.67,3814,FALSE,0,0,0,0,0
ddf9354d26f55ac4e8402b71770aaeac8ac6f093,1456898132,1,1,0,0,0,0,0,0,0,0,0,5681,2505.71,3813,FALSE,0,0,0,0,0
5f58b65c04716a4a7e92d6778af74869777f8876,1456898109,3,3,5,0.207925,99,97,0,86,0.83,6823.8,591.2,5680,2504.71,1598,FALSE,0,0,0,227,134
b4e92842db2a69138ac7b31eb1a207482ef84059,1456895547,12,12,11,0.57683,211,452,0,1,6.54,423,2.73,5679,2503.82,324.583,FALSE,0,0,0,0,0
8cd063f1c971f14fd4347f0ef72b73ec010e65df,1456895334,32,32,31,0.194707,403,5871,0,1,-42.07,315,1.13,5678,2502.83,124.75,FALSE,0,0,0,0,0
ca149bd66c18a9b56eea28e89fac4548e09cb9dd,1456895196,19,19,18,0.355652,256,206,0,1,14.84,141,1.61,5677,2501.84,207.105,FALSE,0,0,0,0,0
c696bfae3f4e8a3d19e93c24e6966aa5f2d79569,1456895002,26,26,25,0.264456,135,422,0,1,15.38,106,1.36,5676,2500.85,154.5,FALSE,0,0,0,0,0
a219b6c9275f5918061282f5dfdb38c549ce24f6,1456894553,16,16,15,0.438417,652,237,0,1,27.91,378.73,1.13,5675,2499.86,245.562,FALSE,0,0,1,16,39
1ec20c5281fd4a83166ac526007c1f58acb0689d,1456893197,1,1,1,0,1,1,0,86,0.04,15072,2813,5674,2498.92,3806,FALSE,0,0,0,0,0
3421fab58a789137988e86f9dbd9a0707798c7a6,1456890005,1,1,0,0,0,0,0,0,0,0,0,5673,2498.06,3805,FALSE,0,0,0,0,0
deeaf27b546b6d173d1b38b9f3a1a9747d2dd633,1456889864,1,1,1,0,10,8,0,86,0.93,15070,2812,5672,2497.07,3804,FALSE,0,0,0,0,0
89f891ac86aa1b81a47598088c5188b4c358a4e6,1456854556,2,2,2,0.405639,17,3,0,6,6.65,913,40.5,5671,2497.61,1126,FALSE,0,0,0,0,0
ddf9328c67a14c2d4a1f76538177ad97c85547cf,1456818502,2,2,68,0.380217,968,645,0,1,27.68,318.78,0.32,5670,2498.18,1924,FALSE,0,0,0,397,266
7da4c554155efc415ca3b9a89b1bff7eecd51b15,1456818062,1,1,63,0.559252,410,232,0,1,30.5,52.08,0.4,5669,2497.2,3802,FALSE,0,0,0,2,6
8166b658533e9939dedb787b30eb72a0194db08c,1456817901,1,1,60,0.37272,723,413,0,1,25.1,285.93,0.42,5668,2496.2,3801,FALSE,0,0,0,2,12
429be57b8aa73e87fc25839ed358e0e330359e3b,1456817158,1,1,0,0,0,0,0,0,0,0,0,5667,2495.24,3800,FALSE,0,0,0,0,0
63147cd1451906fea6fad40e8fd396e2af6edca5,1456812223,1,1,0,0,0,0,0,0,0,0,0,5666,2494.45,3799,FALSE,0,0,0,0,0
7f00e8f2f18a68e68ad07a8cdd38789c4a330008,1456809531,3,3,8,0.257706,602,449,0,86,7.13,4366.88,369.25,5665,2493.57,1592.67,FALSE,0,0,0,399,276
2c5f026d3c59a38c429246513437681569b523b8,1456762630,1,1,1,0,7,6,0,86,0.34,15069,2810,5664,2494.61,3797,FALSE,0,0,0,0,0
c10146e2f0c0592360c9fe18211972ba5307d3b0,1456732933,1,1,1,0,1,0,0,86,0.52,15068,2809,5663,2494.9,3796,FALSE,0,0,0,0,0
548fe881d69a81a13b7ca40331a05fac5fcf7e76,1456718754,1,1,1,0,16,0,0,42,0,24575,1759,5662,2494.52,2205,FALSE,0,0,0,0,0
b560b7047b19f9654cd61fb7864dc2ae5fdcabc5,1456718727,1,1,1,0,17,20,0,42,0.32,24578,1758,5661,2493.52,2204,FALSE,0,0,0,0,0
6f470abdffb9d26fa0dd16be31111fb41a5911eb,1456691012,1,1,1,0,32,32,0,42,0.02,24578,1757,5660,2493.72,2203,FALSE,0,0,0,0,0
eabe95c4e3c6ce4cc20b36213e58cb8b01dc6d1d,1456690581,2,2,2,0.268649,37,14,0,9,2.16,864,58.5,5659,2492.74,1123,FALSE,0,0,0,0,0
fab50ec384437fa321a2c221b6b03a67844500e5,1456689242,1,1,1,0,19,11,0,42,0.02,24570,1756,5658,2491.8,2201,FALSE,0,0,0,0,0
0f298de36aff96a6878d49d21a40c962c89fcd70,1456687816,2,2,2,0.133748,48,15,0,90,0.32,19802.5,1879,5657,2490.86,2997.5,FALSE,0,0,0,0,1
f8132e3be4ee42a5d6193c27f1514f4e10146219,1456685680,1,1,1,0,51,43,0,42,0.75,24562,1754,5656,2489.95,2199,FALSE,0,0,0,0,0
dfd865dadc35242840340dbca082a49223e0e810,1456634659,1,1,1,0,3,4,0,86,0.08,15036,2807,5655,2491.17,3794,FALSE,0,0,0,0,0
98bdd67cf283043cc3281931650268e234c55caa,1456627344,1,1,1,0,3,7,0,86,0,15040,2806,5654,2490.49,3793,FALSE,0,0,0,0,0
e842bec025b5371e07e998f499cbaf8e6132f14a,1456626918,1,1,1,0,7,4,0,86,0.06,15037,2805,5653,2489.51,3792,FALSE,0,0,0,0,0
8278d38a8eb53a2e09a00b72240c5d9f80a9193d,1456621403,1,1,1,0,2,2,0,86,0,15037,2804,5652,2488.75,3791,FALSE,0,0,0,0,0
0699d4cf3da1787ed5ba84c464970ab2327c43c5,1456621256,1,1,1,0,2,5,0,42,0,24565,1753,5651,2487.75,2198,FALSE,0,0,0,0,0
8865633ccd76b11128be5ba7f26e8e7d5097287c,1456621246,1,1,1,0,42,44,0,86,0.1,15039,2803,5650,2486.75,3790,FALSE,0,0,0,0,0
7066b9a5c7c2020febeb4ecf8e53dd79f1d11300,1456621211,1,1,1,0,171,171,0,42,0.1,24565,1752,5649,2485.75,2197,FALSE,0,0,0,0,0
63f8b1dcec9d9bd5d223bc51fb919e32484a5d34,1456612520,2,2,2,0.763543,14,3,0,90,0.41,19796.5,1874.5,5648,2485.13,2992.5,FALSE,0,0,0,0,0
2e790fb865d8c526ad7d90f725bd9b020d1bb3b6,1456600431,1,1,1,0,1,0,0,86,0.01,15037,2801,5647,2484.65,3788,FALSE,0,0,0,0,0
ac62c24c4a71b79f6fd5c67406f871151fae0fe7,1456599961,1,1,1,0,4,8,0,86,0.03,15041,2800,5646,2483.67,3787,FALSE,0,0,0,0,0
629de594d55064fa3d23e8cfca9046de1c93de3b,1456596951,1,1,1,0,2,2,0,86,1.03,15041,2799,5645,2482.8,3786,FALSE,0,0,0,0,0
7a69a45cccb22d83bbc54552eb03afc993de4784,1456596524,1,1,0,0,0,0,0,0,0,0,0,5644,2481.82,90,FALSE,0,0,0,0,0
83e584d579fd3a62857a8df38f6f3444fe9a8a6b,1456553283,1,1,1,0,8,4,0,42,0.66,24551,1750,5643,2482.69,2195,FALSE,0,0,0,4,0
916431118edadf55938125cf348c7f3ea6b638ed,1456515384,1,1,0,0,0,0,0,0,0,0,0,20,16.39,20,FALSE,0,0,0,0,0
0b76654b712b7bd5f2f15f782e8fa887d78346d3,1456508010,2,2,2,0.57938,2,1,0,89,38.73,19788.5,1871.5,5642,2483.65,2989.5,FALSE,0,0,0,4,0
ff7d79d5fc748e9eecefd0ddefdaa15a244849a7,1456504219,2,2,2,0.310917,2,3,0,8,38.68,864.5,58,12,11.35,1.5,FALSE,0,0,0,0,0
bbd536fc04a312ffa003e455af237742d18adb49,1456496072,1,1,1,0,14,0,0,41,-0.14,24537,1749,0,0,0,FALSE,0,0,0,0,0
d35a9c40beb594d09814ba7f7673b81d4d67a816,1456477564,323,323,318,0.506998,60220,9999,0,1,200.49,63.99,0.16,5641,2483.96,16.9133,FALSE,0,0,156,1021,1346
efa1ebff16860e9fd05c02fd2004c7dfe5069a8e,1456473860,1,1,1,0,2,1,0,85,0,14994,2796,5640,2483.12,3783,FALSE,0,0,0,0,0
8f0dcde98fbe0b18ad1fe1495ceff8d761ee5601,1456473712,1,1,1,0,7,4,0,85,0,14991,2795,5639,2482.13,3782,FALSE,0,0,0,0,0
3b1efb635b69e99fa2499ae7b36660a0810cfff1,1456473581,1,1,1,0,10,7,0,85,0.06,14988,2794,5638,2481.14,3781,FALSE,0,0,0,0,0
055fdfa0b4c6dce2291bd155f01929b89fcd7330,1456468378,3,3,3,0.130672,91,48,0,89,3.34,13234.3,1267,5637,2480.36,2005.33,FALSE,0,0,0,0,0
a5a21235dcc7d55f5aa41ad320a59de7c072161f,1456418083,1,1,1,0,4,2,0,85,0.97,14945,2792,5636,2481.53,3779,FALSE,0,0,0,0,0
dfbcfdb0ae5cccc1d97e007af6c9c08bc69eea2d,1456334620,1,1,1,0,3,3,0,84,0.36,14945,2791,0,0,0,FALSE,0,0,0,0,0
e2773b09a451ca07597392ae01b2d5a874cea481,1456330355,59,59,58,0.357633,756,1949,0,1,-77.63,595,0.74,5635,2484.33,70,FALSE,0,0,0,0,0
4e2d859e65c4e5ee6b7c5966083a28fb18badae6,1456330017,21,21,20,0.474975,799,365,0,1,8.3,425.25,1,5634,2483.35,185.714,FALSE,0,0,0,35,33
a1e917bac2ca1edcc64ac90fc75197e8a13354e2,1456304430,1,1,0,0,0,0,0,0,0,0,0,5633,2483.46,89,FALSE,0,0,0,0,0
62a9208944342d6b94c5c68e6bf8c455bec57895,1456303623,1,1,1,0,39,37,0,84,0.19,14943,2790,5632,2482.49,3776,FALSE,0,0,0,0,0
1bf8eb8cacb468a0ce1c147fe49f230a6b76da52,1456298014,1,1,0,0,0,0,0,0,0,0,0,5631,2481.73,3775,FALSE,0,0,0,0,0
893573485c916ed1f3e44745d1beba109af3b29b,1456291327,1,1,0,0,0,0,0,0,0,0,0,5630,2481.02,3774,FALSE,0,0,0,0,0
d5231ad94b8373f5219affda75e53e411a81c74c,1456290992,1,1,1,0,28,6,0,40,0.94,24496,1745,5629,2480.04,2192,FALSE,0,0,0,0,0
a578935621a9cbd4f632363c11947717272867c8,1456287188,1,1,1,0,1,1,0,84,0.4,14943,2789,5628,2479.2,3773,FALSE,0,0,0,0,0
c88c7ff6bb542f7c469dcfd70f0bde5a69ec6d6d,1456263420,1,1,1,0,5,3,1,1,7.86,62,3,11,10.44,7,FALSE,0,0,0,0,0
21f9cfa6d3a43470fedde72d59deb122ae161b57,1456252924,1,1,1,0,8,20,0,84,0.01,14955,2788,5627,2479.68,3772,FALSE,0,0,0,0,0
45d2fb8a308afae0684ac6ea184f70859e6dcf23,1456251979,1,1,1,0,3,3,1,84,0.02,14955,2787,5626,2478.73,3771,FALSE,0,0,0,0,1
9c162624fed2d61a8105cf855fcc1b7930578b37,1456250230,1,1,1,0,3,1,0,84,0.06,14953,2786,5625,2477.8,3770,FALSE,0,0,0,0,0
80b573170952efd21a66364574a0bc47893d6549,1456250195,1,1,1,0,3,0,1,3,4.42,1473,65,5624,2476.8,2191,FALSE,0,0,0,0,0
bab4ffff62f15383885c40aef7784adc67d6f1ec,1456245064,1,1,1,0,0,1,0,2,21.95,480,112,5623,2476.02,2190,FALSE,0,0,0,0,0
f644c82da4be29be01ce9a9d5bbc733d0fa12a81,1456245048,1,1,1,0,5,5,0,84,0.01,14953,2785,5622,2475.02,3769,FALSE,0,0,0,0,0
54294f15ef9647b5f2582b2401fc4fd87d0e49e1,1456244275,1,1,1,0,8,14,0,84,0,14959,2784,5621,2474.06,3768,FALSE,0,0,0,0,0
dfe77571fb98cbdd5019153666e4bd7b4ba7ae1d,1456244248,1,1,1,0,1,25,0,84,0.36,14983,2783,5620,2473.06,3767,FALSE,0,0,0,0,0
f40f66d29bf52d31517e7887c13549bd20ba2792,1456212865,1,1,1,0,11,16,0,84,0.04,14988,2782,5619,2473.41,3766,FALSE,0,0,0,0,0
af065292831d7a6e6cef5034e0495a329e9ac880,1456209425,2,2,2,0.925787,63,13,0,87,0.51,19717,1862.5,5618,2472.56,2977,FALSE,0,0,0,0,0
d8da7a2142bd81d18446bc706a8b931f611f0576,1456205830,1,1,1,0,1,2,0,84,0,14979,2780,5617,2471.71,3764,TRUE,0,0,0,0,3
c1f8e317754af4f4f498d3265237855736141b4a,1456205787,1,1,1,0,3,3,0,84,0,14979,2779,5616,2470.71,3763,TRUE,0,0,0,0,3
cc4b49226be22c22903e936646174fc6df61c860,1456205581,1,1,1,0,10,10,1,84,0,14979,2778,5615,2469.72,3762,FALSE,0,0,0,0,0
f9a2f7471609509e0c2ea5657c053c7414cbdba8,1456205474,1,1,1,0,65,18,0,84,0.38,14932,2777,5614,2468.73,3761,FALSE,0,0,0,0,0
a326a6badf9f24691e9d86c50b19994102e7878e,1456205193,1,1,0,0,0,0,0,0,0,0,0,5613,2467.74,1,FALSE,0,0,0,0,0
e21f4862e15d5329452950f4b82ca0970a9405b8,1456204955,1,1,0,0,0,0,0,0,0,0,0,5612,2466.75,3760,FALSE,0,0,0,0,0
e24513e6e2675a0d706251b3662df183a1f14ef9,1456172348,1,1,1,0,3,3,0,84,0.08,14932,2776,5611,2467.15,3759,FALSE,0,0,0,0,0
f0c3ac1789e419bf8cfcc6335239e09576f1dabb,1456168712,1,1,0,0,0,0,0,0,0,0,0,19,15.54,19,FALSE,0,0,0,0,0
a224b6f1b09a97abd17ee411209ec5bfbf0dcac7,1456165714,1,1,1,0,3,1,0,1,0.66,118,14,5610,2466.43,88,FALSE,0,0,0,0,0
26299eb364254cbb61a141f3f6b0c55a425e8fee,1456165460,1,1,1,0,1,1,0,84,0.62,14932,2775,5609,2465.44,3758,FALSE,0,0,0,0,0
aafb05b67586350833c29ff7a806cd1e5d382405,1456124309,2,2,1,0,2,5,0,40,0.5,24459,1743,5608,2466.21,1137.5,FALSE,0,0,0,0,0
ff6fc56a1597decfa8a23435c6e1b5293f492319,1456117593,1,1,0,0,0,0,0,0,0,0,0,5607,2465.5,86,FALSE,0,0,0,0,0
7eeb5ebd6129443935febd390aa35773511cc840,1456117182,2,2,34,0.43514,485,206,0,1,14.09,598.15,0.5,5606,2464.51,1899.5,FALSE,0,0,0,215,144
9055c4e48391ee4db7be6f6c4d45e105fb1c21c0,1456116578,1,1,28,0.632159,140,88,0,1,15.96,72.25,0.86,5605,2463.54,3756,FALSE,0,0,0,6,7
65e5d998b3f281e0fca86e294ce73e08c9a87f40,1456116007,1,1,27,0.411135,264,186,0,1,16.37,592.11,0.89,5604,2462.56,3755,FALSE,0,0,0,12,14
772c461a33eb2264fa37b2745456290c0751abd0,1456112730,1,1,0,0,0,0,0,0,0,0,0,5603,2461.7,3754,FALSE,0,0,0,0,0
110ca4d1b5c6828e5c9a26bd037e3d821ee6e4e0,1456112069,3,3,8,0.301628,351,269,0,84,4.42,4339.38,364.62,5602,2460.73,1577,FALSE,0,0,0,383,278
2dfbe9fe779b7577b4a705a66d649ceabd0ef15c,1456110387,1,1,0,0,0,0,0,0,0,0,0,5601,2459.8,85,FALSE,0,0,0,0,0
4a0fe2c17b7dc5e277f451a000c072d8841e7a6e,1456109502,1,1,1,0,4,4,0,1,54.48,27,4,5600,2458.84,2187,FALSE,0,0,0,0,0
9f7e626b9a00f4fa32e51a234bee2f4050f4ab63,1456108740,1,1,1,0,15,4,0,1,25.88,23,1,5599,2457.87,84,FALSE,0,0,0,0,0
f2985bda5f3ba062e4b2c54ba72badb46055dd62,1456108572,1,3,5,0.50219,40,32,0,1,22.27,51.6,4.4,5598,2456.88,83,FALSE,0,0,0,0,0
1517745a6a242df9bdcbda06e4691194eef9799d,1456102626,1,1,1,0,1,1,0,84,0.25,14932,2773,5597,2456.13,3752,FALSE,0,0,0,0,0
887cb559190633ada8089e3775974e886595d636,1456080804,2,2,2,0.165608,97,7,0,87,0.39,19650.5,1857.5,5596,2456.06,2968.5,FALSE,0,0,0,0,0
5c42d0ef31502a202ab33f4e6b763f5ea1ba3337,1456077591,1,1,1,0,15,2,0,40,0.49,24358,1741,5595,2455.2,2185,FALSE,0,0,0,0,0
837d47a309a1f46652d575048a75c0a787af0c59,1456035047,2,2,2,1,2,2,0,41,0.85,12350,904,5594,2456.01,2967,FALSE,0,0,0,0,0
f3766cf889039b18f77441647b3940cb1fc777ef,1456016670,1,1,1,0,26,21,0,84,0.01,14925,2771,5593,2455.79,3749,FALSE,0,0,0,2,2
2b8b63e59f3f6e132a72b876de7fd7adff1b32ab,1456015988,2,2,2,0.264142,83,32,0,87,0.28,19616,1855.5,5592,2454.82,2965.5,TRUE,0,0,0,4,0
d64583b743570c792d32a05f94d2e51ae286044a,1456015259,1,1,1,0,4,4,0,84,0.55,14894,2769,5591,2453.85,3747,FALSE,0,0,0,0,0
9ec65d5ed56d6609481441d8abd1fef3d25f3304,1455967555,1,1,1,0,2,2,1,84,0.63,14894,2768,5590,2454.88,3746,FALSE,0,0,0,0,0
9fe6afcdcc7e55b638f97cf5b3f0df957fca28d2,1455967498,1,1,1,0,1,1,0,40,0.7,24338,1738,5589,2453.89,2182,FALSE,0,0,0,0,0
6a4e0fb41b058b57a971e4e676d776ba3f4873df,1455913132,1,1,1,0,6,4,0,83,0.47,14892,2767,0,0,0,FALSE,0,0,0,0,0
b570884bb342bfb28c457c6d0dd190bf961cc762,1455907908,1,1,0,0,0,0,0,0,0,0,0,5588,2455.42,3745,FALSE,0,0,0,0,0
8f8f8e288c19ac998a2f10d0811d1ef42ba3c880,1455907178,1,1,2,1,6,6,0,41,1.92,12340,902.5,5587,2454.46,2181,TRUE,0,0,0,0,0
8698a5e0e81d180f78c0f01be86d8d9e1a5d237e,1455898736,1,1,1,0,9,1,0,40,0,24330,1736,5586,2453.82,2180,FALSE,0,0,0,0,1
ad5e30e18963c07fc3fd8e6cef10fd5b07bd12d8,1455898664,1,1,1,0,20,20,0,40,0.42,24330,1735,5585,2452.82,2179,FALSE,0,0,0,0,0
19ee0c74f8ea6c6dbaec24d6e0528c536fd6a394,1455876076,1,1,0,0,0,0,0,0,0,0,0,48,20.08,30,FALSE,0,0,0,0,0
007e5aa27ab8172c884461eeec75359ad729389d,1455873787,1,1,0,0,0,0,0,0,0,0,0,5584,2452.88,3744,FALSE,0,0,0,0,0
2509f562b52573c2e28737b300388ffb10585b55,1455873782,1,1,0,0,0,0,0,0,0,0,0,5583,2451.88,82,FALSE,0,0,0,0,0
a58a276ffd7b156040081b3996f24f1161092f63,1455872676,1,1,1,0,3,3,0,83,0,14892,2766,5582,2450.92,3743,FALSE,0,0,0,0,0
1a5b9dcce14bdd13cb6704d3bb349925a7f4892e,1455872659,1,1,1,0,2,1,0,83,0.08,14891,2765,5581,2449.92,3742,FALSE,0,0,0,0,0
1240a0dfdd9ed297432640e4258d0013369f1d2e,1455871566,2,2,0,0,0,0,0,0,0,0,0,5580,2448.97,1870.5,FALSE,0,0,0,0,0
a71c19e1b584dfd958b97afdd0f484d122a0a42c,1455868699,4,4,2,0.921762,65,7,0,4,0.95,866.5,38,5579,2448.09,1510,FALSE,0,0,0,0,2
0194169e79738b70c08d2a6469340621f3737399,1455866095,1,1,1,0,4,3,0,82,0.04,14890,2764,0,0,0,FALSE,0,0,0,0,0
bfbfa719ff278d8f27410d0b67de754a20a96d15,1455862669,2,2,2,0.368404,11,2,0,85,0.02,19605.5,1850,5578,2447.35,2958,FALSE,0,0,0,0,0
49389d0a2f8e155ddfdab80c227cb51bce1b6da9,1455861173,2,2,2,0.805983,4,3,0,85,1.03,19605,1849.5,5577,2446.41,2957,FALSE,0,0,0,0,3
e380062403c5704e4daea171e4d7ead5b83210d6,1455861139,1,1,1,0,6,11,0,82,0.86,14897,2761,5576,2445.41,3737,FALSE,0,0,0,0,2
b83abfa9c177c0c5c7cd3532e2de64470392573e,1455831436,1,1,1,0,4,4,0,6,0.64,238,72,5575,2445.67,40,FALSE,0,0,0,0,0
48dbf203a57330fc65586c861ceec7f12188853f,1455786499,3,3,3,0.410433,30,9,0,83,0.45,5536.33,944,5574,2446.58,1983.33,FALSE,0,0,0,0,1
23768398c505bfd83b5bc18138b5ed8be114e0a8,1455775907,2,2,3,0.40736,45,5,0,8,1.46,636.67,38.67,5573,2446.02,1106,FALSE,0,0,0,0,2
cca5ac60d61a2f786eeafadb674d6e12fc6179c8,1455742946,1,1,0,0,0,0,1,0,0,0,0,0,0,0,FALSE,0,0,0,0,0
9f7f9fc3c5f1a4db9a2134950872440c792ee8bb,1455701169,1,1,0,0,0,0,0,0,0,0,0,5572,2448.2,3735,FALSE,0,0,0,0,0
0dd6798d8b8e273ebefff79f31c6bc3df2ac5f5f,1455694086,2,2,5,0.458094,75,74,0,1,2.7,3854.2,2.2,5571,2447.5,1885.5,FALSE,0,0,0,0,1
2b1eb3f4805b51f72990b9ec33061c60a21a4bd6,1455693359,1,1,4,0.248097,27,25,0,1,3.09,300.75,5.75,5570,2446.53,3733,FALSE,0,0,0,0,0
ae51b52aa19da8daa7dc94119dcc1563b67ff570,1455693236,1,1,3,0.342427,50,46,0,1,3.75,5045.33,7.67,5569,2445.53,3732,FALSE,0,0,0,0,0
ab73503859a2d2f7f603bc8a293ce93ecc071e83,1455692507,1,1,0,0,0,0,0,0,0,0,0,5568,2444.56,3731,FALSE,0,0,0,0,0
a4f7d4cc2a3b6d3a43f6c27beadbf90410eecdcd,1455690784,3,3,7,0.433898,64,64,0,82,0.96,4912.14,414.57,5567,2443.64,1568.67,FALSE,0,0,0,7,3
6e2fb92e9a2fd29ef630f71bd571afcdf0f2e206,1455690581,1,1,1,0,3,7,0,2,0.61,284,29,5566,2442.65,36,FALSE,0,0,0,0,2
4f702e238183444ff392c3c7be5b48f1a7271519,1455689087,1,1,1,0,2,1,0,1,2.38,18,1,5565,2441.71,80,FALSE,0,0,0,0,0
b188f903ce41e624d6169f47a0c9e5091c178160,1455685406,1,1,1,0,26,0,0,3,1.89,1371,61,5564,2440.86,2173,FALSE,0,0,0,0,0
664d66a89ec553438d5560239eba24d30867e580,1455684245,1,1,1,0,28,27,0,40,0.05,24296,1731,5563,2439.91,2172,FALSE,0,0,0,0,0
7b93dc9c3253c342a45881392d2308374a8909b3,1455683984,2,2,2,0.345646,27,5,0,85,0.4,19596.5,1847.5,5562,2438.92,2950,FALSE,0,0,0,1,1
d9dc0e6fd13c030029964b5ba468e0df3e2de3b2,1455679823,1,1,1,0,16,2,0,40,0.03,24282,1730,5561,2438.1,2170,FALSE,0,0,0,0,1
53168e4cfd399e52403a4a322ecd63fea1fa10e6,1455677383,1,1,1,0,0,13,0,40,0,24295,1729,5560,2437.2,2169,FALSE,0,0,0,0,0
7998632685ad03d53567ca4b2f89f10ad16f64e6,1455677337,1,1,1,0,1,0,0,40,0.42,24294,1728,5559,2436.2,2168,FALSE,0,0,0,0,0
86f2a1061c5abbca2dc32c0bf65562b5e693ddea,1455677291,1,1,0,0,0,0,0,0,0,0,0,5558,2435.21,3728,FALSE,0,0,0,0,0
9ca02a448ee14ca35da94af306212ac24beddff5,1455641434,1,1,0,0,0,0,0,0,0,0,0,5557,2435.72,3727,FALSE,0,0,0,0,0
17091d3a0e1c3100c2dfdcb063f10a8827c16f1b,1455640949,1,1,1,0,43,43,0,40,0.66,24294,1727,5556,2434.74,2167,FALSE,0,0,0,0,0
c94b1488e9c93b716c45fa4866f4a2886226d2ae,1455637614,1,1,1,0,1,1,0,2,0.75,284,28,5555,2433.88,35,FALSE,0,0,0,0,1
e91371d406b11eb40e7986a8e1e800bf61fe8694,1455614915,1,1,0,0,0,0,0,0,0,0,0,5554,2433.83,3726,FALSE,0,0,0,0,0
7b2274cb444763fefe643c5d9b9608c175da5b6b,1455614735,1,1,1,0,20,19,0,82,0.22,14895,2757,5553,2432.84,3725,FALSE,0,0,0,0,0
0f38ed12364153ad926008cd82b3f9061a1a6466,1455613104,44,44,43,0.235979,705,8251,0,1,-84.27,220,0.84,5552,2431.91,89.5227,FALSE,0,0,0,0,0
a862defba0d39bb5d6e0d5077756dc2db956298b,1455612663,40,40,39,0.46504,1581,379,0,1,13.07,302.67,0.59,5551,2430.93,98.075,FALSE,0,0,1,17,56
7c27a6f51ee04f36472d9a569f3cbbb9b234bf5c,1455609805,1,1,0,0,0,0,0,0,0,0,0,5550,2430.05,79,FALSE,0,0,0,0,0
09dd3a8fea3826a27b6e3ef1bf8789c626d38709,1455606388,1,1,0,0,0,0,0,0,0,0,0,5549,2429.19,78,FALSE,0,0,0,0,0
5dd6b9069202ea32adc80f4dfd77dbbb44c823fe,1455600541,1,1,0,0,0,0,0,0,0,0,0,5548,2428.43,3722,FALSE,0,0,0,0,0
91d3468c81468306b91249a38e4d486a531adcd9,1455597327,2,2,113,0.413757,1011,646,0,1,23.76,206.6,0.19,5547,2427.57,1877.5,FALSE,0,0,0,24,50
94ba2e24e8470d87a72888dab7656db28349552f,1455596707,1,1,108,0.64611,447,260,0,1,24.72,49.37,0.2,5546,2426.59,3720,FALSE,0,0,0,9,22
ce259221bd408dd2a3d153f7321dd54f7c577746,1455596454,1,1,104,0.403803,778,437,0,1,19.33,182.28,0.21,5545,2425.61,3719,FALSE,0,0,0,18,32
e878559fb910f0e5e45d06c8a4d76021a4c9a5de,1455595980,1,1,0,0,0,0,0,0,0,0,0,5544,2424.63,3718,FALSE,0,0,0,0,0
36af8de1162f4cde7f3111396c4e81aeaea0b4f3,1455595579,3,3,8,0.276032,781,604,0,82,6.95,4312.62,362.38,5543,2423.64,1563.67,FALSE,0,0,0,381,289
97fd94744e0f3025dfc4f09fe05d8d69e45a1f7c,1455586710,1,1,0,0,0,0,0,0,0,0,0,5542,2423.01,77,FALSE,0,0,0,0,0
0da3674d5e9418cd0e51ce7ccfc895224c2a2edd,1455584401,1,2,1,0,25,8,0,1,0.87,45,2,5541,2422.11,76,TRUE,0,0,0,0,0
01d530d65e2a7a20a7be97dcf6d143299608b1e3,1455584383,1,1,1,0,6,4,0,1,0.72,124,12,5540,2421.11,75,FALSE,0,0,0,0,0
10dd42b6e48f93807d258b59d51ce2d282e11add,1455583641,2,2,3,0.290261,34,3,0,86,0.02,13166.7,1250.33,5539,2420.14,2941,FALSE,0,0,0,0,0
ba2d3f77047b7b38c45dea93263559e4abbd1d3f,1455582980,1,1,1,0,1,1,0,82,0.02,14895,2754,5538,2419.17,3715,FALSE,0,0,0,1,0
607fe2a5f6d055a059d56b3585000cd4e1a0b64e,1455580898,2,2,3,0.343813,4,22,0,86,2.39,13172.7,1249.67,16,9.37,11.5,FALSE,0,0,0,0,0
4643679d79ea7244c40fd469cce9fab0ffa6878c,1455573039,1,1,2,0.300318,51,52,0,7,0.59,259,40.5,5537,2418.58,33,FALSE,0,0,0,0,0
0eb337df9a61c88281cfbfa19104253d24eb2b73,1455566481,90,90,89,0.565363,680,728,0,1,-52.45,91,0.44,5536,2417.85,46.1222,FALSE,0,0,0,0,0
04180c7c961d7aaba4584591bee863455e93ee68,1455562342,1,1,0,0,0,0,0,0,0,0,0,18,14.79,18,FALSE,0,0,0,0,0
3846348f8a4682559a61c232eb5946078cc27a48,1455560545,1,1,1,0,6,6,0,82,0,14902,2752,5535,2417.1,3713,FALSE,0,0,0,0,0
dc2fc9428d0b47c0327c4b4fff1894b89472eea1,1455560524,1,1,1,0,7,5,0,82,0,14900,2751,5534,2416.1,3712,FALSE,0,0,0,0,0
6e399ce311878d5d335666bcdb5729cab7b4ca38,1455560479,1,1,1,0,4,4,0,82,0,14900,2750,5533,2415.1,3711,FALSE,0,0,0,0,0
641b544801501ddfde4d73c87e7ec4a1b199fc0e,1455560440,1,1,1,0,4,4,0,82,0.05,14900,2749,5532,2414.1,3710,FALSE,0,0,0,0,0
761a100397253989918f2033641c8331fb0ba1c9,1455556450,2,2,2,0.0700276,26,12,0,85,0.58,19585,1840,5531,2413.27,2937,FALSE,0,0,0,0,0
19613be86100295984192d5180ce989cd962b7d3,1455522442,1,1,0,0,0,0,0,0,0,0,0,5530,2413.68,74,FALSE,0,0,0,0,0
c163659713f4497e1dcb56ed621934c39652230d,1455522423,3,4,4,0.827729,5,5,0,8,0.49,503.25,29.75,5529,2412.68,756.333,FALSE,0,0,0,0,0
cf1a4f893ff3e72a2fb4cab48a613377beb467b6,1455509075,2,3,1,0,38,2,0,1,2.96,9,1,5528,2412.23,1890,FALSE,0,0,0,0,0
aae02af2650d197fff15519a438f16ae994bb449,1455506417,1,1,1,0,11,5,0,40,0.38,24264,1723,5527,2411.34,2163,FALSE,0,0,0,2,0
cb96bf15b7f2c07c393bd089206a345db9ad0464,1455506057,1,1,1,0,143,49,0,82,0.38,14806,2747,5526,2410.36,3707,TRUE,0,0,0,6,10
c006c28f553b9f9c548f994e0c225a8a2e85e111,1455483454,1,2,2,0.459514,45,20,0,1,1.29,58.5,5,5525,2410.29,71,FALSE,0,1,0,0,0
d358d00531154c34d15c3ae020279b61d3f62d6d,1455478713,2,2,3,0.312442,57,6,0,8,1.71,612.67,36.67,5524,2409.49,1096.5,FALSE,0,0,0,0,0
abcebb4f48dbfd8979a3d8cfa6120320205d788a,1455473229,2,2,2,0.0301032,37,47,0,85,0.04,19540,1838.5,5523,2408.72,2933.5,FALSE,0,0,0,0,1
6e74724c0fe6af3d9845ff17003cc47dd4065a84,1455470467,1,1,1,0,25,3,0,40,0.85,24242,1721,5522,2407.83,2160,FALSE,0,0,0,0,0
c5f6c43326c432a4cd917230affefa15b4f7bee7,1455469048,1,1,1,0,1,1,0,82,0.83,14816,2745,5521,2406.89,3705,FALSE,0,0,0,0,0
a9e8c0ba760ef10781e5ad0e21da8f6aee6ab4cb,1455468103,1,1,0,0,0,0,0,0,0,0,0,5520,2405.93,3704,FALSE,0,0,0,0,0
5388d8a7b0823fdccd7b52b313898a3d4142db78,1455396947,2,2,2,0.459514,131,129,0,85,1.02,19528,1837,5519,2407.87,2931,FALSE,0,0,0,1,1
13e4b959a430de89942b2afedafe9798629de896,1455381167,1,1,2,0.0204184,304,304,0,40,0.13,12771.5,885,5518,2407.52,2158,TRUE,0,0,0,0,0
5a336403f9b147bb22d2b0d864f4055f4fabf6cc,1455381064,1,1,1,0,41,26,1,3,0.4,1315,57,5517,2406.52,2157,FALSE,0,0,0,0,0
26265c011ad8f7c3ff38febe1f36d3aaf8d47ab0,1455358717,1,1,1,0,2,1,1,82,0.43,14765,2742,5516,2406.44,3702,FALSE,0,0,0,0,2
4a390bca1c8c00b4d3ea481476785ebb506e799a,1455358695,1,2,2,0.734496,5,5,0,41,30.38,12191.5,875,5515,2405.45,2156,FALSE,0,0,8,0,0
af46ead30d273f59e7b6839f63bdd26075a498f0,1455357706,1,1,1,0,1,1,1,40,0.42,24213,1716,5514,2404.49,2155,FALSE,0,0,0,0,0
de0f936e920102243342c750c588c35e1cf061cc,1455346189,2,2,2,0.81024,71,15,0,4,1.78,765.5,32.5,5513,2403.96,1092,TRUE,0,0,0,1,2
bf9dcfe89c629f6415aa742b72a289e6f14a7c0e,1455321559,2,2,2,0.847128,7,2,0,85,0.01,19486.5,1834,5512,2403.98,2927,FALSE,0,0,0,0,0
df0ecd2a930895d951294ea31a5f40e03dd5bf6d,1455320847,2,2,2,0.19991,41,25,0,85,0.38,19478.5,1833.5,5511,2403.01,2926,TRUE,0,0,0,0,2
b3ebb3c3d3cf394113d8e9c05578161e7f1cdeb4,1455315102,1,1,1,0,4,2,0,82,0.62,14755,2739,5510,2402.24,3699,FALSE,0,0,0,0,0
ee499b36ea0b0a4323eb58ddac5859de50cacdfd,1455308420,2,2,2,0.876945,78,1,0,85,-0.71,19489.5,1836.5,15,8.42,10.5,FALSE,0,0,0,0,0
0bead0c69af6d9e6baa5e81963ebf33e58df8bf9,1455274050,1,1,0,0,0,0,0,0,0,0,0,10,9.76,7,FALSE,0,0,0,0,0
d6f6007692393445a1e66ab1eb48eee1d9eb519c,1455265436,1,1,0,0,0,0,0,0,0,0,0,5509,2403.29,3698,FALSE,0,0,0,0,0
a055b0a04f84a90aade0a4b718260823caacf49e,1455264256,2,2,2,0.19991,21,1,1,7,0.83,741,50.5,5508,2402.34,1090,FALSE,0,0,0,0,0
8ee7ffb2ab3cd07c08cd68c980292892c113d3b0,1455264219,1,1,1,0,40,40,0,3,0.05,1247,54,5507,2401.34,2150,FALSE,0,0,0,0,0
40ff04911eee49cbca5e28929ff5e96e0395034e,1455261809,1,1,1,0,1,1,0,82,0.02,14755,2738,5506,2400.44,3697,FALSE,0,0,0,0,0
a3676618af52a608ba60ebcae316ae32ffc4d7ef,1455260498,1,4,1,0,1,1,0,1,8.91,117,9,5505,2399.49,70,FALSE,0,0,0,0,0
b1ed66c6f58995b6ec01d26de368cdac97d4664a,1455260245,1,1,1,0,2,1,0,3,0.42,1246,53,5504,2398.5,2149,FALSE,0,0,0,0,0
53b3f81abee94d9575474edd10e81191a36f658d,1455260193,2,2,2,0.337292,20,8,0,85,0.75,19471.5,1832,5503,2397.5,2922,FALSE,0,0,0,3,0
bd2428dde51ee38d0be1936f3dd6e30ef8dea219,1455253364,3,6,8,0.28913,14,1191,0,3,3.65,155.12,0.75,5502,2396.78,1970.33,FALSE,0,3,0,8,2
b7ae5f088573da15354ead52dddd4383f96daaaa,1455229577,1,1,0,0,0,0,0,0,0,0,0,9,8.77,6,FALSE,0,0,0,0,0
8c5b64c7d7a04b05bab86bd5e8721783b57df9e9,1455224318,2,2,2,0.236296,13,6,0,3,1.41,628,26.5,5501,2396.98,1087,FALSE,0,0,0,0,1
641112dd4dab2c47a8c9230c7d1df602705b1190,1455212596,1,1,1,0,15,19,1,40,0.39,24192,1712,5500,2396.46,2145,TRUE,0,0,0,0,0
1c47acd040d35d456754b2ca4f774679351bed42,1455178603,2,2,2,0.229363,9,4,0,85,0.83,19471,1831,5499,2396.85,2919,FALSE,0,0,0,0,0
d58d6f45cc76beb79ad80ab8a07a3ea4411d3cfe,1455132840,1,1,0,0,0,0,0,0,0,0,0,17,13.96,17,FALSE,0,0,0,0,0
feafdb3c6ac0bf98006dd926207f79e1b0eccb99,1455121603,1,1,1,0,10,14,1,82,0.32,14759,2735,5498,2398.2,3693,FALSE,0,0,0,0,0
7efa921babc753e8b674e69a6357e34895d28c10,1455121462,1,1,0,0,0,0,0,0,0,0,0,0,0,0,FALSE,0,0,0,0,0
784ee6a086742d606985f6e5259488b109cccc3e,1455121199,2,2,3,0.541168,2,43,0,8,0.86,594.33,34,5497,2397.21,1085,FALSE,0,0,0,0,0
3014f20b6c837111a1a2412374fe53e6d3d96b0f,1455093783,1,1,1,0,16,16,0,82,0.02,14759,2734,5496,2397.34,3692,FALSE,0,0,0,0,0
40bb035b093e600732fbbb3693373dd9220543f1,1455092108,1,1,1,0,2,2,0,40,0,24187,1710,5495,2396.41,2142,FALSE,0,0,0,0,0
ba32bf3b8d1290818625246726b1fbdc8d049d54,1455092050,2,2,2,0.397872,73,53,0,85,0.33,19463,1829,5494,2395.41,2916,FALSE,0,0,0,2,1
e9edc06aaf257941b49b1bdb857cbad650866bf3,1455083809,2,2,3,0.151482,39,34,0,4,1.34,516.67,19.67,5493,2394.75,1083,FALSE,0,0,0,1,5
c91196d240d323e439bedd85d9844c464ad5187a,1455071383,1,1,0,0,0,0,0,0,0,0,0,0,0,0,FALSE,0,0,0,0,0
2b1eedb03627d2f39cca77ae6f545b1bf27d0a52,1455066621,1,1,1,0,6,7,1,5,3.01,243,64,3,2.87,1,TRUE,0,0,0,0,0
08c7bf3c8506b05f4ea1b7370addc13c95203672,1455063759,2,2,2,1,2,2,1,85,1.05,19463,1828.5,8,7.82,3.5,FALSE,0,0,0,0,0
02bea6534c10494b6a199fffb8407cd8cd01adef,1455063156,2,2,3,0.174047,116,3,0,1,0.39,173,0.33,7,6.82,3.5,FALSE,0,0,0,1,0
5cd7208ef30d5627b5c55f0a235496a5b8a4431e,1455034895,1,1,1,0,4,2,1,38,0.27,24162,1706,5492,2395.76,2139,TRUE,0,0,0,0,0
39735df82fb7a34203f0db4922da04416f2a7a10,1455019662,2,2,3,0.159677,524,65,0,81,5.53,5064.67,911,6,5.82,4.5,FALSE,0,0,0,8,0
6f4099c20bc2695327923c13da3a308ad80275c8,1455012214,3,4,7,0.323279,1065,923,0,1,-0.02,131.86,0.57,5,4.83,2.33333,FALSE,0,0,0,14,2
e5bc6a03159df493a7602f64810951f5512c37cb,1455011244,1,1,1,0,16,1,1,38,0.05,24147,1705,5491,2395.73,2138,TRUE,0,0,0,0,0
495c890aacb2fa856b7a3bf39cca2ddbcabb77e9,1455006566,1,1,2,0.595158,30,17,0,39,12.55,12233,886,5490,2394.92,2137,TRUE,0,0,0,0,0
5fe4a1b05d65a44f9678fbe509f94004aecc00e1,1455000504,1,1,1,0,9,2,0,3,0.02,1251,49,5489,2394.17,2136,FALSE,0,0,0,0,0
285b667c3eb115b782c874dd5d1d0538d3cc3a65,1454998988,1,1,0,0,0,0,0,0,0,0,0,5488,2393.23,3690,FALSE,0,0,0,0,0
d8bf62995b512e3e18e0ef373e0943999ef42d85,1454998962,2,2,2,1,60,10,0,4,0.77,739.5,28.5,5487,2392.23,1080,FALSE,0,0,0,0,0
046470a8db09178fbe5071ef1f1e7507cca4241d,1454972953,3,3,3,0.233025,75,43,0,85,-0.78,13045.3,1237.33,0,0,0,TRUE,0,0,0,1,0
e36f7e7161112b2508d864f107dba7d9d2b4aa5c,1454960499,1,1,1,0,124,168,0,3,0.48,1260,47,5486,2392.81,2134,FALSE,0,0,0,1,7
dc65792776cf21e88ddc09f663399bd9b91c0c66,1454919391,1,1,1,0,46,3,0,3,0.17,1217,46,5485,2393.5,2133,FALSE,0,0,0,0,0
e2aef0def9ab7f5888df418def8e0ae8179d420d,1454916496,2,2,50,0.408954,570,121,0,1,26.74,408.18,0.38,5484,2392.62,1856.5,FALSE,0,0,0,11,4
8bff780a94247c5a87d90dbbce0da8135e11103e,1454916202,1,1,41,0.595978,327,56,0,1,30.27,60.66,0.51,5483,2391.63,3688,FALSE,0,0,0,5,3
3514f509021f77a67a166c8ee4b28600d2aac6d8,1454915080,1,1,39,0.425815,509,90,0,1,14.16,412.36,0.54,5482,2390.67,3687,FALSE,0,0,0,10,4
aefbdbb6d558fe46b16dd1ac85101da3b71e66e0,1454914099,1,1,0,0,0,0,0,0,0,0,0,5481,2389.71,3686,FALSE,0,0,0,0,0
8debfc6e6cd38bbaa926b42066a60f6540c9ca43,1454913938,1,1,0,0,0,0,0,0,0,0,0,5480,2388.72,3685,FALSE,0,0,0,0,0
18ae1d7c184aa27e50ee3e70a95ca25bbd9c0e01,1454913793,2,2,2,0.57938,18,0,0,83,0,19423,1825,5479,2387.73,2908,FALSE,0,0,0,4,0
d790a1b3c674ead1d6242a67d9315d8691807e0c,1454913667,2,2,2,0.847128,45,45,0,83,0.7,19423,1824.5,5478,2386.73,2907,FALSE,0,0,0,4,0
c9ca772a326dd951de5b052f882f191c88b79fe0,1454910594,3,3,8,0.260868,396,200,0,80,4.27,4267.5,359,5477,2385.86,1551.33,FALSE,0,0,0,320,197
db23fcfe9fddadc691c551448dec008e36fb6d57,1454909629,1,1,1,0,56,49,0,38,1.3,24115,1701,5476,2384.9,2130,FALSE,0,0,0,2,0
349c627110b25643c307a5e9650f1a0b82b29581,1454905020,3,3,3,0.222867,146,24,0,4,10.75,457.33,18,5475,2384.08,740,FALSE,0,0,0,2,0
51e917b0949de8213003314b8e8074a175c28eb9,1454896216,4,4,3,1,6,132,0,1,4.78,350,1.33,5474,2383.44,925.5,FALSE,0,0,0,6,18
d5a6a75639b05f52d01e534838ffc2ea5e2f0d03,1454891850,1,1,0,0,0,0,0,0,0,0,0,5473,2382.62,3680,FALSE,0,0,0,0,0
404a7181a8b3d5db0849becefb413e579e0f190e,1454872846,1,1,0,0,0,0,0,0,0,0,0,0,0,0,FALSE,0,0,0,0,0
e00d9821a89d141e7b12f9acddda003368c6938a,1454806314,1,1,1,0,4,0,0,5,3.77,239,63,5472,2385.11,22,FALSE,0,0,0,0,0
6752d75ad0cebefda27300de09d9155266a8ef84,1454804388,2,2,2,0.448644,361,33,0,82,0.67,19243.5,1823,5471,2384.19,2903.5,FALSE,0,0,0,0,0
e392b8e240840ac0d95a2d091ee17248b7e92b38,1454797151,2,2,2,0.105729,25,1,0,82,-0.08,19407.5,1823.5,0,0,0,TRUE,0,0,0,0,0
1cf7093f46bb439785f0c17ac7a105f79b0be452,1454747413,1,1,1,0,19,23,0,37,0,23854,1698,5470,2385.51,2127,FALSE,0,0,0,1,0
88708ec00f2c2201b9db0e49ce3bd55a7756adb5,1454747220,1,1,1,0,2,2,0,37,0.01,23854,1697,5469,2384.52,2126,FALSE,0,0,0,0,0
984b0af883a9d4300f63137424412e1c2368db38,1454746003,2,2,2,0.647965,7,4,0,82,0.34,19244,1821.5,5468,2383.57,2901.5,FALSE,0,0,0,0,0
8810754ada03f258a7dd20f5d006616c20937c69,1454743319,1,1,1,0,55,0,0,37,0.02,23796,1695,5467,2382.68,2124,FALSE,0,0,0,0,0
0d340b378b6414867fea8d2710d4c3fa14ef7f62,1454741917,1,1,1,0,44,0,0,37,0,23752,1694,5466,2381.74,2123,FALSE,0,0,0,0,0
e30dc968ef8244fd80ee7a3ae012f8bac03086c1,1454741908,1,1,1,0,52,52,0,37,0.92,23752,1693,5465,2380.74,2122,FALSE,0,0,0,2,0
ea942b06429ad5f8d5560f48564f0c2897b9bec4,1454719881,1,1,1,0,2,2,0,6,32.77,921,175,5464,2380.63,2121,FALSE,0,0,0,0,0
7e9d49b3008d6eedf5ed9ff12f9903155b70318f,1454706737,1,1,0,0,0,0,1,0,0,0,0,0,0,0,FALSE,0,0,0,0,0
ce60ac42747a0997335c16e858e3e654c409dc8c,1454689699,1,1,1,0,5,1,0,79,0.32,14633,2723,5463,2380.86,3677,FALSE,0,0,0,0,0
a04fc310b43bc1168028689731b47d94e25f9c79,1454662179,2,2,2,1,2,2,1,82,0.03,19192.5,1819,5462,2380.99,2898,FALSE,0,0,0,0,0
a5ae078f8fe3357007bd29fa07d9023402009ba2,1454660600,1,1,0,0,0,0,0,0,0,0,0,5461,2380.05,3675,FALSE,0,0,0,0,0
4a805ea666e96281375dd62ad5c2c088091387bd,1454659178,2,2,2,0.110372,24,1,0,82,0,19181,1818.5,5460,2379.11,2896.5,FALSE,0,0,0,0,0
15956517803051d14fb3672f4066194b412656fe,1454658955,2,2,2,0.354941,66,10,0,82,2.31,19153,1818,5459,2378.12,2895.5,TRUE,0,0,0,0,1
fc85cac91de1d9f9bde0266d084db461e1643fbe,1454653052,1,1,0,0,0,0,0,0,0,0,0,5458,2377.36,3672,FALSE,0,0,0,0,0
73134f9dcc7572305cca6159a777a862ac84df24,1454569360,1,1,0,0,0,0,0,0,0,0,0,5457,2379.76,3671,FALSE,0,0,0,0,0
eb72bbe6f71640d60f05739dbd43fce9d01a3bf2,1454567209,1,1,0,0,0,0,0,0,0,0,0,5456,2378.85,3670,FALSE,0,0,0,0,0
bd7f7221754dba26d834c440c3dca68230fe61b1,1454567149,1,1,0,0,0,0,0,0,0,0,0,5455,2377.85,3669,FALSE,0,0,0,0,0
c6a3ace55399f5d75b229d85cc7098f903196bc6,1454490787,1,1,1,0,3,1,0,1,1.06,115,8,5454,2379.96,67,FALSE,0,0,0,0,0
d8bc95999f34d729db06db8b920664f113e54810,1454490585,2,2,14,0.533493,64,35,0,1,2.19,1380,0.93,5453,2378.97,1844.5,FALSE,0,0,0,0,0
e2a6db008fcdeefcccd71128060ba48fd1f29d05,1454489874,1,1,8,0.424343,36,20,0,1,1.69,1878.12,2.5,5452,2378,3667,FALSE,0,0,0,0,0
f18e5950b975245cbb7437752e413e0dc351f955,1454489676,1,1,9,0.812393,18,10,0,1,1.61,153.67,2.22,5451,2377.01,3666,FALSE,0,0,0,0,0
1cd9dc49a93d2cfe9927db1a92d2cf7c839bf263,1454488246,1,1,0,0,0,0,0,0,0,0,0,5450,2376.07,3665,FALSE,0,0,0,0,0
d64a97195b729d0d5cd9d5a145dd139de8c6a893,1454488137,3,3,8,0.36316,125,104,0,79,0.96,4245,357.75,5449,2375.07,1544.67,FALSE,0,0,0,158,99
7dd5549b059ce6834bcb26c51e9c977e87ccf385,1454484160,1,1,0,0,0,0,0,0,0,0,0,5448,2374.23,3663,FALSE,0,0,0,0,0
afaae9f9724dd0e55d4e67c4e07397fb0f2131ea,1454483554,164,164,163,0.551119,2510,9331,0,1,-98.99,415.69,0.25,5447,2373.26,26.3659,FALSE,0,0,0,62,382
5f90c0b1633285768307bbb237e9d8091dd5d1eb,1454483413,50,50,49,0.495504,1523,1152,0,1,3.97,469.27,0.53,5446,2372.26,78.08,FALSE,0,0,0,104,119
5132c346533def6e874faab9b70526a47bd33264,1454482885,4,4,3,1,141,12,0,1,9.02,307,1,5445,2371.28,918.75,FALSE,0,0,0,6,18
497d57ca951d90a19153540755a2be0b4a622bf3,1454480850,1,1,1,0,2,0,0,5,0.06,237,62,5444,2370.37,20,FALSE,0,0,0,0,0
3a07b411fbfe61c937531e7c55f7818bdbb65c69,1454480763,1,1,1,0,26,7,0,3,0.03,1103,44,5443,2369.37,2117,FALSE,0,0,0,0,0
b0c2a8d5fdae7fa2261e6507713fe0e2131fc20d,1454477857,1,1,1,0,18,0,0,3,0.55,1085,43,5442,2368.49,2116,FALSE,0,0,0,0,0
d2a8203efb2f574205d9fb9caf75b6224e8a76ac,1454476775,1,1,1,0,3,3,0,78,0.95,14563,2717,0,0,0,FALSE,0,0,0,0,0
e404d214aa067d72e9f166677a99b5078ecfa869,1454476086,2,2,3,0.207312,26,16,0,81,0.19,5011.67,926.67,5441,2367.56,1839,FALSE,0,0,0,0,0
7f295dc6e82f186f7a253c4dbc1939e8799e4df5,1454471147,1,1,1,0,1,1,0,1,0.83,236,18,0,0,0,FALSE,0,0,0,0,0
33bfa8f9613677a71a000d15a7d2ab062b4841f4,1454430700,2,2,3,0.373344,35,6,0,38,0.27,8342.33,587.33,5440,2368.39,1066.5,FALSE,0,0,0,0,0
f944254cb817b3c0b641033aa7b625939cc31dd8,1454430168,1,1,1,0,1,1,0,3,0,1059,41,5439,2367.42,2114,FALSE,0,0,0,0,0
30339cfd86bcaaf6c059ab60490c823b8cf982f1,1454430150,1,1,1,0,10,0,0,3,0.35,1049,40,5438,2366.42,2113,FALSE,0,0,0,0,0
db7debd3da15b32fc53015bf1260c87ed9f66b03,1454401680,3,3,3,0.00229009,3,2811,0,2,26.03,1620,70.33,5437,2366.57,1365.67,FALSE,0,3,6,17,33
daeb55e99d116d1194bd4e702bb2a0c4b4a9ce66,1454399546,3,4,4,0.656266,7,7,0,6,1.79,408.25,22.25,5436,2365.65,731.667,FALSE,0,0,0,0,0
29bc8d965b27d5ed96d53be15cb8b82fdb948ad2,1454398776,1,1,1,0,1,1,1,77,0.03,14564,2715,0,0,0,FALSE,0,0,0,0,0
365d103439394b7549f909a87a8b0f2bf67bdeaa,1454397349,1,1,63,0.658911,164,148,0,1,19.62,60.49,0.3,5435,2364.74,3657,FALSE,0,0,0,1,1
5ca813254df74d73a5e751fbdcefacd93f2f16b2,1454397184,1,1,60,0.442382,300,268,0,1,9.15,289.23,0.32,5434,2363.75,3656,FALSE,0,0,0,2,2
fa4d85897cc3b1c88ff983a0e1eace4bc2c17cd3,1454395965,1,1,1,0,8,0,0,77,0.03,14556,2714,5433,2362.8,3655,FALSE,0,0,0,0,0
b6b59d93d7c71cb3fbbf6027888d3c25b1123b9e,1454395003,1,1,0,0,0,0,0,0,0,0,0,5432,2361.83,3654,FALSE,0,0,0,0,0
5af68bbf940e07d8d22812547f7974a230a64f6e,1454394976,3,3,8,0.30288,453,404,0,78,7.19,4237.88,357.38,5431,2360.84,1540.33,FALSE,0,0,0,265,154
983363e0cdfde84d5bbe126a2471d6f3e88ce61f,1454394014,1,1,0,0,0,0,0,0,0,0,0,5430,2359.87,3652,FALSE,0,0,0,0,0
d95dad76b88a462a25f8825d7e83d8d05f9969e0,1454393628,1,1,1,0,3,3,0,77,0,14556,2713,5429,2358.89,3651,FALSE,0,0,0,0,0
18f74aa5b2b8e1cc85a498f485d14882c25225b4,1454393618,1,1,1,0,3,3,0,77,0.45,14556,2712,5428,2357.89,3650,FALSE,0,0,0,0,0
e96a8f7bc63da2d647014afc1df7eede36ad3084,1454392608,1,1,1,0,27,14,0,37,0,23722,1688,5427,2356.93,2111,FALSE,0,0,0,0,0
29f39be6ada1120af71213f5a98447bef81210ac,1454392600,1,1,1,0,65,0,0,37,0.03,23657,1687,5426,2355.93,2110,FALSE,0,0,0,0,0
7a17967d792221b0b38aba1cebbb83481ac4bc95,1454389593,1,1,1,0,34,2,0,37,0,23625,1686,5425,2355.05,2109,FALSE,0,0,0,0,0
de5bd32abae99fedea2c9dd26cbc57180ef68795,1454389566,1,1,1,0,12,12,0,37,0.85,23625,1685,5424,2354.05,2108,FALSE,0,0,0,0,0
5062f22839e873211c94184a877bce15b5da55ef,1454357879,1,1,2,0.372689,284,25,0,1,0.61,102.5,1,4,3.92,3,FALSE,0,0,0,0,0
199b2e1a3a2c0bc9511c18d266094fa111ca1b10,1454355137,1,1,1,0,6,4,0,76,0.14,14554,2711,0,0,0,FALSE,0,0,0,0,0
a43e4f10ef130d0d89b0426f212dae60952bdbbf,1454348513,2,5,10,0.22298,770,568,0,2,13.05,1057.8,19,5423,2354.7,1182.5,FALSE,0,0,6,48,6
5522e4641d6c8d89c8c0e5842ca04b011bcc58f9,1454342976,1,1,1,0,1,1,0,75,0.33,14554,2710,0,0,0,FALSE,0,0,0,0,0
6c82ea8fc31e41a844c238dc750b27ee5cd900a8,1454332712,1,1,0,0,0,0,0,0,0,0,0,16,13.25,16,FALSE,0,0,0,0,0
b4b45b71397822a8a0c6e47ef1c692edb01e9a51,1454317249,1,1,0,0,0,0,0,0,0,0,0,5422,2354.95,3649,FALSE,0,0,0,0,0
7ebb033016f03fbf005c508bd6c1c7e4031c9466,1454315893,1,1,1,0,8,4,0,37,0.47,23621,1684,5421,2354,2106,FALSE,0,0,0,0,0
b38cf204f73ed10ef37b9392bddf2214b0942df7,1454314131,1,1,1,0,12,4,0,75,0.12,14546,2709,5420,2353.07,3648,FALSE,0,0,0,1,0
163fdb46f03d7a122c4ab78fbf0c82ced17931d4,1454307987,3,3,3,0.539976,44,7,0,6,0,493.67,27.67,5419,2352.32,728.667,FALSE,0,0,0,1,0
fe5381b0f47baa12654b33a70798c43fc4496e61,1454307755,2,2,3,0.286782,139,136,0,6,2.43,492.67,27.33,5418,2351.33,1059.5,FALSE,0,0,0,0,0
c99e7f1337e08fb656983d6a996721d78c279da9,1454303578,1,1,1,0,24,25,0,75,0.02,14547,2708,5417,2350.49,3647,FALSE,0,0,0,0,0
b61b674fec91f9a6186516de6a1b261cc5143600,1454302257,1,1,1,0,1,2,0,74,0.32,14548,2707,0,0,0,FALSE,0,0,0,0,0
24a4285b708bd3b4bfc4893e3b78473a7039ad3f,1454294882,2,2,120,0.487428,555,433,0,1,30.18,194.63,0.14,5416,2349.84,1830,FALSE,0,0,0,13,16
3bdaf99cfaedd7aa16b815aeb17f9edc500f6fd6,1454274944,2,2,2,0.153977,32,5,0,77,1.73,19071,1808,5415,2349.64,2874,FALSE,0,0,0,0,1
e397707dc9bb870b83c4f5670e029bf2ae05bf26,1454252857,1,1,1,0,85,2,0,1,2.67,122,1,3,2.94,2,FALSE,0,0,0,1,0
fbfa578c1105deff14ce76a8b9d0286d98b8beca,1454248243,1,1,1,0,5,3,0,2,2.63,55,2,47,19.6,2,FALSE,0,0,0,0,0
6c85e7015a1babce9fb0bc276aad3515d122173a,1454205470,1,1,1,0,3,1,0,5,0,222,56,5414,2351.41,13,FALSE,0,0,0,0,0
9788f7101b1cd3e6ea5bda14704017615e3e03df,1454205279,2,2,2,0.450982,9,2,0,6,0.92,621,38,5413,2350.42,1057,FALSE,0,0,0,0,0
d0d5a3802d4937bc49372db3861229b406af74cd,1454200573,1,1,1,0,1,0,0,5,3.68,220,54,2,1.95,0,FALSE,0,0,0,0,0
ac9b0bfc1bcc76e4fc09d92173b39c8039ec4d6f,1454143928,1,1,0,0,0,0,0,0,0,0,0,5412,2351.87,3644,FALSE,0,0,0,0,0
0152377457abc559f09789ed36832b8427ad573b,1454140557,77,77,76,0.548469,3122,677,0,1,5.05,431.04,0.33,5411,2351.01,50.987,FALSE,0,0,1,169,223
61a48333a23e505694791655bd85df3bcdc4c7d0,1454139908,4,4,3,0.0615737,153,15,0,1,327.18,201.33,3,5410,2350.03,914,FALSE,0,0,0,1,6
1f160b31ff009baffd44dba90c22888c149bcfca,1454136062,1,1,1,0,94,95,0,74,0.24,14551,2705,5409,2349.19,3641,FALSE,0,0,0,0,0
13659e87cb232d57ac89f52bc8f9076a33261ac0,1454115156,2,2,2,0.181188,15,1,0,76,3.33,19064.5,1807,0,0,0,FALSE,0,0,0,0,1
07f7a3f3c5aac2d52473abd0518b24177aa690c2,1454106128,1,1,0,0,0,0,0,0,0,0,0,5408,2349.38,3640,FALSE,0,0,0,0,0
2286283f9856bef7f8f025d116cad6395dfde7c7,1454106097,1,1,0,0,0,0,0,0,0,0,0,5407,2348.38,3639,FALSE,0,0,0,0,0
5ca26e6ae0885fb11a91860c574c1cd805847880,1454056116,1,1,1,0,0,2,1,72,0.1,14553,2702,0,0,0,FALSE,0,0,0,0,0
e7c3afc1e58b419c4fb6b7b9bf6281e8cf4aa4c6,1454054278,1,1,1,0,3,1,0,1,1.94,113,6,5406,2349.45,64,FALSE,0,0,0,0,0
82e9b4197b224e841bc1f627ea435bb1fd9da561,1454050724,1,1,1,0,14,13,0,3,1.95,1020,35,5405,2348.6,2101,FALSE,0,0,0,0,0
e4c9916e17746183c297f4d2f967923391eac04a,1454047903,1,1,1,0,3,3,0,72,0.89,14553,2701,5404,2347.71,3638,FALSE,0,0,0,0,0
820939f014af531d82e45bd201f763fc87a28ef2,1454047722,1,1,0,0,0,0,0,0,0,0,0,5403,2346.72,3637,FALSE,0,0,0,0,0
ce88b120eb7a407c37800ce79210524808d21272,1454033327,1,1,0,0,0,0,0,0,0,0,0,5402,2346.29,3636,FALSE,0,0,0,0,0
66d6e226a97d8ab019da6f1514332f79e7d6af66,1454022567,2,2,2,0.103977,130,2,0,3,-1.31,28.5,1.5,2,1.96,1.5,FALSE,0,0,0,0,0
23c5101227c84e99ef139b99d1c8f11b7e383b05,1454021094,1,1,1,0,2,1,1,1,2.04,54,1,5401,2345.78,63,TRUE,0,0,0,0,0
de3eeb2d4751380a8317213931c02e5f0acad355,1454004494,1,1,0,0,0,0,0,0,0,0,0,0,0,0,FALSE,0,0,0,0,0
466c67a8b643e6b58d2d633e44d02d7efaa4c3c3,1453972744,2,2,436,0.731983,1050,893,0,1,121.19,34.62,0.04,5400,2346.71,1846,FALSE,0,0,0,176,100
7293d39642d31e3b21ac43e78d037585a934ddc5,1453972584,2,2,433,0.733711,833,560,0,1,42.11,66.44,0.04,5399,2345.71,1845,FALSE,0,0,0,176,100
03f7205e6da8bf028c141836caf48d3b48496fcb,1453970742,2,2,2,0.337292,13,1,0,75,1.48,19059.5,1805,5398,2344.79,2866.5,FALSE,0,0,0,0,1
7bf7ab954bb8c02f8b6f8d2f7516c6a018a4c612,1453969495,2,6,9,0.394987,63,57,0,1,33.57,1393.44,14.11,5397,2343.84,1944.5,FALSE,0,0,0,10,13
97612f3b31cae03235280b35ea80f3da51f901bd,1453909013,1,1,0,0,0,0,0,0,0,0,0,5396,2345.25,3631,FALSE,0,0,0,0,0
71702d058c96e1fa4555729c98d8ecd27ed31197,1453886325,1,1,1,0,7,1,0,1,0.02,107,5,5395,2345.15,62,FALSE,0,0,0,0,0
6a4164d9f380515bf51fc09b3d2aa8f776e3a097,1453884420,1,1,1,0,5,3,0,1,0,105,4,5394,2344.23,61,FALSE,0,0,0,0,0
d3b0eae84c41b89840e6e69e800bc360d6d6cf52,1453884399,1,1,1,0,2,8,0,1,0.14,111,3,5393,2343.23,60,FALSE,0,0,0,0,0
0105b93f3862ed66190e32733d10ba5d8d95624c,1453882430,2,2,3,0.197779,35,7,0,6,0.67,479.67,25.67,5392,2342.31,1055,FALSE,0,0,0,0,0
cae0d2c7078dffb45b9c961341d18a317e7f9e47,1453881861,1,1,1,0,49,29,0,5,0.01,200,52,5391,2341.33,10,TRUE,0,0,0,0,0
dcb157224052574d5ba1b9cf87c0428d5b86a77c,1453881838,1,1,1,0,361,364,0,3,0.02,996,33,5390,2340.33,2098,FALSE,0,0,0,4,2
e20f43018b493235bb0a2e42e2b978752f9744a0,1453880603,1,1,1,0,187,191,0,5,0,204,51,5389,2339.38,9,TRUE,0,0,0,0,0
01e176694f69cda8bb99260dd4cd342479332759,1453880494,2,2,2,0.181188,37,19,0,6,0.64,591,34.5,5388,2338.38,1052.5,FALSE,0,0,0,0,0
a239ccaa9a10361389a2d0684e3e7ebc1d6c7fa2,1453872679,2,3,2,0.0545004,23,1,0,1,0.28,56,1,5387,2337.69,1844.5,FALSE,0,1,0,0,0
c86754afdee94673f2db416aca9a42fe403fc52c,1453860442,1,1,1,0,11,6,0,72,0,14545,2699,5386,2337.18,3629,FALSE,0,0,0,0,0
95da9c0dd407347017ed959e87e453d3c8ee3145,1453860332,1,1,1,0,10,3,0,72,0.69,14538,2698,5385,2336.18,3628,FALSE,0,0,0,0,0
567171993bb657a53f23d4fd51fa4e05b3d4fe53,1453860120,1,1,0,0,0,0,0,0,0,0,0,5384,2335.19,3627,FALSE,0,0,0,0,0
b97a05b7f2625957d688e1fa9d84ac405d14a454,1453844903,2,2,1,0,54,0,0,0,0,0,0,1,0.97,0.5,TRUE,0,1,0,0,0
60a0d554a03ca13cd5c5158386a8a53c39c90382,1453826942,1,1,0,0,0,0,0,0,0,0,0,0,0,0,FALSE,0,0,0,0,0
f87af6c642cae9e63123d0c4d5c119f04f7e882b,1453826451,1,1,0,0,0,0,0,0,0,0,0,5383,2335.53,3626,FALSE,0,0,0,0,0
df849e8698f0aa73c02ce62a23a52563841b0250,1453825157,5,6,6,0.315463,30,28,1,38,85.22,4476,310.5,5382,2334.58,1193,FALSE,0,0,0,0,0
bbd78fee4d19447c25d4fa61e4e57ac0bf741024,1453801775,3,3,763,0.667906,1973,1211,0,1,79.78,42.78,0.02,5381,2334.5,1228.33,FALSE,0,0,0,172,89
7a8ef7aeb797aa95ca8222ebdad6aed8149b0cef,1453800558,2,2,2,0.541048,14,5,0,75,0.22,19048,1803,5380,2333.55,2859,FALSE,0,0,0,0,0
25c7c8b153fd8d8eb650f016983a777d0e67b4cd,1453796964,1,1,0,0,0,0,0,0,0,0,0,5379,2332.69,3622,FALSE,0,0,0,0,0
094a2724433b4020913f488c15d01364e051b5af,1453796068,3,3,3,0.248636,240,85,0,76,1.64,12710.7,1215.67,5378,2331.73,1906.67,FALSE,0,0,0,0,0
d99954133c625850b9dad902b0a521aacd35cfb0,1453795927,3,3,3,0.228507,67,31,0,76,2.31,12712.3,1215,5377,2330.73,1905.67,FALSE,0,0,0,0,0
8048f015e50114ec14bbc1f72b6f91c91d2894cd,1453781357,2,2,2,0.47756,13,1,0,75,-0.17,19042,1802.5,5376,2330.31,2855.5,FALSE,0,0,0,0,0
c49ace55873877c368cbf79d91b7a9c45858d059,1453709783,3,5,5,0.235734,161,41,0,5,6.83,101.4,11,5375,2332.14,1226,TRUE,0,1,0,0,0
a9140d2c8f2ed7ed07eb43474a0ffe287d847d6d,1453704084,167,167,166,0.590823,5392,1288,0,1,3.42,373.76,0.24,5374,2331.36,24.6108,FALSE,0,0,5,190,480
281e319c5002b7c43c7da4010f3b7f5127aff657,1453703642,4,4,3,1,15,21,0,1,12.86,309,0.67,5373,2330.38,905.5,FALSE,0,0,0,0,0
7af5d55f220d1f6d7abc5a3ece1959be6ea964c6,1453688083,2,2,63,0.634784,207,157,0,1,125.68,52.92,0.27,5372,2329.99,1834.5,FALSE,0,0,4,3,4
629caa83402d1e023ffbfb5a8f07119fe6774e6b,1453687570,2,2,61,0.424924,347,266,0,1,37.73,275.51,0.28,5371,2329.01,1833.5,FALSE,0,0,8,7,4
8a7fce41bbc6e94dcb6ac6b9182a27167f2a5599,1453685654,1,1,1,0,1,0,0,1,8.75,169,69,5370,2328.09,2091,TRUE,0,0,0,0,0
22984f4eb2f950cd690124e2eb6ffbed2d4e4a1e,1453684675,3,3,8,0.285991,801,687,0,73,-0.52,4222,355.75,5369,2327.13,1526.33,FALSE,0,0,0,388,254
59de939c1d27381e12d36159207e8618f138ddf7,1453682901,3,3,8,0.315795,485,358,0,72,11.53,4191,354.38,5368,2326.2,1525.33,FALSE,0,0,4,209,108
aa311bd7923aaa3c3c206a03523415f353c91428,1453676824,1,1,1,0,2,2,0,4,0,195,39,5367,2325.44,56,FALSE,0,0,0,0,0
759a44e2b807557d4b254141da0c6c9d0bfd0b63,1453676749,1,1,1,0,9,9,0,4,8.68,195,38,5366,2324.44,55,FALSE,0,0,0,0,0
3f1fd98bef797b8ff82b95c0b40a33851610e14d,1453657736,1,1,1,0,4,4,0,72,0,14430,2691,5365,2324.19,3611,FALSE,0,0,0,0,0
e2280db917bd67656c6373c9915b86d8276dc260,1453657677,1,1,1,0,3,3,1,72,0.57,14430,2690,5364,2323.19,3610,FALSE,0,0,0,0,0
627e92e7e0e28968b3e0c3fa17d19e98ad7c2f54,1453608578,1,1,1,0,0,1,0,72,0.01,14431,2689,5363,2324.12,3609,FALSE,0,0,0,0,0
5a9ca34a92ed66fb740892a9f88ffcc7338ec980,1453608118,1,1,1,0,14,14,0,72,2.45,14431,2688,5362,2323.14,3608,FALSE,0,0,0,0,0
552be2f5fb34bfb7adfd59c3b78505e20f2ab94d,1453583504,2,2,2,0.700528,8,49,0,75,-2.46,18985,1801.5,5361,2323.1,2848.5,FALSE,0,0,0,0,0
880ffcb1f6458be41220d34059abfe2e23d33645,1453528480,1,1,1,0,8,6,0,3,1.03,977,30,5360,2324.27,2089,FALSE,0,0,0,0,0
4e35d970af1ee4b91a32075ae75e7f0edc8c8c85,1453443444,1,1,1,0,5,5,0,1,0.04,226,11,5359,2326.62,54,FALSE,0,0,0,0,0
42a4e09f916ab5cc1e7cd96556decc6acf6fa066,1453439770,1,1,0,0,0,0,0,0,0,0,0,5358,2325.76,3606,FALSE,0,0,0,0,0
b13b17e801dc1be3349bb1102beb6dde8c3f8052,1453439752,2,2,3,0.673008,55,27,0,6,2.45,459,21.67,5357,2324.77,1070.5,FALSE,0,0,0,0,0
68d023804496695c20ec3e5ffa9d300f7669eb7a,1453398492,1,1,1,0,2,2,0,3,0,962,28,5356,2325.39,2087,FALSE,0,0,0,0,0
82b4f4147e35f96274e3543ce8857ac61dac3ad6,1453398464,1,1,1,0,9,1,0,3,0.45,954,27,5355,2324.39,2086,FALSE,0,0,0,0,0
6cbd2c4188f42ccddc1a09ae24115132b77815ff,1453396537,2,2,2,0.47756,18,3,0,75,0.42,18960.5,1798,5354,2323.47,2845,FALSE,0,0,0,0,0
78982f3074cbb1c9522ac8b9e3ebec269f94018c,1453360401,2,2,2,0.251463,18,0,0,75,0.08,18951.5,1797.5,5353,2323.89,2844,FALSE,0,0,0,0,0
345746f7ab8b9ed1e9e2112315d8c087e23cc8a2,1453359911,1,1,1,0,17,0,0,3,0.05,937,26,5352,2322.91,2083,FALSE,0,0,0,0,0
741a7b9caaa92ce42831ce1c619ac33ccf6cc71f,1453359785,1,1,1,0,4,4,0,5,0.01,195,43,5351,2321.92,52,FALSE,0,0,0,0,0
7544c8fac8b24c3cb275c2dcdd42b6704098726d,1453358815,1,1,1,0,1,1,0,5,0.31,195,42,5350,2320.95,51,FALSE,0,0,0,0,0
a46169329d72e29ae0a6d6ed0741a3ee54d6ee99,1453355367,1,1,1,0,8,2,1,3,4.95,931,25,5349,2320.09,2082,FALSE,0,0,0,0,0
9aa56630ab32c926113ba6f7b3a4fec810bc012a,1453353198,2,2,2,0.35218,17,1,0,75,1.9,18943.5,1797,5348,2319.18,2842,FALSE,0,0,0,1,0
01819e7a5a7829917ee8cf24bb1b3ea1d43b830a,1453332398,1,1,1,0,1,0,0,5,0,194,41,1,1,1,FALSE,0,0,0,0,0
bae497ec5ae4279b7f59eb9f016f5a65a9bf3b67,1453332224,1,1,1,0,1,2,0,4,-3.99,195,40,0,0,0,FALSE,0,0,0,0,0
258ad020edd47f689a76e7c2359756e742d0c6b4,1453261230,1,1,0,0,0,0,0,0,0,0,0,5347,2321.79,3602,FALSE,0,0,0,0,0
68e0c78602a4d6e129e4252c6562cab340d1c0a1,1453200379,1,1,1,0,1,3,0,72,0.26,14428,2684,5346,2323.19,3601,FALSE,0,0,0,1,0
6296afd279b25831c692bd8f3f8f62d9561d5d98,1453178028,2,2,2,0.181188,9,7,1,75,0.02,18943.5,1796,5345,2323.07,2840,FALSE,0,0,0,0,0
6d58fe912d2354755e3e73177bea9366b436b799,1453176541,2,2,2,0.405639,3,1,0,75,1.9,18942.5,1795.5,5344,2322.13,2839,TRUE,0,0,0,0,0
b40b55538643b4f5bc85e96a6ba9e34c29f99cc9,1453161916,3,3,4,0.527284,83,6,0,89,-37.65,10307.2,960.25,0,0,0,FALSE,0,0,0,0,0
0c4595709628b5b3ef598a6ebb9e91b33646c9be,1453138330,1,1,0,0,0,0,1,0,0,0,0,0,0,0,FALSE,0,0,0,0,0
8858cdbe8c8b94b9cb67cf38a37e4d36b9a28e82,1453097708,1,1,1,0,3,3,0,72,0.05,14427,2681,5343,2324.24,3598,FALSE,0,0,0,0,0
9d033247e961bdda09a9295910fc647bd32b1b65,1453093738,1,1,1,0,1,1,0,72,0.69,14427,2680,5342,2323.4,3597,FALSE,0,0,0,0,0
cacae31af343be51897b8c7703e45a2bbcddc5f2,1453034162,1,1,1,0,4,1,1,72,0.35,14424,2679,46,18.97,29,FALSE,0,0,0,0,0
2fb778413b5dd0494dc5598b60d694cd7d8b5ed4,1453003715,1,1,1,0,1,1,1,72,0.61,14424,2678,1,0.99,1,FALSE,0,0,0,0,0
9d2d4f39bc1af93809563a5f5555c6275bcce76a,1452971936,3,5,10,0.339131,17,159,0,6,9.45,66.2,6,5341,2327.22,1216,FALSE,0,4,0,2,4
473d059efd21a86655b615e81193a646c21b18e8,1452951076,1,1,1,0,4,4,1,71,0.21,14424,2677,0,0,0,FALSE,0,0,0,0,0
67cd43d97a321177d97ba6bc54b1fb118cf7532f,1452933055,1,1,1,0,2,3,0,71,0.54,14425,2676,5340,2327.76,3595,FALSE,0,0,0,0,0
b77248c97546615a06fe1375cf051d2672eb2203,1452930419,1,1,0,0,0,0,0,0,0,0,0,5339,2326.86,3594,FALSE,0,0,0,0,0
6bc58a16f604600a987d56d46418b9e37d5e4232,1452929922,1,1,2,0.847128,2,7,0,2,18.53,405,112.5,5338,2325.88,2078,FALSE,0,0,0,0,0
0edbd96bb582c155edd19d75e658f136fd28cbfa,1452929816,1,1,1,0,15,17,0,1,0,171,68,5337,2324.89,2077,TRUE,0,0,0,0,0
6ecc6756708fd86da54ec0a6da27bf3fe4b48616,1452929789,1,1,1,0,2,2,0,1,2.04,171,67,5336,2323.89,2076,TRUE,0,0,0,0,0
c0a6f051fcc5a49820e36f41539e1927bbc2d7b4,1452927455,1,1,1,0,12,12,0,36,0,23458,1669,5335,2322.98,2075,FALSE,0,0,0,0,0
6bc0aba800a9313f337de7e7d3e236de9989b28e,1452927398,1,1,2,0.674494,5,3,0,36,0.24,12193.5,844.5,5334,2321.98,2074,FALSE,0,0,0,0,0
f6c6de40f1c9b229fe7f369af98a96c19fa4c6fc,1452926528,2,2,3,0.247947,57,27,0,5,1.18,437.67,17.67,5333,2321.02,1061,TRUE,0,0,0,0,0
fdea9a447f5f6ef2805af64fb0a0c9310057c715,1452923033,1,1,1,0,9,9,0,71,0.23,14425,2674,5332,2320.15,3593,FALSE,0,0,0,0,2
2e02636fc110e71c7793979c9451828c58b17ffe,1452922184,1,1,1,0,1,1,0,2,2.74,333,154,5331,2319.19,2072,FALSE,0,0,0,0,0
17b9646c0b1f5371cc04835e312567176d9301fd,1452919313,1,1,1,0,11,3,0,36,0.81,23439,1666,5330,2318.3,2071,FALSE,0,0,0,0,0
0a3d7e7cbc316010a404d7dc6fd50cfda6c4fbe5,1452911865,1,1,0,0,0,0,0,0,0,0,0,5329,2317.59,3592,FALSE,0,0,0,0,0
a62d70e80c541afe2477dea89893d6e7466abb68,1452903522,1,1,1,0,1,1,0,71,0.58,14425,2673,5328,2316.92,3591,FALSE,0,0,0,0,0
6949f715164bca24d216467488c253645bb097be,1452886142,2,2,2,0.210758,13,1,0,74,-0.41,18936,1791,1,0.61,1,FALSE,0,0,0,0,0
96bbf74207e003ff4ae94d66fb32ec33976866bd,1452873279,1,1,1,0,9,8,0,4,0.4,183,36,5327,2317.11,48,FALSE,0,0,0,0,0
6cfe7fa5ea928d6ad9bc6adbd3f88b358cd55526,1452853316,1,1,1,0,18,18,0,71,0.01,14425,2672,5326,2316.9,3590,FALSE,0,0,0,0,0
efc61ea70d004427e23f66799c28d3e0d7bdcffa,1452852826,1,1,1,0,1,1,0,71,0,14425,2671,5325,2315.92,3589,FALSE,0,0,0,0,0
e752b26f9ec308b251eb01298c64f12dc4e970fb,1452852803,1,1,1,0,6,2,0,71,0.04,14421,2670,5324,2314.92,3588,FALSE,0,0,0,0,0
6b19ca1c11e6b9b1457ce90bbe933983c2e96268,1452851338,1,1,0,0,0,0,0,0,0,0,0,0,0,0,FALSE,0,0,0,0,0
42e01fd37b8c69aa86c222ffa93b5f9cce3947f1,1452849719,2,2,2,1,4,0,0,36,0.57,12173.5,842.5,5323,2314.04,2828.5,FALSE,0,0,0,0,0
f555cd2303ed1c202ca2725a4097172c080cee1f,1452849347,1,1,1,0,2,2,0,1,1.51,95,1,5322,2313.05,47,FALSE,0,0,0,0,0
1df18a3e10b003a8380f5bb2a2ac26bd25570289,1452849331,2,2,2,0.925787,11,8,0,74,0.02,18927.5,1787,5321,2312.05,2827.5,FALSE,0,0,0,0,0
f31fb8bd34babe8aa4e3c91a33cc61f788b61e8f,1452848550,1,1,1,0,9,0,0,36,0.01,23425,1663,5320,2311.08,2068,FALSE,0,0,0,0,0
1d54d868e3e93234a5400aa93783a8ef14c79551,1452847418,2,2,2,0.899085,76,21,1,74,0.13,18895.5,1786,5319,2310.13,2826,TRUE,0,0,0,0,1
4b801f423bedba7a3a9a5c8f9b1a766bf987a817,1452838308,1,1,1,0,13,11,0,4,0.12,181,35,5318,2309.49,46,FALSE,0,0,0,0,0
96ef2110ce6a6e1e6994735c591905cc3104840d,1452835886,2,2,2,0.184239,71,63,0,74,0.23,18891.5,1785.5,5317,2308.58,2825,FALSE,0,0,0,0,0
a5c1421c6b895566aff8f48e43d010caf50b6abe,1452828964,2,2,2,0.194885,8,7,0,73,0.52,18887.5,1784,5316,2307.85,2824,FALSE,0,0,0,0,0
1a54e43a24b980533be3a9b68b7a2cad4c8e088e,1452828174,1,1,1,0,12,12,0,4,0.89,181,34,5315,2306.88,45,FALSE,0,0,0,0,0
84763cab261dd6dc9e3a264b9eea2ef4987395be,1452803906,1,1,1,0,6,2,1,36,0.03,23377,1660,1,1,1,FALSE,0,0,0,0,0
fc2ce9a021ccd76594ab3d56910031a5e0b2d7ff,1452801039,1,1,1,0,5,2,1,35,-0.32,23374,1659,0,0,0,TRUE,0,0,0,0,0
1ab5a2078427b0a8aa3cc7d875e25097ee52f0cb,1452789121,1,1,1,0,1,1,1,35,0,23373,1657,5314,2307.41,2064,FALSE,0,0,0,0,0
16343885346a92aeb7f3ff1bd049490861e29619,1452788749,1,1,1,0,1,1,0,35,0.46,23373,1656,5313,2306.42,2063,TRUE,0,0,0,0,0
455afb00191a54576e8536b600b80d84c2e9dd7e,1452778396,1,1,1,0,1,1,1,70,0.27,14402,2665,0,0,0,FALSE,0,0,0,0,0
349dfbf1823cb3e13775e81e14768eff990a342e,1452764074,1,1,2,0.251463,7,5,0,1,0.12,1940.5,4.5,5312,2306.39,487,FALSE,0,0,0,32,6
c033f791163ac308015fa594a10c04d0db36a00c,1452758439,226,226,196,0.604757,2650,1417,0,1,-39.1,259.5,0.22,5311,2305.61,18.0265,FALSE,0,0,0,40,112
b081b3ae2d600de9e53766c2a4df241a96e6faf8,1452755386,1,1,1,0,4,1,0,70,0,14399,2664,5310,2304.72,3581,FALSE,0,0,0,2,0
110f86f8031b1cbdb64a5cce17d01ca4417485b7,1452755336,1,1,1,0,3,3,1,70,0.06,14399,2663,5309,2303.73,3580,FALSE,0,0,0,0,0
ace771d4e97bcf1d5d00d3b8f1b7bef3e57c2660,1452753708,2,2,3,0.628911,71,27,0,1,19.03,1336,24.67,5308,2302.79,1274,TRUE,0,0,0,51,45
7544166d11a547cc14588c9c65378d856195425a,1452751571,2,2,3,0.886787,32,2,0,5,0,426,16,5307,2301.87,1052.5,FALSE,0,0,0,0,0
06395f84369e7efd6d44024eec4cabcc51d79ace,1452751284,2,2,3,1,24,24,0,5,0.93,426,15.67,5306,2300.88,1051.5,FALSE,0,0,0,0,0
ff5f06b9f050c178ca6580e691b47b6b6ec10136,1452750448,1,1,1,0,1,1,1,70,0.02,14399,2662,2,1.09,2,FALSE,0,0,0,0,0
fe3d86bf13a3f136fc26265dce84d738a7aa490c,1452748805,2,2,2,0.47756,13,1,0,72,0.66,18880,1780.5,5305,2299.98,2819,FALSE,0,0,0,2,0
f92dc95c5840b4cdc45f0b2f9e379b2cb26aea2d,1452725092,1,1,1,0,8,8,0,4,0.29,171,31,5304,2299.9,42,FALSE,0,0,0,0,0
fcb80e926ddfcb13c3fba12b59777a11afcfc66c,1452718863,1,1,3,0.0258753,96,1,0,1,0.81,10.33,2.33,0,0,0,FALSE,0,0,0,0,0
9058c00cfeda7fff16655cc835782782d3c49aca,1452700161,1,1,1,0,1,1,0,4,0.32,171,30,5303,2299.87,41,FALSE,0,0,0,0,0
8b6bd8442e6ba4604dc092f07b8fdc55efaa9571,1452697316,1,1,1,0,1,1,1,69,0.09,14397,2660,0,0,0,FALSE,0,0,0,0,0
1ef22e976d31f9a9ad9c4bd78117093c921e10c4,1452689186,1,1,1,0,2,2,1,68,0.01,14397,2659,0,0,0,FALSE,0,0,4,0,0
d0d86aecf869b7b6f96fdd418bda32c451057cf4,1452688518,1,1,1,0,2,2,1,67,0.03,14397,2658,0,0,0,FALSE,0,0,0,0,0
1ef4807a8e1317e529fd9bf6e1ba0414e1c0a196,1452686215,1,1,1,0,1,3,0,67,0.01,14399,2657,5302,2299.41,3578,TRUE,0,0,0,0,0
846e813c9954cb759b55cc797d2d338fd4f63460,1452685515,2,2,3,0.75,5,3,0,70,1.97,12697.7,1206,5301,2298.44,2817.5,FALSE,0,0,0,0,0
d8d0500f3760a5f9245f1eb2d081be0552cf349f,1452675468,3,3,72,0.137077,4465,501,0,1,130.24,239.1,0.18,5300,2297.83,1209.67,FALSE,0,0,11,54,51
73405cf042828f01ef3bf485c5acd87d9e22cb57,1452672569,1,1,1,0,1,1,0,4,0,171,29,5299,2296.94,40,FALSE,0,0,0,0,0
79c873f3f852c1a6ea45ad9ede7eaf4787e18aeb,1452672311,2,2,2,0.917275,12,5,0,5,0.45,530,20,5298,2295.95,1048,FALSE,0,0,0,0,0
753a32bed76aff4182e66e0c2babc6c6907f54bc,1452657656,1,1,1,0,1,2,0,67,0.07,14400,2655,5297,2295.52,3575,FALSE,0,0,0,0,0
027c5727589b3e6aff9f321c71623a8f5e4a60ce,1452651960,1,1,1,0,1,1,0,4,0,164,27,5296,2294.74,38,FALSE,0,0,0,0,0
afb7d3e351f955dd0b46f8b3c3faebf409d52d44,1452651561,1,1,1,0,1,1,0,4,0.79,164,26,5295,2293.76,37,FALSE,0,0,0,0,0
a5c3ae0a7ef837206117d9d387069e9866618509,1452651486,1,1,1,0,1,1,0,67,0,14400,2654,5294,2292.76,3574,FALSE,0,0,0,0,0
9477e46fb3a5fe3b5f6cb1a3ffd14575120c7b70,1452651447,1,1,1,0,2,2,1,67,2.19,14400,2653,5293,2291.76,3573,FALSE,0,0,0,0,0
0fc6929dd4a3438a866c14b9ffa5af2e66cb3c07,1452640796,1,1,0,0,0,0,0,0,0,0,0,15,12.87,15,FALSE,0,0,0,0,0
ad15e47d4dbf1d92423c4655d57f4bb99eb07099,1452616473,1,1,0,0,0,0,0,0,0,0,0,5292,2292.11,3572,FALSE,0,0,0,0,0
45f7a91780935f0060639ffdd70c8de8724e996c,1452614329,2,2,6,0.653521,10,10,0,3,53.02,201.33,4.5,5291,2291.2,1046,TRUE,0,0,0,2,4
b1401d03a13afa7a4591191cd1edca1ac2d9daf4,1452614302,1,1,1,0,6,6,0,1,32.26,10,2,5290,2290.2,35,FALSE,0,0,0,0,0
340a60d127bd433b44963fa1ddc05ec5381933f0,1452592215,4,4,3,1,801,36,0,1,-213.46,54,0.33,5289,2290.05,892.75,FALSE,0,0,0,18,21
8b264e5c11edeea71ee6977b8e09e1b199fc2f16,1452583244,1,1,1,0,1,1,0,4,0,164,25,5288,2289.39,34,FALSE,0,0,0,0,0
2fb4ec0d5f1357c08c50971e32a7c25aabd44303,1452583237,1,1,1,0,2,2,0,4,26.22,164,24,5287,2288.4,33,FALSE,0,0,0,0,0
ddd5318bb0075946284b76bccb0bf81ee63d1d26,1452562802,1,1,1,0,41,41,0,67,0.06,14399,2651,5286,2288.18,3570,FALSE,0,0,0,0,0
3d44135df548fa22f36d16f50d28c884a62763ed,1452557612,2,2,2,0.47756,3,4,0,69,1.05,18880.5,1775,5285,2287.38,2812,FALSE,0,0,0,0,0
a98fc802fcbc21f7d59a6a3d9e65ce042f4f1b23,1452557603,1,1,1,0,10,16,0,67,0,14405,2649,5284,2286.38,3568,FALSE,0,0,0,0,0
ed364ecfee5520699b20ebc5b2138ef65078e80a,1452557573,1,1,1,0,6,11,0,67,0,14410,2648,5283,2285.38,3567,FALSE,0,0,0,0,0
434d217bfa28c8bcbb223b9782d97a4af4ecde96,1452557550,1,1,1,0,6,6,0,67,0,14410,2647,5282,2284.39,3566,FALSE,0,0,0,0,0
2386557b5ef3ad6bda7efc0d0569e36d2d5ee883,1452557514,1,1,1,0,11,4,0,67,0,14403,2646,5281,2283.39,3565,FALSE,0,0,0,0,0
f619a6666a1370bda66c9a7d6ad36a90c8be82e0,1452557489,1,1,1,0,8,14,0,67,0,14409,2645,5280,2282.39,3564,FALSE,0,0,0,4,0
359ef9715eb6f365b8ca186f0b9b8fbdb9937342,1452557421,1,1,1,0,71,93,0,67,0.35,14431,2644,5279,2281.39,3563,FALSE,0,0,0,0,0
9211bc6329bf3f9a1ef088d527eddbcc7cbe6846,1452526975,1,1,1,0,11,7,0,67,0.67,14427,2643,5278,2281.56,3562,FALSE,0,0,0,6,0
a26ef1a9977926d949c8210d0cc27f4cddad02bc,1452468926,1,1,1,0,1,3,0,67,0.12,14429,2642,5277,2282.79,3561,FALSE,0,0,0,0,0
bf06df447584a0dd4bd55a2a0cf05f88e6e7ed8c,1452462276,1,1,0,0,0,0,0,0,0,0,0,5276,2282.04,3560,FALSE,0,0,0,0,0
c9f53b9a1cb352deb7643fb50be3ef7ea32a7238,1452462245,1,1,0,0,0,0,0,0,0,0,0,5275,2281.04,3559,FALSE,0,0,0,0,0
e775a584966e827ad5b6be992c565702ab801672,1452462231,3,3,8,0.0966226,3330,2215,0,67,46.79,4044.25,349.12,5274,2280.04,1506,FALSE,0,0,4,509,301
f9a3e6671690cc3746b62e2c3f5a534e41d95fdc,1452458282,1,1,1,0,4,6,0,67,0,14431,2641,5273,2279.19,3557,FALSE,0,0,0,0,0
e5464fa19927a520b09090d2a4ccb319bb9b8165,1452458260,1,1,1,0,97,97,0,67,1.48,14431,2640,5272,2278.19,3556,FALSE,0,0,0,0,0
9dc2f1ee29d208dacb30ad00876a64ce26501ed2,1452376616,1,1,1,0,1,0,1,35,0.52,23361,1652,5271,2280.32,2054,FALSE,0,0,0,0,0
b27143aa157678d257199c50274cb2a4381f3a69,1452331496,1,1,1,0,4,2,0,35,0.01,23359,1651,5270,2281.05,2053,FALSE,0,0,0,0,0
07c38311cad7590cf3f94b8ac5c1d5f510ef9356,1452330389,1,1,1,0,8,0,0,35,0,23351,1650,5269,2280.1,2052,FALSE,0,0,0,0,1
4a0415a6bdfc24e7dd533d20bf0e8016f734f11c,1452330343,2,2,3,0.572913,33,5,0,70,3.81,12695.7,1199.33,5268,2279.1,2803,FALSE,0,0,0,0,0
5d97cdbcfe68a1cffd1e26407edf7602782b47bc,1452330167,1,1,1,0,2,1,0,35,0.05,23332,1648,5267,2278.1,2050,FALSE,0,0,2,0,0
7cce658fc40f30ec472b848eacda74cb20dad59e,1452325608,1,1,1,0,3,0,1,35,0.03,23329,1647,5266,2277.28,2049,FALSE,0,0,0,0,0
84879453b10e8c5f17e2a379ef810470bb0583de,1452322867,1,1,1,0,21,3,0,35,0.06,23311,1646,5265,2276.38,2048,FALSE,0,0,0,0,0
11538ccf90891f9b5d9ac77a7e91a75a4756e66c,1452317622,1,1,1,0,5,5,0,35,0.99,23286,1643,5264,2275.58,2047,TRUE,0,0,0,0,0
9cc79db8197705618b36e98684dccce8b9eb9fd0,1452317589,1,1,1,0,6,0,0,35,0,23305,1645,5263,2274.59,2046,FALSE,0,0,0,0,0
17a1663513eaff34997151602e64065973eb3b6f,1452317562,1,1,1,0,19,0,0,35,0,23286,1644,5262,2273.59,2045,FALSE,0,0,0,0,0
5c51b1c4d1b0abd04e1f09893147d31439e1b83b,1452313010,1,1,1,0,3,3,0,67,0,14428,2638,5261,2272.76,3554,FALSE,0,0,0,0,0
5a13fe28c956159cd8c4dbb0a342a1418f0d3bbf,1452312808,1,1,1,0,34,34,0,67,0.22,14428,2637,5260,2271.77,3553,FALSE,0,0,0,6,6
946560c99847b2f600ff204fe01e9e776f05d2ec,1452293527,1,1,1,0,44,35,0,67,0.13,14419,2636,5259,2271.5,3552,FALSE,0,0,0,15,0
7c5e03285372e3720e7a397177d546e42d106c54,1452282437,1,1,1,0,2,5,0,67,0.14,14422,2635,5258,2270.93,3551,FALSE,0,0,0,2,2
54ae91b2d90ad9717a31e692a6a0538c238017aa,1452270474,1,1,1,0,7,4,0,67,0.44,14419,2634,5257,2270.38,3550,FALSE,0,0,0,0,0
8bd8aa3037babc03f178e4eb3c2c207b4402198b,1452232415,2,2,2,0.110372,15,10,0,69,0.12,18850,1762,5256,2270.83,2796.5,FALSE,0,0,0,1,0
6fa9490a13b940f9fbf9a51cdbd382cad02d6df5,1452230422,1,1,1,0,1,1,0,1,38.04,26,2,5255,2269.91,32,FALSE,0,0,0,0,0
5dc48d1a832386c38704703ed44d65bac8a13714,1452230403,1,1,1,0,4,4,0,1,77.05,16,1,5254,2268.91,31,FALSE,0,0,0,0,0
9e56a92c8a1d5a54811de29593c64cb208f7fb5f,1452227089,1,1,0,0,0,0,0,0,0,0,0,5253,2268.03,3548,FALSE,0,0,0,0,0
ac98d81b85442b3ac1dcd583f480eac1d495733d,1452224983,1,1,0,0,0,0,0,0,0,0,0,5252,2267.11,3547,FALSE,0,0,0,0,0
05e80e32f74d4c61d5f6ae6b89feda7b2376fa4d,1452221862,2,2,2,0.400589,23,74,0,69,0.58,18875.5,1761.5,5251,2266.23,2794.5,TRUE,0,0,0,0,0
7435058859fc003b7cebd22c139a410294dd80f6,1452192275,1,1,1,0,6,6,1,67,0.47,14472,2631,5250,2266.35,3545,FALSE,0,0,0,0,2
81b1d6e45189551e24c5a1d551ed384a1a947169,1452151562,2,2,2,0.278129,25,8,0,69,0.01,18867,1760.5,5249,2266.9,2793,FALSE,0,0,0,0,0
52754415e068d0e5f62675889753d2282a84081a,1452150820,2,2,2,0.688573,3,39,0,69,2.32,18885,1760,5248,2265.93,2792,FALSE,0,0,0,0,0
d51d67a5c2349934db2f851eadb72c558b94fccc,1452114678,1,1,0,0,0,0,0,0,0,0,0,5247,2266.3,3542,FALSE,0,0,0,0,0
c62fbd811b41749d0f59d2ef86074c118ea8c48b,1452010988,1,1,1,0,37,26,0,67,0.01,14469,2628,5246,2269.25,3541,FALSE,0,0,0,4,0
1df780abba7d05ed081291114a27080e630087e4,1452010262,1,1,1,0,1,0,0,67,0.01,14468,2627,5245,2268.28,3540,FALSE,0,0,0,0,0
150511b263d6d7ccfee33ddc7b8a75d92ed15556,1452009568,1,1,1,0,27,32,0,67,0.01,14473,2626,5244,2267.3,3539,FALSE,0,0,0,9,3
7fefa954c8d2be87978ea1c29bd09e1cf00e390b,1452008457,1,1,1,0,18,4,0,67,0.44,14459,2625,5243,2266.34,3538,FALSE,0,0,0,0,0
030472cee4529c4725f5d5e5132c25867f3941a0,1451974523,1,1,0,0,0,0,0,0,0,0,0,0,0,0,FALSE,0,0,0,0,0
00c0dc233ead89e150339eaaf171fc3efa42655c,1451970694,1,1,1,0,20,11,0,67,1.03,14450,2624,5242,2266.78,3537,FALSE,0,0,0,9,0
0911e77c323dd18f51ddee411d9afa48916cdf3a,1451890164,1,1,1,0,1,1,1,35,0.1,23290,1638,5241,2268.85,2040,FALSE,0,0,0,0,0
4cdd33b2aac5eab617b4e0c2bff9a7f3492253a6,1451888126,1,1,1,0,2,2,0,6,37.28,921,174,5240,2267.93,2039,FALSE,0,0,0,0,0
638f081390a2b47e32a0c7f0e9ae6cdf18a58217,1451884128,1,1,1,0,1,0,1,3,11.75,895,17,5239,2267.08,2038,FALSE,0,0,0,0,0
21f28bfd0dc128a7aa80d1659e66f7e456dd588a,1451881292,1,1,1,0,1,1,0,67,0.15,14450,2623,5238,2266.19,3536,FALSE,0,0,0,0,0
941745cd066dab152f6e32d83b074a069ff19ce0,1451881098,1,1,1,0,11,0,0,35,0.01,23279,1637,5237,2265.19,2037,FALSE,0,0,0,0,0
8bf6bcb8a7ae7d9eec6f19f455e1a40def95d044,1451880657,1,1,1,0,7,7,0,35,0.04,23279,1636,5236,2264.21,2036,FALSE,0,0,0,0,0
e7b8fd82814ec7ac655ff9b08ce4d97b1a3cc572,1451877511,1,1,1,0,31,12,0,35,0,23260,1635,5235,2263.33,2035,FALSE,0,0,0,0,0
b1ba01e85aa2f096a9c4c273e6b29ea6109c63f2,1451877411,1,1,1,0,1,1,0,35,0.02,23260,1634,5234,2262.33,2034,FALSE,0,0,0,0,0
a74c71e423befe45ff21fd4a01d9bfaaef5b393d,1451875980,1,1,1,0,200,178,0,35,0.09,23238,1633,5233,2261.39,2033,FALSE,0,0,0,0,0
dba1bcf97376aeaba5145de72ebd81709021f380,1451868603,1,1,1,0,2,2,0,35,0,23238,1632,5232,2260.67,2032,FALSE,0,0,0,0,0
ed3f8cc39df9742ac56937d786eecdc03d723668,1451868572,2,2,2,0.611798,14,9,0,69,0.08,18841.5,1753,5231,2259.67,2783,FALSE,0,0,0,0,3
f39fdc42f6e08d28ee777758c48bf12b001b3c6e,1451861599,2,2,2,0.925787,5,14,0,69,0.66,18846,1752.5,5230,2258.93,2782,FALSE,0,0,0,0,0
9ef191db337dacf16fe8beda6ad18f15b42f981f,1451861264,1,1,1,0,88,88,0,35,0.02,23241,1629,5229,2257.95,2029,FALSE,0,0,0,0,2
9582f25835d99438b12ea36f638acd4de423f378,1451859327,1,1,1,0,11,11,0,35,0.16,23241,1628,5228,2257.02,2028,FALSE,0,0,0,0,0
4463975acebd923cd2f3596cf0403a3d79104ca4,1451845796,1,1,1,0,36,0,0,35,0.1,23205,1627,5227,2256.53,2027,FALSE,0,0,0,0,0
33cf509822bdaacaec9ed073a7c057e7c798df38,1451837249,1,1,1,0,14,0,0,35,0.84,23191,1626,5226,2255.85,2026,FALSE,0,0,0,0,0
7fb738ab919a78cf8ec7e95e929f3dedca6e25c3,1451764800,1,1,1,0,16,0,0,35,0.01,23175,1624,5225,2257.59,2025,FALSE,0,0,0,0,0
34f44e8f25c8b63966e01b0cd0a152bd605efe8b,1451764782,1,1,1,0,10,10,0,35,0,23191,1625,5224,2256.59,2024,FALSE,0,0,0,24,8
973e0812ad996d625167ceff6010f9a02db44a58,1451764354,1,1,1,0,2,3,0,35,0,23176,1623,5223,2255.61,2023,FALSE,0,0,0,0,1
cd8218541a82772081d7b9062424183a26a3a251,1451764144,1,1,1,0,1,1,0,35,0,23176,1622,5222,2254.62,2022,FALSE,0,0,0,0,0
2316dff1e01146c1d712bd785ed6070ef230ec82,1451764092,1,1,1,0,2,2,0,35,0.09,23176,1621,5221,2253.62,2021,FALSE,0,0,0,0,0
15ce24db25fb7354d116e9e0f170f88cf6ff992a,1451756398,1,1,1,0,55,0,0,35,0,23121,1620,5220,2252.91,2020,FALSE,0,0,0,0,0
b0e0a20e9660190e318f2695cf1316bee60575ec,1451756359,1,1,1,0,17,13,1,35,0.09,23117,1619,5219,2251.91,2019,TRUE,0,0,0,0,0
f7c7dee8b0db8be1e46a4d18cde47b110156a78c,1451754265,2,2,2,0.0904452,27,3,0,69,0.05,18763,1746,5218,2250.99,2775.5,TRUE,0,0,0,0,1
167fad9649feccaa36f3c09e4144aa5fbcfe7011,1451751696,1,1,1,0,8,9,0,67,0.4,14425,2618,5217,2250.08,3532,FALSE,0,0,0,0,0
849f8e77ec1e3be0db2e48b7c2ee925353a57b93,1451748688,2,2,2,0.361743,20,2,0,69,-0.06,18775,1746.5,5216,2249.2,2774,FALSE,0,0,0,0,0
9d3a298895ae9a13c30bb734a5568942e5eca847,1451748668,1,1,1,0,4,8,0,35,0.03,23106,1616,5215,2248.2,2016,FALSE,0,0,0,0,0
19b5ef7c6f2a85f5240b31f0c06da0baa8efb588,1451745768,1,1,1,0,3,5,0,35,0,23108,1615,5214,2247.31,2015,FALSE,0,0,0,0,0
9b09caa463c0aed70acd671a0ed296279c744a27,1451745737,1,1,1,0,58,30,0,35,0.45,23080,1614,5213,2246.31,2014,FALSE,0,0,0,0,0
f08b6e269001599e7203a9bfdd0a35f7a078afa5,1451717565,1,1,1,0,15,0,0,67,0.04,14410,2617,5212,2246.36,3530,FALSE,0,0,0,0,0
fa13cb5544ff7008fa0df9ceaab568545e77eb39,1451713813,1,1,1,0,8,6,0,67,0.08,14408,2616,5211,2245.5,3529,FALSE,0,0,0,0,3
1427c9916928cba2da68d8404c50a704795fb3f8,1451706674,2,2,2,0.149468,36,2,0,69,0.34,18727,1742.5,5210,2244.77,2770.5,FALSE,0,0,0,0,2
3e155bdbb94d49994e1fe987b2984bde4fe6bd52,1451686675,1,1,1,0,33,33,0,67,0.26,14374,2614,5209,2244.52,3527,FALSE,0,0,0,0,0
f830612f1708b24f67d465ff24610b85fd9e575b,1451681387,1,1,0,0,0,0,0,0,0,0,0,5208,2243.72,3526,FALSE,0,0,0,0,0
1013bccb9c15e1e75a20f0d67dda79ee79d7f168,1451676949,1,1,0,0,0,0,0,0,0,0,0,14,12.22,14,FALSE,0,0,0,0,0
3b86574b4da0828f6afb4d07b8320c27c56a98f9,1451671746,1,1,0,0,0,0,0,0,0,0,0,5207,2243.08,3525,FALSE,0,0,0,0,0
30d9cb9a4a1b816e385731d8aa32d05d2b0709dc,1451668554,1,1,1,0,2,2,0,35,1.78,23080,1612,5206,2242.2,2012,FALSE,0,0,0,0,0
cfe05b7d3421fea42b487f3578f031fbacb72da5,1451664276,1,1,1,0,2,2,0,67,0.55,14374,2613,5205,2241.36,3524,FALSE,0,0,0,0,0
60a016ae395b1baac440cfa9fea0b5b6cc3f46f3,1451616887,1,1,1,0,1,1,0,67,1.93,14374,2612,5204,2242.13,3523,FALSE,0,0,0,0,0
6229e02806ee35fdb16cccb70defffac9b02acef,1451514697,2,2,1,0,7,2,0,35,0.8,23075,1611,5203,2244.95,2766.5,FALSE,0,0,0,0,0
5bc50c2ef036f73314ae36810ce4dd910bd0ccad,1451450342,1,1,1,0,3,5,0,67,0.57,14376,2611,5202,2246.37,3521,FALSE,0,0,0,0,0
5202294ae205920b89f972d0fe3715d8f211e212,1451450255,1,1,0,0,0,0,0,0,0,0,0,5201,2245.37,3520,FALSE,0,0,0,0,0
22b0b942aecc8bb3cec641e98ef396273b849532,1451449092,1,1,0,0,0,0,0,0,0,0,0,5200,2244.42,3519,FALSE,0,0,0,0,0
41f86399f01b286114f582ff2e27b25b3f4dedd9,1451448913,1,1,0,0,0,0,0,0,0,0,0,5199,2243.42,3518,FALSE,0,0,0,0,0
bc7f2af2cecc435a97bcc9894f2cdf2cd06aa9d5,1451445960,1,1,1,0,7,0,0,35,0.97,23068,1610,5198,2242.53,2010,FALSE,0,0,0,0,0
db04398e499a8725a0391e10d1955b7c805cb209,1451402101,1,1,1,0,8,8,0,1,1.61,27,3,5197,2243.18,2009,FALSE,0,0,0,3,0
56929e972515b4f23d76a1020e529b2af00bcc7b,1451400770,1,1,1,0,1,1,0,67,0.31,14376,2610,5196,2242.23,3517,FALSE,0,0,0,1,0
6798259b84aaba27c49d53ae93d957aae7772c62,1451374158,1,1,1,0,1,1,0,67,0.2,14376,2609,5195,2242.22,3516,FALSE,0,0,0,1,0
20906c7bf773f95e3aa768cb9826e442ce63595f,1451370314,1,4,12,0.269293,729,736,0,1,17.43,987.75,7.25,5194,2241.37,256,FALSE,0,0,6,6,0
560ddac75adf3e5074cdd0eb9e718113f76a7bee,1451362522,1,1,1,0,9,21,0,35,0.01,23080,1609,5193,2240.66,2008,FALSE,0,0,0,0,0
daecf5cf01e92bcd61fb8686031f4f1821c109a2,1451361311,1,1,1,0,13,16,0,2,1.45,329,151,5192,2239.7,2007,FALSE,0,0,0,0,0
505f8d5cda83fa7a005d82770a062e92982cc95a,1451361290,1,1,1,0,4,4,1,35,0.06,23080,1608,5191,2238.7,2006,FALSE,0,0,0,0,0
1d7fd0638d2a8c6225b6e67ebbee434396ff7fe7,1451356484,1,1,1,0,46,18,0,35,0,23052,1607,5190,2237.88,2005,TRUE,0,0,0,0,0
67ca6913342786bd10402413c92cd701bf787fed,1451356472,1,1,1,0,1,1,0,67,0,14376,2608,5189,2236.88,3515,FALSE,0,0,0,1,0
85da55d9175fc54a031cd259802e59691b0bd4d0,1451356457,1,1,1,0,13,1,0,67,0.37,14364,2607,5188,2235.89,3514,FALSE,0,0,0,0,0
ee8567ab387351b5e752d9b2b6a6e19e4815f2d1,1451356419,1,1,1,0,14,15,0,35,0.16,23053,1606,5187,2234.89,2004,TRUE,0,0,0,0,0
4ca2740628fd55dd2a11984e40cbc6715db07944,1451342429,1,1,1,0,8,0,0,35,0.01,23045,1605,5186,2234.41,2003,FALSE,0,0,0,0,1
23e6302329d3317132b34354afc022dd83f3bf13,1451341685,1,1,1,0,22,21,0,35,0.05,23044,1604,5185,2233.43,2002,FALSE,0,0,0,1,0
95c6dd899255fd96d7a88be97e9d0ac38571af11,1451337525,1,1,1,0,10,9,0,35,0.02,23043,1603,5184,2232.59,2001,FALSE,0,0,0,0,0
a5b733998d840fc55ba83772c408453697dfa89a,1451336041,1,1,1,0,2,2,0,35,0,23043,1602,5183,2231.64,2000,TRUE,0,0,0,0,0
68b7749a0f35a77c2def95af02592f3071251599,1451335993,1,1,1,0,46,42,0,35,0.07,23039,1601,5182,2230.65,1999,TRUE,0,0,0,0,0
fb37e0767a36342d13f7cc1be4c558fbe98cccd8,1451330165,1,1,1,0,43,0,0,35,0,22996,1600,5181,2229.86,1998,FALSE,0,0,0,0,0
43469b98778e47fe2aa9ab81644db1d8e94d8726,1451330143,1,1,1,0,2,11,0,35,0.09,23005,1599,5180,2228.86,1997,FALSE,0,0,0,0,0
5a532155061718438782abf7c05ed75d2ab3e98e,1451324213,1,1,1,0,48,56,0,67,0.04,14372,2606,5179,2228.08,3513,FALSE,0,0,0,6,2
51ce9edcf3b3eb7d9bd4327dd20a13a58d647864,1451322734,1,1,1,0,39,39,0,35,0,23005,1598,5178,2227.14,1996,TRUE,0,0,0,0,0
18481a40b295f9034aebf6d1008f49533860a156,1451322680,1,1,1,0,14,2,0,35,0.04,22993,1597,5177,2226.14,1995,FALSE,0,0,0,0,0
24c0221ec5a89efe99edb4487f20edb89f448c8c,1451320669,1,1,1,0,1,1,0,67,0.02,14372,2605,5176,2225.21,3512,FALSE,0,0,0,0,0
0f928233ce9ed625382b0dd3f31062a80c561887,1451319077,2,2,2,0.647965,9,2,0,69,0.44,18679,1729,5175,2224.27,2752.5,FALSE,0,0,0,0,0
e5730af9497b9ddffa735460e4fec88ffb27d727,1451282584,1,1,1,0,6,0,0,35,0,22980,1595,5174,2224.62,1993,FALSE,0,0,0,0,0
ed23b6b89da1d954486af27e32ee05171cc758f4,1451282344,1,1,1,0,51,51,0,35,0,22980,1594,5173,2223.63,1992,TRUE,0,0,0,0,0
28420ac1fc35fb0b77854c0082d992376332f5d6,1451282331,1,1,1,0,13,0,0,35,0.02,22967,1593,5172,2222.63,1991,FALSE,0,0,0,0,0
6da255f7861a3464282dd359ff6c4e124e690e2a,1451280555,1,1,1,0,29,19,0,35,0.13,22957,1592,5171,2221.69,1990,FALSE,0,0,0,0,0
23969328461c6bc0ac5c0a5761f997288a0a7bb1,1451279459,1,1,1,0,1,1,0,67,0.35,14372,2603,5170,2220.73,3510,FALSE,0,0,0,0,0
89b9f46ad8116f93fc2697728d0a5f62da6b2637,1451269381,1,1,1,0,39,11,0,35,0.07,22929,1591,5169,2220.11,1989,FALSE,0,0,0,0,0
7dd0bb50053b2ccbec0e29bafe2a34ac7697e88f,1451263281,1,1,1,0,1,1,0,1,0.35,27,2,5168,2219.33,1988,FALSE,0,0,0,0,0
44ecbc944b62d37e0afb1df296133452ffd13d56,1451263237,1,1,1,0,113,119,0,35,0.1,22935,1590,5167,2218.33,1987,FALSE,0,0,0,0,6
223460bbd235c8a0ec6f690569f13e2c14350814,1451254932,1,1,1,0,2,3,0,35,0,22936,1589,5166,2217.64,1986,FALSE,0,0,0,0,0
1a0a9709f28484c1f11cff698cec0050447adb78,1451254881,1,1,1,0,23,0,0,35,0.05,22913,1588,5165,2216.64,1985,FALSE,0,0,0,0,2
a16c282f996ca67c1884812ea6da13629f923482,1451250528,1,1,1,0,31,0,0,35,0.02,22882,1587,5164,2215.8,1984,FALSE,0,0,0,0,0
aeac5b0203983dd6cb56bc2671c9119dbd32c45c,1451248917,1,1,1,0,65,26,0,35,0.15,22843,1586,5163,2214.86,1983,FALSE,0,0,0,0,0
afdc4b746a89a1165b9b76e0b8fc2d6a2738e773,1451248894,1,1,1,0,0,1,0,67,0.05,14373,2602,5162,2213.86,3509,FALSE,0,0,0,0,0
6c84ccd5c564f2cf2c4abcd988db303c0a0482c0,1451244467,1,1,1,0,5,5,0,67,0.13,14373,2601,5161,2213.02,3508,FALSE,0,0,0,0,1
916bfed84bd09d779760696914b1bea97ef10214,1451236317,1,1,2,0.501686,34,3,0,36,28.68,11570.5,825,5160,2212.32,1982,FALSE,0,0,0,0,0
35bb3ac1282fbc2b18e3e466acdb6e1504af6ced,1451233393,1,1,1,0,0,3,0,67,0.51,14376,2600,5159,2211.42,3507,FALSE,0,0,0,0,0
4f1c3887f77927ac93daa825357b4bf94914d9f1,1451233137,1,1,1,0,1,1,0,1,0.43,27,1,5158,2210.43,1981,FALSE,0,0,0,0,0
ce19067cfdfc0ad415ee7e48ef1fea13f7202cf0,1451198221,1,1,0,0,0,0,0,0,0,0,0,5157,2210.71,3506,FALSE,0,0,0,0,0
00f4ebe6aadef87cd963a1f1512676c8b65f0f05,1451196726,1,1,1,0,4,12,0,35,0.09,22829,1584,5156,2209.76,1980,FALSE,0,0,0,0,0
5add1cfd259063bcc02acae2431915ff933ef4ad,1451196332,2,2,1,0,27,0,0,0,0,0,0,5155,2208.78,2742,FALSE,0,1,0,1,0
c67092d72b4a4c3b38fdd49e8cc067bf6c4aa80a,1451189750,1,1,0,0,0,0,0,0,0,0,0,5154,2208.02,3504,FALSE,0,0,0,0,0
4bb5402ccace49514be97571e3767292b7681ee2,1451189318,1,1,0,0,0,0,0,0,0,0,0,5153,2207.03,3503,FALSE,0,0,0,0,0
837acf13947c6e1b4f1d70d30999467f28774e0c,1451189304,1,1,1,0,2,0,0,35,0.18,22827,1583,5152,2206.03,1978,FALSE,0,1,0,0,0
0d8779734d53222ac1197d119ad402819905f468,1451189235,1,1,1,0,1,1,0,67,0.02,14376,2599,5151,2205.04,3502,FALSE,0,0,0,0,0
d8213454c263632d1763ee62d0719ffe2b7da865,1451187086,1,1,1,0,1,1,0,67,0,14376,2598,5150,2204.11,3501,FALSE,0,0,0,0,0
e05c8677bf6ea986a4355013845de7df3380b622,1451187062,1,1,1,0,1,1,0,67,0,14376,2597,5149,2203.11,3500,FALSE,0,0,0,0,0
a5b906308821c66ea9b636c49e9b1e4ae5f4f2f2,1451186796,1,1,1,0,12,12,0,67,0,14376,2596,5148,2202.12,3499,TRUE,0,0,0,0,0
83ea7ac136c826c2a84361bb381316db2ada35a6,1451186685,1,1,1,0,8,8,0,67,0.15,14376,2595,5147,2201.13,3498,FALSE,0,0,0,2,0
f3075d685e3d767389c41e63a43c8433c2650181,1451174151,2,2,2,0.824842,21,18,0,69,0.26,18600,1717.5,5146,2200.58,2737,FALSE,0,0,0,1,0
a811476c1b168d28d25aa0918bb4af6c1bda306a,1451154409,1,1,1,0,39,5,0,35,1.88,22787,1581,5145,2200.3,1976,FALSE,0,0,0,0,0
64fe626fa6285d529e714aa58f53c262e1867887,1451149457,1,1,1,0,3,10,0,67,0.54,14386,2593,5144,2199.48,3496,FALSE,0,0,0,0,0
f8236c711fbcc74012bd7453fe8836d22fbe66ab,1451102395,1,1,1,0,97,103,0,67,0.82,14392,2592,5143,2200.18,3495,FALSE,0,0,0,24,2
b1f6bc72f4d2ddc5846f1af6351bd0a17a5c2460,1451031787,1,1,1,0,1,1,1,67,0.51,14392,2591,45,18.56,28,FALSE,0,0,0,0,0
300dee34bda76847aba8d340efec8f42e3a23abf,1450991814,1,1,1,0,4,3,0,35,0,22786,1580,5142,2203.19,1975,FALSE,0,0,0,0,0
1eaa112f7d674f2cd77715ee27c52596f47a321f,1450991777,1,1,1,0,28,1,0,35,0.07,22759,1579,5141,2202.19,1974,FALSE,0,0,0,1,0
8228376160c7f15fa468f42d803074027bad6a55,1450988139,1,1,1,0,1,1,0,67,0.03,14392,2590,5140,2201.32,3494,FALSE,0,0,0,0,0
a58cd65db85b9d5fb53da1d662eeeabdea007a37,1450985715,2,2,2,0.721086,60,49,0,69,0.68,18570,1713.5,5139,2200.41,2733,FALSE,0,0,0,0,4
2df689524ee6b4d5eafa5039d9e5c547c0e25bd5,1450937785,1,1,1,0,4,6,0,67,0.25,14362,2588,5138,2201.15,3492,FALSE,0,0,0,0,0
a20ad60f13e38eb4f1aa00c38a565fd8a6602c7f,1450917373,1,1,0,0,0,0,0,0,0,0,0,5137,2200.89,3491,FALSE,0,0,0,0,0
1c781389d2abc04ef760c13b353061eae79ecd02,1450916292,2,2,2,0.44391,26,0,0,69,0.55,18558,1712.5,5136,2199.93,2731,FALSE,0,0,0,0,0
5e639d1704310f924d3cd2afeabb6f74c8b531cf,1450868797,2,2,3,0.432932,8,8,1,68,2.51,12670.3,1146.33,0,0,0,FALSE,0,0,0,0,0
8e64432e2c0e4533b086c56206f2bcb7a650e1ff,1450853801,1,1,1,0,12,9,0,66,1.02,14352,2585,5135,2201.19,3489,FALSE,0,0,0,0,0
a8de2ca4104e2f5829bdf3f44144026880eaeb42,1450853699,1,1,1,0,2,2,0,34,0.98,22761,1575,5134,2200.2,1971,TRUE,0,0,0,0,0
6343518bca3ffc8fea030ad5f3481fc16138828f,1450848436,1,1,0,0,0,0,0,0,0,0,0,5133,2199.39,3488,FALSE,0,0,0,0,0
351e259174f307b0c367c63fbb3f440a0c2ca18b,1450790851,1,1,0,0,0,0,0,0,0,0,0,5132,2200.47,3487,FALSE,0,0,0,0,0
1d77e29c3cab7102666198b13822230937180e68,1450769119,1,1,0,0,0,0,0,0,0,0,0,13,11.54,13,FALSE,0,0,0,0,0
eba9b3d22a9b869cde64be9cab5483de9297e701,1450768929,1,1,1,0,1,1,1,34,0.04,22761,1574,5131,2200.27,1970,FALSE,0,0,0,0,0
844fe1d9793cad1d60f97222108b2af2f86160e4,1450765809,1,1,1,0,21,21,0,66,0,14352,2584,5130,2199.38,3486,FALSE,0,0,0,0,6
0971a7820f406292ff83d5679516279469a3dd68,1450765649,2,2,2,0.695445,90,9,0,68,0.18,18516,1709.5,5129,2198.39,2727,TRUE,0,0,0,0,5
06c6f180dcf91374fd40d26d3433d09136d8dc1c,1450750317,1,1,1,0,5,5,0,34,0,22708,1572,5128,2197.94,1968,FALSE,0,0,0,0,0
33da30266c535e02812096045347a49e9f9bb6e1,1450750246,2,2,2,0.44391,35,17,0,68,1.83,18507,1708.5,5127,2196.95,2725.5,FALSE,0,0,0,5,4
ad8628f8e7f855a2bdabe22e2c46d7593e1968ee,1450641768,1,1,1,0,2,2,0,66,0.06,14320,2581,5126,2199.88,3483,FALSE,0,0,0,0,2
f42446d22f5e2b91dbacbf6246430dd42c076828,1450636728,1,1,1,0,1,1,0,66,1.08,14320,2580,5125,2199.06,3482,FALSE,0,0,0,0,1
4b77b7a8b3b294577eaf8a4f5f33119c46506733,1450543069,2,2,2,0.775805,15,9,0,68,0.48,18504,1707,5124,2201.46,2723.5,FALSE,0,0,0,10,5
9e99a57615736d16351794426ec704931b163a11,1450501934,2,2,2,0.639571,15,10,0,68,1.02,18501.5,1706.5,5123,2201.96,2722.5,FALSE,0,0,0,2,0
7e648741ad9ec22c706b97147ad7af8c5629e0bd,1450413836,1,1,1,0,1,17,0,34,0,22699,1568,5122,2204.17,1964,FALSE,0,0,0,1,0
b1d396bbbb1ddd0123439177b6a33421263dcd5f,1450413812,2,2,2,0.786857,22,35,0,68,0.2,18516,1705.5,5121,2203.17,2721,FALSE,0,0,0,0,0
380435d0200782a951cbdde8eb57f41f75bb183c,1450396491,2,2,2,0.623406,34,0,0,67,0.91,18499,1705,0,0,0,FALSE,0,0,0,0,0
71fb66dc370c5c0d03af0e63bdf29ccfbba7a33c,1450317982,3,3,3,0.179098,120,121,0,67,0.83,12387.7,1143,5120,2205.67,1823.33,FALSE,0,0,0,0,0
a53280f04747abf44127c024cbb4be5cff7d06c8,1450317395,1,1,0,0,0,0,0,0,0,0,0,5119,2204.7,3477,FALSE,0,0,0,0,0
8c26e6fd4c804b66ccb7cac5b6b9502571de2008,1450317200,13,13,652,0.461573,16357,11540,0,1,34.66,40.27,0.02,5118,2203.7,299.615,FALSE,0,0,28,476,311
94d714007ed1c947acd6cc400a90ef897e4bc493,1450317167,11,11,38,0.503663,101,99,0,1,9.02,374.18,0.39,5117,2202.7,348.636,FALSE,0,0,0,4,2
75c633becb4087a11114feecdbf73745541302b5,1450317135,12,12,118,0.406214,1500,1164,0,1,23.24,147.92,0.12,5116,2201.7,321.75,FALSE,0,0,4,39,18
32393ae52072d5753238b1c1db4ec6382d1b590d,1450317104,2,2,2,0.405639,13,7,0,1,0,6116,6.5,5115,2200.71,1760.5,FALSE,0,0,0,0,4
d2754e0b9bff43719b3ff9faca87e58274e32030,1450317069,7,7,21,0.377608,163,87,0,1,16.32,611.76,0.57,5114,2199.71,527.714,FALSE,0,0,0,6,0
81e41ca0c8a0b052168e93cefb192ea405d6b686,1450317042,12,12,87,0.401982,1025,1080,0,1,47.27,183.08,0.13,5113,2198.71,319.417,FALSE,0,0,4,105,48
26837e7fe2cca48cd04d9875991320b4a71f706d,1450317005,7,7,56,0.376022,527,381,0,1,24.14,253.36,0.18,5112,2197.71,527.714,FALSE,0,0,0,24,12
fec213a98c36b367187bb4154393cf41273494fc,1450316975,12,12,119,0.388845,1668,804,0,1,54.72,139.88,0.08,5111,2196.71,318.5,FALSE,0,0,0,107,143
9724afd7a672653d86090790bf406b556c6107c0,1450316947,11,11,191,0.406904,2185,1758,0,1,133.69,100.72,0.04,5110,2195.71,344.909,FALSE,0,0,2,96,106
707fe171fccfb84fb3353b46fbdb10d0e27c02ac,1450316915,9,9,27,0.324966,194,122,0,1,138.23,477.93,0.26,5109,2194.71,415.333,FALSE,0,0,0,86,36
4ce1d5ddd38b212f900f17622e1f937cbf478ec6,1450316883,12,12,47,0.352231,876,581,0,1,87.5,281,0.13,5108,2193.71,315.833,FALSE,0,0,0,10,15
7a82a3d77bfe644b1e0592cd887eb4ffdc705ef3,1450316850,6,6,11,0.3974,47,38,0,1,93.47,1114.45,0.45,5107,2192.72,605.333,FALSE,0,0,0,12,0
f8e437012934480cd9f7680b5cbaf190f1251acf,1450316817,12,12,89,0.37365,824,399,0,1,180.28,168.64,0.04,5106,2191.72,313.833,FALSE,0,0,12,20,38
3ccb5e7da3cf83ea45e5f5a51caa3debb33e5c5e,1450316782,10,10,90,0.353496,1539,710,0,1,296.95,161.5,0.03,5105,2190.72,373.2,FALSE,0,0,0,8,50
ccfb968b8a9394426275a028799a244ed764086c,1450249848,1,1,1,0,5,5,0,65,0.09,14309,2574,5104,2192.14,3462,FALSE,0,0,0,0,0
db731e0c91a833d6c15cb7b8249186327b20b689,1450247018,2,2,2,0.620463,28,63,0,4,0.04,547,15.5,5103,2191.24,995,FALSE,0,0,0,0,0
a4b86f8368e0d7ac58eda5445415173d14f1d6a4,1450244481,1,1,1,0,1,1,0,4,0.02,164,21,44,17.78,1,FALSE,0,0,0,0,0
44c697908b40bb03ad6e2279c3da3ed15eddb1e4,1450243178,2,2,2,0.226512,43,3,0,3,2.92,527,14.5,43,16.78,2,FALSE,0,0,0,0,0
e3c79bd24aa7a73f9ea290455af6a2f9cdff7383,1450242279,2,2,2,0.861781,14,6,0,67,0.01,18495.5,1703.5,5102,2190.41,2710.5,FALSE,0,0,0,4,0
fb1ed531e4cb8a1fd1ae920983686ec77cad1c28,1450241744,1,1,1,0,12,8,0,65,0.85,14302,2572,5101,2189.43,3460,FALSE,0,0,0,0,0
a6cb6d26a4a89bb08d06c6d423709220c59bf31b,1450240663,1,1,1,0,2,1,0,33,0.95,22684,1563,5100,2188.47,1959,FALSE,0,0,0,0,0
003a5981d67723e8d92242f45b83eaa4c43e464b,1450168127,1,1,1,0,11,27,0,65,0.67,14318,2571,5099,2190.09,3459,FALSE,0,0,0,0,0
0bf38b826e7a1296d7641845d08aba6659c05035,1450161713,1,1,0,0,0,0,0,0,0,0,0,5098,2189.32,3458,FALSE,0,0,0,0,0
4038d12f1bde77576614dc493ed248ed0a5b3f60,1450158276,1,1,1,0,44,86,0,33,0.05,22726,1562,5097,2188.44,1958,FALSE,0,0,0,0,1
9d60e28aad5789ddef4862944ca5b4d55edbcc4e,1450154264,1,1,1,0,16,16,0,33,3.04,22726,1561,5096,2187.59,1957,FALSE,0,0,0,0,0
ae92aa200f4eae87c9d32456f55a284c0e2a2208,1450154225,1,1,1,0,51,11,0,1,0.52,851,13,5095,2186.59,1956,FALSE,0,0,0,0,0
4584b857cab353579ec24c9a7b987c242b817e3e,1450122857,1,2,8,0.318217,298,243,0,1,4.48,673.75,8.75,5094,2186.72,255,FALSE,0,0,0,0,0
46bdf5d79de07a4776c47725ea8fc2cf60db58f3,1450110328,1,1,1,0,8,10,0,65,0.37,14320,2570,5093,2186.17,3457,FALSE,0,0,0,0,0
83720f457e6e773deff759472fb2bd5a027baf4f,1450110310,2,2,2,0.57938,0,18,0,2,30.98,159.5,30.5,5092,2185.17,1066.5,FALSE,0,0,0,0,0
0706af154333f6fb74aaf1aa4ef62785e1333daa,1450109189,2,2,2,0.115431,23,1,0,1,2.54,520,8,5091,2184.21,991,FALSE,0,0,0,0,0
41985d8c1a545bacd27ad6bb296996ebc34a4c29,1450078192,1,1,1,0,6,4,0,65,1.52,14318,2569,5090,2184.32,3456,FALSE,0,0,0,0,2
440eb0876c4c9165214b66f1bfc84c5318f07718,1449952838,1,1,1,0,24,48,0,1,1.46,235,4,5089,2187.84,27,FALSE,0,0,0,0,0
ac0a0ea07eb6044cb000e52a13b96e2eaee230ae,1449947014,1,1,1,0,1,1,0,65,0,14318,2568,5088,2187.05,3455,FALSE,0,0,0,0,0
4a534da00a55344d04be704ad298b60b31f47ea4,1449946998,1,1,1,0,8,7,0,65,0.64,14317,2567,5087,2186.05,3454,FALSE,0,0,0,0,0
ff4143b482af2b394d9894a88465009b5ed8a034,1449891391,2,2,2,0.0471338,51,4,0,67,3.12,18498,1698.5,5086,2187.06,2703,FALSE,0,0,0,0,0
f132c0024fccd4a2b4d6fbd18df37d7b7996312e,1449826773,2,2,4,0.294931,44,5,0,3,22.62,299.5,7,5085,2188.39,989,FALSE,0,0,0,0,0
82a1010f64b7690f68051b3fe17fef79bb70d811,1449826154,1,1,1,0,1,1,1,1,2.73,816,10,5084,2187.41,1951,FALSE,0,0,0,0,0
d885a9afd0f2c5dcd353b86716ac765798ca6b9d,1449781450,1,1,0,0,0,0,0,0,0,0,0,12,10.87,12,FALSE,0,0,0,0,0
08568fcc8f646f639f5167e0f57c80bf1a83efbf,1449735740,2,6,18,0.306732,3510,2963,0,2,169.34,721.67,10.39,5083,2189.69,1102,FALSE,0,0,48,172,54
2192b7748e0feef5eeee28af67680913ce22eb1f,1449733000,1,1,1,0,0,1,0,1,4,42,1,5082,2188.78,1949,FALSE,0,0,0,0,0
c96a57929113f0e9f03820ff2c38dcdcdf8a9d85,1449653854,1,1,1,0,3,4,0,65,0.73,14271,2565,5081,2190.65,3452,FALSE,0,0,0,0,0
095cf94c45b54cc66c9fbde8f312c1a6c564ebdb,1449620975,1,1,0,0,0,0,0,0,0,0,0,11,9.92,11,FALSE,0,0,0,0,0
f7a49778ea4d91fc5da2bd9ed0d909c139801c7e,1449590532,3,3,4,0.198137,93,150,0,67,2.27,9507,854.25,5080,2191.95,1808,FALSE,0,0,0,0,0
58b235b43508071ddd265495563f5be835acd527,1449478683,1,1,1,0,13,5,1,1,1.06,809,8,5079,2195.02,1947,FALSE,0,0,0,1,0
a7f1c3c883862dc74f3dc8d054c3b985e08df502,1449477457,1,1,1,0,11,5,1,65,2.67,14315,2563,5078,2194.07,3450,FALSE,0,0,0,0,0
7cdf708e3c907de6ad74db0d4c679c3ca7713bbf,1449426941,1,1,1,0,1,1,1,33,2.49,22730,1558,5077,2194.91,1946,FALSE,0,0,0,0,0
268d411bb410d11903d1d10fb75f022478c331f0,1449389744,1,1,0,0,0,0,0,0,0,0,0,5076,2195.26,3449,FALSE,0,0,0,0,0
42c077de025c80acdeef6499cd32fcbbc642a6e3,1449387362,4,4,6,0.118438,928,563,0,1,15.56,203.67,1.83,5075,2194.35,1475.25,TRUE,0,1,0,12,40
769f78a2b755f841d7b2ef9d98e5c07d7d410d5f,1449381665,1,1,1,0,0,0,0,1,10.38,744,6,5074,2193.56,1944,FALSE,0,2,0,6,20
b69ba06db9e0ad0750e5eb4aedeaf6f5856138b8,1449246945,1,1,1,0,5,9,0,65,0.41,14319,2562,5073,2197.48,3447,FALSE,0,0,0,0,0
42d5cc584eceac1cb20013140f32b27494044d26,1449211491,1,1,1,0,5,5,0,65,0,14319,2561,5072,2197.78,3446,FALSE,0,0,0,0,0
f3d54d097532328b05b151bbe30575b1423ccbf9,1449211435,2,2,2,0.219677,42,39,0,67,0.1,18523,1695,5071,2196.78,2694,FALSE,0,0,0,0,0
39192ad3885528f1c0a2bd6c0f6e22f9c6e700cb,1449210993,1,1,1,0,8,8,0,33,1.04,22723,1556,5070,2195.8,1942,FALSE,0,0,0,0,0
19500d36c7b9da8a56c29d4f9cbe97e9dfd36d0f,1449197344,1,1,1,0,2,2,1,2,0.03,1983,148,5069,2195.29,177,FALSE,0,0,0,0,0
229f0b48cd71427056a45bb1f1986011ffd67756,1449194494,1,1,1,0,9,9,0,2,6.12,1983,147,5068,2194.4,176,FALSE,0,0,0,0,0
58736f743e0f0afa3db66a024bd203b42e68b713,1449194438,1,1,1,0,6,5,0,3,8.23,159,17,5067,2193.4,23,FALSE,0,0,0,0,0
dc136cbf314de5ea75e308a51c6a4fc11491d778,1449194400,1,1,0,0,0,0,0,0,0,0,0,5066,2192.4,175,FALSE,0,0,0,0,0
81e39f7c4b25c06687cb4d7a35548e52acfb503b,1449194386,1,1,1,0,51,7,0,65,0.25,14279,2559,5065,2191.4,3444,FALSE,0,0,0,0,0
1cbb6f1405c40a565255bd518bf19dc77a62e8b5,1449172467,1,1,1,0,4,4,0,65,0.59,14279,2558,5064,2191.2,3443,FALSE,0,0,0,0,0
1ae6e67cdcaee549f62ec51c43b245a75bc914f4,1449121371,2,2,2,0.135173,37,15,0,67,2.38,18490,1693,5063,2192.06,2691.5,FALSE,0,0,0,6,0
3d43cc102975ffe356ff11122f375110301b5c83,1448993142,1,1,1,0,4,4,0,65,1.8,14258,2556,5062,2195.75,3441,FALSE,0,0,0,0,0
230e8d07878e1f12769d2028ad3cb4d6f0b6ad79,1448943596,1,1,1,0,14,4,0,1,39.01,41,2,5061,2196.56,22,FALSE,0,0,0,0,0
8154e5e521bb5238699925919ad2cbdd3a511910,1448943488,1,1,1,0,5,2,1,1,39.01,23,1,5060,2195.57,21,FALSE,0,0,0,0,1
f4467f6033e58f0e5555895d986398e3ebdaf332,1448900869,1,1,0,0,0,0,0,0,0,0,0,10,9.13,10,FALSE,0,0,0,0,0
562b04a763fdfabb1a7502691f754ba27ca33120,1448839092,1,1,0,0,0,0,0,0,0,0,0,0,0,0,FALSE,0,0,0,0,0
9bcbcc5293d6a34fa6af6014ff58da7b2f06ab9d,1448838045,2,2,2,0.0742324,19,17,0,67,0.47,18489,1692,5059,2198.44,2690,FALSE,0,0,0,0,2
fdc15df3b3f34afd5646041f2e06e2dfe5e31890,1448820053,2,2,1,0,315,509,0,33,0.49,22914,1553,5058,2198.1,2689,FALSE,0,0,0,1,2
e778458f7855ec7d901bf0c279581fb865007629,1448777353,1,1,1,0,3,3,0,33,0.02,22914,1552,5057,2198.67,1938,FALSE,0,0,0,0,0
3874b5bf840368bfe16c02106c5ba6c3b7bc83c0,1448776876,1,1,1,0,5,5,0,33,2.12,22904,1550,5056,2197.68,1937,FALSE,0,0,0,0,0
0a55eff5d56ed1cc6a30481bad02e84fa79b5f16,1448775227,2,2,2,0.268649,14,3,1,67,0,18580.5,1690.5,5055,2196.74,2687,FALSE,0,0,0,0,0
d07343a1aa5a9ab252d8dbfb702bb203bf871af7,1448774035,1,1,1,0,7,7,0,65,0.55,14257,2553,5054,2195.79,3437,FALSE,0,0,0,0,0
a37c6db377028898b19d6c9ba3cb5c8b18de0afe,1448726562,1,1,1,0,2,1,0,65,0.44,14256,2552,5053,2196.53,3436,FALSE,0,0,0,0,0
1f991a7cdc4dc982c3494929ffcd8a451e2147f3,1448688668,1,1,1,0,85,84,0,65,0.13,14255,2551,5052,2196.92,3435,FALSE,0,0,0,14,4
e99a31c2fa7351b8204fadd2d98a6db97579de23,1448677089,1,1,1,0,6,6,0,65,0,14255,2550,5051,2196.35,3434,FALSE,0,0,0,0,0
876fe52efcc84a9e1f5c7eb36849624713f8cb5d,1448676971,1,1,1,0,1,1,0,65,0.96,14255,2549,5050,2195.35,3433,FALSE,0,0,0,0,0
8f190b1fb19f8de7eee95a597cd2b848d16599ad,1448667474,1,1,1,0,1,1,0,6,3.06,921,173,5049,2194.7,1935,FALSE,0,0,0,0,0
411f3ecb3e2e8e0386d3322707a09a2790918e84,1448665665,1,1,1,0,128,137,0,2,0.03,1992,146,5048,2193.77,174,TRUE,0,0,0,0,2
3d31423eef0e417fe2151a58d8993bffdc054c86,1448662900,1,1,1,0,0,108,0,2,0,2100,145,5047,2192.87,173,FALSE,0,0,0,0,0
68c0eb5216e5c69f987a6ee83984ce521cb87344,1448662816,1,1,2,0.471159,14,32,0,2,68.37,1093.5,79.5,5046,2191.87,172,FALSE,0,0,0,0,0
39dae1997466e808152de2c8ed997497bb10264c,1448662779,1,1,1,0,17,66,0,1,127.26,2865,50,5045,2190.87,253,FALSE,0,0,0,0,1
826af968c8933f335b4076877a9f544b5357293e,1448599909,1,1,1,0,17,3,0,65,1.23,14242,2547,5044,2192.17,3432,FALSE,0,0,0,0,0
2dd6f0124ebe835622d610dd7f88c29201d09c62,1448594064,2,2,3,0.353759,12,12,0,68,1.1,12548.7,1151,5043,2191.39,2682.5,FALSE,0,0,0,3,0
70c3d325a0fb43af7378a109ae0ef139767722f9,1448493887,2,2,2,0.647965,17,5,0,67,0.14,18568,1686,5042,2194.06,2681.5,FALSE,0,0,0,3,0
6289211910c68b8f3da258f332a3a2641f6fd187,1448484518,1,1,1,0,1,1,0,1,13.55,744,5,5041,2193.4,1932,FALSE,0,0,0,0,0
86346291a7ff3984fb34efd2281aac8d94ebac91,1448483145,1,1,1,0,8,7,0,3,4.51,158,16,5040,2192.45,20,FALSE,0,0,0,0,0
05d57b90a9527cb22f52ab09e81d14be7739650c,1448482033,2,2,2,0.15124,94,94,0,67,0.12,18568,1685.5,5039,2191.49,2680,FALSE,0,0,0,0,2
e6de18365189e9a488c2d2e06b5c897988036135,1448471992,1,1,1,0,7,7,0,65,0.69,14226,2543,5038,2190.86,3428,FALSE,0,0,0,0,0
dd64f5eac44d39e06bb54104feeba61cb36acbc6,1448471964,2,2,2,0.688573,39,3,0,67,0.34,18550,1685,5037,2189.86,2678.5,FALSE,0,0,0,0,0
7bd986337a42acd6c73d59d04272f9c400e43c66,1448412599,2,2,2,0.507374,30,0,0,67,0.07,18535,1684,5036,2191.03,2677.5,FALSE,0,0,0,0,1
6dc92df880ec2475ca3113f7ff82965e8958b633,1448410125,1,1,1,0,24,0,0,33,0.08,22829,1544,5035,2190.13,1928,FALSE,0,0,0,0,1
44abe46da4c71140103aeacf6a53d4f51dcd9753,1448403011,3,3,6,0.323338,73,54,0,71,18.94,6781.83,616,5034,2189.39,1841,FALSE,0,0,0,0,0
ee8a2480869f6cae2de9bf83ef985d99f450f11d,1448381591,1,1,1,0,13,0,0,33,0.33,22816,1542,5033,2189.17,1926,FALSE,0,0,0,0,0
a6bc1fa31632a75765246e5b6ae3a1e88bd21357,1448353318,1,1,1,0,1,1,0,65,1.01,14217,2540,5032,2189.2,3424,FALSE,0,0,0,0,0
8f1f98b003b8417c6ba65980ace19fa31da51d99,1448353242,1,1,1,0,70,5,0,33,0.11,22751,1541,5031,2188.21,1925,FALSE,0,0,0,0,0
9e334b5ece8cc34e6f76bbc4ef2ea7df833ea032,1448349092,1,1,0,0,0,0,0,0,0,0,0,9,8.28,9,FALSE,0,0,0,0,0
ce6c0f308231e1ec440026d16820b8fe28e8165d,1448344090,1,1,1,0,5,3,0,33,1.05,22749,1540,5030,2187.54,1924,FALSE,0,0,0,0,0
393849384bd11ab1be9a0c2e0570e10743cbb055,1448265649,1,1,1,0,2,2,0,65,0,14217,2539,5029,2189.41,3423,FALSE,0,0,0,0,0
618280340fcf60aece75db3a901afe6970b02e89,1448265624,1,1,1,0,4,4,0,65,0,14217,2538,5028,2188.41,3422,FALSE,0,0,0,0,0
6b77af4e5aa203f5ddcaac286a1bf5b16d618e90,1448265193,1,1,1,0,33,14,0,65,1.08,14198,2537,5027,2187.43,3421,FALSE,0,0,0,0,0
aa8524b8adaacdc478d94cb9d154495bac5f0804,1448253062,1,1,1,0,28,4,0,33,0.94,22725,1539,5026,2186.87,1923,FALSE,0,0,0,0,0
87a813566a09d41283f42db84513c1ef91ec5e5b,1448171874,2,2,2,0.0613135,23,20,0,67,0.66,18460,1678.5,5025,2188.84,2671,FALSE,0,0,0,0,0
73a97d5762389f9426fb44d7063b6f5329a0019c,1448137255,1,1,1,0,34,34,0,33,0.5,22725,1537,5024,2189.11,1921,TRUE,0,0,0,0,0
ce4c6ec755150efb93c6e35e0e1bab10c56f7b6a,1448093783,1,1,1,0,16,0,0,33,0.01,22709,1536,5023,2189.7,1920,FALSE,0,0,0,0,0
21b5139d9819274eebc8c6c649d5da14d2ca34d8,1448093543,1,1,1,0,7,9,0,3,1.66,160,15,5022,2188.71,19,FALSE,0,0,0,0,0
7745c91c69e0e3628317f6471f49cc54573c6c1d,1448092928,2,2,3,0.318173,89,53,0,68,0.66,12450.3,1144.33,5021,2187.73,2669,FALSE,0,0,0,0,0
bce8f498b408ad38940fba9898bff4df7c087c93,1448085483,1,1,1,0,3,3,0,65,0,14179,2534,5020,2187.01,3418,FALSE,0,0,0,0,0
7eaacc39978afbbe7414b77baf52ec8c97db70ca,1448085460,1,1,1,0,1,2,0,65,0,14180,2533,5019,2186.01,3417,FALSE,0,0,0,0,0
c699ff75744ca9ad354d21c6b2cedd067f83511d,1448085437,1,1,1,0,7,7,0,65,0.16,14180,2532,5018,2185.01,3416,FALSE,0,0,0,0,0
11d8867d7aaee111f3b40bf5ec0610ee323a99ca,1448071483,2,2,2,0.0521748,49,1,0,67,0.81,18412,1675,5017,2184.52,2666.5,FALSE,0,0,0,0,0
a562a20b4e0d6ac0a8950c534eef0880855c7b43,1448001823,2,2,2,0.0843225,30,2,0,67,0.6,18398,1674.5,5016,2186.06,2665.5,FALSE,0,0,0,1,2
3ecf626ad0d6af34259e1c1cde30849921a88119,1447949883,1,1,1,0,3,5,0,3,7.36,162,14,5015,2186.97,18,FALSE,0,0,0,0,0
766c4315e6b444965a6894a6ca7b2224f12073dc,1447949862,2,2,3,0.171736,240,238,0,68,8.24,12424.7,1142.33,5014,2185.97,2664.5,FALSE,0,0,0,0,0
b9f28550340bc83c471f9963cafe8d1adccac7b1,1447891525,2,2,2,0.496069,353,353,0,67,0.81,18398,1673.5,5013,2187.1,2663.5,FALSE,0,0,0,0,0
44397f79a6a1ee4b299daff42f8a84fb5146f6c1,1447821825,2,2,2,0.606951,81,81,0,67,1.09,18398,1673,5012,2188.66,2662.5,FALSE,0,0,0,0,0
dcca9b82b18e72dbeea44f78b080ac8671ee10e3,1447795862,1,1,1,0,9,6,0,65,1.22,14129,2526,5011,2188.62,3410,FALSE,0,0,0,0,0
ecef32a1012d96cf3808a92a65f93152a19e3c85,1447778681,1,1,0,0,0,0,0,0,0,0,0,5010,2188.25,3409,FALSE,0,0,0,0,0
41d425319c78f2bce4eb70a3329d1fec67205697,1447736607,2,2,2,0.880819,54,51,1,1,4.92,1932,3,5009,2188.79,1945.5,FALSE,0,0,0,74,68
6a49f227b486a46814d332cf00e50641785c81ae,1447695202,1,1,0,0,0,0,0,0,0,0,0,5008,2189.31,3407,FALSE,0,0,0,0,0
a3ced39b1289f2c89d977f847ddf010890e1500c,1447695163,1,1,0,0,0,0,0,0,0,0,0,5007,2188.32,3406,FALSE,0,0,0,0,0
b89045b20f8d735b1bd83f2aef9bd58bbb5fdeca,1447690607,1,1,1,0,0,1,0,65,0,14130,2525,5006,2187.48,3405,FALSE,0,0,0,0,0
4e3f3899c4e30a0c004477d62baab4ead13fde4b,1447690598,1,1,1,0,3,3,0,65,0.36,14130,2524,5005,2186.48,3404,FALSE,0,0,0,0,0
a8d865a246dc47de325dae9e1ea7cae8d72bf84d,1447659755,2,2,2,0.405639,61,35,0,67,0.99,18384,1671,5004,2186.62,2658,FALSE,0,0,0,0,2
cad0fbfc4d68db94553100b4729f39fcf59edaa6,1447574407,2,2,2,0.268649,59,26,0,67,0.13,18367.5,1670.5,5003,2188.75,2657,FALSE,0,0,0,0,1
45f07d501476a5a80612f98ac34544f12eedd922,1447563018,2,2,2,0.65908,11,8,0,67,0.11,18366,1670,5002,2188.17,2656,FALSE,0,0,0,0,0
64a7503196868162abd3742e9cea04cec1c65aae,1447553399,2,2,2,0.101454,16,11,0,67,0.16,18363.5,1669.5,5001,2187.53,2655,FALSE,0,0,0,0,0
1c04dfe08341fda00bf7ba2dd6bfdc1d976e4d86,1447539901,1,1,1,0,1,1,0,33,0.81,22597,1524,5000,2187.02,1909,FALSE,0,0,0,0,0
783c23cbfbf60597cec1c42643b386a16b587206,1447539311,2,2,2,0.15073,63,3,0,67,0.4,18333.5,1669,4999,2186.04,2653.5,FALSE,0,0,0,0,0
59ec97f59f368aa12b69510f96b6fff871f86510,1447470093,2,2,2,0.980356,46,27,0,67,1.81,18324,1668,4998,2187.59,2652.5,FALSE,0,1,0,0,0
c71d26c7e84ffa835cff0ccce2d1de79ca4c68c4,1447433485,2,2,2,0.734496,5,5,0,2,107.51,159.5,30,4997,2187.93,1038,FALSE,0,0,0,0,0
88e58aa8f91ecb36098a7d97652ab1be0f79159e,1447433455,1,1,0,0,0,0,0,0,0,0,0,4996,2186.94,3397,FALSE,0,0,0,0,0
d4eeb8d186238a74bc094748a4005f695707586f,1447325345,1,1,0,0,0,0,0,0,0,0,0,8,7.53,8,FALSE,0,0,0,0,0
be3afcf668cc47e88aa18c496b1a071ebfee7e2f,1447314224,2,2,2,0.105729,13,0,0,3,2.31,446.5,7.5,4995,2190.33,961,FALSE,0,0,0,0,0
c1b7679cac571da7c66c7a0d2fb6fb03aa022ce0,1447313806,2,2,2,0.600605,22,13,0,67,0.76,18319.5,1667.5,4994,2189.35,2650,FALSE,0,0,0,0,2
a370c48d9c23ac718701dd1a084e6469422f67b3,1447313133,1,1,1,0,3,3,0,65,0,14070,2516,4993,2188.37,3395,FALSE,0,0,0,0,0
6c0e456a5eaf9f6a1feea4a07ce0888625ff2121,1447313098,1,1,1,0,7,7,0,65,0.98,14070,2515,4992,2187.37,3394,FALSE,0,0,0,0,0
40850f9cdaf81a4659ebf6e35fbe5ae19c553043,1447311767,1,1,2,0.0779518,546,383,0,1,23.11,1850.5,2.5,4991,2186.42,482,TRUE,0,0,3,98,83
ebb993b8628237d8c754817006fdcd771ce1d8d4,1447228730,1,1,1,0,2,2,1,65,0.53,14070,2514,4990,2188.48,3393,TRUE,0,0,0,0,0
f0e837199741cc24c40b44d20eb484789e2497b8,1447227293,1,1,1,0,8,9,0,64,0,14056,2512,4989,2187.53,3392,FALSE,0,0,0,0,0
55383b9de4d0594aa46e552c00aca1a5c80fc457,1447227260,1,1,1,0,10,0,0,64,0.27,14046,2511,4988,2186.53,3391,FALSE,0,0,0,0,0
5551a8365a9081c5fa34feebac21a3cebe88aef3,1447204284,1,1,1,0,78,48,0,64,0.4,14016,2510,4987,2186.38,3390,TRUE,0,0,0,6,2
3408db91b6beecb10bd1f2dd8abbdbbf352521fe,1447183261,3,3,3,0.484713,52,24,0,66,0.75,12257.3,1114,0,0,0,FALSE,0,0,0,0,0
87fc16af1944f786ea1b4bcd2e30044188b6b307,1447170016,1,1,1,0,2,2,0,64,0.35,14016,2509,4986,2186.64,3389,FALSE,0,0,0,2,2
80d91b693a5190d378a91fd792f9eb3b9c952272,1447139782,1,1,1,0,1,3,0,64,0,14018,2508,4985,2186.76,3388,FALSE,0,0,0,0,0
977438309b9c3d9f7ae530bb4b73940c91d4faa3,1447139731,1,1,1,0,5,8,0,64,0.24,14021,2507,4984,2185.76,3387,FALSE,0,0,0,0,0
28b426f19dd92f3f1cbddd589980825bf08a979f,1447118798,1,1,1,0,24,24,0,64,0,14021,2506,4983,2185.53,3386,TRUE,0,0,0,0,0
d40c5d3de80a3e7435e3bfc7fe7077fb2d5c88aa,1447118779,1,1,1,0,16,2,0,64,0.4,14007,2505,4982,2184.53,3385,FALSE,0,0,0,1,0
53702774d014f7974639e6c2e2c950bf621c0d9b,1447083789,2,2,2,0.647965,9,2,0,65,0.24,18278,1661,0,0,0,FALSE,0,0,0,0,0
b36e659c560a118b404f94d7ac214f090a5f1c6b,1447082021,1,1,1,0,4,4,0,63,0.33,14007,2503,4981,2184.88,3384,FALSE,0,0,0,0,0
0dcf0285926b4d58babf69ff1708d98f248ca9cf,1447053734,1,1,1,0,69,24,0,63,0.11,13962,2502,4980,2184.93,3383,TRUE,0,0,0,1,1
549918d7f9e95f5716fabf7e35c9f366c2cdf657,1447045480,1,1,1,0,2,2,0,1,3.33,732,3,4979,2184.23,1903,FALSE,0,0,0,0,0
dcb23f46a4e946c9e1383afe0f400feb0e6e21b0,1447045252,1,1,1,0,1,1,0,2,0,161,11,4978,2183.24,16,FALSE,0,0,0,0,0
c152ae71e2cc4e08c0a153123a55e066f089f294,1447044979,1,1,1,0,11,12,0,2,3.33,162,10,4977,2182.25,15,FALSE,0,0,0,0,0
32cd726bd0d093122ddb16bee839a155485b5807,1447044621,2,2,2,0.662057,76,89,0,65,0.2,18262,1659.5,4976,2181.26,2642,FALSE,0,0,0,0,0
4f104d74ca020fd4fe018903509d543e44d38654,1447040616,1,1,1,0,46,24,0,63,0,13941,2500,4975,2180.41,3381,FALSE,0,0,0,0,0
9c444309758ec4164054dc092eedff5ac90cae71,1447040574,1,1,1,0,6,6,0,63,0,13941,2499,4974,2179.41,3380,FALSE,0,0,0,0,0
1309f37a7e1794656aa863f5b0981bc76af772f0,1447040465,1,1,1,0,27,26,0,63,0.25,13940,2498,4973,2178.41,3379,FALSE,0,0,0,0,0
3ed0cc14ea237a50a98ec9ec51bd36993fe133de,1447018516,1,1,1,0,2,2,0,63,0.05,13940,2497,4972,2178.22,3378,FALSE,0,0,0,0,0
73a698151f3f621b2614f1e24ecfa52c80b017f6,1447014198,1,1,1,0,7,3,0,31,0,22557,1518,4971,2177.38,1901,FALSE,0,0,0,0,0
8a3842b788e920e905827bebc82447c9ce97b29d,1447013807,2,2,2,0.266055,25,15,0,65,1.09,18243.5,1656.5,4970,2176.39,2638.5,FALSE,0,0,0,3,0
73d68c96092d80861edefb92c24c5edf152e9630,1447013617,1,1,1,0,2,2,0,31,2.18,22550,1516,4969,2175.4,1899,FALSE,0,0,0,8,0
f6d81e1bd8404771a495cee14c829975f904a443,1446825234,2,2,2,0.699516,77,6,0,64,1.71,18208,1655.5,0,0,0,FALSE,0,0,0,3,3
98e607e6107763d506b90a249f482b71f5c2243f,1446777983,1,1,0,0,0,0,0,0,0,0,0,4968,2183.05,3376,FALSE,0,0,0,0,0
a7ec0c2e93aba7df2714b149b83d1b806df041f7,1446757828,1,1,1,0,14,7,1,1,12.66,208,2,4967,2182.79,14,FALSE,0,0,0,0,0
0b3e19f56e19bf017ef0990564c9174ecdbc91c2,1446757811,1,1,1,0,4,4,0,30,2.49,22505,1514,4966,2181.79,1898,FALSE,0,0,0,0,0
60ac7cfe74a59ea287e12a90817e1aa2417f3877,1446757673,2,2,2,0.805983,7,7,0,2,6.25,447,5,4965,2180.79,955,FALSE,0,0,0,2,0
491102f22198b3e83c0c6e7fcb90cb8f5ec02ad2,1446736174,1,1,1,0,2,2,0,2,9.45,162,8,4964,2180.58,12,FALSE,0,0,0,0,0
9db252e55d20422e9832ae4c3ee9d4e8101b9b87,1446596410,1,1,1,0,3,5,0,62,0.39,13913,2494,20,19.79,20,FALSE,0,0,0,0,0
ea71539b7a522e91d5b4bc89ef527ef16627e8cf,1446566023,1,1,1,0,1,1,0,62,0.14,13913,2491,19,18.81,19,FALSE,0,0,0,0,0
fe910d01f640bc0e236b1681d2684b35bbeeaf05,1446565429,1,1,1,0,1,1,0,62,-0.01,13913,2492,18,17.81,18,FALSE,0,0,0,0,0
b9b94609f5b7085f60aa07f6317e47ee7706f513,1446562430,1,1,1,0,3,3,0,62,-0.03,13913,2493,17,16.81,17,TRUE,0,0,0,0,0
3d9fd1d37465e40b1120b9a4ff33129d0e5655c4,1446554358,1,1,1,0,18,5,0,62,0.14,13900,2490,4963,2186.3,3375,FALSE,0,0,0,3,0
f45fc10cb1ae2959b42bff1b9e97e033432d193a,1446546933,1,1,1,0,3,3,0,62,0.64,13899,2485,16,15.82,16,FALSE,0,0,0,2,0
19e0650c4fecaa03959c2b0a7e564cd8ce8e3f50,1446546451,1,1,1,0,2,2,0,62,-0.01,13899,2486,15,14.82,15,FALSE,0,0,0,0,0
1d58823405810a2be72ea1c88904880b23964c78,1446545115,1,1,1,0,3,2,0,62,-0.02,13899,2487,14,13.82,14,FALSE,0,0,0,0,0
ec8ccbcc55a020bb6facfc4a8b76818021ac2efb,1446544767,1,1,1,0,3,3,0,62,0,13900,2488,13,12.82,13,FALSE,0,0,0,0,0
3eda8e64f38d8471f76a3df06b5e723d2f7fa461,1446542296,2,2,2,0.734496,16,4,0,64,0.65,18196.5,1652,12,11.82,10,FALSE,0,0,0,0,0
42dff0e5fb3cffa2f42e20435712421a15d26461,1446520067,1,1,0,0,0,0,0,0,0,0,0,7,6.72,7,FALSE,0,0,0,0,0
ee9339e73b93dfc564bbd2275f26bf8aeb36f450,1446491564,1,1,1,0,5,1,0,62,0,13895,2484,4962,2187.62,3374,FALSE,0,0,0,0,0
611aaa538588f2411b4f1b5e2eb377eb14efb6e5,1446491537,1,1,1,0,48,69,0,62,0.34,13916,2483,4961,2186.62,3373,FALSE,0,0,0,0,0
ecaee16d2318fec43a715f898929fbb7980d3e22,1446463439,1,1,1,0,19,0,0,62,0.46,13853,2480,11,10.85,11,FALSE,0,0,0,0,0
67701944f1c00362572f16699950b87fa17388d5,1446462904,1,1,1,0,22,0,0,62,-0.01,13872,2481,10,9.85,10,FALSE,0,0,0,0,0
e25369a30672514c9902d95939489f6b6f0a8d9d,1446461862,1,1,1,0,22,0,0,62,-0.01,13894,2482,9,8.85,9,FALSE,0,0,0,0,0
b84c3368557d7b556a75aa6977085e8e477d227b,1446427806,1,1,1,0,24,0,0,30,0.05,22469,1512,4960,2187.99,1896,TRUE,0,0,0,0,0
447bafaa5b94c1dbffcb2bcddcc300624c466778,1446423416,2,2,2,0.0270459,87,6,0,64,0.03,18120.5,1646.5,4959,2187.15,2633.5,FALSE,0,0,0,0,0
2f93e0a49933fd86f5bc8a1ea8e9f1f8d33bd06f,1446421017,1,1,1,0,5,2,1,30,0.01,22385,1510,4958,2186.24,1894,FALSE,0,0,0,1,0
6c2ada9ffc644d3c26cdc7fa385bf64017025e42,1446420110,2,2,2,0.135173,38,14,0,64,0.02,18107,1645.5,4957,2185.27,2632,FALSE,0,0,0,0,0
982b9d2b0a5d9f1b7227090841d40ad1e373bd30,1446418919,1,1,1,0,1,1,0,62,0,13830,2477,4956,2184.32,3370,FALSE,0,0,0,0,0
1fe87d03486faa2f4c51b4906340d71204879a9b,1446418615,1,1,1,0,1,1,0,62,0,13830,2476,4955,2183.33,3369,FALSE,0,0,0,0,0
8d8d4fa3b12916f2efe4328675b1080b2a4b519e,1446418304,1,1,1,0,1,1,0,30,0,22384,1508,4954,2182.34,1892,FALSE,0,0,0,0,0
94fb8c6f92737b24ff20030b8a11cb94618869e3,1446418285,2,2,2,0.0293664,61,25,0,64,0.59,18089,1643.5,4953,2181.34,2629.5,TRUE,0,0,0,2,0
04c7b33f90a3c42166ddd01cef1b099901339ac8,1446415389,1,1,1,0,19,48,0,30,0.01,22377,1506,4952,2180.45,1890,FALSE,0,0,0,0,0
ae76c3ee718d8a33405291c1c0e093c7f7e94a6d,1446414218,1,1,1,0,133,271,0,30,1.1,22515,1505,4951,2179.49,1889,TRUE,0,0,0,0,0
7d1e24d07fa75646ac17728955ad72cde66f8f0e,1446327042,1,1,0,0,0,0,0,0,0,0,0,4950,2181.71,3367,FALSE,0,0,0,0,0
4bc35e9ed4a25488a771d2b260a6ddf79cc9387d,1446319383,1,1,2,1,7,5,0,31,5.85,11253,784,4949,2180.99,1888,FALSE,0,0,0,0,0
37955345ef3d515e9c2799b82fad545a0c22efce,1446319148,2,2,2,0.158281,366,4,0,64,0.03,17991.5,1642,8,7.89,7.5,TRUE,0,0,0,0,1
c142cfc81dce4c3cbd3ff4ceb33e13df13062be9,1446314473,1,1,1,0,1,1,0,62,0.01,13795,2473,4948,2180.17,3366,FALSE,0,0,0,0,0
39a22bf15b7ecdc26e55a5e3269e64d6074e8a2d,1446313686,2,2,2,0.278129,6,5,0,64,0,17989,1640.5,4947,2179.2,2626,FALSE,0,0,0,0,0
eb636f95382a5206bb7cdc4f4239ac67b55eb486,1446313608,1,1,1,0,9,9,0,30,0.49,22184,1501,4946,2178.2,1886,FALSE,0,0,0,0,0
8a838633d15146bc9275e481826d84effc079901,1446313592,1,1,1,0,52,36,0,62,0.51,13778,2471,4945,2177.2,3364,FALSE,0,0,0,0,0
963e297c74cf0afd3a1771a9fc051a59a83c9842,1446271285,1,1,1,0,19,15,0,30,0.04,22180,1500,4944,2177.76,1885,FALSE,0,0,0,0,0
d95dbf6ba86a58f8fc2ee528f0f7f952b9ab5c46,1446269241,1,1,1,0,1,1,0,62,0.39,13778,2470,4943,2176.84,3363,FALSE,0,0,0,0,0
ae032c85230e9b2e48760011dceb6182c964ab56,1446267466,1,1,1,0,20,16,0,30,0.37,22176,1499,4942,2175.9,1884,FALSE,0,0,0,0,0
c7ef030ef59c8c0c5792519cce3d63e8babaa3a4,1446240471,2,2,2,0.734496,4,1,0,64,0.1,17955.5,1637,7,6.91,6.5,FALSE,0,0,0,0,0
2b4a10c15915163f3a5338e909797c65046276e2,1446235457,2,2,2,0.940971,44,4,0,64,-0.06,17957,1637.5,6,5.91,5.5,FALSE,0,0,0,0,0
7e726735ba37a74966865d507baed4f84effcef4,1446231427,2,2,2,0.57938,47,52,0,64,0.47,17958,1636.5,5,4.91,4.5,FALSE,0,0,0,0,2
3d25b2fd9ba3e42bc5512c3762602c6bc140095c,1446190841,2,2,2,0.00742971,231,91,0,64,1.71,17888,1636,4941,2177.72,2622.5,FALSE,0,0,0,4,0
96a22aaec09e9e6470bf0ae3143f0d468ab1de11,1446189189,1,1,1,0,1,1,0,1,5.59,21,3,4940,2176.78,11,FALSE,0,0,0,0,0
ccef887f881de564c6a1c4027627527a5cb40d74,1446137080,1,1,0,0,0,0,0,0,0,0,0,6,5.8,6,FALSE,0,0,0,0,0
7d9c6527a48cf14a200d1592529922e1155403f7,1446043428,1,1,1,0,3,1,0,62,0,13616,2465,4939,2181.17,3361,FALSE,0,0,0,0,0
ef7191dbc1d7af491d6ee76bb0d68526f8e8cb70,1446043216,1,1,1,0,62,58,0,62,0.01,13612,2464,4938,2180.17,3360,TRUE,0,0,0,0,0
bc2adb208c6fd70516b68a6682aece81271f8a46,1446042560,2,2,2,0.65908,11,8,0,64,0.6,17883.5,1634.5,4937,2179.2,2620.5,FALSE,0,0,0,1,0
cd371ac66fbdb41c818df441ca3e2658a5775886,1445990671,2,2,2,0.0671687,42,37,0,64,0,17881,1634,4,3.95,3.5,FALSE,0,0,0,1,0
9c342eb4323770868448c0b3597a575820da6289,1445990384,2,2,2,0.813168,65,37,0,64,0.51,17867,1633.5,4936,2180.13,2619.5,FALSE,0,0,0,2,0
95f5b39aedf9e87ce6c8fa92f7b7e686ea9c3422,1445968533,1,1,0,0,0,0,0,0,0,0,0,5,4.83,5,FALSE,0,0,0,0,0
9ce38cb43c50bb41515de3c75bf6a3d8bae3fa82,1445960248,1,1,1,0,1,1,0,30,0.33,22127,1491,4935,2180.24,1880,FALSE,0,0,0,0,0
8b57b3086e15fd0ea671a7b1bcaa9dc202f575bb,1445932109,1,1,1,0,1,2,0,62,0,13608,2460,4934,2180.29,3357,FALSE,0,0,0,0,0
3fdec6d25e0a86c68c050f7c0d676c2b1dafbd4b,1445932048,1,1,1,0,1,1,0,62,0,13608,2459,4933,2179.29,3356,FALSE,0,0,0,0,0
557af10067827d84787184917a4b6fcd5062c911,1445931932,2,2,3,0.0930812,95,15,0,65,4.41,12044.3,1114,4932,2178.29,2617,FALSE,0,0,0,0,0
c360ee0fa4cdb4ded2f3b5e9ba05a0de1b8a83a2,1445919704,1,1,1,0,1,1,0,2,0.34,132,6,4931,2177.74,10,FALSE,0,0,0,0,0
6b2645b3106b0ed9ebec2fc2f81a372462c6ff0d,1445919649,1,1,1,0,46,16,0,2,0,132,7,4930,2176.75,9,FALSE,0,0,0,0,0
3ac58705302810e0bc8180b237ed20ab324d9fb5,1445898718,1,1,0,0,0,0,0,0,0,0,0,4929,2176.52,3354,FALSE,0,0,0,0,0
accb8e9b07befe0618f2b77793f67456fa30972b,1445891849,1,1,1,0,2,2,1,61,1.04,13531,2456,0,0,0,FALSE,0,0,0,0,0
5218fd2c2491e37c6780155e6229a98cac66a5f5,1445890603,3,3,4,0.267883,31,31,0,67,1.33,9177.75,857.25,3,2.96,1.66667,FALSE,0,0,0,0,0
e331ea5d82920f48dfe31fa71b6647484873afb4,1445823903,1,1,0,0,0,0,0,0,0,0,0,4,3.85,4,FALSE,0,0,0,0,0
ae804b8cc7fd05d3ff6eb75ec607c5446bd8dd0d,1445802208,1,1,1,0,3,3,0,30,0,22127,1488,4928,2179.09,1878,FALSE,0,0,0,0,0
66d72345f2b178f974f3b4fceafd07179371b85e,1445802178,2,2,2,0.0545004,47,1,0,63,0.65,17806,1629.5,4927,2178.09,2615,FALSE,0,0,0,0,0
436d64f8819e3a9ce4f95341fe881eadfb211cf3,1445798539,1,1,0,0,0,0,0,0,0,0,0,4926,2177.22,3352,FALSE,0,0,0,0,0
c3ec32cc169c9b2b59f4af5e816e2e8133b9210f,1445764208,1,1,1,0,9,4,0,30,0,22076,1486,4925,2177.49,1876,FALSE,0,0,0,0,0
4b86df496635853741359fab8097db89e0eebcc6,1445764159,1,1,1,0,15,0,0,30,0.01,22061,1485,4924,2176.49,1875,FALSE,0,0,0,0,0
9fbf1955f267a8cab2f8ef9ae77db9adccc07889,1445763313,1,1,1,0,99,6,0,30,0.34,21968,1484,4923,2175.53,1874,FALSE,0,0,0,0,0
2008a8201788348e0ee9926680a5bb9ded14a513,1445733642,1,1,1,0,20,0,0,30,0.07,21948,1483,4922,2175.62,1873,FALSE,0,0,0,0,0
8c04a001771bb09ef4399fb0832414eb6785637b,1445727523,1,1,1,0,0,1,0,61,0.03,13532,2454,4921,2174.85,3351,FALSE,0,0,0,0,0
8370277352a9eb557eda349407d2baeb7032f331,1445727336,1,1,1,0,118,118,0,30,0.03,21948,1482,4920,2173.85,1872,FALSE,0,0,0,0,2
89279009d82d55174892a13ba7dfd69c1a948f93,1445724906,2,2,2,0.210758,10,4,0,63,0.22,17737,1626,4919,2172.94,2610.5,FALSE,0,0,0,0,0
182b29662d5b728873561d1b9a4000f18d78c0a0,1445711210,1,1,1,0,6,5,0,30,0,21941,1480,4918,2172.45,1870,FALSE,0,0,0,0,0
8119bcdc61cb55f78a11fde382606aacab699a14,1445711086,1,1,1,0,43,0,0,30,0.45,21898,1479,4917,2171.45,1869,FALSE,0,0,0,0,0
b6d40f75c9cc163407bd952a3b14008405b41e27,1445710301,1,1,1,0,1,1,0,5,2.2,921,170,4916,2170.48,1868,FALSE,0,0,0,0,0
d9570e82236953db938dceec41b26a787450fdb6,1445705845,1,1,1,0,3,10,0,1,1.46,28,2,4915,2169.65,8,FALSE,0,0,0,0,0
3a0fc24a6a3bfc6071172098498dcd6d9d10b958,1445700352,1,1,1,0,15,12,0,61,0.01,13529,2452,4914,2168.85,3349,FALSE,0,0,0,0,0
04879d0fe5a60668904501db823f54e2f8fb390b,1445699172,2,2,2,0.337292,8,6,0,1,1.39,431,2.5,4913,2167.89,937,FALSE,0,0,0,0,0
0d9b03ced2209cc186049a0eac053333284e297a,1445699127,1,1,1,0,62,61,0,61,0.31,13528,2451,4912,2166.89,3348,FALSE,0,0,0,0,0
7be7acfe3072ac1d7a9a55b2fab410c4fa60538a,1445672223,2,2,2,0.0765259,29,6,0,63,0.07,17701.5,1623.5,4911,2166.88,2606.5,FALSE,0,0,0,0,0
655f7918ea70162e785326fda5668aca84ecdb39,1445669563,1,1,1,0,19,19,0,61,0.03,13505,2449,4910,2165.98,3346,FALSE,0,0,0,0,0
67e799ccb216c4ea1baf1b22b7689db9bc58bcfc,1445666722,1,1,1,0,2,2,0,61,0,13505,2448,4909,2165.08,3345,FALSE,0,0,0,0,0
4c12319d19639403cbc9ca737d5c79a3fbb5b4a5,1445666652,1,1,1,0,48,48,0,61,0.04,13505,2447,4908,2164.08,3344,FALSE,0,0,0,0,0
37697198167196913d07dc2aa1b6b51d332af843,1445663601,1,1,1,0,3,3,0,1,4.04,208,1,4907,2163.19,6,FALSE,0,0,0,1,3
cc8e4956f542df1de99c62c5df237229fc40f4fa,1445663537,1,1,1,0,8,7,0,61,0,13504,2446,4906,2162.2,3343,FALSE,0,0,0,0,0
3ad67c754fc2cded95c87456bcf7a98f5322b61c,1445663327,2,2,2,0.0462385,55,1,0,63,0.71,17674,1621,4905,2161.2,2603.5,FALSE,0,0,0,1,0
cabd4198b04569f0745d57e3de16dcb44a5ed260,1445642722,1,1,1,0,16,11,0,61,0,13445,2444,4904,2160.96,3341,FALSE,0,0,0,11,0
2bf80673ae3f7d3da78d36caeccd076927bf9cbd,1445642489,1,1,1,0,82,38,0,61,0.95,13401,2443,4903,2159.97,3340,FALSE,0,0,4,0,0
2182e0696dc7ed78b07d34eb009d78192a2ab075,1445620096,1,1,0,0,0,0,0,0,0,0,0,4902,2159.78,3339,FALSE,0,0,0,0,0
9c44b5c38451fcc52d638cabfbc6740d63a0d7cd,1445620028,1,1,0,0,0,0,0,0,0,0,0,4901,2158.78,3338,FALSE,0,0,0,0,0
d5f51f288121971a06802ad783179f9304ec5093,1445579911,1,1,4,0.00715916,13408,110,0,1,2.3,133,96.5,4900,2159.25,481,FALSE,0,0,9,437,278
176e17c45d37d9d48c6bca6b16aafce1ec33537e,1445579853,1,1,1,0,16,11,0,1,3.07,23,1,4899,2158.25,5,FALSE,0,0,0,0,0
7912b08c4148e552bc398ca9b824c5f89b529848,1445579456,1,1,1,0,1,1,0,1,0,131,3,4898,2157.26,4,FALSE,0,0,0,0,0
643ffce28930994dbaea1416be8466e70ba43945,1445579396,1,1,1,0,1,1,1,1,0.07,131,2,4897,2156.27,3,FALSE,0,0,0,0,0
0d4d740961f7e2811ae342546e8a38a597f03744,1445579369,1,1,1,0,731,0,0,0,0,0,0,4896,2155.27,1864,FALSE,0,1,0,3,10
68473f08d647d14a91818eee44bf1a4ae885057b,1445573879,1,1,0,0,0,0,0,0,0,0,0,4895,2154.47,3337,FALSE,0,0,0,0,0
6c09a69991979d307679990a332cd9122382c95b,1445573467,1,1,1,0,2,1,0,1,2.99,130,1,4894,2153.48,2,FALSE,0,0,0,0,0
ac16bc0e15bc7e3524ebac82f3c94dd8539dd0b4,1445573168,2,4,4,0.705004,75,31,0,1,1.49,16,0.25,4893,2152.49,1668.5,TRUE,0,1,0,0,1
99287a89eb0ecac87f887d754ec9e04065086326,1445564221,1,1,0,0,0,0,0,0,0,0,0,4892,2151.82,3335,FALSE,0,0,0,0,0
e0aaf876c295cde7ed144e88609cc9ab02e21b30,1445560797,1,1,1,0,17,35,0,30,0.44,21916,1476,4891,2150.94,1863,FALSE,0,0,0,0,0
022f79beed5004a131eae0c78c47659376828605,1445560388,1,1,1,0,6,6,0,61,0,13401,2442,4890,2149.96,3334,FALSE,0,0,0,0,0
a6aac88561d399f58175aa7c66105d9d94d2f566,1445560277,1,1,1,0,4,4,0,61,0,13401,2441,4889,2148.96,3333,FALSE,0,0,0,0,0
87057095bc2eacca7199c9f04b01906fb3a58fa1,1445560260,1,1,1,0,1,2,0,61,0.43,13402,2440,4888,2147.96,3332,FALSE,0,0,0,0,0
c525598fd9697fc3074e979a117b5df9fb7b6a51,1445558925,1,1,1,0,7,0,0,30,0.79,21885,1474,4887,2147.01,1862,FALSE,0,0,0,0,0
f54cfb0ea2ca9a98214d7c27b47966d87f923d7c,1445558902,1,1,1,0,1,3,0,61,0,13376,2438,4886,2146.01,3331,FALSE,0,0,0,2,0
91fcf837f70ca3dd8ab452bb7bc946cc609a3136,1445558870,1,1,1,0,3,3,0,61,0.79,13376,2437,4885,2145.01,3330,FALSE,0,0,0,3,0
5afa75ce516577051985ef411303f71a4c17a658,1445523182,2,2,2,0.947425,53,1,0,63,-0.41,17633,1617.5,2,2,1.5,FALSE,0,0,0,0,0
64e98d897f3a3312680b131839037060083ce8b3,1445520261,1,1,1,0,6,7,0,5,49.9,922,169,4884,2145.4,1861,FALSE,0,0,0,0,0
99a5fcc665f239331fa74877589db53bc093b5f7,1445490917,1,1,1,0,2,2,1,30,0,21885,1473,4883,2145.46,1860,FALSE,0,0,0,0,0
f0c38a6419f9d0bc1e70c03529608e6ae8bf5ec5,1445490701,1,1,1,0,3,3,0,61,0,13376,2436,4882,2144.47,3329,FALSE,0,0,0,0,0
14c2747e80584e79498ec90cdc28768ce209b197,1445490605,2,2,2,0.5644,32,17,0,63,0,17623,1614.5,4881,2143.47,2593.5,FALSE,0,0,0,5,0
3ee2a15cde424e9635413229e1f225229de0a0f9,1445490439,1,1,1,0,2,2,0,30,0,21882,1471,4880,2142.48,1858,FALSE,0,0,0,0,0
8982578eddb27990e0c820c1b56ec2eacc0d4cee,1445490329,2,2,2,0.775805,11,1,0,63,0,17618,1613.5,4879,2141.48,2592,FALSE,0,0,0,1,0
5ec6f1085ab2ef3416f229810a10550111a43814,1445490254,2,2,2,0.734496,12,3,0,63,0.15,17613.5,1613,4878,2140.48,2591,FALSE,0,0,0,3,0
1513e466053cad673c84dab8cea4f034eaa1403b,1445484350,1,1,1,0,4,4,0,61,0.16,13358,2432,4877,2139.69,3325,FALSE,0,0,0,4,0
b95ed73e1d39eeb31c9870f30cfc12aac39bc563,1445470639,2,2,2,0.395661,97,1,0,63,0.6,17565.5,1612,1,1,0.5,TRUE,0,0,0,0,0
ff22efb3e25d80b03b67bf450a103ed3cd15af5c,1445434703,1,1,1,0,6,0,0,60,0.37,13328,2430,0,0,0,FALSE,0,0,0,0,0
602e5d27661ce48a7a087ad53af72a99af148bd2,1445405833,1,1,1,0,10,10,0,29,0.02,21770,1466,4876,2141.51,1855,TRUE,0,0,0,0,0
247c4f1068cc8a4b49cd422a9b3c2f80a7cd2914,1445404216,1,1,1,0,36,35,0,29,1.05,21769,1465,4875,2140.57,1854,TRUE,0,0,0,0,0
35c6db12899c116dc2767e699a0855add0891bc7,1445402941,2,2,2,0.701483,40,4,0,62,2.85,17544.5,1611,4874,2139.62,2588.5,TRUE,0,0,0,0,0
bdb5e4642f0271e0238ddbf79f70e1fcbe21df31,1445314881,3,4,13,0.218608,897,0,0,1,9.77,292.23,29.85,4873,2141.78,1267.67,TRUE,0,2,0,400,317
fdf6478bc92ed566eb4d51d335b6ef82aabf8cd7,1445313552,2,2,2,0.00104319,1095,1096,0,30,5.18,11046,764.5,4872,2140.83,2587,TRUE,0,2,0,12,6
10229cd33288972982668065568faa71b5ac811c,1445116146,1,1,0,0,0,0,0,0,0,0,0,4871,2146.95,3321,FALSE,0,0,0,0,0
33e2499006ba6526353d6830bc17a233afcf66d0,1445113135,1,1,0,0,0,0,1,0,0,0,0,0,0,0,FALSE,0,0,0,0,0
661e9b08b63013ab0d00127dc46162bb0e8570af,1445054789,1,1,0,0,0,0,0,0,0,0,0,4870,2148.18,3320,FALSE,0,0,0,0,0
6ae58e74c77bfa62e22c5e984c1e2b3e274e5815,1445011311,1,1,1,0,7,7,0,1,47.89,2105,142,0,0,0,FALSE,0,0,0,0,0
689b292c24484ae56b2c38ee9914c1605571a57f,1445009874,1,1,1,0,94,6,0,29,1.1,21684,1463,9,3.06,2,FALSE,0,0,0,0,0
f6a4ab62b827b3bc3bb93cdb8aa4e565ed248c4d,1444914510,1,1,1,0,12,0,0,29,0.08,21672,1462,4869,2152.28,1851,FALSE,0,0,0,0,0
e197884e073574d5c843c87172f01900bb9b4805,1444907341,2,2,2,0.18554,72,22,0,62,0.31,17470.5,1608,4868,2151.54,2584.5,FALSE,0,0,0,8,0
ba095d11ccd5d0ca61ab716b0f577c344a46e5f9,1444890281,1,1,1,0,5,7,0,60,0.23,13271,2427,4867,2151.16,3318,FALSE,0,0,0,0,0
e22cb5f3b32de7df85c413f2eb7c2a9e9d6ea7ef,1444870501,2,2,4,0.0202387,3718,3697,0,63,9.76,8883.25,825.5,4866,2150.88,2583,TRUE,0,0,0,26,32
da993ee48d0d8111c89e428d33efc5d1316d2e45,1444810182,1,1,0,0,0,0,0,0,0,0,0,3,2.97,3,FALSE,0,0,0,0,0
94587598105efb380e8e284497d8a09f558891f2,1444801726,1,1,1,0,10,10,0,60,19.9,13267,2425,4865,2152.38,3316,FALSE,0,0,0,0,0
3fd276f8a63ba24b44d307f7fda8a993b04a0caf,1444754591,1,1,1,0,2,2,0,59,0.14,13260,2423,4864,2153.1,3315,FALSE,0,0,0,0,0
33f454bb75678a02f8c7159e61144aae85967b52,1444742419,1,1,1,0,1,1,0,59,1.15,13260,2422,4863,2152.55,3314,FALSE,0,0,0,0,0
1fd5d501b05c6f0caab0d84ca485c8309cf5d35f,1444721896,1,1,1,0,4,3,0,2,6.11,319,147,4862,2152.3,1848,FALSE,0,0,0,0,0
e4220282c842f0674eb5388f84d80ece45a682a8,1444717431,1,1,1,0,19,2,0,28,0.86,21631,1458,4861,2151.46,1847,FALSE,0,0,0,0,0
1ad55ec2630af5e972f3ed6100755a2ce882659a,1444664361,1,1,0,0,0,0,0,0,0,0,0,2,1.99,2,FALSE,0,0,0,0,0
6dec9cb8314aac276f0b9e608bf00c6316d1cf12,1444643166,2,2,2,0.127043,24,9,0,60,0.13,17438,1604,0,0,0,FALSE,0,0,0,0,0
96f5dbfccfb98805388317d16a33a7bbbd5025d9,1444632551,1,1,1,0,12,3,0,27,0.02,21608,1456,4860,2153.56,1846,FALSE,0,0,0,0,0
74137d4eabdf831a4087fb9349e2b983b0cf7941,1444631426,1,1,1,0,2,2,1,58,0,13259,2420,4859,2152.6,3313,FALSE,0,0,0,0,0
02398e319d83966754fed7522deea45ffa4bd670,1444631403,1,1,1,0,35,35,0,58,0,13259,2419,4858,2151.6,3312,FALSE,0,0,0,0,0
32d6a04107729ea6b1d1040b0cf0f77e06aa77e5,1444631363,1,1,1,0,1,1,0,58,0,13259,2418,4857,2150.6,3311,FALSE,0,0,0,0,2
6bff374e9155ff9ca7156707cb68624b685e2ed5,1444631321,1,1,1,0,2,0,0,58,0,13257,2417,4856,2149.6,3310,FALSE,0,0,0,0,0
18b5cb24c2cf85242c40659d6b70eed1e7ae86b4,1444631269,1,1,1,0,1,1,0,58,0.27,13257,2416,4855,2148.61,3309,FALSE,0,0,0,0,0
04e8ca771b65888c48dc89cebd3c8f6107974a80,1444631100,1,1,1,0,147,6,0,27,0.08,21467,1455,4854,2147.61,1845,FALSE,0,0,0,0,0
fd2aa1f51c2b6269774a84f834f69d58d2fccd9a,1444630541,1,1,0,0,0,0,0,0,0,0,0,4853,2146.63,3308,FALSE,0,0,0,0,0
174f77161266a767946f9607c625a090ae44ca45,1444624490,1,1,1,0,16,0,0,27,0.01,21451,1454,4852,2145.85,1844,FALSE,0,0,0,0,0
4f0a5e937bea4a3b1fc010b3648d2e8ce2dfd63b,1444623770,1,1,1,0,59,2,0,27,0.18,21394,1453,4851,2144.88,1843,FALSE,0,0,0,0,0
505f02fd7223214ba8e3e4cb822e7168455a5539,1444608325,2,2,2,0.0598204,32,12,0,60,0.64,17315.5,1599,4850,2144.44,2574.5,FALSE,0,0,0,0,0
a6c7ffd664360802b1f0b706325593c6002f0603,1444603395,1,1,0,0,0,0,0,0,0,0,0,4849,2143.62,3306,FALSE,0,0,0,0,0
a08d52eb487f8f951be72e51229c575da373ec9f,1444552770,2,2,2,0.330299,16,3,0,60,0.43,17309,1598.5,4848,2144.45,2573,FALSE,0,0,0,6,0
414ad602f2b55529fdbfae0d134c73a3fd5c4fe0,1444515947,2,2,2,0.21865,102,81,0,60,1.19,17298.5,1598,4847,2144.79,2572,FALSE,0,0,0,1,0
e961505e0ac26c7cdb67239b753865bc8414d0b0,1444508855,1,1,0,0,0,0,0,0,0,0,0,1,1,1,FALSE,0,0,0,0,0
59278a7a8539f638166d16374bdea0884bc0d15c,1444420690,1,1,1,0,7,16,0,58,0.18,13229,2412,4846,2147.26,3303,FALSE,0,0,0,3,3
adaf6d79557a4b8d3803c6a98a7ee53aeb26b855,1444405471,2,2,2,0.47756,8,6,0,60,0.38,17302,1597,4845,2146.81,2570.5,TRUE,0,0,0,0,0
f6624bf270790b0ee564d7c9a4db9fa023083d7a,1444396354,1,1,0,0,0,0,0,0,0,0,0,0,0,0,FALSE,0,0,0,0,0
cdf03228c26c7bc3caa5f0d7a41f5a032d96b1ab,1444372383,1,1,1,0,1,1,0,27,0,21375,1448,4844,2147.02,1838,FALSE,0,0,0,0,0
1fd710e88d47e32b1cc0a6a6cd88b471f5dac087,1444372343,1,1,1,0,8,1,0,27,0.07,21368,1447,4843,2146.02,1837,FALSE,0,0,0,0,0
dc2e760b5a4efc9aae6d8d77f51f76b2282acb9a,1444372312,1,1,1,0,25,15,0,58,0.07,13219,2410,4842,2145.02,3301,FALSE,0,0,0,1,0
150bd32f97b07ab4424f9caa54979dead4fb1ff1,1444366230,2,2,2,0.0872788,56,6,0,60,0.7,17268.5,1595,4841,2144.24,2568,FALSE,0,0,0,0,0
d9fc0f1e371c4855bd9eb9763a17ebcf44be4f5a,1444346546,1,1,0,0,0,0,0,0,0,0,0,4840,2143.95,3299,FALSE,0,0,0,0,0
e2c7e3a107494c893085a02e264092fa79db2689,1444326306,1,1,1,0,6,6,0,58,0.06,13171,2408,4839,2143.69,3298,FALSE,0,0,0,0,0
4995aa0298676432c4969effc0b70c3b9ef483de,1444320888,1,1,1,0,1,1,0,58,0.39,13171,2407,4838,2142.89,3297,FALSE,0,0,0,0,0
54b774e481e1cae3674e891cfe2c19a4aa25a9f4,1444287600,1,1,1,0,16,4,0,58,0.01,13159,2406,4837,2143.1,3296,FALSE,0,0,0,0,0
c85095d53fcd243bb1fc1870a355302bba13e06d,1444286796,1,1,1,0,6,31,0,58,0.02,13184,2405,4836,2142.13,3295,TRUE,0,0,0,0,2
8132ed52fd31753a5013a045a8588a9375991716,1444285361,1,1,1,0,2,2,0,58,0.01,13184,2404,4835,2141.18,3294,FALSE,0,0,0,0,0
eb723422c12750f3ae34293d4e00fb781ee48a42,1444284515,2,2,2,0.194885,39,21,0,60,0.68,17266,1592,4834,2140.21,2564,TRUE,0,0,0,0,0
051e5a6308881b41a80a02590fc9f574b7b551c7,1444249312,1,1,1,0,1,1,0,58,0.54,13166,2402,4833,2140.48,3292,TRUE,0,0,0,0,0
2d3e64b51a75cb32ad82bafbbff81ec0f31a0e8d,1444202582,1,1,1,0,3,3,0,58,0.05,13166,2401,4832,2141.18,3291,FALSE,0,0,0,0,0
a21b25f751a3eb45da85a271e9a814cd8b947483,1444202322,1,1,1,0,67,2,0,27,0.04,21301,1444,4831,2140.19,1834,FALSE,0,0,0,0,0
1d425b17315bbefa5d326bd232033fd93668700d,1444198616,1,1,1,0,20,12,0,58,0.13,13158,2400,4830,2139.32,3290,FALSE,0,0,0,0,0
141630f5570bbef04cbbe180bcc79f3fc2b0b180,1444198562,1,1,1,0,14,3,0,27,0.05,21290,1443,4829,2138.33,1833,FALSE,0,0,0,0,0
9fd48bab697552712860d6f66c350046138438ba,1444193886,1,1,2,0.786857,52,24,0,28,0.33,10790.5,753,4828,2137.49,1832,TRUE,0,0,0,0,0
f880e398385a79f76005cdd73d91a68d9db60151,1444187491,1,1,1,0,3,2,1,58,0.54,13157,2399,4827,2136.73,3289,FALSE,0,0,0,0,0
afb66f4b8a0a9ad58a172655d330c238ace0f21a,1444186381,1,1,1,0,2,7,0,27,0,21283,1441,4826,2135.77,1831,FALSE,0,0,0,0,0
7e0980256577ea0dbb28c483027c2b691f99d211,1444186345,1,1,1,0,40,40,0,27,0,21283,1440,4825,2134.77,1830,FALSE,0,0,0,2,2
a8b3833580f121d6deeddb95c3ad312d91d4203b,1444186285,1,1,1,0,19,0,0,27,0.48,21264,1439,4824,2133.77,1829,FALSE,0,0,0,0,0
bf1bcaf39402a0dfd93984dea75b2eeebcd1c25d,1444144582,1,1,1,0,15,0,0,27,0.01,21249,1438,4823,2134.27,1828,FALSE,0,0,0,0,0
7b61569d32697219e558e2714bcd00250907f8d1,1444144058,1,1,2,0.380052,33,5,0,28,3,10762,750.5,4822,2133.29,1827,FALSE,0,0,0,0,0
9c27ed8bda76612571c47a227dd8fefe7bba4552,1444140469,1,1,1,0,1,4,0,58,0.38,13160,2398,4821,2132.42,3288,FALSE,0,0,0,0,1
c9cb64ac10aea4f45dfe2b622c560ab10b04d2ec,1444113276,1,1,1,0,0,1,0,1,37.49,137,63,4820,2132.4,1826,FALSE,0,0,0,0,0
4bd5122462e606b3c7871d445ac9da433d372501,1444113256,1,1,1,0,12,0,0,2,8.23,452,102,4819,2131.4,1825,FALSE,0,0,0,0,0
4dac4328e6c1da096981074160e9ff1621fba20b,1444107424,1,1,1,0,1,1,0,58,0.21,13160,2397,4818,2130.61,3287,FALSE,0,0,0,0,0
f7a857744fcda637b6efe396c43b08d8a7aa9897,1444089693,2,2,2,0.37103,92,76,0,60,0.15,17187,1584.5,4817,2130.25,2555,FALSE,0,0,0,8,5
6725e7dc49437b9803065c3861ec4a5b8d65ba3d,1444076888,2,2,2,0.861781,53,27,0,59,0.38,17174,1584,0,0,0,FALSE,0,0,0,0,1
7da4ea5ecbf078373be78d34a52d13d6456c4da5,1444068409,1,1,1,0,1,4,0,57,0.01,13116,2394,4816,2130.02,3285,FALSE,0,0,0,0,0
6d5c6b2de75ac8c2d599e2c4ce7f1941f6d1f48f,1444067621,1,1,1,0,2,2,0,57,0,13116,2393,4815,2129.05,3284,FALSE,0,0,0,4,0
ed462747bf658a6cfbbf0aab54c23edcc4f3d902,1444067578,1,1,1,0,7,13,0,57,0.15,13122,2392,4814,2128.05,3283,FALSE,0,0,0,0,2
53b37ca98f2262e1fd3917e650a8f5b7337c15d2,1444054712,1,1,1,0,1,1,0,57,0,13122,2391,4813,2127.51,3282,FALSE,0,0,0,0,0
423320f2350ff7051fc9c92479e117bf5d02b9cd,1444054693,1,1,1,0,0,1,0,57,0.4,13123,2390,4812,2126.51,3281,FALSE,0,0,0,0,0
020a8c864fa8c503cfa62f855a6c41a762f20b0c,1444020375,1,1,1,0,19,19,0,57,0,13123,2389,4811,2126.74,3280,FALSE,0,0,0,0,0
69e6389369e9e14646db022fb10e569ecd0e2994,1444020281,2,2,2,0.302102,393,268,0,59,0.16,17116.5,1580.5,4810,2125.74,2551,TRUE,0,0,3,20,2
0eaa10f578946611c45189582f1bf5aef1834ca6,1444019983,1,1,1,0,1,1,0,57,0.29,12871,2387,4809,2124.76,3278,FALSE,0,0,0,0,0
2740dc5efae9630c2b49e7185b32be355f9d18ee,1443994800,1,1,1,0,19,19,0,57,0.02,12871,2386,4808,2124.66,3277,FALSE,0,0,0,2,0
592824781c5a282d00bdca955ea187864ee69389,1443992965,2,2,2,0.35218,7,2,0,59,1.33,17114,1579,4807,2123.72,2549,FALSE,0,0,0,0,2
4bef0e21e7eeb6e9e454ecb90223b339f3811add,1443992612,1,1,1,0,33,46,0,57,0.57,12884,2384,4806,2122.74,3275,TRUE,0,0,0,0,3
7d7ce728ff5f470a86ea6b3c60b0aca8d2711d02,1443943025,1,1,1,0,1,1,1,57,0.06,12884,2383,4805,2123.51,3274,FALSE,0,0,0,0,0
27159cfa00d46a6564e65141f93f97d0bf5b5072,1443937916,1,1,1,0,62,62,0,57,0.01,12884,2382,4804,2122.69,3273,FALSE,0,0,0,6,0
d236e376526c4ab8b4a4ac4e20cde1f704ee436c,1443937266,1,1,1,0,109,9,0,57,0.26,12784,2381,4803,2121.72,3272,FALSE,0,0,0,0,0
940559fc76f3ffccbc76039731ffd76af3a90c9a,1443914841,1,1,1,0,21,3,0,57,0.78,12766,2380,4802,2121.52,3271,FALSE,0,0,0,3,3
5746169aecebf98461ba364f59c7d8ff022fca04,1443847185,1,1,1,0,20,13,0,57,0.93,12759,2379,4801,2122.94,3270,TRUE,0,0,0,3,0
4aa6fdeb2a7a5f8878bd98807a036fe6a24f2d66,1443766832,1,1,1,0,62,58,0,57,0.04,12755,2378,4800,2124.82,3269,FALSE,0,0,0,0,0
77ab121c30cc8f6ed444bfa087a3ad37d254e2fe,1443764073,1,1,1,0,4,9,0,26,0.01,21362,1432,4799,2123.92,1821,FALSE,0,0,0,0,0
95580489069ddbc7e65e821ba3939491c2fcea14,1443762973,2,2,2,0.317127,39,20,1,59,0.28,17049,1574.5,4798,2122.96,2544,TRUE,0,0,0,1,2
b3f6426d36b7fbe7bf8cc2b4d8f2955032f06e4d,1443762162,1,1,1,0,154,76,0,57,0.55,12671,2376,4797,2121.99,3267,FALSE,0,0,0,0,8
d407d8aa08a6f739441a82e3b7c9d8a5cf66ba16,1443714949,2,2,2,0.763543,16,1,0,59,0.22,17002.5,1573.5,4796,2122.68,2542.5,FALSE,0,0,0,0,1
8842fa209db18bb17049d8eab7fdf3539d7c3bdc,1443712932,1,1,1,0,2,2,0,57,0.45,12666,2374,4795,2121.75,3265,FALSE,0,0,0,0,0
bc252228e1efde35d3da7a3068d379e6a25cb5d5,1443679691,1,1,2,0.917275,17,0,0,27,14.29,10808,746.5,4794,2121.94,1818,FALSE,0,0,0,0,0
1b3cb0f18482dcf9ebefcdf149edd648cb402683,1443673722,2,2,2,0.0846244,147,156,0,59,0.55,17003,1572,4793,2121.16,2540.5,FALSE,0,0,0,1,6
f607c671f8810485d01378df9d4b3df1f1433569,1443626241,2,2,2,0.408323,208,158,0,59,1.78,16978,1571.5,4792,2121.86,2539.5,TRUE,0,0,0,9,0
8f431cff529afaf6495f625ac2da22fa2a0f3223,1443539796,1,1,1,0,30,30,0,26,0,21326,1426,4791,2123.96,1815,FALSE,0,0,0,0,0
6a81a7ba8e3164ebeb76d44ac8c1321a4abcfbc1,1443539783,1,1,1,0,174,0,0,26,1.57,21152,1425,4790,2122.96,1814,FALSE,0,0,0,0,0
1f713ed9d1751956cb4968365778106a4ac70297,1443404466,1,1,1,0,34,2,0,26,0.02,21120,1424,4789,2126.83,1813,FALSE,0,0,0,0,0
2cb4829536fa31fadfa577aa5115e724b91224cc,1443404410,1,1,1,0,1,1,0,57,0,12630,2371,4788,2125.83,3262,FALSE,0,0,0,0,0
48d5110b5d605446e668a14309c0e9c4db992924,1443404381,1,1,1,0,2,19,0,57,0.02,12647,2370,4787,2124.83,3261,FALSE,0,0,0,0,0
68a5e2017e3cc0759d7edb1cf93da06aa62630e2,1443402444,2,2,2,0.57938,12,12,0,59,0,16883.5,1568.5,4786,2123.9,2536,FALSE,0,0,0,8,0
63c46a9aca1d343ba4dba09984a14ac90043c0ce,1443402340,1,1,1,0,1,1,0,26,0,21120,1422,4785,2122.91,1811,FALSE,0,0,0,0,0
528bec0bb12d8b98752abf73287267e391092075,1443402305,2,2,3,0.175994,95,146,0,60,9.8,11423.3,1071,4784,2121.91,2534.5,FALSE,0,0,0,3,2
9c79cb776629d311a5eb7d69b1ec7a72517fad77,1443396790,2,2,2,0.94474,57,20,0,59,1.01,16892.5,1567,4783,2121.11,2533.5,FALSE,0,0,0,0,0
38ac518095f6ef5d47604bef029d97ed858e7825,1443373423,1,1,1,0,19,0,0,26,1.48,21143,1419,4782,2120.95,1808,FALSE,0,0,0,0,0
7488068d50ca0b09887daefafbdc7d023cd38aed,1443245251,2,2,2,0.242963,48,20,0,59,0.12,16869,1566,4781,2124.56,2532,TRUE,0,0,0,0,0
8e207196d36f2489979ca5196208cf047be30a38,1443235032,2,2,2,0.0286644,44,44,0,59,0.45,16869,1565.5,4780,2123.92,2531,FALSE,0,0,0,0,2
9c35db38a0bc5ffab00c512d229deff5a3db9e9f,1443222940,1,1,1,0,10,6,0,57,0.62,12614,2364,4779,2123.36,3255,FALSE,0,0,0,0,2
2087736649512571d09efe47c52fcbe9cb2fc1fe,1443169575,2,2,2,0.265356,53,10,0,59,1.01,16845.5,1564.5,4778,2124.28,2529.5,FALSE,0,0,0,0,0
dd75deb27f458122172a2a94a3978fd0be5575b1,1443086561,1,1,1,0,7,4,0,56,0.06,12608,2362,0,0,0,FALSE,0,0,0,0,0
dd27a0adc7566319e231836fcf1aed5d4e495f57,1443082333,2,2,2,0.356465,37,12,1,61,-19.14,17454,1606,0,0,0,FALSE,0,0,0,0,0
5f42a3d4db8c065bab282017a70efceb6d0a7cfc,1443081377,1,1,1,0,1,1,0,56,0.04,12608,2361,4777,2126.47,3253,FALSE,0,0,0,0,0
a569b723c596284fdde9dd7f977d1ea2f321be2e,1443077630,2,2,2,1,4,8,0,58,0.05,16846,1563,4776,2125.6,2528,FALSE,0,0,0,0,1
ee2078f3ea695e2cbd14cec5a6e3f66904820a8b,1443073555,2,2,2,0.0570388,90,2,0,58,1.62,16802,1562.5,4775,2124.75,2527,FALSE,0,0,0,0,0
12af298e333eefece2c50694a007e4b9bcf011d3,1443073535,1,1,1,0,3,3,0,56,0,12522,2358,4774,2123.75,3250,FALSE,0,0,0,0,0
0429f27c54f2b869f519959d44b74578cc12d192,1443073493,1,1,1,0,10,10,0,56,0.13,12522,2357,4773,2122.75,3249,FALSE,0,0,0,0,0
5026f51dfd7f6052d885e4b76f895e1e7f7785af,1443062047,1,1,1,0,4,2,0,56,0.09,12520,2356,4772,2122.17,3248,FALSE,0,0,0,0,0
80abaafcae8e3e1ca8a919cfc06607947a70d868,1443054203,1,1,1,0,1,1,1,55,0.97,12520,2355,0,0,0,FALSE,0,0,0,0,0
bc651e886d5c5053d4433100b67557869e7035cb,1442970360,1,1,1,0,2,2,1,54,0.73,12520,2354,0,0,0,FALSE,0,0,0,0,0
ba9cfc3b26d12a6a069f8ae92e6e16e01906ac70,1442906972,1,1,1,0,7,7,0,54,1.48,12520,2353,4771,2126.77,3247,FALSE,0,0,0,0,0
b5bbc18c89801971111cd831b060ecc3b90e3aa3,1442793930,1,1,1,0,17,0,0,26,0.17,21065,1413,4770,2129.87,1802,FALSE,0,0,0,0,0
e35088f9e3c5882f0ca2fe2fc528420a687452e7,1442779097,2,2,2,0.57938,5,4,0,56,0.77,16792,1558.5,4769,2129.41,2523.5,FALSE,0,0,0,0,0
1c3b325633cfee4c26fa4af0c5901f7bb22535b3,1442779060,1,1,1,0,27,22,0,26,0.57,21060,1411,4768,2128.41,1800,FALSE,0,0,0,0,0
cfe813fa08fab87e5dbfcf538a002f0d18d1c5c3,1442775563,1,1,1,0,16,0,0,26,1.51,21035,1409,4767,2127.54,1799,FALSE,0,0,0,0,0
0415701e507911a04d06b1b1d055c6abd900ff26,1442729887,1,1,1,0,10,1,0,26,-0.53,21051,1410,4766,2128.19,1798,FALSE,0,0,0,0,0
a4b333ceb8ab33dd82466abd0a2abb7c7e658c86,1442683919,1,1,1,0,1,1,0,54,0.37,12520,2350,4765,2128.86,3245,FALSE,0,0,0,0,0
f029d7c943912307b7953c8c296737f80f75fbbb,1442652139,1,1,1,0,6,4,0,54,0.71,12518,2349,4764,2129.02,3244,FALSE,0,0,0,0,0
f4ff336636d2713cfc00a73ac5773cf422528cd2,1442645299,2,2,2,0.186435,27,12,0,56,1.09,16769.5,1556.5,4763,2128.27,2520,TRUE,0,0,0,0,0
53bf94ce78aa314af58ec89137c35f430201ef77,1442591004,1,1,1,0,12,17,0,54,0.31,12523,2348,4762,2129.24,3242,FALSE,0,0,0,0,0
406e36977ea662dc4fd436e3e3097918685c066b,1442563911,1,1,1,0,36,17,0,54,1.25,12504,2347,4761,2129.23,3241,FALSE,0,0,0,0,0
54e7baecc3d20927971b4c14d2f761f166ec692c,1442537529,13,13,672,0.615359,11247,8074,0,1,88.02,21.39,0.02,4760,2129.19,272.077,FALSE,0,0,17,245,184
98ee746ada25afd6065e7e54aecfb46ede8b59d5,1442455912,1,1,1,0,2,2,0,54,0,12504,2346,4759,2131.16,3239,FALSE,0,0,0,0,0
9e0a22f7716fc81cc6e5381d108f594dab1ca99a,1442455819,1,1,1,0,19,13,0,54,0,12498,2345,4758,2130.17,3238,FALSE,0,0,0,8,4
14e62ae8d24ade984d67dba3b0955c6df3063c1d,1442455756,1,1,1,0,9,9,0,54,0.81,12498,2344,4757,2129.17,3237,FALSE,0,0,0,0,3
1162d2edd572be56524dd967fa704462188fcd5f,1442417636,1,1,1,0,1,1,0,26,0.37,21019,1407,4756,2129.56,1796,FALSE,0,0,0,0,0
a84e44b2a30c19e24c7307873334b438ab1801a9,1442386116,1,1,1,0,1,1,0,54,0,12498,2343,4755,2129.71,3236,FALSE,0,0,0,0,0
cd4f278a16319a1082e5327ff7db8c9e2d1a86a4,1442385925,1,1,1,0,2,1,0,26,0,21018,1406,4754,2128.71,1795,FALSE,0,0,0,0,0
c7f34e74ac6751a69b4378608ee59fe6182e5b3b,1442385735,1,1,1,0,60,0,0,26,0,20958,1405,4753,2127.72,1794,FALSE,0,0,0,1,0
00d26a6419e3e9b6ca380c1f59ee9656070495be,1442385713,2,2,2,0.752723,14,13,0,56,0.03,16727.5,1550.5,4752,2126.72,2514,FALSE,0,0,0,0,0
eb57e522aa68a11104b5676c28281076e42fc96f,1442385516,1,1,1,0,49,50,0,26,0.13,20957,1403,4751,2125.73,1792,FALSE,0,0,0,12,2
e9230463e862c9d43d61f46f29bce822072e5581,1442380131,1,1,1,0,1,1,1,54,0.06,12499,2341,4750,2124.92,3234,FALSE,0,0,0,1,1
d652f144b2bdfb6cc4ec638f5bc730aa42436391,1442374849,1,1,1,0,13,4,0,54,0,12490,2340,4749,2124.12,3233,FALSE,0,0,0,0,0
e04a512c4cad8f46e2aca757a283a8c7e4c5ebff,1442374791,1,1,1,0,5,8,0,54,0,12493,2339,4748,2123.12,3232,FALSE,0,0,0,0,0
c276278767d314fca651a03830307539e2f79141,1442374771,1,1,1,0,2,2,0,54,0,12493,2338,4747,2122.12,3231,FALSE,0,0,0,0,0
2e248d1ca809dc2220daffe34e99817d8b6b392f,1442374673,1,1,1,0,7,4,0,54,0,12490,2337,4746,2121.12,3230,FALSE,0,0,0,0,0
a5df55a6e7d0ec581ac4d270fd0296467ca2d913,1442374595,1,1,1,0,16,16,0,54,0,12490,2336,4745,2120.13,3229,FALSE,0,0,0,0,0
f7e05e438eaa73e1865801f47179ba3ec1c403d3,1442374451,1,1,1,0,8,3,0,54,0,12485,2335,4744,2119.13,3228,FALSE,0,0,0,0,0
49266dce89b7ac62b45a193a14d05188212d1eca,1442374416,2,2,2,0.186435,88,29,0,56,0.82,16691.5,1546,4743,2118.13,2509,TRUE,0,0,0,1,0
3a81738455e26157adfc1a593d3e1b4e65fda623,1442304587,1,1,1,0,2,2,0,54,0.02,12429,2333,4742,2119.66,3226,FALSE,0,0,0,0,0
a4ff501bb108472ca7761e27609d2dfb62bca895,1442302863,1,1,1,0,2,1,0,26,0.03,20953,1401,4741,2118.72,1790,FALSE,0,0,0,0,0
351c131764ae7e42d37c3b85c3c8ecd8e1b9925a,1442302482,1,1,1,0,6,6,0,54,0.01,12429,2332,4740,2117.73,3225,FALSE,0,0,0,0,0
799fcb354b2ab76e321e3d4da3c194df030530a5,1442301834,1,1,1,0,1,1,0,54,0.03,12429,2331,4739,2116.76,3224,FALSE,0,0,0,0,0
16a29659b3b8fdc2e47d54d6c53f47e4733a47ca,1442300565,1,1,1,0,11,0,0,26,0.05,20942,1400,4738,2115.8,1789,FALSE,0,0,0,0,0
55ef0f12ccd6d3f5a42f5898d7027a38daa9d0c3,1442299518,1,1,1,0,34,24,0,54,0.11,12419,2330,4737,2114.84,3223,FALSE,0,0,0,0,0
925c489cf95aba17515f9e1adf4f049a96568775,1442296026,1,1,1,0,24,4,0,26,0.2,20922,1399,4736,2113.96,1788,FALSE,0,0,0,0,0
3f57236c199f2d5865a3d9c741092687220379dd,1442289749,1,1,1,0,19,18,0,54,0.12,12418,2329,4735,2113.19,3222,FALSE,0,0,0,0,0
b4dd21fc64c558541980d2bf1bacb7c51431b1d8,1442279052,1,1,1,0,18,0,0,26,0.84,20904,1398,4734,2112.58,1787,FALSE,0,0,0,0,0
8278b1e79faaef24789211d064515faa83945f13,1442279012,1,1,1,0,3,4,0,54,0.19,12419,2328,4733,2111.58,3221,FALSE,0,0,0,0,0
c313f0c135d7ef57ac4484ce122006a6f66e151c,1442262246,1,1,1,0,1,1,0,54,0.14,12419,2327,4732,2111.18,3220,FALSE,0,0,0,0,0
e9bfaa7d51b985684ed907d58faff8d3b32c4355,1442250353,1,1,1,0,15,8,0,54,0.07,12412,2326,4731,2110.61,3219,FALSE,0,0,0,0,0
0ae254d6b40b192efceb8786b2b1a313e4bc1673,1442244108,1,1,1,0,18,10,0,54,0.3,12404,2325,4730,2109.83,3218,FALSE,0,0,0,0,0
bbc7b0b59b21ea4fb0f39c153ad2a2193c17486a,1442218194,1,1,1,0,1,1,0,54,0,12404,2324,4729,2109.76,3217,FALSE,0,0,0,0,0
7f284d6ed5d657cd199b1ffba5b60325c5b323f0,1442218144,1,1,1,0,2,2,0,54,0,12404,2323,4728,2108.76,3216,FALSE,0,0,0,0,0
4744f93a47ed717a31eda8b429915cd187902fed,1442218071,1,1,1,0,0,4,0,54,0,12408,2322,4727,2107.76,3215,FALSE,0,0,0,0,0
a2fe87a63a61d8bd8705bb9463efcce7d5f4f7ad,1442218032,1,1,1,0,6,8,0,54,0,12410,2321,4726,2106.77,3214,FALSE,0,0,0,0,0
fa61e30dd59265064df73a7d376b87c1c3cdc181,1442218000,1,1,1,0,51,19,0,54,1.11,12378,2320,4725,2105.77,3213,FALSE,0,0,0,0,0
0fb94ad3c65008588dca92bd49d75d88b9792302,1442206903,1,1,1,0,1,1,0,26,0,20904,1397,4724,2105.16,1786,FALSE,0,0,0,0,0
33a73fb0c46661504b22022301a3584715fd7afa,1442206849,1,1,1,0,135,133,0,26,1.53,20902,1396,4723,2104.17,1785,TRUE,0,0,1,0,0
a61eeeaa033affc4dd4a10c446dd1c440878155a,1442164789,1,1,0,0,0,0,0,0,0,0,0,4722,2104.67,3212,FALSE,0,0,0,0,0
80f6990a436955220c4807f8e7473a72f636eedc,1442122159,1,1,1,0,5,6,0,54,0,12379,2319,4721,2105.19,3211,FALSE,0,0,0,0,0
0d5f8437f5111ca0edb6c095689a0c43c671f466,1442122126,1,1,1,0,1,1,0,54,0.55,12379,2318,4720,2104.19,3210,FALSE,0,0,0,0,0
5e968deb4e480334f216ba4de7831bcbb336bf71,1442116360,1,1,0,0,0,0,0,0,0,0,0,4719,2103.4,3209,FALSE,0,0,0,0,0
ac1ffa2efe79a170189bfa0186e6ae7a3b4d361c,1442074774,1,1,1,0,1,2,0,26,0,20903,1395,4718,2103.89,1784,FALSE,0,0,0,0,0
ed2e6d16c820fb1e3286bae9681397def1c30d9a,1442074755,1,1,1,0,10,2,0,26,0,20895,1394,4717,2102.89,1783,FALSE,0,0,0,0,0
dafe8078880fafda87a7319abeae9b80678b11c6,1442074725,2,2,2,0.229363,20,6,0,56,0.99,16630,1533.5,4716,2101.89,2495,FALSE,0,0,0,3,0
1320706172e1cf8f050f839067010fe5ee6a487b,1442041213,1,1,1,0,1,1,0,54,0.01,12379,2316,4715,2102.08,3207,FALSE,0,0,0,0,0
fb4cf9e78f694d39f8780d0bf9a704e21fe1036e,1442040452,1,1,1,0,4,4,0,54,0.17,12379,2315,4714,2101.11,3206,FALSE,0,0,0,0,0
8cbb8befd4220a4de50237b3827001adde2d417f,1442025928,1,1,1,0,7,3,0,53,0.06,12375,2314,0,0,0,FALSE,0,0,0,0,0
aa303df3876cd3b42d161b41176f69c4048fa169,1442021103,1,1,2,0.0761496,477,402,0,1,12.61,1813,1.5,4713,2100.8,3205,FALSE,0,0,0,99,81
e42d29611c3bfa68fec67a4a5a801f5146f9e870,1442020954,1,1,1,0,1,1,0,53,0.01,12375,2313,4712,2099.81,3204,FALSE,0,0,0,0,0
a5213f12916ab33dbcfc770b1d58e2592eace68e,1442019800,1,1,1,0,4,1,0,53,0,12372,2312,4711,2098.85,3203,FALSE,0,0,0,3,0
875dfec5705225289f41ff7a64d44a4ef9d194f3,1442019769,1,1,1,0,2,2,0,53,0.21,12372,2311,4710,2097.85,3202,FALSE,0,0,0,0,0
6edde288ee969c62d48894d645f582dc7d43bd89,1442019739,1,1,0,0,0,0,0,0,0,0,0,4709,2096.85,3201,FALSE,0,0,0,0,0
a6ead181216f07b119ac4c9c23cde31e54156174,1442001454,1,1,1,0,2,2,0,53,0.74,12372,2310,4708,2096.5,3200,FALSE,0,0,0,2,0
7245570405d36f74952ada1e99d75f3a5f2ab6b0,1441938310,1,1,0,0,0,0,0,0,0,0,0,4707,2097.74,3199,FALSE,0,0,0,0,0
38a37f1b18979f3fb687b3a903a60e5591ed9905,1441937287,1,1,1,0,1,1,0,53,0,12372,2309,4706,2096.78,3198,FALSE,0,0,0,1,0
5c98ab4b8f117b0c6bf38e90ebca29f4fbef255d,1441937257,1,1,1,0,10,19,0,53,0,12381,2308,4705,2095.78,3197,FALSE,0,0,0,0,0
5ddb1ef76d4f1cd614c297058d07301a64f70835,1441937216,1,1,1,0,0,1,0,53,0,12382,2307,4704,2094.78,3196,FALSE,0,0,0,0,0
8b320f913dcac184f93c0fbd39952cf7097e3b70,1441937168,1,1,1,0,1,1,0,53,0,12382,2306,4703,2093.79,3195,FALSE,0,0,0,1,0
8e0011d07a10b5f9cd66569b8afdece9d57adef6,1441937125,2,2,2,0.524917,86,47,0,55,0.64,16612,1527.5,4702,2092.79,2487.5,TRUE,0,0,0,0,1
e50734a6fb5ba768474a219175cd4d4c42a1b920,1441937033,1,1,0,0,0,0,0,0,0,0,0,4701,2091.79,3193,FALSE,0,0,0,0,0
307dae4facf7e8c8952a22a09958e3cc90893c8e,1441895936,1,1,1,0,4,4,0,53,0.36,12352,2304,4700,2092.25,3192,FALSE,0,0,0,0,0
d8c5f85cd22ec035eb18a4f76afa3d0d23c084dd,1441867537,1,1,1,0,25,22,0,26,0.03,20869,1391,4699,2092.25,1780,FALSE,0,0,0,0,0
94c95469e15cb15477d6cafd050a601cad13e36f,1441864684,1,1,1,0,7,5,0,26,0,20867,1390,4698,2091.35,1779,FALSE,0,0,0,5,0
e8244f7f0770d325690a2f2831d57ac73adf140e,1441864626,1,1,1,0,10,4,0,26,0,20861,1389,4697,2090.35,1778,FALSE,0,0,0,0,0
a48f48ca95f85f3d25d11dda3531882acedc2922,1441864584,2,2,2,0.173056,25,0,0,55,0.03,16594,1525,4696,2089.36,2484,FALSE,0,0,0,1,0
4a4e54479a6eecd916a0e39d400c54bcbba51c31,1441861808,2,2,2,1,2,2,0,55,0.12,16594,1524.5,4695,2088.45,2483,FALSE,0,0,0,0,0
86d06e0a4c3b028540302a4dfc5429ce9eec6d96,1441861750,1,1,1,0,80,80,0,26,0.06,20839,1386,4694,2087.46,1775,TRUE,0,0,4,2,0
9b41ae847b010210ea48506d4ac709b86bdae17f,1441856698,1,1,1,0,35,61,0,26,0.11,20865,1385,4693,2086.63,1774,FALSE,0,0,0,0,0
20695548f1f25f2189766818a7805229fccc9401,1441847148,1,1,1,0,184,122,0,26,0.32,20803,1384,4692,2085.97,1773,TRUE,0,0,0,0,0
012cc521f50ac5d855752d0ce64c2d546bae0c6c,1441841536,1,1,1,0,1,0,1,52,0.25,12348,2301,0,0,0,FALSE,0,0,0,0,0
d77c5123c17c5e6d1968db0f5c0d444c8ba10617,1441820090,1,1,1,0,14,14,0,52,0,12348,2300,4691,2085.92,3189,FALSE,0,0,0,0,0
c32a6837e6d72ca3829549897ee8534ebb7c7b0c,1441819783,2,2,2,0.57938,3,3,0,54,0.08,16575.5,1521.5,4690,2084.94,2480,FALSE,0,0,0,0,0
c604be31e0dbc07ecd2b40c347ccfc6816a7431c,1441812688,1,1,1,0,17,0,0,26,0.4,20786,1382,4689,2084.19,1771,FALSE,0,0,0,0,0
0a08edb6d744c68997413e045cf97f60635c3906,1441812679,1,1,1,0,0,6,0,52,0,12354,2298,4688,2083.19,3187,FALSE,0,0,0,0,0
4d7aeb8b964ec488611cf9a7aa80dce83313da10,1441812663,1,1,1,0,1,1,0,52,0.4,12354,2297,4687,2082.19,3186,FALSE,0,0,0,0,0
6b09f1f233172eeff0643213f4ad846a5b74edd4,1441777906,1,1,0,0,0,0,0,0,0,0,0,4686,2082.41,3185,FALSE,0,0,0,0,0
02a28d565bb6de439ed9ad55ce7f7539f7aec6f2,1441777717,2,2,2,0.136139,29,2,0,54,0.55,16556.5,1519.5,4685,2081.41,2477,FALSE,0,0,0,0,0
7364c84b6b41886cc16d1b09f7b2ec58d9e11c80,1441770789,1,1,0,0,0,0,0,0,0,0,0,0,0,0,FALSE,0,0,0,0,0
2ac6e31cc3d6ddbaf58abd5e13cdfad4e9d879b9,1441766973,2,2,1,0,6825,4128,0,26,0.9,18088,1380,4684,2080.79,2476,TRUE,0,2,2,54,132
8bad4ae636fe3011a213cc9d28dda4ca345e0804,1441694106,1,1,1,0,5,5,0,52,0.03,12328,2295,4683,2082.35,3182,FALSE,0,0,0,0,0
f0010ea3a8f1d5c006c5a0ae3bd3bf6ef47b849a,1441691493,1,1,1,0,3,3,0,52,0.02,12328,2294,4682,2081.44,3181,FALSE,0,0,0,0,0
f86bff3bf70b7c692517454ebb692d835245fd36,1441690153,1,1,1,0,4,4,0,52,1.06,12328,2293,4681,2080.49,3180,FALSE,0,0,0,0,0
99b0094dcd10742a4b878177eae8dee3e3f41a00,1441689260,1,1,1,0,2,2,0,26,0.01,18088,1379,4680,2079.52,1768,TRUE,0,0,0,0,0
db86a6ff1cb92407d2381f66fb65b7a182b8231e,1441688744,1,1,1,0,0,2,0,26,0,18090,1378,4679,2078.54,1767,FALSE,0,0,0,0,0
cbc188916d3c48c030881e02fa20cfabd6a56b5b,1441688397,1,1,1,0,0,2,1,26,0.02,18092,1377,4678,2077.55,1766,FALSE,0,0,0,0,0
2f411230c5bbc996a9c6ba5cf86cba3cf21a54c0,1441687009,1,1,1,0,90,0,0,26,0.96,18002,1376,4677,2076.6,1765,FALSE,0,0,0,0,0
b9c8c877b7eea12300b94528a4227e376053b7ca,1441683427,1,1,0,0,0,0,0,0,0,0,0,4676,2075.73,3179,FALSE,0,0,0,0,0
13e4ba622eccbdab67d3f6cc18e096bdecc4efeb,1441679961,1,1,0,0,0,0,0,0,0,0,0,4675,2074.85,3178,FALSE,0,0,0,0,0
7863256de5901d1907603da3a4250088a04fa9e0,1441604467,1,1,1,0,122,92,1,26,0.01,17972,1375,4674,2076.49,1764,TRUE,0,0,0,0,0
d81e029ec07b67a3cd7554959a209c09859f1b88,1441603929,1,1,1,0,18,0,0,26,0,17954,1374,4673,2075.51,1763,FALSE,0,0,0,0,0
f6500eafb61b3fdd0970ef1fef2fbf3b7fad428c,1441603790,1,1,1,0,160,73,0,26,0.1,17867,1373,4672,2074.51,1762,TRUE,0,0,0,0,0
9da03f529f69a91d90627ae206c29c14005f7feb,1441598705,1,1,1,0,6,3,0,52,0.13,12325,2292,4671,2073.69,3177,FALSE,0,0,0,0,0
1e1e4fd557664ea5a6f1e8c1b5f4d0890fed6469,1441595070,1,1,1,0,91,0,0,26,0.02,17776,1372,4670,2072.82,1761,TRUE,0,0,0,0,0
08f8e659fdd47b453d537f532014f8f1cb0a30ff,1441593522,1,1,1,0,206,226,0,26,0.88,17796,1371,4669,2071.87,1760,FALSE,0,0,0,0,0
fc69fe1f2146733698548c63d558b33caa16ea68,1441587628,1,1,1,0,8,4,0,52,0.04,12321,2291,4668,2071.07,3176,FALSE,0,0,0,0,0
38a16805ede182832109eaaf58cba1c0f30c3518,1441584077,1,1,1,0,6,3,0,52,0.77,12318,2290,4667,2070.2,3175,FALSE,0,0,0,0,0
dfd4ae9ea4f0ec88f3b234c29590de872cfde1af,1441517378,2,2,2,0.086271,42,5,0,54,0,15038.5,1511,4666,2071.52,2466.5,FALSE,0,0,0,0,0
5c9585b2b0d10521c9e73053e3d7acc3cda95c35,1441517351,2,2,2,0.756895,17,5,0,54,0.46,15032.5,1510.5,4665,2070.52,2465.5,FALSE,0,0,0,0,0
dc2e769d9ad84a29e5e6b830e8774d78fd8076d4,1441477506,2,2,2,0.210758,8,6,0,54,0.06,15031.5,1510,4664,2070.91,2464.5,FALSE,0,0,0,0,0
15a4fb7adf497e94681c149c8e903aebfd41f5e7,1441472421,1,1,1,0,24,0,0,26,0.02,17760,1367,4663,2070.09,1756,FALSE,0,0,0,0,0
7bb10d56f8b4332067b33af6ecdbe4a408c4bcb0,1441472408,1,1,1,0,14,0,0,52,0,12265,2286,4662,2069.09,3171,FALSE,0,0,0,1,0
650282b186ce569823ae712102188cd7c9ee457e,1441472378,1,1,1,0,8,8,0,52,0.02,12265,2285,4661,2068.09,3170,FALSE,0,0,4,8,0
ded3cfc2512f3ca89becd0fc81bdcac391935c35,1441470652,2,2,2,0.377073,15,2,0,54,0.01,15006,1508,4660,2067.15,2462,FALSE,0,0,0,0,0
a4fee3a3adacdb43f06012caf19905904ba3a48b,1441470369,1,1,1,0,46,0,0,26,0.01,17701,1365,4659,2066.16,1754,FALSE,0,0,0,0,0
58d7404ee4a0a205647cbe558d63dc352b71a214,1441469678,1,1,1,0,12,0,0,26,0.01,17689,1364,4658,2065.18,1753,FALSE,0,0,0,0,0
556eee85633d262ca8e865912390c4f3f975ce9e,1441469086,2,2,2,0.190101,30,16,0,54,1.11,14970,1506.5,4657,2064.2,2460,FALSE,0,0,0,0,2
4510ada21e55037ef20403c244f2b9872ec33247,1441381468,1,1,1,0,15,14,0,51,0.01,12245,2281,4656,2066.25,3167,FALSE,0,0,0,0,0
1422f50ee9f41de048a963f4cbd15b0f8b0116b4,1441380965,1,1,1,0,7,17,0,26,0,17699,1362,4655,2065.26,1751,FALSE,0,0,0,0,0
e516d99b2d53a4d416e3993e31411af41ea24b92,1441380936,2,2,2,0.171515,29,13,0,53,0.33,14964,1504.5,4654,2064.26,2458,FALSE,0,0,0,0,0
1be4adf365dfa7f7fcf5edf1213e9677ba9c68c4,1441364702,1,1,1,0,14,9,0,51,-0.19,12246,2282,0,0,0,FALSE,0,0,0,0,0
b534b83756952f12a9c0f1b5396ad8acc26746ff,1441353767,1,1,1,0,2,7,1,26,0.03,17703,1360,4653,2064.21,1749,FALSE,0,0,0,0,0
41b537249b82f5a852b8ccb7c820357694788960,1441351237,2,2,2,0.117385,88,42,0,53,0.09,14943.5,1503.5,4652,2063.29,2456.5,FALSE,0,0,0,0,3
4a87acf1accaa1af00f46141d701e4b35c4f3413,1441343637,1,1,1,0,4,4,0,51,0,12185,2278,4651,2062.56,3164,FALSE,0,0,0,0,0
41d3b66867c587dae5e76617d5eb7b1665e11ff5,1441343537,1,1,1,0,4,4,0,51,0,12185,2277,4650,2061.56,3163,FALSE,0,0,0,0,0
3ef7ae24e5d85920fae35dd942e78e842c52cfdc,1441343282,2,2,2,0.734496,83,17,0,53,0.12,14910.5,1502,4649,2060.57,2454.5,FALSE,0,0,0,1,4
824d3b75f903a0d75f8fb4844415760cf36e4adc,1441335939,1,1,1,0,1,0,0,51,0.03,12168,2275,4648,2059.82,3161,FALSE,0,0,0,0,0
ee776fd0de1807a51fd75d9183301c256ef77209,1441335175,1,1,1,0,1,1,0,51,0.29,12168,2273,4647,2058.85,3160,FALSE,0,0,0,0,0
38a802fed35672ae9abd38122fb63315c8f87c71,1441333031,1,1,1,0,2,2,1,51,-0.02,12168,2274,4646,2057.92,3159,FALSE,0,0,0,0,0
a1f29d8f4a2efbfd37403942a58c22d28bd518d7,1441330137,1,1,1,0,41,13,0,26,1.67,17624,1357,4645,2057.02,1746,FALSE,0,0,0,0,0
617dd703e192495b68eff0ab986949ccec33d059,1441318930,1,1,1,0,5,5,0,51,0.1,12166,2271,4644,2056.41,3158,FALSE,0,0,0,0,0
e63d7ff9d56ea11f6928e3fef86bdb0cfee40ff5,1441310322,1,1,1,0,6,6,0,51,1.44,12166,2270,4643,2055.71,3157,FALSE,0,0,0,0,0
3e42a817a1dd9ed8bae3519721c77d0c0ec2e5fd,1441310286,1,1,1,0,8,6,1,51,-0.1,12166,2272,4642,2054.71,3156,TRUE,0,0,0,0,0
7e73b27edf7ad599c1cff9314bd3e421c6af9a38,1441305944,1,1,0,0,0,0,0,0,0,0,0,5,4.45,4,FALSE,0,0,0,0,0
085e2c24d3d401636f8515712cda3d382ae59d73,1441296749,1,1,2,0.719454,0,259,0,1,166.88,129.5,3.5,4641,2054.17,1745,FALSE,0,0,2,4,12
cc77eb7855ad20048ed1eb846585439ef02c441f,1441296266,2,2,2,1,10,10,0,52,0.02,14831,1497.5,4640,2053.19,2449.5,FALSE,0,0,0,0,0
8e9f9f6f2fc93a30eb333a547d78432422a70dc6,1441295228,1,1,1,0,55,13,0,50,0.79,12080,2267,4639,2052.22,3154,TRUE,0,0,0,0,2
51006e8304b48cfb1d8bdad1092dc130c44803f6,1441293753,1,1,1,0,75,75,0,25,0.51,17540,1354,4638,2051.28,1743,FALSE,0,0,0,0,0
830be3d918d0054981989a474f84f715302d3d79,1441249574,1,1,1,0,5,3,0,25,0.37,17538,1353,4637,2051.79,1742,FALSE,0,1,0,0,0
fce2bd89c7c5865a08ed81cd51fc413319b7a458,1441226984,1,1,1,0,5,5,0,50,0.48,12080,2266,4,3.46,3,FALSE,0,0,0,0,0
0926e5a986f8ede5fd52384a30cff623ea1d9ddd,1441217191,1,1,2,0.278129,5,6,1,26,22.56,8912,708,4636,2051.9,1741,FALSE,0,0,0,0,0
b61411956c9bcf43cf44862d54a337fa0adadde4,1441213339,1,1,1,0,8,8,1,24,0.51,17540,1351,3,2.46,0,FALSE,0,0,0,0,0
5648fe940c07f92c940e995d20b3597bf680fe66,1441208686,1,1,1,0,3,2,0,5,23.46,921,168,4635,2051.19,1740,FALSE,0,0,0,0,0
6898b896d19a493a5ce56da519c698c0baabeff9,1441185746,2,2,2,0.590772,129,1,0,52,-1.28,14831,1498,0,0,0,TRUE,0,0,0,0,1
57ad32448f16dadf3be7d3edbcf7ef04a75b9539,1441185339,1,1,1,0,1,1,0,50,0.18,12080,2265,2,1.46,2,FALSE,0,0,0,0,0
b4db3c050d21194b1e550972105d91846e346bb4,1441169428,2,2,2,0.386149,57,43,0,52,0.99,14803,1493.5,4634,2051.54,2446,TRUE,0,0,0,8,0
3f954ca790d36be6105dc256065bce3fcd1f9e75,1441095435,1,1,1,0,50,0,0,24,0.02,17490,1349,4633,2053.08,1738,FALSE,0,0,0,0,0
6e0174e879f6ab4e0a3d5a3d359ade6dde8edd71,1441093615,1,1,1,0,64,66,0,24,0.01,17492,1348,4632,2052.15,1737,FALSE,0,0,0,0,0
e4873f19824f4eaa531c5ab472940097f8458c13,1441093057,1,1,1,0,15,0,0,24,0.01,17477,1347,4631,2051.17,1736,FALSE,0,0,0,0,0
3d35817a2fd10f06bfd1a9384b83d138c86223e1,1441092188,1,1,1,0,15,6,0,24,0.04,17468,1346,4630,2050.2,1735,FALSE,0,0,0,0,0
8c6aef3edb7b5e7ccadf8f95003ae70b8344e682,1441089127,1,1,1,0,6,6,0,24,0.16,17468,1345,4629,2049.3,1734,FALSE,0,0,0,0,0
5fd8939b7d6a27dd16ffbaaf7f17c80e511df526,1441075232,1,1,1,0,3,3,0,24,0.02,17468,1344,4628,2048.78,1733,FALSE,0,0,0,0,0
4c1b578b80f4876e1a4127fcafd93661c75b61bf,1441073760,1,1,1,0,17,2,0,24,0,17453,1343,4627,2047.83,1732,FALSE,0,0,0,0,0
f6bf81d16feed7bd2db11d3eac848e05ca5b44f8,1441073489,1,1,1,0,9,9,0,24,0.02,17453,1342,4626,2046.84,1731,FALSE,0,0,0,0,0
2d8cc576429f328fff74cc5773464bda10988983,1441072057,2,2,2,0.917275,28,6,0,52,0.41,14748.5,1489,4625,2045.89,2441,FALSE,0,0,0,0,2
3b131f02313fc59c0a5b4a7a5ab49b96f6eca856,1441069447,1,1,1,0,7,4,0,24,0.01,17434,1340,4624,2044.97,1729,FALSE,0,0,0,0,0
202ce472bbabdd64f154fb3f424feffb3589ad27,1441068846,1,1,1,0,61,95,0,24,0,17468,1339,4623,2043.99,1728,FALSE,0,0,0,0,0
7206edec2e45b1bee99a20d5a2abe4b363d5cef7,1441068752,1,1,1,0,43,51,0,24,2.9,17476,1338,4622,2043,1727,FALSE,0,0,0,1,0
9e86efadbcc2a0720282bce10924e6d9ea155077,1441003234,1,1,1,0,27,4,0,50,2.14,12037,2262,4621,2044.23,3151,FALSE,0,0,0,1,0
a0cd024b397df5ddf926ce640be9d44f7ae09166,1440954568,1,1,1,0,2,2,0,50,0.01,12002,2260,4620,2044.9,3150,TRUE,0,0,0,0,1
4fbb31b4dc5e6b8ddeb18dae063e73a2c0d8fa62,1440953959,1,1,1,0,4,4,1,50,0.02,12002,2259,4619,2043.92,3149,FALSE,0,0,0,0,0
09bcc5aaecdab9103b88fb0c8c4432666bf10ffd,1440952643,1,1,1,0,606,611,0,50,0.03,12007,2258,4618,2042.96,3148,TRUE,0,0,0,28,10
c921c9bd12b3d47bd6c65e967e9112f0adf13832,1440950292,1,1,1,0,135,24,0,50,0.16,11896,2257,4617,2042.04,3147,TRUE,0,0,0,0,0
257d957dfb9febfb1517c2a6ef5f55876d352f85,1440936695,1,1,1,0,15,4,0,50,0.01,11885,2256,4616,2041.5,3146,FALSE,0,0,0,0,0
a0a6f0ae87d05f7396d9d8ca8df62fabb6513c7c,1440935686,1,1,1,0,2,2,0,50,0.01,11885,2255,4615,2040.54,3145,FALSE,0,0,0,0,0
c396b60612f0f862e354673a36bc89dd3cad90d4,1440935132,1,1,1,0,3,4,0,50,0.01,11886,2254,4614,2039.56,3144,FALSE,0,0,0,0,1
98a97b1eaf52fd824abdad29399e440871abc69f,1440934049,1,1,1,0,13,36,0,50,0.03,11909,2253,4613,2038.59,3143,FALSE,0,0,0,0,0
8f621b38bfc67f64a9bf7af347e3398477790a39,1440931834,1,1,3,0.398612,325,172,0,1,18.48,1190.33,128.67,4612,2037.67,3142,TRUE,0,0,1,316,238
7d6fcc75daaec2bb2346ced3f75c83c537b1debd,1440931147,1,1,1,0,3,9,0,50,0.14,11915,2252,4611,2036.69,3141,FALSE,0,0,0,0,0
ecd8b7f614235d124fd688339cca0b6010aee5f0,1440919237,1,1,1,0,2,2,0,49,0.53,11915,2251,0,0,0,FALSE,0,0,0,0,0
cc1bcc25b964a92cd0e69e8ff1c31856308157eb,1440881078,1,1,0,0,0,0,0,0,0,0,0,4610,2037.39,3140,FALSE,0,0,0,0,0
b792276a001bf118827180bcb3ba7801688fdf33,1440874730,1,1,0,0,0,0,0,0,0,0,0,4609,2036.61,3139,FALSE,0,0,0,0,0
b1d52ccd82caa374094b9c872883cdb622537a46,1440873757,3,3,5,0.18554,110,142,0,52,13.16,6406.8,626.4,4608,2035.64,1677.67,FALSE,0,0,0,0,0
cc0e91ac2f107def1b93b4106d02b958406b18e5,1440870743,1,1,1,0,0,62,0,24,0,17459,1335,4607,2034.74,1725,FALSE,0,0,0,0,0
dfac7b4261649b3dd62c962ebbb0d006efaf1b15,1440870722,2,2,2,0.52206,54,47,0,51,0.07,14683.5,1480,4606,2033.74,2430.5,FALSE,0,0,0,2,4
1258eef2132c04a3dc08c3f6ee01c1b04e1f8511,1440865113,1,1,1,0,2,2,0,49,0,11916,2248,4605,2032.93,3136,FALSE,0,0,0,0,0
f79148fa625ea4a7084ccd03ab0b9fbeb867c8ef,1440865008,1,1,1,0,21,22,0,49,0,11917,2247,4604,2031.94,3135,FALSE,0,0,0,0,0
4d2aa29926fd12becc03a163344154972d4a4a87,1440864769,2,2,2,0.38506,46,96,0,51,0,14709,1478.5,4603,2030.94,2428.5,FALSE,0,0,0,0,1
f016840c533b2aa394cb3df1df5ceeb564583a65,1440864629,2,2,2,0.19863,36,23,0,51,1.01,14702.5,1478,4602,2029.95,2427.5,TRUE,0,0,0,7,0
433331adac95cc681e18b07f561bc36bef52799f,1440818102,2,2,2,0.522245,114,0,0,52,-1.11,14699.5,1486.5,14,10.5,9.5,FALSE,0,0,0,1,0
cffeec471338fec87f251a0bfa00293b595089c1,1440777185,2,2,2,0.313082,82,87,0,51,0.61,14705,1477.5,4601,2031.9,2426.5,TRUE,0,0,0,4,0
fcbe4620cd2c1f530c6e1d94f5e118d384d96908,1440750950,1,1,1,0,3,12,0,49,0.68,11946,2243,4600,2031.79,3131,FALSE,0,0,0,0,0
5a5e0363c2564baa5666ad3d12492f4b07b1ea31,1440697163,1,1,1,0,0,3,0,24,0.02,17476,1330,4599,2032.61,1720,FALSE,0,0,0,1,0
64512ee2ae388cc67a3e8e662e921483fd3653e3,1440695331,1,1,1,0,1,1,1,24,0.03,17476,1329,4598,2031.67,1719,FALSE,0,0,0,0,0
ce4f2f13262d2cc5d1221751094c76f34c1416fe,1440692497,2,2,2,0.0510836,34,17,0,51,0.75,14702.5,1475.5,4597,2030.77,2424,FALSE,0,0,0,0,2
dfebb83c35a5a6fe095306098aba73db72fc9520,1440654182,1,1,1,0,8,5,0,2,17.04,442,99,4596,2031.06,1717,FALSE,0,0,0,0,0
0ba226e3c2d84bc622c90d128a4342aca2d7444a,1440652878,1,1,1,0,1,1,1,49,0.03,11946,2241,4595,2030.1,3129,FALSE,0,0,0,0,0
e0f59eccf0808b51deb227129850ce9809cbdac4,1440650632,1,1,1,0,3,1,0,49,0,11944,2240,4594,2029.18,3128,FALSE,0,0,0,0,0
820e720b0ab39ddc5eedde3cc65bb17243b9bea4,1440650617,1,1,1,0,4,4,0,49,0,11944,2239,4593,2028.18,3127,FALSE,0,0,0,0,0
936c5f5d3d3e6e8b4af2267a8d58c4bd1021ac42,1440650592,1,1,1,0,14,3,0,49,0.55,11933,2238,4592,2027.18,3126,FALSE,0,0,0,0,0
d0b3b8de44637f8f7fea77888cf7d8efa1472a9b,1440603022,1,1,1,0,2,2,0,24,0,17459,1327,4591,2027.78,1716,FALSE,0,0,0,1,1
89d53306f3d964c47903d6e1962541721f457924,1440603006,2,2,2,0.343098,11,12,0,51,0,14696.5,1472.5,4590,2026.78,2420,FALSE,0,0,0,5,0
e30a20120cf6c78aca2e2ed41d54949b683a37a5,1440602836,2,2,2,0.921931,278,173,0,51,0.39,14644,1472,4589,2025.79,2419,TRUE,0,0,0,21,6
790d6331f8f3313730286be83fc00da449210e02,1440569532,2,2,2,0.251463,5,7,0,51,1.8,14645,1471.5,4588,2025.91,2418,FALSE,0,0,0,0,1
9121ab95eaf45e20bf28b2e5dc53e1ecaf638a2e,1440464982,1,1,0,0,0,0,0,0,0,0,0,4587,2028.44,3122,FALSE,0,0,0,0,0
0646bacd86b3c97b4a5c71073641381b1ffe4be9,1440437663,14,14,662,0.331996,24812,19613,0,1,76.88,39.05,0.03,4586,2028.36,243.286,FALSE,0,0,31,532,373
b09e5cf5a795372630233863818879f2d4931f4d,1440429771,1,1,1,0,3,2,0,24,2.57,17422,1323,4585,2027.63,1712,FALSE,0,0,0,0,0
b53a8e873d9199a180bd7ab0878a0139029f7d13,1440398215,1,1,1,0,9,9,0,49,0,11867,2234,4584,2027.69,3120,TRUE,0,0,0,0,2
4c38963c6fd3ebd0cc180d0d48483ba401022e03,1440398165,1,1,1,0,32,30,0,49,0.2,11865,2233,4583,2026.69,3119,FALSE,0,0,0,0,0
b0d6c345651532172962dc50a7c655860547d15d,1440380471,1,1,1,0,6,2,0,49,0.94,11861,2232,4582,2026.29,3118,FALSE,0,0,0,0,0
e253f58aac1b88e08e17f59f76ac678d1bba6eac,1440299375,1,1,1,0,2,0,1,49,0.06,11859,2231,4581,2028.03,3117,FALSE,0,0,0,0,0
0a9c9411f032f462522d579784ea5757d4813df7,1440294897,1,1,2,0.336081,76,144,0,1,24.01,1770.5,0.5,4580,2027.18,3116,TRUE,0,0,0,68,66
0aa8ad202aaa91c32720e5e274ca30d12d642d8d,1440294108,1,1,1,0,5,14,0,49,1,11868,2230,4579,2026.2,3115,FALSE,0,0,0,0,0
7bc5a501c44961d1133d7920d98d44b4ee2f6694,1440207331,2,2,2,1,3,5,0,51,0.81,14646,1468,4578,2028.13,2412.5,FALSE,0,0,0,0,0
4691a38d21955b644e59a116cfd07108169e3edf,1440190619,1,1,1,0,14,3,0,49,0.09,11859,2228,4577,2027.7,3113,FALSE,0,0,0,0,0
00bae752d0f456592c86bcec556829b1a964dfe6,1440182943,1,1,1,0,2,2,0,48,0.14,11859,2227,0,0,0,FALSE,0,0,0,0,0
e253fe05473c6c378026211c77ad1c5547a8f41b,1440170929,1,1,1,0,1,1,0,48,1.01,11859,2226,4576,2027.37,3112,FALSE,0,0,0,0,0
e35d73be8f7a1ed3235e76b2924849cce25afaf2,1440083801,2,2,2,0.57938,2,1,0,50,0.01,14640,1466,4575,2029.31,2410.5,FALSE,0,0,0,0,0
f9f7af2430c5ad35b50c8b9e9bbcee34915fba10,1440082991,2,2,2,0.215128,23,32,0,50,0.2,14644.5,1465.5,4574,2028.34,2409.5,FALSE,0,0,0,2,0
7aef780b14c358e4a8b7d49348bbe1dc81987226,1440082964,1,1,1,0,1,1,0,48,0.4,11865,2223,4573,2027.34,3109,FALSE,0,0,0,0,0
5644a20eec1e3f073db9adc506d6236bba7567c1,1440048048,2,2,2,0.65767,85,2,0,49,0.11,14603,1464.5,0,0,0,TRUE,0,0,0,2,0
b135431542a495cb0ee54ff9ab7146cba970bd4b,1440047270,1,1,1,0,0,18,0,47,0.01,11853,2221,4572,2027.55,3108,FALSE,0,0,0,0,0
efdb254b12ed214313d8c59cc3149bfa0e5f5973,1440046568,1,1,1,0,5,2,1,47,0.22,11850,2220,4571,2026.57,3107,FALSE,0,0,0,2,0
8fd2f0ae11d63554d7d5b915fe5272eb1601bd0c,1440029343,1,1,1,0,30,27,0,23,0.74,17368,1318,4570,2026.16,1708,FALSE,0,0,0,0,0
3f7ee9bd2e02dd35190351b8245149548b8df0f3,1440027744,1,1,1,0,0,1,0,47,0,11851,2219,4569,2025.21,3106,FALSE,0,0,0,0,0
a049c1189e79a29216bc7be1bf89e8c4f4f0b2b6,1440027734,1,1,1,0,7,7,0,47,0.72,11851,2218,4568,2024.21,3105,FALSE,0,0,0,0,0
9859b1555f3b8981f38ee570db69338c7a55f783,1439965767,2,2,2,0.0129673,126,62,0,49,0.4,14577.5,1461.5,4567,2025.3,2405.5,TRUE,0,0,0,5,9
356e47a6a384556a6c248593492d211b0bdc992e,1439931784,1,1,1,0,1,1,0,47,0.59,11787,2216,4566,2025.45,3103,FALSE,0,0,0,0,0
2c1c8fc8dfaf4169579cc5a18ec52aea805cf71e,1439930815,1,1,1,0,0,10,0,23,0.58,17378,1316,4565,2024.48,1706,FALSE,0,0,0,0,0
e7bdd4a624a66cd655d9330878c838ecf2247bfe,1439880987,2,2,2,0.251463,12,12,0,49,1,14582.5,1460,4564,2025.17,2403.5,FALSE,0,0,0,0,0
1a9069e80a5bd2cd85e409447ca9f1c45b000616,1439796245,1,1,1,0,0,1,1,23,3.64,17379,1314,4563,2027.03,1704,FALSE,0,0,0,2,0
484861e3ee55205435c23a853657b092e5ed7daa,1439792998,1,1,1,0,15,15,0,47,0,11787,2214,4562,2026.14,3101,FALSE,0,0,0,4,0
99ba0a4927249208eac8f09a022b02d4b2cf328c,1439792886,1,1,1,0,7,6,0,47,3.6,11786,2213,4561,2025.15,3100,TRUE,0,0,0,0,0
ba3ede584eda7779e18d39cd38700e6060b11996,1439481468,2,2,2,0.538499,53,36,0,49,0.31,14574,1458,4560,2034.74,2401,FALSE,0,0,0,0,0
dd472f489b607819241c49ac88a0debdd34a96e3,1439454624,2,2,2,0.57938,24,6,0,49,5.61,14565,1457.5,4559,2034.66,2400,TRUE,0,0,0,6,0
9f0dd40b3b4d8187d790e26849786edb890f6473,1439392480,1,1,0,0,0,0,0,0,0,0,0,4558,2035.79,3097,FALSE,0,0,0,0,0
edc03287aa3f3c5165656bdcb547567955c0228e,1439273314,1,1,1,0,13,10,0,47,1.96,11777,2210,4557,2038.88,3096,TRUE,0,0,0,0,0
d6dc7627b9ecc871e29b224f758d7ecbcc7185bd,1439182170,1,1,1,0,63,24,0,2,1.21,403,98,4556,2041.01,1701,TRUE,0,0,0,0,0
59773ca284d6b5677788715cd8c424f6d2f8f8ee,1439181496,1,1,1,0,20,17,0,1,23.99,133,61,4555,2040.04,1700,TRUE,0,0,0,0,0
6aa01ffe05eebcf917e8dbed072b247c9cba343a,1439181362,1,1,1,0,0,2,0,5,1.16,923,167,4554,2039.04,1699,FALSE,0,0,0,0,0
5b3de94fee2f210713e893cdd06bd14660362123,1439181264,1,1,1,0,23,14,0,2,23.99,167,55,4553,2038.04,1698,FALSE,0,0,10,0,0
b4edf122f62abcde6124fed4a74e0faebace8dd5,1439104157,1,1,1,0,6,6,0,47,4.07,11777,2209,4552,2039.7,3095,FALSE,0,0,0,0,0
1647c4deab5ee15d10747e1c5f6a46b07ffda272,1439081192,1,1,1,0,12,12,0,5,0.01,923,166,4551,2039.49,1697,FALSE,0,0,0,0,0
3efb91e86d9be2ab257f41e7c4b4a3d134f5806d,1439080528,1,1,0,0,0,0,0,0,0,0,0,4550,2038.51,3094,FALSE,0,0,0,0,0
d6f73054a55b6b08802b5f09fc9573c8219c43c7,1439080515,1,1,1,0,13,16,0,5,22.82,926,165,4549,2037.51,1696,FALSE,0,0,0,0,0
bd9b38665d1d5d0214024a110b5d57b1e97024a3,1439077967,2,6,13,0.295839,841,548,0,2,99.67,722.85,13.31,4548,2036.6,973.5,TRUE,0,0,4,26,23
4a4badcdc1d58fa5dd23fde41a9b9d12aac2cacf,1438752570,1,1,1,0,8,14,0,47,3.48,11783,2208,4547,2046.85,3093,FALSE,0,0,0,0,0
fa7ebb36dc2e9a494dad682663e7a28b3945f49b,1438666868,1,1,1,0,2,1,0,23,3.36,17349,1311,4546,2048.83,1694,FALSE,0,0,0,0,0
1d77dfa4b7e43d2f4a531f6663bf943bed2a3662,1438616101,11,11,38,0.901866,50,49,0,1,85.11,63.58,0.39,4545,2049.6,303,FALSE,0,0,0,0,1
447440776b95d05684761371bfb7811ada81d71b,1438452726,1,1,0,0,0,0,0,0,0,0,0,4544,2054.32,3091,FALSE,0,0,0,0,0
f5714f2eb00482505874f38d5c16d9e23933faf9,1438452213,1,1,1,0,5,9,0,47,0.76,11787,2207,4543,2053.34,3090,FALSE,0,0,0,0,0
a3b76f9259e1d8fee2579b418bab1422622815c3,1438386531,1,1,1,0,1,1,0,47,0.12,11787,2206,4542,2054.65,3089,FALSE,0,0,0,0,0
ba71421a23e89230649f4901ba010d965b50c086,1438376595,1,1,1,0,2,2,0,23,0,17349,1310,4541,2053.99,1693,FALSE,0,0,0,0,0
61251b305ddfc043ab565d01f948c61c2d7dfadd,1438376579,2,2,2,0.472003,11,42,0,49,0.23,14583.5,1453.5,4540,2053,2390,FALSE,0,0,0,0,0
73464d6bb6ecf9fb0312ae93ab4a250da4963ddd,1438356944,2,2,2,0.41728,169,85,0,49,0.82,14541.5,1453,4539,2052.68,2389,TRUE,0,0,0,8,2
7f7ebed4ea8c94cd6558b93f1766596b035d358d,1438302321,1,1,1,0,1,1,0,47,0.37,11771,2203,4538,2053.6,3086,FALSE,0,0,0,0,0
5c5380926968a92baaef6925529fe01d6c79b3b5,1438269965,1,1,1,0,8,6,0,47,0.01,11769,2202,4537,2053.74,3085,FALSE,0,0,0,0,0
3935d5f2f710cb074683066896818bbb8ec7bddd,1438269022,2,2,2,0.278129,9,2,0,49,0.37,14537,1451.5,4536,2052.77,2387,FALSE,0,0,0,0,0
693704a832fd15c05eab72e7e76afe72aa603794,1438237333,2,2,2,0.734496,1,19,0,49,0.52,14546,1451,4535,2052.88,2386,FALSE,0,0,0,0,1
de5c2b906e6162b7f0784304a8636c7973b426f0,1438220226,1,1,2,0.00988725,3541,0,0,0,0,0,0,4534,2052.48,3082,TRUE,0,0,0,69,70
ccb90f46e6da1f1766672d3d5dd8678d847e0510,1438192650,2,2,2,0.815895,12,25,0,49,0.31,14574,1450,4533,2052.45,2384.5,FALSE,0,0,0,0,1
b17f6eee6a903131ecd5bf61136760c015534275,1438192601,2,2,2,0.485724,51,94,0,49,0,14567.5,1450.5,4532,2051.45,2383.5,FALSE,0,0,0,0,3
dfa4cd921e764f0200e1457d84c84f711ee63735,1438183330,1,1,1,0,3,2,0,23,0.77,17322,1303,4531,2050.78,1686,FALSE,0,0,0,0,0
32e0afd19c9e560b9c3fa53585c8bae9890e4efb,1438148518,1,1,1,0,3,2,0,47,0.37,11824,2197,4530,2051,3079,FALSE,0,0,0,0,0
5fb732c0e66f59e491b4492e5fb7daf7ab766461,1438116595,2,2,2,0.529349,11,18,0,49,2.14,14576.5,1448.5,4529,2051.12,2381.5,FALSE,0,0,0,0,0
4ef16c96e5f4c9ee340b661882abd59886c546fd,1437938519,11,11,38,0.90946,49,48,0,1,79.63,374.05,0.42,4528,2056.39,300.727,FALSE,0,0,0,0,1
48a6c4f2bfa4127d6fec9083d47841b25f55d836,1437931952,2,2,2,0.219677,24,3,0,49,0.02,14566,1448,4527,2055.62,2380,FALSE,0,0,0,0,0
f1597386ef95de06b9592bf1f93ac3504c01e064,1437929913,2,2,2,0.200706,57,38,0,49,0.01,14556.5,1447.5,4526,2054.69,2379,FALSE,0,0,0,0,0
731d5b68724cf4ccf189a4fa85a74d35471e2c42,1437928941,2,2,2,0.455597,92,68,0,49,1.86,14544.5,1447,4525,2053.73,2378,FALSE,0,0,0,26,1
ce569e4bc48f34c40e05ec074045e25f3c765b62,1437851817,1,1,0,0,0,0,0,0,0,0,0,0,0,0,FALSE,0,0,0,0,0
f48b8d6d91c1913bc69f24aac9dbeeabc443f8df,1437784796,1,1,1,0,2,3,0,47,0.02,11810,2192,4524,2057.82,3073,FALSE,0,0,0,0,0
4fc94a43839d13f919ec71c55e71d22f3a857c13,1437783156,1,1,1,0,2,2,0,47,0,11810,2191,4523,2056.87,3072,FALSE,0,0,0,0,0
c5057905b6a33815ab2b0e3da407242dcf48ff15,1437783025,1,1,1,0,14,8,0,47,0.36,11804,2190,4522,2055.88,3071,FALSE,0,0,0,0,0
3c388c76c6eb39d1170dca0f69a070654b88f760,1437752202,1,1,1,0,8,4,0,47,0.01,11800,2189,4521,2055.97,3070,FALSE,0,0,0,0,0
a730fe13c7b6ff67a71051b6bec31b332d1ff205,1437751230,2,2,2,0.457352,13,16,0,49,1,14541.5,1444.5,4520,2055,2375,FALSE,0,0,0,0,2
7e42892e6af67052d94473853433d682fa1c9dfd,1437667638,1,3,5,0.275051,146,73,0,1,40.15,1594.8,16.8,4519,2056.96,251,FALSE,0,0,0,1,0
a0c580298e9669173497b743baab4ef92b28243e,1437664885,1,1,1,0,23,22,0,47,2.51,11764,2186,4518,2056.06,3068,FALSE,0,0,0,0,0
4520e0710dc3fd0f8805e02a086b81213c5c2cfe,1437664591,2,2,2,0.0226775,74,36,0,49,1.71,14522.5,1444,4517,2055.07,2373.5,FALSE,0,0,0,2,4
e7ad50d2434ff907ef266c20d870386a6c1a5ecf,1437448133,1,1,1,0,1,1,0,47,0.12,11764,2185,4516,2061.75,3066,FALSE,0,0,0,0,0
1394d42f5886483c83d9aa1b0d74967f1d7bc9f3,1437438177,1,1,1,0,5,5,0,47,0.03,11764,2184,4515,2061.1,3065,FALSE,0,0,0,0,0
a8e95e25ad60175004b492f770a07ccd08d3acd6,1437435629,1,1,1,0,1,1,0,47,0.35,11764,2183,13,10.46,10,FALSE,0,0,0,0,0
0f2419357c2211dd0c7858943ab9a20fbf154ccf,1437417270,1,1,1,0,0,0,0,47,3.61,11718,2167,4514,2060.85,3064,FALSE,0,0,12,236,198
2e57123aa25bf638370a59fe6db97eb65c2da4b1,1437416956,1,1,1,0,0,12352,0,3,0,12352,415,4513,2059.86,3063,FALSE,0,0,7,134,105
e132e878d62cb65cd68907fb1ad713bde136148d,1437416739,2,2,3,0.171213,68,68,0,47,15.07,8335.33,752,4512,2058.87,1768,FALSE,0,0,0,47,31
454aca7003e14994e7b9f6ebc5ab436142690eda,1437411490,2,2,2,0.582019,265,1134,0,47,16.96,15260,1396.5,4511,2058.05,2370,FALSE,0,0,0,12,24
bb78c0ea6d3856335387df56e6e60e2da52effbe,1437411423,1,1,1,0,6,6,0,45,11.89,12556,2103,4510,2057.06,3060,FALSE,0,0,0,0,0
2ccda44c44fc22084dc5231b951fcdf10d3a53a5,1437405064,1,1,1,0,1,1,0,47,0.74,11765,2181,4509,2056.28,3059,FALSE,0,0,0,0,0
87cb4db263864c72a8f5b2a165a71100f6399bb4,1437405030,1,1,1,0,11,12,0,47,0,11765,2182,4508,2055.28,3058,FALSE,0,0,0,0,4
0253c7bcf1bf46c4d15270935a8ab0d78cb1688b,1437402507,1,1,0,0,0,0,0,0,0,0,0,4507,2054.37,3057,FALSE,0,0,0,0,0
9c7b39b7a7ef3d956889b096306a983200befaae,1437369228,1,1,1,0,1,3,0,23,0.33,17282,1296,4506,2054.55,1678,FALSE,0,0,0,0,0
5f4611fce2f338d5203d9161607171a3fd8ec665,1437341193,1,1,1,0,6,5,0,47,0.53,11764,2180,4505,2054.54,3056,FALSE,0,0,0,0,0
c4fa2e70bff09cb299c1a67a6474558ee414aa60,1437341147,1,1,1,0,14,151,0,23,0.09,17419,1295,4504,2053.54,1677,FALSE,0,0,0,0,0
15b1a22501e117202b3ec3551bf805e2b522dc1e,1437333311,1,1,1,0,11,64,0,23,0.09,17472,1294,4503,2052.82,1676,FALSE,0,0,0,0,0
51425788d8681c57a0dbb5990c678e6ffb8c1b3e,1437325413,1,1,1,0,8,3,0,23,0,17467,1293,4502,2052.1,1675,FALSE,0,0,0,0,0
a17d5eea47a63c90d809a934749a1f8d89a8356b,1437325372,1,1,1,0,0,22,0,23,0,17489,1292,4501,2051.1,1674,FALSE,0,0,0,0,0
ef909e8a5466d777ad06581305afa68e544a30cd,1437325343,1,1,1,0,0,25,0,23,0.03,17514,1291,4500,2050.1,1673,FALSE,0,0,0,2,0
4eb2eea8093ddaaeae8a3e168113953539500925,1437322942,1,1,1,0,3,3,0,23,0,17499,1289,4499,2049.19,1672,FALSE,0,0,0,0,0
8a6705617f5128f3c883aad75594f0c92937b5c1,1437322919,1,1,1,0,7,11,0,23,0.32,17503,1288,4498,2048.19,1671,FALSE,0,0,0,0,0
0a24e9854b1069986f08d46b1e289d703b9f49d1,1437322881,1,1,2,0.485347,31,7,0,24,2.8,8887,677,4497,2047.19,1670,FALSE,0,0,0,1,0
40409df88511fc012491c882cfe3abfb2cb5f2a3,1437295156,2,2,2,0.29694,19,7,0,49,0.23,14615,1435,4496,2047.17,2362,FALSE,0,0,0,0,1
bbe122aba5de3cb516e044a08322248d9f8cee2d,1437295123,2,2,1,0,48,23,0,23,0,17478,1287,4495,2046.17,2361,FALSE,0,0,0,2,0
7fdbdae6b98519f2c8727f608f761a23b84aa0a6,1437275498,2,2,2,0.57938,3,3,0,49,0.03,14615,1434.5,4494,2045.86,2360,FALSE,0,0,0,0,0
b87a18bd80867525a18363b84a8cd10a7b953349,1437273381,1,1,1,0,0,1,0,47,0.02,11754,2177,4493,2044.93,3052,FALSE,0,0,0,0,0
6d650a48db71700675cf1c8f74a98867f6266752,1437272562,1,1,1,0,6,6,0,23,0.01,17477,1284,4492,2043.96,1666,FALSE,0,0,0,0,0
54ea0eac8e4daa38f42422408066d139dd9ae0ad,1437271917,2,2,2,0.395382,37,249,0,49,0.27,14721.5,1433,4491,2042.98,2358,FALSE,0,0,0,1,1
4054898170d63001f41159823fd2669cf330c3d3,1437249176,1,1,1,0,14,18,0,47,6,11758,2175,4490,2042.78,3050,FALSE,0,0,0,0,2
8a205e1e32ada1564a88b6c91b0698cbcb2556ab,1437247873,1,1,1,0,95,38,0,23,5.99,17632,1282,4489,2041.83,1664,FALSE,0,0,0,2,1
9a01f3a33725047749689baf93018a5de0f2a918,1437179445,1,1,1,0,3,3,0,47,0,11717,2172,4488,2043.23,3049,FALSE,0,0,0,0,0
f6ea758b851d15cc3bc082e1acdea6dfd21095cc,1437179397,1,1,1,0,5,10,0,47,0.38,11722,2171,4487,2042.23,3048,FALSE,0,0,0,0,0
1e344455b874d7443fbcba678728dd210a43e1fe,1437147633,2,2,2,0.468368,73,23,0,49,0.04,14646,1431,4486,2042.35,2355,FALSE,0,0,0,3,0
51fb82902b7b130847703cd33108ae94c8d11084,1437146759,1,1,1,0,6,2,0,47,0.34,11718,2170,4485,2041.38,3046,FALSE,0,0,0,0,0
3c342adb6732c89d80bb7d0490ff9e98b6d9fccf,1437117400,1,1,1,0,6,6,0,47,0.05,11718,2169,4484,2041.41,3045,TRUE,0,0,0,0,0
24d592f94f32a91f3468417a8f63667feac7059f,1437113003,1,1,1,0,1,1,0,47,-3.52,11718,2168,4483,2040.56,3044,FALSE,0,0,0,0,0
181ebf024c76aba99007334da1e98b6fc0e95220,1437109753,1,1,0,0,0,0,0,0,0,0,0,4482,2039.67,3043,FALSE,0,0,0,0,0
ecf693ac750679fb1433e82bfd3931e20af2970e,1437108457,3,5,7,0.364857,26,38,0,26,65.93,3025.57,231.43,4481,2038.72,1624,FALSE,0,0,0,0,0
82662666392a86f29f8ba9b98c808c74643dfed4,1437108165,1,1,1,0,7,24,0,1,64.03,2875,48,4480,2037.73,250,FALSE,0,0,0,1,0
881733e0998a11064c73f3b7189b9c709e98813c,1437106477,1,1,0,0,0,0,0,0,0,0,0,4479,2036.79,3041,FALSE,0,0,0,0,0
18f778ce1114aa112c675c397161727b3e035532,1437105561,1,1,1,0,1,1,0,47,0,11718,2166,4478,2035.82,3040,FALSE,0,0,0,0,0
b8060a5bcc01abe4e1d5e4db033537aab9282e85,1437105542,1,1,1,0,26,24,0,47,1.29,11716,2165,4477,2034.82,3039,FALSE,0,0,0,0,0
f695af587ab617f6bd57d55261c3e6cfd899a1f3,1437077324,1,1,1,0,16,21,0,46,0.11,11721,2163,4476,2034.81,3038,FALSE,0,0,0,0,0
77596157758b37d19a6379f774d9de620457779a,1437068472,1,1,1,0,14,7,0,23,0.01,17568,1278,4475,2034.11,1661,FALSE,0,0,0,0,0
bbad03547df47ff2ba3759c98cccb6b097574881,1437067470,2,2,2,0.57938,57,72,0,48,0.03,14652,1424.5,4474,2033.15,2348.5,FALSE,0,0,0,2,0
b638f86b75f5d7abaa2245bc11df8e9264d88fa5,1437065780,1,1,1,0,2,1,0,46,0,11724,2161,4473,2032.21,3036,FALSE,0,0,0,0,4
ab6210dc3088a61d8116a43b721f512a404558f7,1437065441,1,1,1,0,4,1,0,46,0.01,11721,2160,4472,2031.22,3035,FALSE,0,0,0,0,1
9ca16e393357b84e513b4c6008583968ef550729,1437064852,1,1,1,0,28,42,0,46,0.02,11735,2159,4471,2030.24,3034,FALSE,0,0,0,14,0
76ab41a742313378905f33c33c9e18b102149e83,1437063826,1,1,1,0,48,5,0,23,0,17536,1276,4470,2029.28,1659,FALSE,0,0,0,0,0
c6f6eb294b66fcef9b2603a3cb6e005ac91b73df,1437063593,1,1,1,0,3,3,0,23,2.6,17536,1275,4469,2028.28,1658,FALSE,0,0,0,0,0
19836a55a3832f37d4f2475ecae3c8df9f5d55a0,1437063551,1,1,1,0,3,4,0,46,0,11736,2158,4468,2027.29,3033,FALSE,0,0,0,0,0
862c7fde6dd7323c3866057d2487fb06079d5ad2,1437063124,1,1,1,0,31,38,0,46,0.98,11743,2157,4467,2026.3,3032,FALSE,0,0,0,0,0
7a34b2982f9247d2b81b81024fa68737737652f1,1436994242,1,1,1,0,3,3,0,46,-0.96,11716,2164,0,0,0,FALSE,0,0,0,0,0
5d842273d94b116751aa68fa2ea489bbc77478fc,1436978035,1,1,1,0,1,1,0,46,0.06,11743,2156,4466,2028.25,3031,FALSE,0,0,0,0,0
33a9ebaba14c1d2d1c36b7ed18d31562522f1a17,1436972755,1,1,1,0,4,5,1,46,0.01,11744,2155,4465,2027.43,3030,FALSE,0,0,0,0,0
192e35882a6a0d863752bd2c6834c58e4da559b5,1436972305,1,1,1,0,20,69,0,46,0.37,11793,2154,4464,2026.45,3029,FALSE,0,0,0,8,2
e6b9aaf4995b6ff7051ccf10e3950aad2d802702,1436971265,1,1,0,0,0,0,0,0,0,0,0,4463,2025.48,3028,FALSE,0,0,0,0,0
b821660e799a2701d0a1b0a62e56a732e75791a9,1436940751,1,1,1,0,2,3,0,46,0.02,11794,2153,4462,2025.54,3027,FALSE,0,0,0,0,0
0beaf47a6444f27a821b29cf9946b4752691a16b,1436939177,1,1,1,0,115,52,0,46,1.16,11731,2152,4461,2024.59,3026,TRUE,0,0,0,2,3
8a9e9e9a11b9f4d1dc8bcc8955e79fdca4e6f9a8,1436838637,2,2,3,0.357802,76,391,0,49,12.54,9952.33,965.33,4460,2027.08,2341,TRUE,0,0,0,12,13
df172443537f74145ad83775f1717cf2c79de85e,1436809745,1,1,1,0,2,2,0,45,0.78,11940,2150,0,0,0,FALSE,0,0,0,3,0
211a6cc4f1413105405e810baea5d2287d1bddea,1436796853,1,1,1,0,8,8,0,45,0.32,11939,2148,4459,2027.53,3024,FALSE,0,0,0,0,0
4c09879aabbe8fe5a10cf90161d75361bb9984ae,1436769106,2,2,2,0.869661,422,269,0,47,0.33,14689,1416,4458,2027.49,2339.5,TRUE,0,0,0,16,2
ffd3e173644a0e32a01787e49ccb8d229c6fdb17,1436742733,2,2,2,0.6973,10,3,0,47,-0.47,14765.5,1417,12,9.66,8,FALSE,0,0,1,0,0
fd526e8754b47fd98e137eb25ce56d35929ddb43,1436740848,2,2,2,0.951815,198,156,0,47,1.43,14668,1415.5,4457,2027.47,2338.5,FALSE,0,0,0,0,4
39068730e2b0ae2c327748b17bf10477c7a485d0,1436730425,2,2,2,0.70324,55,7,0,49,-4.83,14671,1431.5,11,8.66,7,FALSE,0,0,0,2,0
974306d4f08fc667d79b28351461df9ffe5e9a01,1436720937,1,1,1,0,6,6,0,45,0.77,11800,2145,4456,2027.17,3021,FALSE,0,0,0,0,0
56452d9fd82d85a193dade708c41457bb037f801,1436654162,1,1,1,0,5,0,0,45,0.7,11795,2144,4455,2028.49,3020,FALSE,0,0,0,0,0
6d231fecd13e5bfb5c8fbbbe99c54389aa2175da,1436593607,1,1,0,0,0,0,0,0,0,0,0,4454,2029.6,3019,FALSE,0,0,0,0,0
2e91cf727a4b05857e4b9bb5e1ea70d1fdc8b62e,1436593423,1,1,1,0,1,1,0,45,0.59,11795,2143,4453,2028.6,3018,FALSE,0,0,0,0,1
64b9402e120d4df9ecbe780d546d96589cd8f90d,1436542567,1,1,1,0,1,1,0,45,0.34,11795,2142,4452,2029.37,3017,FALSE,0,0,0,1,2
4bae0c0139d4da4529238e287685c95fe5f4d7ae,1436513478,1,1,1,0,1,3,0,45,0,11797,2141,4451,2029.39,3016,FALSE,0,0,0,0,0
06bc4aa50b5fc7fa6f14e54c14b44b61d917cb0e,1436513459,1,1,1,0,11,12,0,45,0,11798,2140,4450,2028.39,3015,FALSE,0,0,0,0,3
31a7ac1e817da0c25f024f9d11d94da86217dcf9,1436513329,2,2,2,0.405639,27,25,0,47,0.1,14666,1412,4449,2027.39,2334,FALSE,0,0,0,2,0
c75ac3ac649ed97dd35d442e2909f5bc5ee371fc,1436513063,1,1,1,0,25,18,0,45,0.19,11792,2138,4448,2026.4,3013,FALSE,0,0,0,0,0
3e14d8f4dd22597a7081a7cd25ae9dccc7f374d3,1436497039,1,1,1,0,4,4,0,45,0,11792,2137,4447,2025.96,3012,FALSE,0,0,0,0,0
6cde31f8430198563066d26339b4dd5149754c1b,1436496942,1,1,1,0,27,40,0,45,0,11805,2136,4446,2024.96,3011,FALSE,0,0,0,0,0
a7b70008bab4010dc0aea993be8d1668dd608185,1436496738,2,2,2,0.175687,33,41,0,47,0,14673,1410,4445,2023.97,2331.5,TRUE,0,0,0,2,0
8cc19d908eb71cd4b82816eeae80639bf52e38b3,1436496671,2,2,2,0.194885,27,48,0,47,0,14683.5,1409.5,4444,2022.97,2330.5,FALSE,0,0,0,2,0
d58cda122d7c9642907ded5e14daaea0fab78fe6,1436496524,2,2,2,0.124952,19,48,0,47,0,14698,1409,4443,2021.98,2329.5,FALSE,0,0,0,0,0
ab26945eca3cb25b3797c01310fb6eb0a0752838,1436496312,2,2,2,0.481098,71,96,0,47,0,14710.5,1408.5,4442,2020.99,2328.5,FALSE,0,0,0,7,0
2da1b2af1abe6d988c5a39dea6b687eb44ef5c56,1436496124,2,2,2,0.450982,9,13,0,47,1.23,14712.5,1408,4441,2019.99,2327.5,FALSE,0,0,0,3,0
2586129dcd2fe8f017d4f755dbcf152171f221f8,1436495843,1,1,1,0,89,59,0,45,2.36,11813,2130,4440,2019,3005,FALSE,0,0,0,4,0
13e5d77041d9aeb29516f7ea1caa1d60a0732906,1436495606,1,1,1,0,0,1,0,5,1.35,927,163,4439,2018.01,1648,FALSE,0,0,0,0,0
1a772023d5b39d232b2276109604aa70b691ebab,1436384399,1,1,1,0,1,1,0,44,0.08,12556,2102,0,0,0,FALSE,0,0,0,0,0
d036ff6c4feddfe5766505ab2f11b93fc5c52e4f,1436378546,1,1,1,0,0,2,0,5,26.44,929,162,4438,2021.06,1647,FALSE,0,0,0,0,0
230f90173cd7ca6dbfc2000d8ac04086aadcdfc7,1436377364,1,1,1,0,6,6,0,44,1.1,12556,2101,4437,2020.1,3004,FALSE,0,0,0,4,0
dfbd78f71de0550068fc82ce6e013d443e5037d7,1436317775,1,1,0,0,0,0,0,0,0,0,0,4436,2021.16,3003,FALSE,0,0,0,0,0
a80d0bc2cad638c49ef395fed5616e11777fe4cc,1436314809,2,2,2,0.0533127,62,36,0,46,1.37,15424.5,1389,4435,2020.27,2324,FALSE,0,0,0,0,4
1f1bc393d380cbe9d83f993672020911cc4778e9,1436292167,1,1,1,0,19,30,0,45,0.1,11824,2129,4434,2020.05,3001,FALSE,0,0,0,0,0
9aa34e2487d230e8856c95f7a5aee70f335d7d95,1436283246,2,2,2,0.749281,32,101,0,47,1.02,14737.5,1406.5,4433,2019.36,2322.5,FALSE,0,0,0,3,3
fbc7c28188e7462355636a3888bb9a8606dbb708,1436282288,1,1,1,0,1,1,1,44,0,12556,2100,4432,2018.39,2999,FALSE,0,0,0,0,0
5d88cb7099195a3ca6d3162885ae0874618d5b59,1436282175,1,1,1,0,2,2,0,44,0,12556,2099,4431,2017.4,2998,FALSE,0,0,0,0,0
caae7a58790cf83ba42ba0dffd9a2abccaf93197,1436282134,1,1,1,0,2,2,0,44,0,12556,2098,4430,2016.4,2997,TRUE,0,0,0,0,0
816f37bdc5069a0abe59ecd2fda5d66d670e075f,1436282109,1,1,1,0,5,4,0,44,0.59,12555,2097,4429,2015.4,2996,FALSE,0,0,0,0,2
a2dd7171a5fb61d01aea0a37aeac6516fb600999,1436230934,1,1,1,0,2,2,0,44,-0.97,12555,2096,10,7.78,7,FALSE,0,0,0,0,0
1bfe25f1a5e1441995922d24d7b290fd6243c8dd,1436202356,2,2,2,0.0675416,2494,2595,0,47,4.96,15445.5,1395,4428,2017.15,2319.5,TRUE,0,0,4,28,14
2e50d11be5043b7039c0962ebc787a26e2f56ce2,1436196191,2,2,2,0.181188,15,1,0,46,4.67,15417.5,1388.5,4427,2016.36,2318.5,FALSE,0,0,0,0,1
0b7bffe3b54628bd62e1f56452e5490b34dee1d2,1436195514,1,1,1,0,27,27,0,23,0,17627,1263,4426,2015.39,1642,FALSE,0,0,0,0,0
41f248f54d1714150bccd6b847e62b7dda16e604,1436195479,2,2,2,0.891174,91,50,0,47,0.37,14717,1405.5,4425,2014.39,2317,FALSE,0,0,0,2,0
bc7cabde4e6fcc39a27de5d883bb568ce46f22f7,1436163881,1,1,1,0,14,15,0,45,0,11819,2126,4424,2014.48,2992,FALSE,0,0,0,0,0
65d5bba7df5e09dd91ee78003f8a0b9f127616de,1436163752,2,2,2,0.707544,49,59,0,47,0,14722.5,1404.5,4423,2013.48,2315.5,FALSE,0,0,0,2,0
340a6d195f4335382746e48c093868b803b973d3,1436163490,2,2,2,0.493385,53,97,0,47,0.2,14744.5,1404,4422,2012.49,2314.5,FALSE,0,0,0,3,0
83ac1686640848a72258c15ce977c40ecd17ba79,1436152702,1,1,1,0,6,16,0,45,0.15,11859,2123,4421,2011.86,2989,FALSE,0,0,0,0,2
abd67d078606ab8c369b89237a4d8831a1506239,1436139954,1,1,1,0,0,15,0,45,0.22,11853,2121,4420,2011.3,2988,FALSE,0,0,0,0,0
8ac1a67b7df3cb1e577058f51bd3fb13032c8255,1436139874,2,2,2,0.335905,118,74,0,47,0.13,14727.5,1403,4419,2010.31,2312.5,FALSE,0,0,0,0,1
9a9e4cddd7561131a2a2ec2ed8d5b9c5318070b9,1436120700,1,1,1,0,5,5,0,45,0,11853,2120,4418,2009.96,2986,FALSE,0,0,0,0,0
10c44b08c93c886c942f1aa7b1e677cb9eb5fe18,1436120567,1,1,1,0,213,330,0,45,0.04,11970,2119,4417,2008.97,2985,FALSE,0,0,0,13,6
86b19f742cacbc5f9da394e3a0eda0e4b36f9d7a,1436116792,2,2,2,0.960045,121,93,0,47,0.81,14779.5,1401,4416,2008.1,2310.5,FALSE,0,0,0,2,0
cb94b03e3efdf33d9295de87520755f04234a416,1436047009,1,1,1,0,8,8,0,45,0,11926,2117,4415,2009.49,2983,FALSE,0,0,0,0,0
a898c3d7bcde2d0bfbacbff6de8173fb80cb18b3,1436046741,2,2,2,0.542941,23,97,0,47,-7.83,14816.5,1400,4414,2008.5,2309,FALSE,0,0,0,0,0
86be6d7897eb7e77f8e3a2777e2aab43225223ad,1436034689,1,1,1,0,20,20,0,45,0,11968,2115,4413,2007.92,2981,FALSE,0,0,0,0,0
d3d4de12be604b2f9df2132d9066a7ab9c96f3e0,1436034382,1,1,1,0,3,3,0,45,0,11968,2114,4412,2006.93,2980,FALSE,0,0,0,0,0
04bac321d12995af36f3095eb1c20347722d683b,1436034319,1,1,1,0,99,108,0,45,0,11977,2113,4411,2005.93,2979,FALSE,0,0,0,0,0
1011353729a2614b100ad40a7bbc7a4a1a3137e5,1436034159,1,1,1,0,23,25,0,45,0,11979,2112,4410,2004.94,2978,FALSE,0,0,0,0,0
5651993d93fe26e3ea993f62a3505c8526d85e33,1436034064,1,1,1,0,6,6,0,45,0,11979,2111,4409,2003.94,2977,FALSE,0,0,0,4,0
c51466935c38c56d6c477822cae69e8b36422ad0,1436033963,1,1,1,0,16,23,0,45,-15.94,11986,2110,4408,2002.94,2976,FALSE,0,0,0,0,4
5ff9f01abab994a00001c82ee87a6b07d8f889e4,1435945732,2,2,2,0.934156,47,318,0,47,0.02,15395.5,1396,4407,2004.96,2305,FALSE,0,0,0,1,0
b5dd2e605ddf10101a6f07e2814f0cdd5a57a641,1435944263,2,2,2,0.395661,25,24,0,47,-2.99,15395,1395.5,4406,2004.01,2304,FALSE,0,0,0,0,4
a5e2caf40b4f7495452bcad268cd160448fbcf53,1435850971,1,1,1,0,25,17,0,23,2.47,18272,1249,4405,2006.21,1633,FALSE,0,0,0,0,0
bd98779b3c0ae5c48f5949c50173df6bb12f654c,1435810648,1,1,1,0,5,3,1,23,-5.84,18320,1252,4404,2006.59,1632,FALSE,0,0,0,0,0
7862ae6d3625436ced505b3db507743e46c30432,1435737017,1,1,1,0,26,13,0,45,-19.44,12556,2105,4403,2008.12,2973,FALSE,0,0,1,4,12
82f693a2bc1199b7d1c59428a6d8a8b50a30fdeb,1435733749,1,1,1,0,27,27,0,44,3.09,12555,2093,4402,2007.24,2972,FALSE,0,0,0,0,0
349baa3550ac0ce12827cfc2062430a2ccea2218,1435682456,1,1,0,0,0,0,0,0,0,0,0,4401,2008,2971,FALSE,0,0,0,0,0
f2d87df120c6a675d358f66b37b01adc637cbe55,1435682456,1,1,0,0,0,0,0,0,0,0,0,4400,2007,2970,FALSE,0,0,0,0,0
e620d194221186188b5168a8171cc329f3646a17,1435645088,1,1,0,0,0,0,0,0,0,0,0,4399,2007.29,2969,FALSE,0,0,0,0,0
8ba161463bfabd9b8bf0f00f268b7adc63fec01e,1435643070,1,1,1,0,5,5,0,44,0.07,12555,2091,4398,2006.35,2968,FALSE,0,0,0,0,0
29ceed91f069077a998451efbea9209acd1b37a6,1435637593,1,1,1,0,45,32,0,23,2.33,18229,1247,4397,2005.54,1631,FALSE,0,0,0,0,0
d93aa183f3fdbefe73c8b06ae3ecc6bae6416c56,1435637266,2,2,2,0.546218,37,7,0,46,0.64,15398.5,1386,4396,2004.55,2298.5,FALSE,0,0,0,0,0
2598ab7f1813711c31cf57b699868766baeb57ae,1435555243,6,6,5,0.700605,898,70,0,1,34.23,55,0.2,4395,2006.37,495.167,FALSE,0,0,0,4,39
bfda125d288c01c862f2e3a524a66adb1439790b,1435555159,1,1,1,0,8,1,0,1,0,53,3,4394,2005.38,3,FALSE,0,0,0,0,0
f24cdadc226523e9cc201e50b8f3c85509d67b43,1435555091,2,2,1,0,6,10,0,1,40.6,57,2,4393,2004.38,1483.5,FALSE,0,0,0,0,2
0aae86c9a255d216c148032a082ef4b80be0638f,1435554939,9,9,8,0.680344,613,5,0,1,0,8,0.88,4392,2003.38,331,FALSE,0,0,0,4,18
bbc20f983e1cc1aa3c1a3e94952898bb53992c94,1435554917,3,3,2,0.719738,16,17,0,1,73.9,241.5,5.5,4391,2002.38,991,FALSE,0,0,0,0,0
f1a2ea44f0f4e37831d30d2787c9838d9a95a148,1435554807,7,7,6,0.298045,147,87,0,1,-89.25,104.5,2.17,4390,2001.39,425.286,FALSE,0,0,0,1,3
dbf44fcc0b27065889b50cb6a6b7b847c2d97354,1435554787,2,2,1,0,12,11,0,1,40.6,153,5,4389,2000.39,1482,FALSE,0,0,0,2,0
5afdc7b263de0594dfd84cc301417794b9ffb80e,1435554690,3,3,2,0.358959,38,24,0,1,35.38,50.5,2,4388,1999.39,988.667,FALSE,0,0,0,10,0
343b869a6880825a2397427668fbc64d82a060a6,1435554385,17,17,16,0.57659,865,504,0,1,-60.34,184.56,0.75,4387,1998.4,178.471,FALSE,0,0,1,50,37
4b3679034ce67f0190173df48fb85bd4f9766436,1435554366,5,5,4,0.755685,11,11,0,1,112.07,162.25,1.25,4386,1997.4,595.2,FALSE,0,0,0,0,2
7f7c7f360e0e4fac4c79d9163e0e733f379d6e8f,1435537125,1,1,0,0,0,0,0,0,0,0,0,4385,1996.99,2957,FALSE,0,0,0,0,0
c77ffa0f6ae18a34543b720782eec51bea7e529c,1435526778,1,1,1,0,0,3,0,44,0.17,12558,2089,4384,1996.34,2956,FALSE,0,0,0,0,1
5acf5f6ee3b1d71f6fa42feccb0ea7d8ac8d4009,1435511839,1,1,1,0,2,2,0,44,0.87,12558,2088,4383,1995.85,2955,FALSE,0,0,0,0,0
712761ab0a9475b2f11f3b9ca1bfd9a79923977c,1435466958,2,2,3,0.0680332,794,677,0,46,21.48,8296,748,4382,1996.38,1713.5,FALSE,0,0,4,264,188
7351c0b0b941e7faa450a7f53713659b3ebe76dc,1435466958,2,2,3,0.0680332,794,677,0,46,21.48,8296,748,4381,1995.38,1712.5,FALSE,0,0,4,264,188
10c2232c398e095ff52f2306df08f0a0e0350285,1435436541,2,2,2,0.861781,70,10,1,46,1.24,15363.5,1384,4380,1995.42,2290.5,FALSE,0,0,0,0,0
116dbfd123fad5b489adc1cdb2ec1fb402ddd7eb,1435332387,1,1,1,0,1,1,0,44,0,12532,2086,4379,1997.98,2951,TRUE,0,0,0,1,0
ec7dce7d5bb9ed0a100d85096ee1f67fa5dcf4a1,1435332087,1,1,1,0,6,6,0,44,0.74,12532,2085,4378,1996.99,2950,TRUE,0,0,0,2,0
a8c8bd811340337bcf9bc9e787adde4d1fa08ce5,1435327217,1,1,1,0,9,9,0,23,0.25,18195,1245,4377,1996.15,1628,FALSE,0,0,0,0,0
f57dadc3629a3319250a3589dd0bfb35794439c7,1435305471,1,1,1,0,4,4,0,23,0.43,18195,1244,4376,1995.9,1627,FALSE,0,0,0,0,0
6b7c1ad6cf1b1f48dbc119f87808ea9879a0bb64,1435268044,2,2,2,0.507374,5,5,0,46,0.2,15363.5,1381.5,4375,1996.17,2287.5,FALSE,0,0,0,6,0
67359c22d5d008226e31d780dfb15fea32b292ad,1435256184,1,1,1,0,5,35,0,23,0.13,18224,1242,4374,1995.58,1625,FALSE,0,0,0,0,0
1881f5cb39810a7e2eb9ed655fbb187c38d54ff0,1435244618,2,2,2,0.330299,13,6,0,46,1.14,15375,1380.5,4373,1994.97,2286,FALSE,0,0,0,0,1
9f3d284c68bfc2840534383779de12e7eaec8b41,1435213550,1,1,1,0,1,6,0,23,0.02,18222,1240,4372,1995.03,1623,FALSE,0,0,0,0,0
6921fb66d54207d6a6b8327229c1f77859e0b84e,1435212057,1,1,1,0,21,3,0,23,1.51,18204,1239,4371,1994.08,1622,FALSE,0,0,0,0,0
91849e4cd1c2569b81ad7a6057bd39b719d0137d,1435081863,1,1,1,0,29,0,0,23,1.02,18175,1238,9,7.02,5,FALSE,0,0,0,0,0
1fcaa481be5d839e482a25587527863f8733f335,1435079071,1,1,1,0,16,23,0,44,0.12,12540,2082,8,6.02,6,TRUE,0,0,0,2,0
04701cd69eae6ef580045f0363e64c603810c50e,1435068383,1,1,1,0,17,16,0,44,0.01,12539,2081,4370,1998,2947,FALSE,0,0,0,0,0
f59551b89e10709d026034897f5791f08395738c,1435067951,1,1,1,0,17,17,0,44,0.54,12539,2080,8,2.54,7,FALSE,0,0,0,0,0
bc34d809499e5166b30a35b14ea97b195ac935ad,1435020945,1,1,1,0,3,2,0,44,1.02,12538,2079,7,5.03,5,FALSE,0,0,0,0,0
7480e481fc050ebfc7febceb345b2d5f88c32366,1434993983,1,1,1,0,41,0,0,23,2.04,18134,1237,4369,1999.55,1621,FALSE,0,0,0,0,0
71ed48bb76dd771b66997cf598297027c6cc1c7f,1434932956,1,1,1,0,2,2,0,44,1.33,12538,2078,4368,2000.65,2946,FALSE,0,0,0,0,0
889c184ba373354aa10cf79bf77181d4d59eb402,1434843736,2,2,2,0.0545004,24,0,0,46,0.56,15305.5,1374.5,6,4.05,4,TRUE,0,0,0,0,0
134bf612054e8aef7643562e8aa59342a238b717,1434817642,2,2,2,0.015041,104,59,0,46,-0.15,15313.5,1375.5,4367,2003.62,2282.5,FALSE,0,0,0,1,0
85ddabd763b07ece4158f5a3cd8581067943ff36,1434817628,1,1,1,0,4,12,0,44,-0.3,12501,2076,4366,2002.62,2944,FALSE,0,0,0,0,0
660bc2eb214d520215e853f50924accdc8382064,1434813651,1,1,1,0,2,2,0,44,0.43,12500,2074,4365,2001.76,2943,TRUE,0,0,0,0,0
192667d65f4efe32215ac51353d6e7705ff931d3,1434776676,2,2,2,0.380052,19,19,0,46,3.48,15305.5,1373.5,4364,2002.03,2280.5,TRUE,0,0,0,0,0
4896c725b63ce8e955d6a5e042fc414456dad2ea,1434736382,1,1,1,0,1,1,0,44,1.13,12501,2072,4363,2002.42,2941,FALSE,0,0,0,0,0
535eec53666611df680df8ae7b49d1d695b87270,1434639103,1,1,1,0,12,0,0,1,38.48,2129,139,4362,2004.78,167,FALSE,0,0,0,0,0
4bcb99a6b9d77a0364788d7bd85ff0faa8efa4e9,1434638703,1,1,1,0,8,12,0,44,0.38,12505,2071,4361,2003.8,2940,FALSE,0,0,0,1,0
56cd679bcdd428575587b2ee4fec2c25096ebfa2,1434605753,1,1,1,0,1,1,0,44,3.19,12505,2070,4360,2003.94,2939,FALSE,0,0,0,0,0
e95ae66af04533c9320af4ebb8dea08786cfd55b,1434347310,1,1,0,0,0,0,0,0,0,0,0,4359,2011.92,2938,FALSE,0,0,0,0,0
4bd2890bbd134c8ff8f343633ca937edb6fbfd96,1434345718,12,12,118,0.625587,774,646,0,1,57.55,49.96,0.12,4358,2010.97,265.333,FALSE,0,0,2,19,9
b97a9a3da01077337540a377bf87860c4d00db2c,1434345705,12,12,118,0.355799,1399,1157,0,1,62.04,148.2,0.13,4357,2009.97,264.333,FALSE,0,0,4,39,18
dbb342da813fe132af0b0ab89e883da2a7e15e12,1434330062,1,1,1,0,1,1,0,44,0,12505,2069,4356,2009.52,2935,FALSE,0,0,0,0,0
958381d3ddeba8c2c6c0caef5a1817da7cce8b87,1434330022,1,1,1,0,3,2,0,44,2,12504,2068,4355,2008.52,2934,FALSE,0,0,0,0,0
0a165675cea91ba12d24da8176cbf182c4e022f9,1434292867,1,1,0,0,0,0,1,0,0,0,0,4354,2008.81,2933,FALSE,0,0,0,0,0
ce13b6abfd45ca3b7edf90636afff8eeb70308af,1434215367,1,1,1,0,15,15,0,23,0.67,18110,1233,4353,2010.52,1618,FALSE,0,0,0,0,0
804e00cc26b2c2197cae81d8648d5356c208bab0,1434157580,2,2,2,0.0765259,31,4,0,46,1.4,15293.5,1370,4352,2011.53,2274.5,FALSE,0,0,0,0,0
f79de23be5fbf12b77a70b63a0a4a14406a858d7,1434157406,1,1,0,0,0,0,0,0,0,0,0,4351,2010.54,2931,FALSE,0,0,0,0,0
3404dc0b754bde2f5c4453bccc6eba4f45864a27,1434093875,1,1,1,0,2,2,0,5,14.21,929,161,4350,2011.76,1616,FALSE,0,0,0,0,0
51c9f4f9888b83252a5c01a25623417d87e2e486,1434036791,1,1,1,0,21,29,0,23,0,18093,1231,4349,2012.76,1615,FALSE,0,0,0,0,0
028ecf556114fb3c6ab1c625f346a748a1f0c60f,1434036618,2,2,2,0.847128,8,1,0,46,0.31,15294,1369,4348,2011.77,2272,FALSE,0,0,0,0,0
419fb082669e6bfde90c81177ecc29c55e7e4231,1434033096,1,1,1,0,6,6,0,44,0.54,12500,2065,4347,2010.89,2929,TRUE,0,0,0,0,0
1a28ef32442a26f3d5c301f38e12aa753ef213f5,1433986629,2,2,2,0.892647,6,7,0,46,0.44,15294.5,1368,4346,2011.52,2270.5,FALSE,0,0,0,0,1
6b8ffb2a85e5216aa59caf2715859924c62a2e2e,1433975568,1,1,0,0,0,0,0,0,0,0,0,0,0,0,FALSE,0,0,0,0,0
9121b140098f7867ce8bab620beb22434433c717,1433949459,1,1,1,0,2,2,0,23,1.99,18086,1228,4345,2011.82,1612,FALSE,0,0,0,0,0
9b54891474803d506cc8cbb331b014c7e0e62fd3,1433948259,1,1,1,0,14,13,0,44,2.44,12502,2063,4344,2010.86,2927,FALSE,0,0,0,0,0
058196e42a1dd9864982b81ab337245561bcbdb9,1433946156,1,1,0,0,0,0,0,0,0,0,0,4343,2009.93,249,FALSE,0,0,0,0,0
22743e06d5b330b1c035edff14c8ca82d6d37dab,1433777272,1,1,1,0,8,0,0,23,0.46,18078,1227,4342,2014.86,1611,FALSE,0,0,0,0,0
c8b818f011257b09f98d12fabde92ba5a77a43d3,1433737620,2,2,2,0.113695,111,108,0,46,0.11,15288.5,1366,4341,2015.25,2268,TRUE,0,0,0,7,1
df838c98e9e7d76d70691ebfdeeb7f6ff2268bd5,1433727696,2,2,2,0.413982,117,1,0,46,0.63,15230.5,1365.5,2,1.52,2,TRUE,0,0,0,4,0
595eab26149b4781f54c38b4fc3adde12d8730bc,1433720928,1,1,0,0,0,0,0,0,0,0,0,4340,2014.84,2925,FALSE,0,0,0,0,0
288b6ea692fba2d9cc16b18abdadb1d9a207af48,1433715893,1,1,1,0,11,8,0,44,0.07,12410,2060,4339,2014.02,2924,FALSE,0,0,0,0,0
7db606857dc4397c674b32dd33173722393ffa33,1433712808,2,2,4,0.562747,717,717,0,2,47.59,194,57,4338,2013.13,887.5,TRUE,0,0,0,0,0
746034a4fc54f39d2664400e4d1c8c34d19bd2cc,1433710266,1,1,1,0,5,5,0,44,0.02,12410,2059,4337,2012.22,2923,FALSE,0,0,0,0,0
f8ec95d87252243fa459a240503d23077277176f,1433708211,1,1,1,0,47,47,0,44,0.91,12410,2058,4336,2011.29,2922,TRUE,0,0,0,0,2
ba082b74a77f121bfc8491fbcfd8cb516d79572c,1433629856,2,2,2,0.0245456,51,51,0,46,0.03,15229,1363.5,4335,2013.04,2264.5,FALSE,0,0,0,0,0
ab981ce15a1e3f34289fb990006265ddfaed3e83,1433627625,1,1,1,0,173,214,0,23,1.74,18089,1223,4334,2012.12,1607,FALSE,0,0,0,0,0
e143936a8291480c5e6fa5bb5ba019d411ac9535,1433627611,1,1,1,0,39,65,0,44,0.89,12436,2056,4333,2011.12,2920,TRUE,0,0,0,0,0
497cde7e926eb179438254acdfaf06a9d290197e,1433550639,1,1,1,0,7,4,0,44,0.84,12433,2055,4332,2012.83,2919,FALSE,0,0,0,0,0
948faf6cf9e4086319c0597a5fa7569039222b4d,1433477709,1,1,1,0,1,1,1,44,0,12433,2054,4331,2014.39,2918,FALSE,0,0,0,0,0
56f199bd69e2f20478d7595c4786d4e36dd3b020,1433477666,2,2,2,0.595158,26,21,0,46,0.48,15258.5,1361,4330,2013.4,2261.5,FALSE,0,0,0,2,0
9e1f68d9eb20927a6437ef2919c8397743edc625,1433471239,1,2,6,0.210532,229,128,0,1,21.93,1127.33,6.83,4329,2012.62,248,FALSE,2,0,15,8,2
7a9011c7e100ead04ba02ee4e9e1b7348e28f0e0,1433436054,1,1,1,0,4,4,0,44,0,12432,2052,4328,2012.86,2916,FALSE,0,0,0,0,0
224a6c1e7c2803a4a2cec34bb344ef8cf6c40c3e,1433436030,2,2,2,0.127043,25,19,0,46,0.44,15255.5,1360,4327,2011.86,2260,FALSE,0,0,0,0,0
c89fe8bdbc07c3d6545eb5b91d6005b54b874b12,1433398803,1,1,1,0,17,26,0,44,0.02,12435,2050,4326,2012.17,2914,FALSE,0,0,0,0,0
cce9c2225e471190fa84407c47e7ecd69df8526e,1433397287,1,1,1,0,29,21,0,44,0,12427,2049,4325,2011.23,2913,FALSE,0,0,0,0,0
bdbc157c30a21b1b4856722ed6dde85c36403189,1433397064,2,2,2,0.405639,4,4,0,46,1.08,15256,1358.5,4324,2010.23,2258,FALSE,0,0,0,0,0
11eebfb78dde0f92dd8616c2413395c07c1b5189,1433306425,1,1,1,0,12,20,0,23,0.03,18093,1219,4323,2012.42,1603,FALSE,0,0,0,0,0
4beadcc4f3bd21603307cb43a31ce1ebc337cb8a,1433304258,1,1,1,0,11,0,0,23,0,18082,1218,4322,2011.5,1602,FALSE,0,0,0,1,0
e062c8c6f251afc3da4c1211f0f0f39ad5d0308c,1433304238,1,1,1,0,1,1,0,23,0,18082,1217,4321,2010.5,1601,FALSE,0,0,0,0,0
f4709ce1f049dcf447d294f3cb02ce69fd040cd1,1433304217,1,1,1,0,19,19,0,23,0.03,18082,1216,4320,2009.5,1600,FALSE,0,0,0,0,0
50e129bd8f395326a339befa044a4836ea6987cf,1433301295,2,2,2,0.361743,20,2,0,46,0.03,15245.5,1356,4319,2008.61,2255,FALSE,0,0,0,0,3
f402dbd1e35377610a1560d106cd310e49396e27,1433298947,1,1,1,0,1,1,0,44,0.45,12410,2046,4318,2007.69,2910,FALSE,0,0,0,0,0
55af8b4cb4d7e413608bb4bf74ce196bcd4b0fa4,1433298928,1,1,1,0,0,42,0,23,0.45,18123,1214,4317,2006.69,1598,FALSE,0,0,0,0,1
005b587588534b13c6e82a55bb66bdf531a07d4c,1433259661,2,2,2,0.769069,72,114,0,46,0.02,15287.5,1354.5,4316,2007.07,2253,FALSE,0,0,0,0,0
de4463d9a87f915b40d6ffadfc86f51a22f3dbf7,1433258207,2,2,2,0.688573,17,4,0,46,0,15281,1354,4315,2006.12,2252,FALSE,0,0,0,0,0
b3d577c93711be96bdd159827fe7b7c6278d1a85,1433257810,2,2,2,0.734496,15,15,0,46,0.01,15281,1353.5,4314,2005.13,2251,FALSE,0,0,0,0,4
51576018fda0005d41243419f4c7b6645e384288,1433257642,1,1,1,0,11,11,0,44,4.95,12437,2042,4313,2004.14,2906,FALSE,0,0,0,0,0
1b4f210d82bd6f379a04de4a51f62fbf882449aa,1433256438,1,1,1,0,17,0,0,23,4.94,18108,1210,4312,2003.18,1594,FALSE,0,0,0,0,0
4972c94aed5692a40036c3ed812c1ec40d1c8040,1433225153,1,1,0,0,0,0,0,0,0,0,0,4311,2003.27,2905,FALSE,0,0,0,0,0
642d77bb91fc5ffbd4398e2e36698ac93627d64a,1433142859,1,1,1,0,83,27,0,43,0.45,12313,2040,4310,2005.16,2904,FALSE,0,0,0,0,0
88270a7b6674da869357ac65793812ba5de559c3,1433104055,2,2,3,0.572966,25,4,0,46,2.05,10224.3,920.33,4309,2005.52,2248,FALSE,0,0,0,0,1
29e0d37009130b8c4158bfe827b149f5bef1f666,1433008874,2,2,2,0.210758,4,3,0,45,1.19,15181,1350.5,6,5.09,4.5,FALSE,0,0,0,0,0
9c339367ad46c2de1b0b309018b0b40472fe445b,1432913174,1,1,1,0,12,9,0,43,0.21,12308,2037,4308,2011.24,2902,FALSE,0,0,0,0,0
f69715d999fe74682c95f65459ae2c9d51fc6ead,1432898170,1,1,1,0,14,7,0,22,0.7,18044,1206,4307,2010.77,1592,FALSE,0,0,0,0,0
79990cbb27c290a0f6588fc5b31d2379f313121c,1432895042,1,1,1,0,0,14,0,43,0.58,12322,2036,4306,2009.88,2901,FALSE,0,0,0,0,2
a02be5442109a27b3e8ff0a10ccd40abcdf22c98,1432865919,1,1,1,0,1,1,0,5,14.83,929,160,4305,2009.91,1591,FALSE,0,0,0,0,0
20127f6a2a54393d8d0baaf0407ed2b8566903f6,1432845139,1,1,1,0,1,2,1,43,0.09,12323,2035,4304,2009.64,2900,FALSE,0,0,0,0,1
02a132a9d78212a6c58d74ef350890ab027e0019,1432837766,2,2,2,0.57938,5,1,0,45,0.49,15181.5,1348,4303,2008.9,2244.5,FALSE,0,0,0,0,0
612bfd3acc44220d5d3b35cb0a6b7a63e3b9abc2,1432829633,2,2,2,0.768606,115,1,0,45,-3.4,15215.5,1352,0,0,0,FALSE,0,0,0,0,0
7c95c5e80a3980eacff1f4fff1e59c7e07a25967,1432827183,1,1,1,0,1,1,0,43,0.84,12323,2033,4302,2008.28,2898,FALSE,0,0,0,0,0
c0bc5657ea9e415311620efd0fedc62fcf45302c,1432763347,1,1,2,0.70324,4,244,0,23,8.44,9295,633.5,4301,2009.53,1589,FALSE,0,0,1,1,2
dfec16670421c76292666ea44e3de24e4c72e40c,1432754512,1,1,1,0,1,15,0,22,2.53,18200,1203,4300,2008.84,1588,FALSE,0,0,0,0,0
32f223c683671cfbfee49394b3e96e728a7d741b,1432754422,1,1,1,0,0,1,0,43,1.02,12324,2032,4299,2007.85,2897,FALSE,0,0,0,0,0
722eac1681b1d03b68889cc3e8df8dd745073858,1432666179,1,1,1,0,4,3,0,43,0.01,12323,2031,4298,2009.96,2896,TRUE,0,0,0,0,1
6bcbb6f7bbae7547139f18d5b974ce3036c40357,1432665569,1,1,1,0,4,6,0,43,0,12325,2030,4297,2008.98,2895,FALSE,0,0,0,0,0
d266a0c0cee94f8f62fcb0dda54478c4ad4caac1,1432665402,1,1,1,0,8,29,0,43,0,12346,2029,4296,2007.99,2894,TRUE,0,0,0,0,0
acf82af0bfa6d0629a6cd4d512f0e18864fcf19c,1432665335,1,1,1,0,4,33,0,43,0.01,12375,2028,4295,2006.99,2893,FALSE,0,0,2,4,0
98956056e3c85e0bde5ab613b9fddc73cabf798f,1432664808,1,1,1,0,3,27,0,43,0,12399,2027,4294,2006.01,2892,FALSE,0,0,0,0,0
ae0bb54b2d6a865c9fb16c57906399216f9b175c,1432664526,1,1,1,0,15,22,0,43,0,12406,2026,4293,2005.02,2891,FALSE,0,0,0,0,0
255da0a0d7a8423d615870963e0ff083013b390d,1432664256,1,1,1,0,24,47,0,43,0,12429,2025,4292,2004.03,2890,FALSE,0,0,0,4,4
c0e8cc0254a74f7a19cd9599fcf6b59b75c2dee2,1432664065,1,1,1,0,5,22,0,43,0.02,12446,2024,4291,2003.04,2889,TRUE,0,0,0,0,4
41cec2464461b77940ef9533f390fd0ff9fbbb48,1432662592,1,1,1,0,1,11,0,43,0.79,12456,2023,4290,2002.09,2888,FALSE,0,0,0,0,0
86d4e0f54a8b193b8fc025b23e6559ea7129e39d,1432598110,6,6,5,0.697377,275,0,0,0,0,0,0,4289,2003.36,481.167,FALSE,0,0,0,0,2
9903fcac4d1f79594a6bb2637fc6c7531fd3e83a,1432598041,6,6,5,0.617881,262,4,0,1,-6.84,7.2,0.2,4288,2002.36,481.5,FALSE,0,0,0,0,3
52fcde9b8524b3cc6974cacd6f68e75bdc0ad58d,1432598023,2,2,1,0,7,4,0,1,1.16,143,4,4287,2001.36,1444,FALSE,0,0,0,0,2
27d65e814ad05293c0044783c0754d14dc16c468,1432597882,110,110,109,0.564617,5067,2208,0,1,130.27,80.99,0.09,4286,2000.36,29.3727,FALSE,0,0,2,103,152
f11f2385a63a90ab26d6e6713478994c64c634a2,1432597863,4,4,3,0.408814,113,41,0,1,6.39,155,3,4285,1999.37,727.5,FALSE,0,0,0,3,5
2ecdedd5b48b20f5ae786147fff4fd16749e83c8,1432596357,1,1,0,0,0,0,0,0,0,0,0,4284,1998.42,2882,FALSE,0,0,0,0,0
10d5566cf2676191b5e5540eabbffabe5943ec7c,1432595725,2,2,2,0.405639,13,7,0,1,10.1,6126.5,7,4283,1997.44,1456,FALSE,0,0,0,0,4
6ee2b9a7b833c3100ec29f450b63ca69247d7fcb,1432595431,2,2,2,0.847128,6,3,0,1,4.66,288,6.5,4282,1996.45,1455,FALSE,0,0,0,0,2
358477c31b971255276513ad62f005324cbfa4c8,1432594737,2,2,3,0.0914075,103,100,0,45,1.15,8262,724.67,4281,1995.47,1675,FALSE,0,0,2,226,178
c1948f10a2a36c1cc1bf3c736a1713d47e938915,1432581540,1,1,1,0,1,1,0,43,0.09,12456,2021,4280,1994.94,2878,FALSE,0,0,0,0,2
d33c487b290e34c9b071a25fea544094e08c4aa6,1432573410,1,1,1,0,3,3,0,43,0.02,12456,2020,4279,1994.22,2877,FALSE,0,0,0,0,0
daa8428b32e2aa96d5253ecaf0c7f77eb2c946d2,1432571806,1,1,1,0,4,1,0,43,1.38,12453,2019,4278,1993.28,2876,FALSE,0,0,0,0,2
b309b507ebf24f60ec5ee835efae88a793fe7fb3,1432535504,1,1,1,0,10,2,0,21,1.08,18192,1202,0,0,0,FALSE,0,0,0,0,0
2947fac51457559463896493b6967582644296ef,1432497797,2,2,1,0,3,3,0,1,5.21,143,3,4277,1994.86,1438.5,FALSE,0,0,0,0,0
5047ef35e0687b4579cfe32bf5d1c8fb94a57b32,1432497609,3,3,2,1,6,4,0,1,38.52,49.5,1.5,4276,1993.87,959.333,FALSE,0,0,0,2,0
314048b06992e85e1ea0f4c4d2b9f9923d375be4,1432457043,7,7,21,0.378632,164,87,0,1,41.72,613.29,0.62,4275,1994.28,429.143,FALSE,0,0,0,6,0
3d3907ff2709382abe6e5be0403db15ac116ed9a,1432456943,7,7,21,0.67672,65,45,0,1,35.53,59.95,0.57,4274,1993.29,428.143,FALSE,0,0,0,3,0
0529df763209f9002908c2f2a83a2463f0442e85,1432452627,2,2,0,0,0,0,0,0,0,0,0,4273,1992.44,1670.5,FALSE,0,0,0,0,0
fc31fb9eba203555750eeebbed914067ec1b6df1,1432452608,1,1,3,0.168113,194,137,0,45,5.15,8242,723.33,4272,1991.44,2870,FALSE,0,0,2,228,176
54436e341a7b4e6b3a146e2644ea863d21c24e7f,1432452453,1,1,0,0,0,0,0,0,0,0,0,4271,1990.44,2869,FALSE,0,0,0,0,0
fc35ac4d676ee99e183d17a3a8d52d7239737ec0,1432442581,1,1,1,0,7,7,0,21,0.06,18192,1201,4270,1989.79,1587,FALSE,0,0,0,0,0
28a0b6f901f2c9b61cd7a1850adacfef745019e4,1432437170,1,1,1,0,1,1,1,21,4.22,18192,1200,4269,1988.98,1586,FALSE,0,0,0,0,0
1b8f2c2adb02cf4fbbfa634569e68d36851eec50,1432437140,1,1,1,0,9,1,0,43,0.16,12445,2017,4268,1987.98,2868,FALSE,0,0,0,3,0
6c8988ab69222f6c3334100beb8dbaae66ccce9d,1432422912,1,1,1,0,3,3,0,43,0,12445,2016,4267,1987.47,2867,FALSE,0,0,0,0,0
e3c600a681a4b885d73576ebb9e914d37ea19829,1432422877,1,1,1,0,0,1,0,43,0,12446,2015,4266,1986.47,2866,FALSE,0,0,0,0,0
979e0de65962d10d9e647d0ffd61619d3efee5d0,1432422855,1,1,1,0,0,11,0,43,0.15,12457,2014,4265,1985.47,2865,FALSE,0,0,0,0,0
a76c10416d585a1832577dfc989c31fb1cce7383,1432409856,1,1,1,0,7,7,0,43,0.52,12457,2013,4264,1984.92,2864,FALSE,0,0,0,0,0
1276bf8c7260f3fa47ff277daad051c5da314c7e,1432364734,1,1,1,0,9,10,0,43,0.08,12458,2012,4263,1985.49,2863,FALSE,0,0,0,0,0
9ef5c5d639d57fdbf2ad924de0c754c8f52ba9fc,1432357749,1,1,1,0,2,2,0,43,0,12458,2011,4262,1984.73,2862,FALSE,0,0,0,0,0
69f51896c959ce38fab373ebb505c265ae7bd46d,1432357725,1,1,1,0,16,16,0,43,0,12458,2010,4261,1983.73,2861,FALSE,0,0,0,0,0
5f845aa6f84528138f10114ed0c346b5787855db,1432357709,1,1,1,0,1,1,0,43,0.89,12458,2009,4260,1982.73,2860,FALSE,0,0,0,0,0
87c610beaa6fcb07e37111852691e22b6be5dd68,1432280648,1,1,1,0,2,3,1,43,0.67,12459,2008,4259,1984.4,2859,FALSE,0,0,0,0,0
3a331ec156d4b210ccbb2535e88c0a1764f2bb47,1432223191,1,1,1,0,5,5,0,43,0,12459,2007,4258,1985.4,2858,FALSE,0,0,0,0,0
6c5ac490ab3cdfd3411d51528ed0491a32049429,1432223170,1,1,1,0,7,3,0,43,4.99,12455,2006,4257,1984.4,2857,FALSE,0,0,0,0,0
50b9840db194db0ae2aefe168004b24db13bf443,1432134025,1,1,0,0,0,0,0,0,0,0,0,4256,1986.5,2856,FALSE,0,0,0,0,0
41e884a1d27144e6b3bb00416f6f5b50789986ca,1432072795,1,1,1,0,9,0,0,21,0.28,18183,1199,4255,1987.63,1585,FALSE,0,0,0,0,0
b6f9660ab0c2e6787e2103628bf5f32224926393,1432068630,3,3,6,0.76323,9,9,0,1,12.5,2055.33,2,4254,1986.77,967,FALSE,0,0,0,0,0
c6f8896826a82d894e0335e78e42d8d8f80bb87a,1432048681,2,2,2,0.805983,11,3,0,44,1.03,15315,1330,4253,1986.47,2219,FALSE,0,0,0,0,2
2a20de4a1ecc6d44d2677fef4bd04f1d44d3e4e4,1432047821,26,26,25,0.692865,237,139,0,1,-437.04,129.08,0.36,4252,1985.5,111.962,FALSE,0,0,0,9,19
1eca87b5690e912e26b4c5121901ad174629822b,1432047485,4,4,3,0.808636,8,11,0,1,-6.37,50.33,0.67,4251,1984.51,713,FALSE,0,0,0,0,2
7af5442cff466f8fd68f47d181e09ef661c51730,1432047341,4,4,3,0.688726,14,14,0,1,17.99,110,0.67,4250,1983.51,713.5,FALSE,0,0,0,0,3
ee29e79294ca7d80c86258e914c1d20d0c51b2c0,1432047108,2,2,1,0,2,2,0,1,17.99,153,4,4249,1982.52,1426,FALSE,0,0,0,0,0
ad40188e5b607905f7ed23c57433f86e080f01b7,1432045649,8,8,7,0.349147,56,85,0,1,39.95,117.57,1.14,4248,1981.57,362.125,FALSE,0,0,2,4,6
882d84f1e66776695eed4e784bb8a66507912f5f,1431959375,2,2,2,0.149468,18,1,0,44,1.11,15306.5,1329.5,4247,1983.57,2215.5,FALSE,0,0,0,2,0
0eba3a3678711a1d3ec244527bf2302a39c82339,1431929520,1,1,0,0,0,0,0,0,0,0,0,4246,1983.61,2847,FALSE,0,0,0,0,0
30daf83737e095cb3c2fa869e31b10be0e73ca99,1431928259,12,12,87,0.641806,521,561,0,1,46.82,49.62,0.13,4245,1982.65,254.417,FALSE,0,0,3,49,25
15841b191d1b66f1ad32c617abb3f1a1b333eaeb,1431924580,1,1,0,0,0,0,0,0,0,0,0,4244,1981.78,2845,FALSE,0,0,0,0,0
756b28c3abc3481e79ef37666d2f372bdd2f577c,1431884693,1,1,1,0,9,9,0,43,0.41,12455,2002,4243,1982.16,2844,FALSE,0,0,0,4,0
d78ebc40aed5e970b7930b295929c681643b0d9a,1431849266,1,1,1,0,2,15,1,43,0.09,12468,2001,4242,1982.39,2843,FALSE,0,0,0,5,4
58aea21b8277175e2e3b8a5d95e7eb17ca58028c,1431841678,1,1,1,0,3,3,0,21,0,18158,1196,4241,1981.66,1582,FALSE,0,0,0,0,0
c2b1d61dd1da466c750b6b30575c05e5f475bab3,1431841603,2,2,2,0.405639,8,0,0,44,0.13,15309,1327.5,4240,1980.66,2211.5,FALSE,0,0,0,0,0
f4d72dba06711283503aa872c0a03cb723d9fc9a,1431833516,1,1,1,0,4,4,0,21,0,18152,1194,4239,1979.94,1580,FALSE,0,0,0,0,0
31e81d7be26b865623b1595230a2cedcf0482558,1431833221,1,1,1,0,33,14,0,21,0.52,18133,1193,4238,1978.95,1579,FALSE,0,0,0,0,0
6c9123beeecc68f6ace6f88b97ad5da781a72904,1431827524,1,1,1,0,1,0,0,43,0,12465,1999,4237,1978.15,2841,FALSE,0,0,0,0,0
0fa0397da2c0e876ac3666612b23962ce7cebaa1,1431827490,1,1,1,0,13,7,0,43,0.2,12459,1998,4236,1977.15,2840,TRUE,0,0,0,5,6
b652fc7e1ade5c201ffbdb8451237d407fd4e7f1,1431809809,1,1,1,0,45,56,0,43,0.19,12470,1997,4235,1976.76,2839,FALSE,0,0,0,6,1
c42fea0d3de6130195603b31d4a5db7640b319cc,1431793751,1,1,1,0,0,3,0,43,0.55,12473,1996,4234,1976.32,2838,FALSE,0,0,0,1,0
65514d89adbadc4a153ed92584ca91be55ab41b9,1431792331,2,2,3,0.0864426,585,651,0,45,12.01,8264.67,719,4233,1975.37,1653,FALSE,0,0,4,297,206
48a56a848a2cd48861742769f7a4cf14374531f5,1431788534,1,1,1,0,26,17,0,21,2.35,18124,1192,4232,1974.5,1578,TRUE,0,0,0,0,0
3490f8acb5627b5c426ac2262dc6bc5a8628e9a1,1431747394,1,1,1,0,1,1,0,43,0.38,12490,1994,4231,1974.92,2836,FALSE,0,0,0,0,0
d6937baa8e8d93675f5b54765c3f3327e72c6688,1431746499,1,1,1,0,12,29,0,43,-0.01,12490,1995,4230,1973.95,2835,FALSE,0,0,0,0,1
46ace7e8e87f406ee1e8b7d232f7e465b78174e1,1431714657,1,1,1,0,5,22,0,43,0.11,12507,1993,4229,1974.05,2834,FALSE,0,0,0,0,0
698956e130e613bdf54b55455847993bc44ba28c,1431705347,1,1,1,0,2,2,0,43,0.31,12507,1992,4228,1973.37,2833,FALSE,0,0,0,0,1
b25cd399532164b79346ca8d5bec84e54d5e8ca4,1431678557,1,1,1,0,4,1,0,43,0.04,12504,1991,4227,1973.29,2832,FALSE,0,0,0,0,0
de4f5eb2cab75ddd9889c26672b7ba35fd892a4c,1431675020,1,1,1,0,2,2,0,43,0.01,12504,1990,4226,1972.42,2831,FALSE,0,0,0,0,0
b899a1918423d0ed43523b397546da0dd5c2b051,1431674521,1,1,1,0,11,11,0,43,0.12,12478,1988,4225,1971.43,2830,FALSE,0,0,0,0,0
ccc5fa39817c1bbb2ae58e1f95d1d1bfc93d6791,1431674491,1,1,1,0,39,13,0,43,0,12478,1989,4224,1970.43,2829,FALSE,0,0,0,0,0
6af7fac344c7250e31e292e700bd52230f130d75,1431664031,1,1,1,0,1,1,0,43,0.51,12478,1987,4223,1969.79,2828,FALSE,0,0,0,0,0
49ef2b4d545cfe3979a999d47f0f09644d8ffd28,1431619980,1,1,1,0,13,12,0,43,1.01,12477,1986,4222,1970.31,2827,FALSE,0,0,0,0,0
fcc09a7375bc52f1b483acf0e8151c220a9c5f22,1431585546,1,1,1,0,1,1,0,21,0.11,18124,1191,4221,1970.5,1577,FALSE,0,0,0,1,0
8e9ad4df97248f86b407e1105b6c0f69fd0dc267,1431584747,1,1,1,0,1,0,0,5,5.19,928,159,4220,1969.52,1576,FALSE,0,0,0,0,0
4dfcfd2542982a1c3c01672a5c04295b598a167a,1431584731,1,1,2,1,8,12,0,2,0.1,189.5,54,4219,1968.52,1575,FALSE,0,0,0,0,0
12081c9bd6ac82ff2e8accdd03be6fec720490f3,1431576291,1,1,1,0,3,0,0,21,1.51,18121,1190,4218,1967.82,1574,FALSE,0,0,0,0,0
abee7fdfa2b990bb4c62aac349e6c8de4c86f444,1431576189,2,7,14,0.317576,1733,513,0,2,183.42,694.86,13.43,4217,1966.82,910,FALSE,1,0,104,62,55
ca0bc0632b79d553eb45b39216d13f6a3a42844e,1431532623,1,1,1,0,2,6,0,43,0.34,12481,1985,4216,1967.32,2826,FALSE,0,0,0,0,0
e465750cd2846a8e5075c2b460db8010dda282bb,1431503490,1,1,1,0,12,8,1,43,0.05,12477,1984,4215,1967.32,2825,FALSE,0,0,0,0,1
934b08f720b28db0c8d784fbf518a2a0a1e835cc,1431499274,1,1,1,0,40,41,0,43,0.1,12478,1983,4214,1966.46,2824,FALSE,0,0,2,2,5
78cc98840bde5b5f03bbcb7e58c89b25a981ee54,1431490752,1,1,1,0,2,11,0,43,0,12487,1982,4213,1965.75,2823,FALSE,0,0,0,2,2
d4cd7a120fe3c87a741af466d73c438c2aa8698d,1431490715,1,1,1,0,4,24,0,43,0.5,12507,1981,4212,1964.76,2822,TRUE,0,0,0,0,0
4b6c91bbf1337f45330bb7c0cb15c323967e8090,1431447787,1,1,1,0,6,27,0,43,0.03,12528,1980,4211,1965.23,2821,TRUE,0,0,0,0,0
e3be2b44517170adf2a3344f8153e6bc40fb080d,1431445442,2,2,2,0.768606,22,7,0,44,0.37,15317,1314.5,4210,1964.31,2196,TRUE,0,0,0,0,2
c6ff845ecb3891089afe8b8696f7586a19452f07,1431413576,2,2,2,1,34,34,0,44,0.79,15317,1314,4209,1964.4,2195,FALSE,0,0,0,0,0
846bde35ff2ff264ef4db668bf8f8c18237facad,1431365498,1,1,1,0,2,2,0,43,0.59,12531,1977,4208,1965.05,2818,FALSE,0,0,0,0,0
69990ae22691b9b3fa153eae2ddda9d3e82f6a94,1431324798,1,1,1,0,2,1,1,21,0.13,18102,1187,4207,1965.45,1570,FALSE,0,0,0,0,0
415fc81577122628a4da9303a1afb0d0883b086e,1431314418,2,2,2,0.734496,5,5,0,43,13.64,7330,1033.5,4206,1964.81,1491,FALSE,0,0,0,0,0
b675566e23cc423c5549e3770d0b5a401781944e,1431313859,1,1,1,0,58,61,0,21,0.2,18105,1186,4205,1963.83,1569,TRUE,0,0,0,0,5
190da0dcd4b84b16e86bca6fd6054b36097a3eb6,1431313754,1,1,1,0,12,12,0,2,2.37,404,137,4204,1962.83,1568,FALSE,0,0,0,0,0
5c40f93ca36c88c06e8a67bbf35cd93a3c054d59,1431296965,1,1,1,0,50,48,1,21,0.89,18103,1185,4203,1962.41,1567,TRUE,0,0,2,0,2
879c1e4992f0209a274f4013318da566cb3882a4,1431219729,1,1,1,0,69,30,0,21,0.23,18064,1184,4202,1964.06,1566,FALSE,0,0,0,0,0
311334c9e18d36f67a277ab1f2d12afe6efab239,1431200407,1,1,1,0,40,0,0,43,0.74,12491,1975,4201,1963.72,2816,FALSE,0,0,0,0,0
dc5268b0c0fc5ee14217863f3f11213823593d11,1431199531,1,1,1,0,76,0,0,21,1.04,17988,1183,4200,1962.75,1565,FALSE,0,0,0,0,0
d77ace6dc37ae880442bf275adadc60592090809,1431136580,1,1,1,0,1,1,0,5,6.86,928,158,4199,1963.92,1564,FALSE,0,0,0,0,0
f0b3c1a9ab7842a6df057669063a4d32a9a88b3b,1431136557,1,1,1,0,8,9,0,43,0.32,12492,1974,4198,1962.92,2815,FALSE,0,0,0,0,0
569b4b29aaf8111064d64853149df6fe097cc790,1431109826,2,2,2,0.210758,5,2,0,44,0.07,15276,1308.5,4197,1962.84,2188.5,FALSE,0,0,0,0,0
9efb73f592faba4b064e03411517e7cb1e9c24b2,1431109271,2,2,3,0.497449,10,100,0,45,8.6,10324.7,892,4196,1961.85,2187.5,FALSE,0,0,0,0,0
a61bde5b7837e2fe1c0a6d70cd06d90672121028,1431103794,2,2,2,0.701483,40,4,0,44,0.41,15258,1308,4195,1961.04,2186.5,FALSE,0,1,0,0,1
542dd67892fa04a133a1d0bd90fcf7a00a3cde2f,1431069468,1,1,1,0,2,3,0,43,0.01,12520,1970,4194,1961.22,2811,FALSE,0,0,0,0,0
172eca60814f95c491e7c305a13cf2f6d3124bc4,1431068391,1,1,1,0,2,5,0,43,0,12523,1969,4193,1960.26,2810,FALSE,0,0,0,0,0
004aaed7830509c8b002e9c340383675f6d088d6,1431068018,2,2,2,1,8,22,0,44,2.32,15267,1306.5,4192,1959.27,2184.5,FALSE,0,0,0,3,0
f84f83a4a573b855589115a6fd5a9bd74b6eeecb,1430988447,12,12,86,0.364387,1011,1088,0,1,40.49,184.9,0.13,4191,1961,250.333,FALSE,0,0,4,105,48
a1b15df6489f47498edda244552c9804e046a45d,1430985916,1,1,0,0,0,0,0,0,0,0,0,4190,1960.09,2807,FALSE,0,0,0,0,0
b5d5bef6787f44a9ed4bb4126b247ca7c234f1f0,1430984302,1,1,1,0,3,2,0,43,2.71,12529,1967,4189,1959.14,2806,FALSE,0,0,0,2,0
5b5e29cb7b3859ca6b076c73d579c5cb893c1e53,1430947759,1,1,1,0,2,2,1,41,0.53,12514,1965,0,0,0,FALSE,0,0,0,0,0
db67ae12eca7c784533fac358a32de68bc205382,1430901542,2,2,2,0.0237631,156,107,0,42,0.09,15233,1304.5,4188,1960.98,2182,TRUE,0,0,0,8,0
7dfd7ad5b95442e34de18e2ba0a0845d355c9cac,1430901476,1,1,1,0,3,3,0,41,0.17,12466,1963,4187,1959.98,2804,FALSE,0,0,0,0,0
ca5fa9e84dd5553435993a9e0e565824850b81cd,1430886696,2,2,2,0.0904452,69,21,0,42,1.46,15209,1303.5,4186,1959.49,2180.5,TRUE,0,0,0,2,0
1afcfa440666bf24277f431523b5b6c2daeeafad,1430801592,1,1,1,0,2,2,0,41,0.53,12466,1961,4185,1961.42,2802,FALSE,0,0,0,0,0
95b1455b625b7c71c2375afc4ce32ebabfebe76b,1430755566,1,1,1,0,12,12,0,41,0.42,12466,1960,4184,1962,2801,FALSE,0,0,0,8,0
421df0dff374d94d11374bc5e9bf048859b6e688,1430750239,2,2,2,0.814314,31,13,0,43,-2.02,15257.5,1305.5,0,0,0,FALSE,0,0,0,12,1
d82593741118a0b61021514cc803a70c94400107,1430719065,2,2,2,0.326237,19,5,0,42,1.59,15202,1302,4183,1962.26,2178.5,FALSE,0,0,0,2,0
ee182df533f30a282111bae1e5dfa7236c3dee7e,1430707138,1,1,1,0,14,21,0,41,0.1,12470,1958,4182,1961.67,2799,FALSE,0,0,0,3,0
14651d8ea813091edc71bec32d264392a091d295,1430698851,1,1,1,0,6,4,0,41,0.15,12468,1957,4181,1960.95,2798,FALSE,0,0,0,0,4
7e4ed7c1a9129a1325ab243da5e42066b2f9a10c,1430686060,1,1,1,0,5,5,0,41,0.62,12468,1956,4180,1960.39,2797,FALSE,0,0,0,0,0
13fe88c03f8153732d2385133e9bd1ed2112d999,1430632857,1,1,1,0,34,44,0,41,6.07,12478,1955,4179,1961.23,2796,TRUE,0,0,0,10,10
7b80a780c712afc7d8fc4397f2b04b8556c0ffdb,1430543819,1,1,1,0,0,2,0,5,16.55,930,157,4178,1963.3,1556,FALSE,0,0,0,0,0
2b465bdf820d147806f873d07c944bd27316c08b,1430539250,1,1,0,0,0,0,0,0,0,0,0,4177,1962.46,2795,FALSE,0,0,0,0,0
b8368d698dba6552b7d21f9b3bdc83db3a594f4e,1430492927,4,4,3,0.86129,7,7,0,1,-58.59,110,0.33,4176,1963.06,698.5,FALSE,0,0,0,0,0
9f7937cb842ca8f927c4994d740b1392ae15d5d8,1430492811,3,3,2,0.83296,17,24,0,1,-355.62,315,4.5,4175,1962.06,933,FALSE,0,0,0,0,1
d2949f0931bd995b083258c78226eebffad468fc,1430492508,5,5,4,0.339638,53,50,0,1,15.31,298,1.75,4174,1961.07,562.4,FALSE,0,0,0,3,4
a0c2bf6074e454fcf79901ed6ebc9bc47dbdc76d,1430492170,10,10,9,0.484518,149,141,0,1,15.31,203.89,0.78,4173,1960.08,285.7,FALSE,0,0,2,0,12
23eba0a0297906238e2726d0aa7e9ebff0fc8209,1430463058,1,1,1,0,3,3,0,41,0.07,12478,1953,4172,1960.09,2790,FALSE,0,0,0,0,0
566781cab25e0e8374ecc48e7cb57e295ddb2502,1430457052,2,2,3,0.06869,167,81,0,43,3.24,10197,889.67,4171,1959.29,2172,TRUE,0,0,0,4,0
0ea1fc5602f473ea89ac7617d3c5f3a6761ba9e5,1430410111,1,1,1,0,3,3,0,41,0,12480,1951,4170,1959.91,2788,FALSE,0,0,0,0,0
2ce9e09e8bbf55dcc4e4df10ac3b9cb602fca5a8,1430410008,2,2,2,0.251463,7,5,0,42,1.35,15168.5,1297.5,4169,1958.91,2170.5,FALSE,0,0,0,0,0
d7b2bedafc26bc96ec24d8af4cf2c2d356ad993f,1430366862,7,7,56,0.591854,297,191,0,1,27.62,48.07,0.18,4168,1959.4,414.714,FALSE,0,0,0,12,6
6d521195975bae2dd1f40fb8b1807f02a75d8bfd,1430366652,1,1,0,0,0,0,0,0,0,0,0,4167,1958.41,2785,FALSE,0,0,0,0,0
6cab7ceb0fb2929b6a703b55453eaaef783a8340,1430306709,1,1,1,0,0,1,0,40,0.19,12481,1949,0,0,0,FALSE,0,0,0,0,0
8ae7d8aa078123d65319d9931a32f7a1f6d66f14,1430290381,1,1,1,0,24,48,0,40,0.12,12505,1948,4166,1960.04,2784,FALSE,0,0,0,8,0
ce6ccef2d03461fa7337e105a24175d560b60bef,1430280285,2,2,2,0.87387,11,11,0,41,0.49,15181,1296,4165,1959.39,2168,FALSE,0,0,0,0,0
2c6d8805425b5d36470fdfb2a0aee3cf1554b3d3,1430237912,2,2,2,0.105729,42,49,0,41,1.1,15184.5,1295.5,4164,1959.85,2167,FALSE,0,0,0,0,4
bf89287c569db23cc303fcaad490acb733f78ba9,1430201518,1,1,1,0,6,1,0,40,1.93,12502,1945,4163,1960.11,2781,FALSE,0,0,0,0,0
b75041173c9aa35343fb4be44d7a28a8acae03f3,1430108165,2,2,3,0.126658,330,297,0,43,6.01,8261.33,702,4162,1962.34,1624,FALSE,0,0,2,241,184
df176dfe8ad62293daa0777549509ff2db9e8c9f,1430083366,1,1,1,0,2,2,1,20,0.14,17862,1170,4161,1962.2,1551,FALSE,0,0,0,0,0
141a32d388d93a306c5ba515196fc51b8299904b,1430071169,1,1,1,0,57,24,0,20,3.1,17829,1169,4160,1961.62,1550,TRUE,0,0,0,0,0
37786b76edd0b086184a0162778d91315f6088b7,1430034393,1,1,1,0,2,2,0,40,2.69,12502,1944,4159,1961.89,2779,FALSE,0,0,0,0,0
02b920f259aa310a42dfe6e6c6d2731f73acd22f,1429803538,1,1,1,0,14,2,0,20,0.51,17817,1168,4158,1968.93,1549,FALSE,0,0,0,0,0
31e25f88a0366486dedce953ec186f6bf9e23840,1429801611,1,1,1,0,1,2,0,40,0.37,12503,1943,4157,1968,2778,FALSE,0,0,0,0,0
231c8a468eb5a6bfc17e89d59b4ef4dd3a176e7a,1429769417,1,1,1,0,2,2,0,40,0.1,12503,1942,4156,1968.12,2777,FALSE,0,0,0,0,0
ae346f564f9f5afbe5e7c25c4f7d380f5231b8bd,1429760696,1,1,1,0,2,1,0,40,0.01,12502,1941,4155,1967.43,2776,FALSE,0,0,0,0,0
fcc0608cf220b60c1d62b4e7e2f04213a1c2677a,1429759410,1,1,1,0,13,6,0,40,0,12495,1940,4154,1966.47,2775,FALSE,0,0,0,0,0
641cd63462855299e52c652cd0c0ad7cebd49bce,1429759059,2,2,2,0.87387,6,5,1,41,0.65,15155.5,1290.5,4153,1965.48,2161,TRUE,0,0,0,0,0
0b907a3efa0ac8879bbed20a106c2616147563ba,1429759003,1,1,1,0,1,1,0,20,1.51,17817,1166,4152,1964.49,1547,FALSE,0,0,0,0,0
ce180cf2bff7fa44a83622c11c762d9a7b810107,1429712294,1,1,1,0,4,0,1,2,0.01,248,92,4151,1965.11,1546,FALSE,0,0,0,0,0
d97276404ca8af3f1b7bf78dd4bc48aa8c291b35,1429711792,1,1,1,0,1,6,0,2,58.56,253,91,4150,1964.13,1545,FALSE,0,0,0,0,0
d5a9b4344bc212a9949bec58e7d7c52e63558e00,1429647505,1,1,1,0,1,3,0,40,0.22,12496,1938,1,0.99,1,FALSE,0,0,0,0,0
e317fdfa3db55058bb0a7f4757a04890de962f4c,1429628635,1,1,1,0,15,12,0,20,0.01,17814,1165,4149,1966.03,1544,FALSE,0,0,0,0,0
a551348b401bd53aa221f524f6211ed63c9950b3,1429628175,1,1,1,0,1,1,1,40,0.33,12496,1937,4148,1965.05,2773,FALSE,0,0,0,0,0
150ea2639a914b74772175edfd64215e3697e8f6,1429627972,1,1,1,0,18,8,0,20,0.33,17804,1164,4147,1964.05,1543,FALSE,0,0,0,0,0
3429b5d66184d9e1d555282d40f24eaa9e1efb14,1429599748,2,2,2,0.194885,14,1,0,41,0.83,15143.5,1287.5,4146,1964.04,2157,FALSE,0,0,0,0,0
c8314b215bfd5e467fec24c5ccdb4ceea1a075f1,1429545325,1,1,1,0,8,8,0,40,0.35,12496,1935,4145,1964.94,2771,FALSE,0,0,0,0,0
5929f7d23b39b3f1cd8d410005596ff3bbcbe8ce,1429515341,1,1,1,0,0,1,0,40,0.05,12497,1934,4144,1964.98,2770,FALSE,0,0,0,0,0
85a7df3d276e9a75590d6dd7cf190a88f635f98d,1429510614,2,2,2,0.420821,165,95,0,41,0.33,15109,1286,4143,1964.15,2155,FALSE,0,0,0,0,0
e6c5a0e848e583ad86377bdd5630e769c333e6b9,1429498887,1,1,1,0,1,1,0,40,0.29,12468,1932,4142,1963.56,2768,FALSE,0,0,0,0,0
92dee72b10cfbdcdcf003e4e6e50e2eff008d9cf,1429473566,1,1,1,0,2,2,0,39,0.1,12468,1931,0,0,0,FALSE,0,0,0,0,0
4d6e57a5e698b7b9c69ac9a16b472bce795ab981,1429464747,2,2,2,0.357431,29,11,0,40,0.96,15100,1284.5,4141,1963.75,2153.5,FALSE,0,0,0,0,2
53c14e5b9ba446ef8e55a25c53deb2e3cb7c263e,1429460334,7,7,56,0.379266,526,394,0,1,18.72,254.36,0.18,4140,1962.9,411,FALSE,0,0,0,24,12
a08a3c6096b46a431bf1a5360f1974ad65cf5ca1,1429391812,1,1,1,0,46,46,0,20,4.87,17714,1159,4139,1964.3,1539,FALSE,0,0,0,0,0
936a1c27646451844f4ebbb00b28ca13d01bd037,1429381451,2,2,2,0.594206,47,3,0,40,2.31,15078,1284,4138,1963.66,2151.5,FALSE,0,0,0,0,0
20ba0bd1dcadb79389860fd9acddce6fa84d0ff4,1429374690,1,1,1,0,5,3,1,19,1.04,17698,1157,4137,1962.9,1537,FALSE,0,0,0,0,0
75ce6b82e802f843dc6d3bf9fe67ec45d3a78f81,1429286662,1,1,1,0,5,4,0,38,0.02,12418,1927,4136,1964.97,2764,FALSE,0,0,0,0,0
9749ac56baf7419d47a6a518728421aede0288e5,1429285075,1,1,1,0,0,16,0,38,0,12434,1926,4135,1964.03,2763,FALSE,0,0,0,0,0
746f9bb7783ce6e95d02232f1f12adb7bd9e49ab,1429284941,2,2,2,0.566264,134,34,0,39,0.26,15016,1281,4134,1963.03,2149,FALSE,0,0,0,0,2
f2dae588aa21975f173a0b5973123817f16fcace,1429284434,1,1,1,0,2,2,1,19,0.51,17635,1155,4133,1962.05,1535,TRUE,0,0,0,0,0
9f3f0a76aa318138422fe05d0eecedb3930502cc,1429240068,2,2,2,0.57938,3,3,0,39,1.03,15016,1280,4132,1962.6,2147.5,FALSE,0,0,0,0,0
4ed2b2477334a099c5ec0b2c7f7977fbd9fa0b68,1429169938,6,6,5,0.434616,13,49,0,1,-73.9,124.6,2,4131,1964.05,460.667,FALSE,0,0,0,1,1
90dc45d7fc89940ed38b773069fb87b9b61fb21d,1429169773,3,3,2,0.638133,39,25,0,1,38.17,42.5,1,4130,1963.06,920.333,FALSE,0,0,0,3,0
cf4b24e17cb80a3048c39671874b5f99a53e8db1,1429169332,7,7,6,0.341521,228,65,0,1,21.99,218.33,1,4129,1962.07,397.286,FALSE,0,0,0,3,10
cfca777a28d4ef1f54b416d2a243f302e25ada8d,1429168980,11,11,10,0.336974,198,216,0,1,21.99,200.2,0.6,4128,1961.09,256.364,FALSE,0,0,0,9,12
863bb301bb174682c5fd1e197a6e9224c463265c,1429157176,12,12,118,0.380334,1636,797,0,1,38.49,140.94,0.08,4127,1960.5,244.417,FALSE,0,0,0,107,141
5eb8db31d710c7b6faaadd9239ca093130fe48aa,1429156591,12,12,119,0.584747,894,410,0,1,36.63,45.73,0.08,4126,1959.52,243.417,FALSE,0,0,0,57,73
30f28a51ca62ca8990b29ec21d33e4d0d38ecedd,1429153714,1,1,0,0,0,0,0,0,0,0,0,4125,1958.62,2754,FALSE,0,0,0,0,0
3e22344782b9217918881ce4e732ba49c0174136,1429151578,2,2,3,0.0881465,875,461,0,40,14.84,8096.33,691.67,4124,1957.69,1610,FALSE,0,0,2,256,287
0b20d89d62a7d4f8724925c15d30fff9b20d248d,1429150841,2,2,2,0.47756,6,1,0,39,0.86,15013.5,1279,4123,1956.72,2142.5,FALSE,0,0,0,0,0
80d892c7444044204d6984f6a64fa70ad449651d,1429113852,1,1,1,0,1,1,0,5,32.37,930,156,4122,1957.01,1532,FALSE,0,0,0,0,0
53326bef33f96a6c0a92b7c2b49255eb15a6cf37,1429112642,1,6,8,0.296192,225,148,0,1,231.08,4474.25,9.38,4121,1956.05,246,FALSE,0,0,0,147,64
f05a5a3abb46739f30e51f2a942b976436368e26,1429076768,1,1,1,0,1,5,1,38,0.01,12401,1921,4120,1956.3,2751,FALSE,0,0,0,0,1
8581be49773d3d792a56f9860c6fd93f0897ce36,1429076072,2,2,2,0.57938,9,3,0,39,0.05,15012.5,1278,4119,1955.32,2140.5,FALSE,0,0,0,0,0
0e8277ba9ebb257157869f97fb95915cb015df67,1429071571,1,1,1,0,19,16,0,38,0.35,12398,1919,4118,1954.48,2749,TRUE,0,0,0,2,2
3cc2f83912170321184ea51d56a1f90ca5430e8e,1429071530,1,1,1,0,12,8,0,19,1.04,17620,1151,4117,1953.48,1530,FALSE,0,0,0,0,0
177034a49844c2a771ba7fbca3f91b74ea0bedf1,1429071318,1,1,1,0,16,18,0,1,5.57,2131,137,4116,1952.49,164,FALSE,0,0,0,0,0
f4d06e5183cd9fb45a200b134076609648dfa1a1,1429041270,1,1,1,0,0,1,0,38,0.02,12399,1918,4115,1952.53,2748,FALSE,0,1,0,0,0
637a6b5f7e63fc15b3cfa98ba16b8fa997b8ae85,1429039759,1,1,1,0,5,3,0,38,0.13,12397,1917,4114,1951.58,2747,FALSE,0,0,0,0,3
75445b8b98316391df1ab7d11bf6bdc7d43c313a,1429038852,1,1,0,0,0,0,0,0,0,0,0,4113,1950.61,2746,FALSE,0,0,0,0,0
f96de55ac7cfe5c5108f5b967b241e3881c1664f,1429028720,1,1,1,0,5,0,0,38,0.54,12392,1916,4112,1949.96,2745,FALSE,0,0,0,0,1
c4d4af3b5a97d1b5652f386b6eb0fa20f5151058,1428982198,1,1,1,0,1,1,0,38,0,12392,1915,4111,1950.57,2744,FALSE,0,0,0,0,2
5dfee4434027f90bf786ea113504b83fbb0edced,1428982166,1,1,1,0,18,9,0,38,0.46,12383,1914,4110,1949.58,2743,FALSE,0,0,0,0,0
99f5857d84dcdfcccd841cd111a00d54b8b74b64,1428982105,1,1,1,0,18,10,0,19,0.51,17612,1150,4109,1948.58,1529,FALSE,0,0,0,0,0
82be40eace8546e7485b889a038459537db3a62d,1428971065,2,2,2,0.759789,38,1,0,39,-4.16,15059.5,1283,0,0,0,FALSE,0,0,0,0,0
520f7c68128bfac7ef827aa70eaa00902a1b4af2,1428942601,1,1,1,0,5,3,0,38,0.05,12381,1913,4108,1948.94,2742,FALSE,0,0,0,0,0
63d493aa1f7ef6e2396584025cc65e6c99fb4737,1428938221,2,2,2,0.223568,52,61,0,39,0.48,15001,1273,4107,1948.1,2134.5,FALSE,0,0,0,0,0
38ab42f8558254d5e9d7c27532ed724e21352e0c,1428936215,1,1,1,0,3,1,0,38,0.9,12385,1911,4106,1947.17,2740,FALSE,0,0,0,0,0
9d90af409bb4ee5f98684e4d6a170fb675790a8a,1428879621,1,1,2,0.828997,40,8,0,20,2.42,8997,604.5,4105,1948.12,1527,FALSE,0,0,0,0,0
20183bbd578cf6da6699928cd13501b0b688ed3a,1428860014,1,1,1,0,5,2,0,38,0.57,12376,1909,4104,1947.8,2739,FALSE,0,0,0,0,0
bc3771f3af83787cfe62b87162c840804ff64443,1428858112,2,2,2,0.405639,39,25,0,39,-0.14,14993,1272,5,3.69,3,FALSE,0,0,0,0,0
715f03f5f1a821ffdb417da04ce0280272f309c1,1428815763,1,1,1,0,1,1,0,19,0.05,17582,1144,4103,1948.33,1526,FALSE,0,0,0,0,0
1d8efe1cf8dae0a8713365e8a1caa14abc69ab69,1428815738,1,1,1,0,12,12,0,19,0,17590,1146,4102,1947.33,1525,FALSE,0,0,0,0,0
23354d413f4af5a9bfcda940cca7a090e5bcdf7f,1428815640,1,1,1,0,8,0,0,19,0,17582,1145,4101,1946.34,1524,FALSE,0,0,0,0,0
ff6bbaed19a5b72cd90973f81e8f43d0892f6c52,1428811111,2,2,2,0.127043,14,8,0,39,0.22,14976,1269,4100,1945.49,2130.5,FALSE,0,0,0,0,0
f82cbbab1cde110b0e5643d8a58aa887aef7d95b,1428807152,1,1,1,0,6,15,0,38,0.14,12385,1907,4,2.7,2,FALSE,0,0,0,0,0
5a1b526b6c0ba389a3188c516b5cfc01b9298611,1428795242,1,1,1,0,21,23,0,38,0,12387,1906,4099,1945.04,2737,FALSE,0,0,0,0,0
1ef92c87fb5db363115414d30807d7a54123f76d,1428795204,1,1,1,0,6,6,0,38,0,12387,1905,4098,1944.04,2736,FALSE,0,0,0,0,0
0aef5155220ef4c6d7aad84cdfe441dd51b4265a,1428795147,1,1,1,0,42,30,0,38,0.2,12375,1904,4097,1943.05,2735,FALSE,0,0,0,0,2
9b5c97666aab2a0dbcb57891b045bb1365b8c651,1428777756,2,2,2,0.65908,44,13,0,39,0.71,14960,1266.5,4096,1942.64,2128,FALSE,0,0,0,10,0
a55d822f9abdb877213b8c4a6b9f337e6b1e2b38,1428726272,1,1,1,0,8,3,0,38,0.06,12358,1902,4095,1943.42,2733,FALSE,0,1,0,0,0
5b2bde6e0d7db91a28eac847a77e4431596cdab1,1428720998,1,1,1,0,1,1,0,38,0.18,12358,1901,4094,1942.6,2732,FALSE,0,0,0,0,0
020c5b27dc4e6d9789f91e77a9e720485567a2da,1428705723,1,1,1,0,2,2,0,19,2.08,17557,1141,4093,1942.13,1521,FALSE,0,0,0,0,0
65457208e5c78ea9d0da19159bc8d3ca20e8357a,1428705708,1,1,1,0,4,3,1,38,0,12357,1900,4092,1941.13,2731,TRUE,0,0,0,0,0
6eb1b98975fe237f2016475ac408e90a6385a9be,1428705626,1,1,1,0,3,1,1,38,0.26,12355,1899,4091,1940.13,2730,FALSE,0,0,0,0,0
a927bab6b35d064ef4270ea9f3802d3d129b00f1,1428682779,1,1,1,0,62,25,0,38,0.99,12318,1898,4090,1939.92,2729,TRUE,0,0,0,0,0
48e3e3e8cb6de95140802f29ef42217874443b32,1428596963,1,1,1,0,49,11,0,38,0.03,12280,1897,4089,1941.88,2728,FALSE,0,0,0,0,0
b5d095401d015db14b8cb28d3bb5150af39c14bb,1428594125,1,1,1,0,12,12,0,38,0.05,12280,1896,4088,1940.97,2727,FALSE,0,0,0,0,0
b3e58d47944fbb6cdc3da8247a7a3062203cfd46,1428590132,1,1,1,0,5,5,0,38,0.69,12280,1895,4087,1940.11,2726,FALSE,0,0,0,0,2
79b064320e5d924298f764db1a33fee23564f0ec,1428589817,1,1,1,0,30,12,0,1,39.22,2113,136,4086,1939.12,163,FALSE,0,0,0,0,1
335b8326eec5ed2caa22658d86566cc72c35151e,1428530891,1,1,1,0,1,1,1,37,0.24,12280,1894,0,0,0,FALSE,0,0,0,0,0
e777020e44b84506b95c202b9ea5af66556388e2,1428525768,1,1,2,1,4,4,0,20,37.39,8980.5,601,4085,1940.33,1520,FALSE,0,0,0,0,0
745d97ebe1f3ae8e4dbee81fbb8a041d5300b187,1428510531,1,1,1,0,40,40,0,37,0,12280,1893,4084,1939.85,2725,FALSE,0,0,0,43,52
bb06d98a43c0c36dab90e1dd328af6af08faed34,1428510457,1,1,1,0,8,2,0,37,0.03,12274,1892,4083,1938.86,2724,FALSE,0,0,0,0,0
3500b0016cd64bc54f59c7d0063313cd6d0fc44a,1428507717,1,1,1,0,2,1,0,37,0.01,12273,1891,4082,1937.95,2723,FALSE,0,0,0,0,2
7ec916b777c1bb13b295c38dba0e84f7cf16a40b,1428506684,1,1,1,0,4,3,0,37,0.46,12272,1890,4081,1936.99,2722,FALSE,0,0,0,0,0
3c71f799296c254eeed18492141cd485e1f3d8b1,1428467012,1,1,1,0,26,28,1,37,0.07,12274,1889,4080,1937.35,2721,FALSE,0,0,0,0,0
a83e70104c798dd1064ef9c241476a8f58edd979,1428461251,2,2,2,0.465805,23,2,0,38,0.26,14905,1258,4079,1936.55,2119.5,TRUE,0,0,0,0,0
85af554bac5f6de33dc31b984d761b5e230c9539,1428457539,1,1,1,0,34,34,0,19,0,17539,1138,4078,1935.68,1518,FALSE,0,0,0,0,0
885722afdea2add9fc6483e44b86d7db31376873,1428457311,1,1,1,0,168,57,0,19,0.38,17428,1137,4077,1934.68,1517,FALSE,0,0,0,0,0
b2f094da014026074273964f5cba618a476b3248,1428424184,1,1,1,0,6,3,0,19,0,17425,1136,4076,1934.82,1516,FALSE,0,0,0,0,0
1e85ec67582712048f1a13254387570bfff033c7,1428424149,1,1,1,0,80,22,0,19,0.04,17367,1135,4075,1933.82,1515,FALSE,0,0,0,0,0
c8974aac3e99916a2e2e303b21230b72a6b29dc3,1428420383,1,1,1,0,46,8,0,19,0,17329,1134,4074,1932.95,1514,TRUE,0,0,0,0,0
ad318c04e526a747d2ecd62182c9b3f141ed1e1c,1428419964,1,1,1,0,13,13,0,19,0.33,17329,1133,4073,1931.96,1513,FALSE,0,0,0,0,0
db73e482064f52c66f5845ae3d331920971eb9e2,1428419220,1,1,1,0,4,0,0,37,0.03,12267,1887,4072,1930.99,2719,FALSE,0,0,0,0,0
d13972e0b886631d49b09104dcad5e691e8f8619,1428416938,1,1,1,0,3,2,1,37,0.78,12266,1886,4071,1930.07,2718,FALSE,0,0,0,0,0
b94b75726da9dee33ba94451bb973c60c233252c,1428391490,1,1,1,0,150,81,0,19,0,17260,1132,4070,1929.94,1512,FALSE,0,0,0,0,0
9a2d38acffc3d7fe6d25852c4d83eb0b60bcd59b,1428391462,1,1,1,0,15,15,0,19,0,17260,1131,4069,1928.94,1511,FALSE,0,0,0,0,0
537f8f401e774a9b17fb855c69d5ebcee31233f7,1428391441,1,1,1,0,116,69,0,19,0,17213,1130,4068,1927.94,1510,FALSE,0,0,0,0,0
04f1a799dc1ce622ea35195c226ea65ab3ef6fcb,1428391396,1,1,1,0,37,37,0,19,0,17213,1129,4067,1926.94,1509,FALSE,0,0,0,0,0
74adb2f540c96b24f00842f867b54d62343ab511,1428391331,1,1,1,0,111,125,0,19,0,17227,1128,4066,1925.94,1508,FALSE,0,0,0,0,0
a129a2509f9382c6ef554ae42e7c7a634705ddfd,1428391097,2,2,2,0.149468,8,11,0,38,0.26,14748,1250.5,4065,1924.95,2112,FALSE,0,0,0,0,1
cc0b8e9d10c28cb3a0765a46d79ae3d635bd468e,1428390993,1,1,1,0,21,17,0,37,0.51,12265,1883,4064,1923.95,2716,FALSE,0,0,0,5,10
df74b2bfcb1e0a1b2ce26339cfbe624c3fac86c0,1428349344,1,1,1,0,11,11,0,37,-0.48,12266,1885,3,1.72,1,FALSE,0,0,0,0,0
af8fcf234fd2264e39bd359060c9bf4083b8b413,1428346887,1,1,1,0,13,2,0,19,0.08,17216,1126,4063,1924.46,1506,FALSE,0,0,0,0,0
e0dc2daf54211450a790cb85c394c046d92a52fa,1428346779,1,1,1,0,1,7,0,37,0.18,12271,1882,4062,1923.46,2715,TRUE,0,0,0,0,0
c066e655dce3a4263feecf9979c5ca1a7ec7355e,1428339847,1,1,1,0,16,0,0,19,0.01,17200,1125,4061,1922.69,1505,FALSE,0,0,0,0,0
2698e6f0ead5dd3f99a33514b1f9929e2530583a,1428339249,1,1,1,0,31,17,0,19,0.01,17186,1124,4060,1921.71,1504,FALSE,0,0,0,0,0
63902bde9c9869526043760781f4baa99fce33fc,1428338073,1,1,1,0,44,28,0,19,0.08,17170,1123,4059,1920.75,1503,FALSE,0,0,0,0,0
c876004fb2ceddc7f3b0e606f0e505364e62fbf7,1428331016,2,2,2,0.921762,26,10,0,38,0.26,14712.5,1247,4058,1919.99,2108,FALSE,0,0,0,0,1
633f37bfb6ec82fd7bbfddfe11a505d112cb3ccf,1428330543,1,1,1,0,24,10,0,19,8.42,17141,1121,4057,1919.01,1501,FALSE,0,0,0,0,0
d70bc74dc85f51c23113f0a239d5d842c1211aa5,1428286931,1,1,1,0,34,37,0,37,7.91,12273,1880,4056,1919.49,2713,FALSE,0,0,0,2,12
fe1e27fd40ebf11c9f1a6da8d1360dd9bbc50845,1428259556,1,1,1,0,7,1,0,19,0.21,17016,1119,4055,1919.41,1500,FALSE,0,0,0,0,0
8a7a099073237c8edf99d829cf280395ea0f8c3a,1428258048,1,1,1,0,2,2,0,37,0,12243,1878,4054,1918.47,2712,FALSE,0,0,0,0,0
1b53b5f9eb193e054ef26df8b316bf6f84bc891d,1428257993,1,1,1,0,2,2,0,37,0.36,12243,1877,4053,1917.47,2711,FALSE,0,0,0,0,0
81c24a847865241d4e2b10194453ba39509da39c,1428241131,1,1,1,0,5,0,0,19,0,17011,1118,4052,1917.04,1499,FALSE,0,0,0,0,0
a6f3e0b6af99fcd84bf77ac81ed6bb7d1c8fdd55,1428240784,1,1,1,0,12,12,0,19,0.29,17011,1117,4051,1916.05,1498,FALSE,0,0,0,0,0
6e9e8127b6436cd1748e9c60dfd770081ef87b9d,1428239736,1,1,1,0,4,4,0,36,0,12243,1875,4050,1915.09,2710,FALSE,0,0,0,0,0
63d43275d335703efa3a14290839d1950aa15087,1428239612,1,1,1,0,0,1,0,36,1.82,12244,1874,4049,1914.09,2709,FALSE,0,0,0,0,0
8b758ee25a4cfcafbae6d8a43884eb107a557d74,1428226947,1,1,1,0,1,1,0,36,-0.15,12243,1876,0,0,0,FALSE,0,0,0,0,0
cb2bf7f8faf941f6583280213cd90da2db28a6c0,1428215991,1,1,1,0,10,0,0,19,0.46,17001,1116,4048,1913.89,1497,FALSE,0,0,0,0,0
1fae760ccd178d6c45f663ef017c0539933243f2,1428211560,1,1,0,0,0,0,0,0,0,0,0,4047,1913.04,2708,FALSE,0,0,0,0,0
4195c4c4bf108ed5d062c73d8881c34212a68e67,1428175966,1,1,1,0,18,0,0,19,0.59,16983,1115,4046,1913.24,1496,FALSE,0,0,0,0,0
13e7a1ed939d8bd0bfbdc5b0d7389a920bb656e0,1428124887,1,1,1,0,52,35,0,19,0.28,16966,1114,4045,1913.96,1495,FALSE,0,0,0,0,0
ea4357ca9857dc903b045c567398a9021fa036cd,1428101099,1,1,1,0,23,3,0,19,0.03,16946,1113,4044,1913.76,1494,FALSE,0,0,0,0,0
5e8255d24d26960279f353c0a4e10a07f52384f2,1428098939,1,1,1,0,6,6,0,19,0,16946,1112,4043,1912.84,1493,FALSE,0,0,0,0,0
003d6ec43fd888f0b42f2c10589cc497e077f2e7,1428098910,1,1,1,0,11,1,0,19,0.18,16936,1111,4042,1911.84,1492,FALSE,0,0,0,0,0
9749ff7c672bbcf37de3e20992dfb2ba729835a4,1428083772,1,1,1,0,5,0,0,19,0,16931,1110,4041,1911.35,1491,FALSE,0,0,0,0,0
c88589e0e5f1ec896f415b08d2e47fa37197613e,1428083742,1,1,1,0,10,0,0,19,0.01,16921,1109,4040,1910.35,1490,FALSE,0,0,0,0,0
32ef1bb7a5f6d395e56f48e46e0d1ddf5b443b2f,1428083246,1,1,1,0,3,3,0,19,0,16921,1108,4039,1909.36,1489,FALSE,0,0,0,0,0
206c65904f52da7ec075242dbbb707cdd737f0a1,1428083228,1,1,1,0,14,0,0,19,0.01,16907,1107,4038,1908.37,1488,FALSE,0,0,0,0,0
219d4688e4eac7ec1fc3ab49244ec229b897b562,1428082591,2,2,2,0.377073,17,0,0,37,0.23,14567,1236,4037,1907.39,2097,FALSE,0,0,0,0,0
adc687f0a098f8703cd07984b4399666248687e9,1428080700,1,1,1,0,56,0,0,19,0.01,16838,1105,4036,1906.45,1486,FALSE,0,0,0,0,0
88e59c9a5a5709dbe1881b7e4acb9b05b714eb6c,1428079615,1,1,1,0,5,6,0,19,0,16839,1104,4035,1905.49,1485,FALSE,0,0,2,0,0
71a89a575f2238a5e619f0eb2fa95531d00a47bc,1428079597,1,1,1,0,62,0,0,19,2.04,16777,1103,4034,1904.49,1484,FALSE,0,0,0,0,0
e3dc8dfcf4a9a76fb599fe81503a4fa82caa0a27,1428045134,1,1,1,0,0,1,0,36,0,12241,1872,4033,1904.64,2706,FALSE,0,0,0,0,0
2dd77d5bc705467f69c34a6dbdc6eabad2af4d70,1428045102,1,1,1,0,1,1,0,36,0,12241,1871,4032,1903.64,2705,FALSE,0,0,0,0,0
0192226bb39a0c7ad9de119433a25a5ce4daf3aa,1428045076,1,1,1,0,10,10,0,36,0,12241,1870,4031,1902.64,2704,FALSE,0,0,0,0,0
faf2658da27963061de70e42b717620522125095,1428045021,1,1,1,0,12,6,0,36,1.1,12235,1869,4030,1901.64,2703,TRUE,0,0,0,0,0
9a1c00d2dc9229166cc85cc1806017caf1ad1c81,1427949777,1,1,1,0,3,3,0,36,0.01,12235,1868,4029,1903.83,2702,FALSE,0,0,0,0,0
4a8695caffa595d5eb2eca6d4b6f7fd899f54846,1427948765,1,1,1,0,16,13,1,36,0.39,12232,1867,4028,1902.86,2701,FALSE,0,0,0,0,0
b28016bfeb8d2b2616409d79a77f0b394f8bd8d3,1427915232,1,1,1,0,1,1,0,36,0.14,12232,1866,4027,1902.99,2700,FALSE,0,0,0,0,2
4758a9e66dd0071426e666a551e0298998ae2145,1427903022,2,2,2,0.47756,6,1,0,37,0.51,14502,1230.5,4026,1902.39,2091,FALSE,0,0,0,0,0
2adac8bdaed7e61fc5bf11e2ce41b989793cdc53,1427876787,1,1,1,0,14,20,0,35,0.05,12238,1863,4025,1902.27,2698,FALSE,0,0,0,0,4
3c569148227ba3e3253d8a9b3c9458973d00794b,1427872111,1,1,1,0,4,8,0,35,0.07,12242,1862,4024,1901.43,2697,FALSE,0,0,0,0,0
c5cc9078381889d35e0409caaa34d5e827c8beb7,1427866257,2,2,2,0.141182,25,15,0,36,0.74,14502,1228.5,4023,1900.63,2089,FALSE,0,0,0,0,0
97bd1ef4ec2980b3154ad7a78d91770c0b1097ae,1427851788,1,1,1,0,1,1,0,35,-0.29,12232,1864,0,0,0,FALSE,0,0,0,0,0
0907aabacdff2c7ba69242fe78e88dc6aeccbaf6,1427818157,1,1,1,0,1,1,1,35,0.35,12242,1860,4022,1901.23,2695,FALSE,0,0,0,0,1
f4290bda7f96036cc783f6708c837a553b52477a,1427789169,1,1,0,0,0,0,0,0,0,0,0,4021,1901.2,2694,FALSE,0,0,0,0,0
4bdb82a7a2532c31422aa862f07a10b8a83d56d4,1427788247,1,1,1,0,1,1,0,35,0.16,12242,1859,4020,1900.23,2693,TRUE,0,0,0,0,0
6a696dde3ae6c946d20a2e6478a58cd89766bfc0,1427786146,1,1,1,0,35,0,0,19,0.39,16727,1100,4019,1899.3,1481,FALSE,0,0,0,0,0
8481684a82e4c5b8d5117f25d8b52425f39f3a98,1427774748,1,1,1,0,1,1,1,35,0.26,12242,1858,4018,1898.68,2692,FALSE,0,0,0,0,0
03aa8b33565a38c3446f2552f9688e0d6e03083f,1427752515,2,2,2,0.507374,10,10,0,36,0.67,14484.5,1226,42,22.83,15,FALSE,0,0,0,0,0
64bfed26400d02fd2f7a2c47fd5df75093dafb9d,1427702130,1,1,1,0,9,8,0,35,0.16,12241,1856,4017,1900.11,2691,FALSE,0,0,0,0,0
2edcc893034936cccb94264783453b3d6bceff45,1427687988,2,2,2,0.0148513,128,37,0,36,0.07,14438.5,1225,4016,1899.58,2085,TRUE,0,0,0,0,9
18313f2e90b321a1dbe6d38f25de4f7b2622b70b,1427687839,1,1,1,0,1,1,0,35,0.02,12150,1854,4015,1898.59,2689,FALSE,0,0,0,0,0
0ff96418bd16b24df8e0554fc4d19c007d33f5f3,1427686345,1,1,1,0,2,2,0,35,0.2,12150,1853,4014,1897.64,2688,FALSE,0,0,0,0,0
1480abf0e808b701d5d9280e352e3a84e1027161,1427676104,1,1,1,0,1,1,1,19,0.86,16727,1097,5,4.95,3,TRUE,0,0,1,0,0
e7ba75d533221eb7d0effdaba6bf94a2e0aeb63d,1427669033,1,1,1,0,95,67,0,35,0.28,12122,1852,4013,1897.22,2687,TRUE,0,0,0,3,10
044291d9409b8e78ed5d3b678f1f19f4f81903b7,1427644782,1,1,1,0,15,4,0,35,0.04,12111,1851,4012,1897.03,2686,TRUE,0,0,0,0,0
ad62efcb9ed75dc85871bb7d176a816343c659f6,1427641726,1,1,1,0,2,2,0,35,0,12111,1850,4011,1896.13,2685,FALSE,0,0,0,0,0
0dc59d9481de2c7fd13d1d852f491c7d0004dc05,1427641703,1,1,1,0,34,16,0,35,0.47,12093,1849,4010,1895.13,2684,TRUE,0,0,0,0,3
d7a4524e70a5ddb6ec4d6d5c50542b3f6468c39e,1427603281,2,2,2,0.3085,150,1,0,38,-7.59,14632.5,1245.5,4,3.96,3,FALSE,0,0,0,0,0
11ab3034b154b977abc9f68d48f9932ee6c4ca5e,1427601397,2,2,2,0.805983,13,1,0,36,0.16,14404,1221,3,2.96,2,FALSE,0,0,0,0,0
c594bda77f0f8b5172c84e5bee490403335cb6e3,1427601264,1,1,1,0,6,6,0,35,0.32,12089,1847,2,1.96,2,FALSE,0,0,0,0,1
8218b74fb3a37d3fa68690037b1b4d83c28aa4ce,1427573776,2,2,2,0.831106,41,267,0,36,0.8,14517,1220,4009,1896.39,2081,TRUE,0,0,0,0,3
1448bab5b38c181869313cbc1bd69de1ff4d63da,1427527535,1,1,1,0,2,1,0,34,1.46,12057,1843,4008,1896.94,2682,FALSE,0,0,0,0,0
3d0beb1a2e85271f97c8800e60f1977ab8ac8a16,1427504487,2,2,2,0.958829,172,1,0,36,1.8,14431.5,1219.5,1,1,1,FALSE,0,0,0,0,1
2884f8acb8e7380c5c77d3522aaa4373c1f674f2,1427401061,2,2,2,0.51657,13,10,0,35,0.19,14386.5,1218,4007,1900.17,2079.5,FALSE,0,0,0,0,0
075cae4efbd57a7e307c0a9696e8372cd755fbb5,1427384805,2,2,2,0.194885,38,37,0,35,0.03,14386,1217.5,4006,1899.72,2078.5,FALSE,0,0,0,1,0
d2b98323dd0f5e7544a7cde78a6598c7e148bad4,1427382493,2,2,2,0.405639,25,3,0,35,0.23,14375,1217,1,0.97,0.5,FALSE,0,0,0,1,0
668384649a125d6b6b8f68dcbc52941488636623,1427380097,1,1,1,0,5,5,0,34,1.75,12038,1839,4005,1898.87,2679,FALSE,0,0,0,0,0
515cfd48d8416d95b631622cc2ac1f82e8ca68d6,1427349145,2,2,2,0.87387,87,1,0,35,-1.33,14388.5,1219,0,0,0,FALSE,0,0,0,0,1
b1a81a85b13f505b69c432065c4bbbbe33903fb7,1427345375,1,1,1,0,8,5,0,17,2.04,16709,1089,4004,1899.04,1476,FALSE,0,0,0,0,0
f9b785686a89b35cec1b26dcf66bae3dd021ecd5,1427269647,13,13,12,0.388563,260,113,0,1,41.73,156.58,0.42,4003,1900.58,208.769,FALSE,0,0,0,17,24
b368027e2c78ed92a4aaa2c420adba1768abd5d0,1427269418,12,12,11,0.359545,380,120,0,1,16.19,165.18,0.45,4002,1899.59,227.917,FALSE,0,0,4,5,20
4241e013646f57a11dc3200ac1b3b4a528fe834e,1427261697,1,1,1,0,67,104,0,34,0.96,12075,1837,4001,1898.85,2676,FALSE,0,0,0,16,0
801ffd8adf946f013b1c19ffbcb13570d8956e48,1427250516,11,11,191,0.64084,1208,971,0,1,42.6,42.89,0.04,4000,1898.22,256.727,FALSE,0,0,1,46,56
d58549ce0b26c2b3b0696871eaff290acd78d702,1427240689,11,11,190,0.40961,2206,1792,0,1,46.3,101.13,0.04,3999,1897.55,255.727,FALSE,0,0,1,94,103
a7252b1a7fdcbf862ba8156c43e148bc62d0839e,1427239872,1,1,0,0,0,0,0,0,0,0,0,3998,1896.58,2673,FALSE,0,0,0,0,0
a4e58e4d555b0184bc8c7d9a5345b5b2a71eccd2,1427229264,2,2,3,0.0497754,1086,882,0,36,9.92,7908.67,663.33,3997,1895.93,1569,FALSE,0,0,2,218,296
d7d79521389882d7ac074c7ac8a2695b7263954f,1427210550,1,1,0,0,0,0,0,0,0,0,0,3996,1895.56,2671,FALSE,0,0,0,0,0
9cc2253339e42d80fd92133b25da3148dbfb2915,1427184862,1,1,0,0,0,0,0,0,0,0,0,3995,1895.42,2670,FALSE,0,0,0,0,0
68318025909a19c01075d2f3fc88ac8d2a9cf821,1427178873,1,1,1,0,10,10,0,34,0.11,12075,1836,3994,1894.62,2669,FALSE,0,0,0,0,0
9d79cc7e8729a12bb4ab207cd48d17753c632648,1427169004,2,2,2,0.405639,35,1,0,35,0.25,14375,1214,3993,1893.95,2071.5,FALSE,0,0,0,0,0
763b003a113d51673ae7905995c6ede1839404a2,1427166253,1,1,1,0,4,1,0,34,0,12065,1834,3992,1893.04,2667,FALSE,0,0,0,0,0
d560e2a55834405994d56322eb979dfc5717d45f,1427165905,1,1,1,0,0,3,0,34,0.44,12068,1833,3991,1892.05,2666,FALSE,0,0,0,0,0
f914f080b129af2fd1d322b72487048de64646ec,1427127895,1,1,1,0,3,3,0,34,0,12068,1832,3990,1892.32,2665,FALSE,0,0,0,0,0
600a4e86e1ed6389eb68b23e992e2afef16f4e61,1427127845,2,2,2,0.127043,21,1,0,35,0.01,14365,1212,3989,1891.32,2069,FALSE,0,0,0,0,0
e7b4ada65f442e4a007b296e18bd3c8189909718,1427126805,1,1,1,0,8,0,0,17,1.35,16654,1086,3988,1890.36,1473,FALSE,0,0,0,0,0
95f31be09696681362731a414cac2790760714b2,1427126479,1,1,1,0,38,24,0,34,0.39,12054,1830,3987,1889.37,2663,FALSE,0,0,0,0,0
ad6db7eaae00b07c2ccfd4f13e942124ba4a776b,1427093051,1,1,1,0,22,14,0,34,1.01,12046,1829,3986,1889.48,2662,FALSE,0,0,0,6,10
d7a99c66189ecb15b2403475084b87ef71033fd7,1427010336,1,1,1,0,40,2,0,17,0.05,16616,1085,3985,1891.24,1472,FALSE,0,0,0,0,0
f20d8f5cc05f98775969c504b081ccc1fddb54c5,1427005999,2,2,2,0.0344098,40,34,0,35,0.28,14328,1209.5,3984,1890.38,2066,FALSE,0,0,0,12,6
8930e6b393de3ec7c243394d41958c534e3a4c43,1427000839,1,1,1,0,61,59,0,34,0.17,12038,1827,3983,1889.55,2660,TRUE,0,0,0,3,0
f26886acb0f6732f3144b53e6e6b9eabcdd0d45c,1426986374,1,1,1,0,20,16,0,34,0.27,12034,1826,3982,1889.04,2659,FALSE,0,0,0,3,0
820ab8d4866cf7863cf2d6845359e2e1aeda0714,1426963302,2,2,2,0.35218,19,8,0,35,0.28,14319.5,1208,3981,1888.8,2064,FALSE,0,0,0,0,0
8e425fb358a1f882a06b87068e794ec8c4cb2b6f,1426957306,1,1,1,0,5,6,0,34,0,12035,1824,3980,1888,2657,FALSE,0,0,0,0,0
6006f499ac21d7d5e8701cf98ed52abf5e46265c,1426957125,1,1,1,0,16,14,1,34,0.43,12033,1823,3979,1887.01,2656,FALSE,0,0,0,0,0
007ea9ea20ecad771de0c7fc0676b7ea97bca3be,1426920571,1,1,1,0,2,1,0,17,0.02,16604,1082,3978,1887.23,1469,FALSE,0,0,0,0,0
3caa740fc45c0b619355d3de70ced727440948bf,1426920034,1,1,1,0,5,5,1,33,0.35,12033,1822,0,0,0,FALSE,0,0,0,0,0
5d248d261dab3e28f6bf64d8fb6b8352dbdfde3d,1426918956,1,1,1,0,14,15,0,17,0.47,16605,1081,3977,1886.28,1468,FALSE,0,0,0,0,0
26908cba64f4165fc4d6313f6ffbcf7e258a3939,1426889706,1,1,1,0,11,6,0,33,0.11,12028,1821,3976,1886.25,2655,TRUE,0,0,0,0,0
18d118746e45fb80ae656e04d8b68ea4ac4fe800,1426880269,1,1,1,0,13,0,0,33,0.03,12015,1820,3975,1885.57,2654,FALSE,0,0,0,0,0
9a633f5f2ec33d9471ed032854f057f11109bad5,1426878097,1,1,2,1,38,16,0,1,124.47,118.5,3,3974,1884.64,1467,FALSE,0,0,2,8,12
5aa44e98d5a14ac9fbb0747c7d2de05d0786a627,1426878029,1,1,1,0,3,2,1,17,1.13,16604,1080,3973,1883.64,1466,FALSE,0,0,0,0,0
33916fa9753285a7325618d1bbd28f9933830e7a,1426877358,1,1,1,0,2,3,0,33,0.1,12016,1819,3972,1882.66,2653,FALSE,0,0,0,0,0
eab18df40398644c1febb7bcb34da2bd7ece0808,1426868696,1,1,1,0,33,33,0,33,0,12016,1818,3971,1881.95,2652,FALSE,0,0,0,2,0
002caceb05604db6da621d1cadec3949f9e3ce9b,1426868653,1,1,1,0,17,18,0,33,1.02,12017,1817,3970,1880.95,2651,FALSE,0,0,0,8,8
c250aa804a759d5e446aeb71d3de048d49d826e1,1426780736,2,2,2,0.141182,16,4,0,34,0.01,14304.5,1202,3969,1882.86,2057.5,TRUE,0,0,0,0,0
94ca50883f7d94d61e037587a3547869d785c76c,1426779442,2,2,2,0.508668,66,97,0,34,0.92,14320,1201.5,3968,1881.91,2056.5,TRUE,0,0,0,8,2
462c482873f89f51e624cc0a667b372f75984e18,1426699665,2,2,2,0.682469,60,14,0,34,1.61,14297,1201,3967,1883.55,2055.5,FALSE,0,0,0,4,2
e28e04a99030ef968a2ab1f9b3d9ed7ea01b7797,1426647660,1,1,1,0,5,2,0,33,0.13,11980,1813,3966,1884.28,2647,FALSE,0,0,1,2,3
bfb08ce003150786435ec22ba828d5e95ec2fc18,1426636170,1,1,1,0,1,1,0,33,0,11980,1812,3965,1883.66,2646,FALSE,0,0,0,0,0
3590a06f40bcfc55288e5d741958bc6a072dff05,1426635901,1,1,1,0,4,3,0,33,0.05,11979,1811,3964,1882.67,2645,FALSE,0,0,0,0,0
23ca6c5e10d3c213d3fcab51d2d4c2f73d526858,1426631339,1,1,1,0,11,15,0,33,0.07,11983,1810,3963,1881.83,2644,FALSE,0,0,0,0,0
1aea5bcd50a402e25e3e8f2656ad903cdf878ae3,1426625673,1,1,1,0,65,18,0,33,0.14,11936,1809,3962,1881.01,2643,FALSE,0,0,0,0,0
6438385d6439eb16994eb041516b04c7a8d06731,1426620024,1,1,0,0,0,0,1,0,0,0,0,0,0,0,FALSE,0,0,0,0,0
82c5d8ed2874e49278768664601c33c0e93e5118,1426613272,1,1,1,0,37,37,0,33,0,11936,1808,3961,1880.42,2642,FALSE,0,0,0,0,2
5dcd58a75f142b5b5f7bfc21aada42139c0acba5,1426613039,1,1,1,0,3,3,0,33,0,11936,1807,3960,1879.43,2641,FALSE,0,0,0,0,0
dc605a4ee16b624441df0b46ce2d9aaad1f3a651,1426613006,1,1,1,0,39,0,0,33,2.01,11897,1806,3959,1878.43,2640,FALSE,0,0,0,0,0
05fd7cecf4c8895c860427da15524b4435c1f0c4,1426607301,1,1,1,0,16,0,0,32,0,11881,1804,3958,1877.62,2639,FALSE,0,0,0,0,0
2f52730b48f1ff3e3ba3b1121e9b801b392c68c5,1426607091,1,1,1,0,14,14,0,32,1.55,11881,1803,3957,1876.63,2638,FALSE,0,0,0,0,0
4c1819c7dd969d523a61fed101272bfbef0aaee7,1426472998,2,2,2,0.609793,38,11,0,33,0.1,14232.5,1195,3956,1880.07,2049.5,FALSE,0,0,0,0,0
c58c0df30eca97d339b50b7bc7043cba4b346657,1426464753,1,1,1,0,13,13,0,32,0.01,11871,1801,3955,1879.34,2636,FALSE,0,0,0,0,4
c5902b314432a89211a2fa5474ba22dd39d2b3e3,1426464035,2,2,2,0.772589,30,35,0,33,0.32,14235,1194,3954,1878.37,2048,FALSE,0,0,0,2,0
306ef8addfc65802ecb14808af87e1eac60b492c,1426456112,1,1,1,0,130,136,0,31,0.14,11850,1797,3953,1877.63,2634,FALSE,0,0,0,3,20
d4659b261dc9e2e012686abacbd8d1f204bd9e5d,1426443745,1,1,1,0,32,19,0,31,0.91,11837,1796,3952,1877.04,2633,FALSE,0,0,0,0,0
fec940ab8b2a9d4cfded97e4e6334a51246d7bfa,1426439217,1,1,1,0,1,1,0,32,-1.95,11897,1805,0,0,0,FALSE,0,0,0,0,0
519eb424e7b637a7532a8d3c756206334212a525,1426437894,1,1,1,0,8,8,0,32,0.04,11871,1799,1,1,1,FALSE,0,0,0,0,0
03478afea411d27e13b0ea2819a2901e4718fa76,1426434474,2,2,2,0.728235,76,2,0,32,0.28,14198,1193,0,0,0,FALSE,0,0,0,1,0
69ce41807a752015e11f9383b779922c6165a96d,1426365045,2,2,2,0.16948,231,185,0,32,1.04,14171.5,1191.5,3951,1878.64,2046,TRUE,0,0,0,0,10
cc81da5aa403ceb11c6e48ea6c83fb63f688871d,1426317261,1,1,1,0,1,1,0,5,0.82,930,155,3950,1879.23,1459,FALSE,0,0,0,0,0
eee714f52b8817272ac276df03cc2ee052563b6a,1426275229,2,2,2,0.707544,13,5,0,32,0.11,14167.5,1191,3949,1879.63,2044.5,FALSE,0,0,0,0,2
c976b637d88076ee943c403571ffbcbcf558038e,1426275199,1,1,1,0,33,33,0,16,0.15,16498,1071,3948,1878.63,1457,FALSE,0,0,0,0,0
ea93515d534ff541a6aa09141e333216b7349bad,1426262589,1,1,1,0,27,0,0,16,0.01,16471,1070,3947,1878.05,1456,FALSE,0,0,0,0,0
652499bdcf37d8775af6f5731ae27687bb785a70,1426261916,1,1,1,0,1,2,0,16,0.41,16472,1069,3946,1877.07,1455,FALSE,0,0,0,0,0
6c1bc1d7bb814ee9c1fa7bacdcdac3c7ae14e3b0,1426261380,1,1,1,0,30,30,0,31,0.11,11837,1792,3945,1876.09,2630,FALSE,0,0,0,0,0
819862199af1b1cb5353dfeac84a358a037f9f41,1426256562,1,1,1,0,8,8,0,31,-0.06,11837,1793,41,22.49,26,FALSE,0,0,0,0,0
36ebe76e0a9fa3666458c785156b6ca5e7235626,1426251617,1,1,1,0,1,1,1,31,0.24,11837,1791,4,3.9,4,FALSE,0,0,0,0,0
8f8d35dec77fe9e14ee2384954ebec536adc53a8,1426246179,1,1,1,0,0,4,0,4,14.33,934,154,40,21.49,2,FALSE,0,0,0,0,0
ac1e436339f5d1354b603382d2f095a2c9769522,1426230771,1,1,1,0,8,17,0,31,1.09,11846,1790,3944,1876.1,2629,FALSE,0,0,0,0,0
78d4812b0eebd33ba09408b9878303160ea9c066,1426226543,1,1,1,0,2,0,0,16,0.06,16470,1068,3943,1875.24,1454,FALSE,0,0,0,0,0
6a1b7626e32e61e146c56dcef2087e3f877b4c38,1426221699,1,1,1,0,8,4,0,16,1.03,16466,1067,3942,1874.4,1453,FALSE,0,0,0,0,0
9712ac550c387be2af553badb1b65bc3fb8b9dd4,1426142501,1,1,1,0,7,1,0,30,0.96,11837,1788,3941,1876.02,2628,FALSE,0,0,0,1,0
b6ccb4c96fdc8c54978302ba86ae61708471872f,1426136528,1,1,1,0,3,0,0,30,-0.07,11843,1789,0,0,0,FALSE,0,0,0,0,0
5b173766c6cb98e50c1e1bb134ab0bd676bdf9f5,1426132354,1,1,1,0,25,12,0,16,0.97,16453,1066,3940,1875.36,1452,FALSE,0,0,0,0,0
b535c4f32110c9bbd4ec97d9bb0ee06a6acd6cd1,1426059751,1,1,1,0,8,4,0,30,0.13,11833,1787,3939,1876.77,2627,FALSE,0,0,0,0,4
56c5ebcb7190fc72d46e8ff4cbcabbeb0d1eb33d,1426048284,2,2,2,0.963422,19,20,0,31,0.51,14143.5,1184,3938,1876.15,2038.5,FALSE,0,0,0,0,0
028234ba861f4069a23938e1b4e934aefac94e05,1426004498,1,1,1,0,1,1,0,30,0,11839,1785,3937,1876.6,2625,FALSE,0,0,0,0,0
f063b4d2316eab9c91fc5e5686ce6be4108535b3,1426004461,2,2,2,0.87387,19,3,0,31,1.7,14135.5,1183,3936,1875.6,2037,FALSE,0,0,0,0,0
508f27cc32f5927d482015098effdbbad30beb31,1425992660,1,1,1,0,1,1,1,2,1.51,11599,406,0,0,0,FALSE,0,0,0,0,0
d4783170e50e81ecb38676b4685151569600f505,1425915199,1,1,1,0,4,6,0,30,0.61,11835,1783,3935,1877.57,2623,FALSE,0,0,0,0,0
2017284ed9739fe4fc499b1c28e862555d8f0708,1425871513,5,5,4,0.396106,11,48,0,1,-504.09,67.75,0.25,3934,1878.02,524.4,FALSE,0,0,0,0,2
25afac45b7039a43a54e78e7845a3c9bec081011,1425871397,9,9,8,0.420677,66,61,0,1,2.8,221.75,1.5,3933,1877.03,293.444,FALSE,0,0,0,14,5
45b95364efe811e93bf6f934ec1daf0eb2d6475c,1425871186,11,11,10,0.27387,295,77,0,1,-71.49,123.4,0.6,3932,1876.03,239.364,FALSE,0,0,2,3,17
85f4260a84df805b444a270aabe5a7e2ae154eb3,1425870832,27,27,26,0.499663,203,374,0,1,23.41,135.04,0.15,3931,1875.04,101,FALSE,0,0,3,19,15
06f6ffa30327139585cdc7782abd4403c770850b,1425863912,9,9,27,0.317617,191,119,0,1,34.11,478.85,0.26,3930,1874.27,303.667,FALSE,0,0,0,86,36
ee1f12c85178cc836b80b3a420a5900d59f4076b,1425863348,9,9,27,0.491568,114,68,0,1,30.11,69.48,0.26,3929,1873.29,302.667,FALSE,0,0,0,43,18
51e459b386f8301c803442f7fc722e46fc192d35,1425862662,1,1,0,0,0,0,0,0,0,0,0,3928,1872.32,2616,FALSE,0,0,0,0,0
1253d254af705d293b8717d1c7c0ba67589ccf62,1425862402,2,2,3,0.167887,193,151,0,31,5.2,7827,644.33,3927,1871.32,1540,FALSE,0,0,0,196,242
5e705743965edda84f1b627c65046b3cf86e5e2a,1425861953,1,1,1,0,44,25,0,30,0.66,11816,1781,3926,1870.34,2614,FALSE,0,0,0,44,12
b5dce2f74ba1f9e7db921f954035e69a31cce0cc,1425805204,1,1,1,0,6,3,0,30,0.07,11813,1780,3925,1871.22,2613,FALSE,0,0,0,3,6
6113da3e68d72e3ce69f1a5e8b4b83a3438cf51c,1425799641,1,1,1,0,14,91,0,16,0,16515,1063,3924,1870.4,1449,FALSE,0,0,0,0,7
faf64062895533a9568c0daac7f4729692277d3e,1425799226,2,2,2,0.363622,63,29,0,31,0.73,14147,1180,3923,1869.41,2030,TRUE,0,0,0,0,0
7c443431d9d8b578c605b455e8e41624679adca6,1425755484,1,1,1,0,1,0,0,30,0.45,11799,1778,3922,1869.86,2611,FALSE,0,0,0,0,0
0f201e3fd8c95808e11b418952db204a72cf89d7,1425716636,1,1,1,0,34,26,0,16,0.23,16486,1061,3921,1870.15,1447,FALSE,0,0,0,0,2
bf96c3018721aa462561c515ae21f14c7b153d97,1425716597,1,1,1,0,20,25,0,30,0.23,11804,1777,3920,1869.15,2610,FALSE,0,0,0,2,0
eb1b7b914a2228d19bcb908717660c25f3bd9474,1425696730,2,2,2,0.67796,74,11,0,31,0.57,14113.5,1178,3,2.97,2,FALSE,0,0,0,2,0
135bc2de529c60aeb347b94ae7cc54f9ac396577,1425670157,1,1,1,0,2,2,0,30,5.58,11794,1775,2,1.97,2,FALSE,0,0,0,0,0
0423d77228215a82808ab15c45b92f54855e98cb,1425629586,12,12,11,0.587498,80,61,0,1,-114.87,224.64,1.18,3919,1871.03,218.75,FALSE,0,0,0,3,4
6693416d0a1d7ff2d0b33711c40d6da906e4a966,1425624581,1,1,1,0,3,3,0,30,0,11794,1773,3918,1870.19,2608,FALSE,0,0,0,0,0
9cdf013933ee18c519e5ab3a21a4cd1615adbece,1425624452,2,2,2,0.223979,56,17,0,31,1.1,14094,1176,3917,1869.2,2026.5,TRUE,0,0,0,0,4
1dfaa30520f5d1a7590549c6f44977a2b429dbaa,1425572432,1,1,1,0,8,8,0,30,0.44,11793,1771,3916,1869.92,2606,FALSE,0,0,0,0,0
d898fcee75d38c3ffb00fd4dbaa41afa2e0305a0,1425534324,1,1,1,0,12,13,0,30,0.87,11794,1770,3915,1870.18,2605,FALSE,0,0,0,4,4
1e647a205809035e9a97673228c9b76b6f704bf9,1425486971,1,1,1,0,1,1,0,16,0,16395,1058,3914,1870.75,1445,FALSE,0,0,0,0,0
10e379d8627b387360217efd4aacd06c4e0a7700,1425486942,1,1,1,0,35,77,0,16,0.02,16437,1057,3913,1869.75,1444,FALSE,0,0,0,0,0
69e9c7d0bed4b9f3ade1a2b293dc8385601c4842,1425485079,1,1,1,0,7,3,0,16,0.83,16433,1056,3912,1868.82,1443,FALSE,0,0,0,0,0
ee456493c4478aab600152f66a621bf34d78368e,1425458770,1,1,1,0,2,5,0,30,0,11797,1769,3911,1868.69,2604,FALSE,0,0,0,0,0
adce718d63035232bbe82f9932fa19ecf1bcf753,1425458742,1,1,1,0,13,8,0,30,0.1,11792,1768,3910,1867.69,2603,FALSE,0,0,0,1,4
3a94a65f1227a7adb977b13d9c2576fdd14293c7,1425450295,1,1,1,0,2,1,0,30,0.55,11791,1767,3909,1866.97,2602,FALSE,0,0,0,5,2
bbe30db1b7502e21b06daeaeeea8731542905964,1425413611,1,1,1,0,22,12,1,16,0.62,16423,1055,3908,1867.18,1442,FALSE,0,0,0,0,0
68f3c43805f9bd2ff8d9a26f16cee895cfee921c,1425403167,1,1,1,0,37,40,0,30,0,11794,1766,3907,1866.53,2601,FALSE,0,0,0,0,1
3c99ecda60d6f8b4f4b6fc801e3c2f2aa39bd165,1425403128,1,1,1,0,6,6,0,30,0,11794,1765,3906,1865.53,2600,FALSE,0,0,0,0,0
b1366696c41acba7c9e6e458fcdc3471a7057480,1425403097,1,1,1,0,4,2,0,30,0,11792,1764,3905,1864.53,2599,FALSE,0,0,0,0,0
534aeb40654eaa15f358c113484859c33d38789a,1425403065,1,1,1,0,14,10,0,30,0,11788,1763,3904,1863.53,2598,FALSE,0,0,0,0,0
cc77a36dd9c2165dc5a7742e276cb2902ed43dd3,1425402993,1,1,1,0,13,14,0,30,0.51,11789,1762,3903,1862.53,2597,FALSE,0,0,0,1,5
5991068fdfe8f2e884f16d546ccbfbe69f17a5f3,1425360133,1,1,1,0,20,0,0,16,0.04,16403,1054,3902,1862.94,1441,TRUE,0,0,0,0,0
913778d5ab25039f5838cf6359516fdb61d9f09f,1425358809,1,1,1,0,3,0,1,30,0.04,11786,1761,1,0.99,1,FALSE,0,0,0,0,1
ba9bd3bc764a8cc9ecde4332134aa52ec8c38310,1425356500,2,2,2,0.097504,23,5,0,31,2.16,14085.5,1167,3901,1862.06,2018,TRUE,0,0,0,0,0
9a8345d4f9f73e3fd38f021a5b6fe90d367a71ab,1425355140,1,1,1,0,1,1,1,30,-0.02,11786,1760,1,0.99,1,FALSE,0,0,0,0,0
aad0070b77b82c160ff729728814f120ca8eab43,1425325201,1,1,1,0,4,3,0,30,0.1,11785,1758,3900,1862.1,2595,FALSE,0,0,0,0,0
d192e69811b88e97de153a1c971c57b59e99ada5,1425316745,1,1,1,0,9,4,0,30,0,11780,1757,3899,1861.37,2594,FALSE,0,0,0,0,0
ec8d919b93c860d73b4e2775e6b8a13754231be9,1425316636,1,1,1,0,83,121,0,30,3.49,11818,1756,3898,1860.38,2593,TRUE,0,0,0,0,1
3aa40d4df64c27fb71bf8c0cd2ee4b336ddd9d31,1425201720,1,1,1,0,8,8,0,29,0.17,11706,1754,3897,1863.17,2592,FALSE,0,0,0,0,0
ec1be41b62a674eee1288c881efe8736ec87149b,1425200853,1,1,1,0,1,1,0,1,35.55,2113,135,3896,1862.19,162,FALSE,0,0,0,2,0
4881dda9d19a07b33b39049688e31355d0ae4699,1425193430,12,12,46,0.312519,857,578,0,1,19.56,286.96,0.13,3895,1861.44,225.833,FALSE,0,0,0,5,13
d01a1e4ef34afa3dcd23e0dbddd5a0eb634ba62a,1425190378,12,12,47,0.555973,473,313,0,1,17.53,49.87,0.13,3894,1860.54,224.833,FALSE,0,0,0,5,10
ab2269717dcb05feb791f5131a133f0f34f7e92d,1425189191,1,1,0,0,0,0,0,0,0,0,0,3893,1859.58,2589,FALSE,0,0,0,0,0
c15d81545a7a51782ff39c0865b8b7d6642619d7,1425189084,1,1,0,0,0,0,0,0,0,0,0,3892,1858.58,2588,FALSE,0,0,0,0,0
b5a42cfa7539fde33b7057a695af0005c0eeb354,1425188373,2,2,3,0.0936113,521,391,0,31,2.03,7770,641.67,3891,1857.61,1525.5,FALSE,0,0,0,172,242
1af8b9d16a196ff24d6c76e9336471ab1b198ab4,1425186730,1,1,1,0,9,17,0,29,0.35,11714,1753,3890,1856.66,2586,FALSE,0,0,0,0,0
d860cf834d0c23a37c1bc9f5099b0d3e0f099b1f,1425179918,1,1,0,0,0,0,0,0,0,0,0,3889,1855.88,2585,FALSE,0,0,0,0,0
63d5a3acbce20395475846a367d30669428a4f22,1425156134,1,1,1,0,10,10,0,29,0.1,11714,1752,3888,1855.66,2584,FALSE,0,0,0,0,0
132aacee89bf3087822439ef64c6cbd0c9c94358,1425147086,2,2,2,0.323582,26,32,0,30,0.8,14018.5,1163,3887,1854.96,2011,FALSE,0,0,0,0,0
973038da6a080263a6347ee75362541e004bdcfe,1425099130,1,1,1,0,3,3,0,29,0.78,11720,1750,3886,1855.53,2582,FALSE,0,0,0,0,0
73c48292550f9b6e290e71bb4334f5accb7de002,1425060402,2,2,1,0,1,1,0,27,0.03,11720,1748,0,0,0,FALSE,0,0,0,0,0
68942f7ec4012132b8fe33e6e83dc0d0f6c16904,1425057657,2,2,2,0.118691,127,107,0,28,1.35,14008.5,1161,3885,1855.89,2009.5,FALSE,0,0,0,0,0
e914b83a1b97345fbd8cb68197caf7380bea331d,1425054369,1,1,0,0,0,0,0,0,0,0,0,3884,1855,2580,FALSE,0,0,0,0,0
584da3c39b9e4c3c76419f154171f0674e375881,1425031454,1,1,1,0,1,1,1,28,-0.34,11720,1749,0,0,0,FALSE,0,0,0,0,0
4ce4f1d758cc735aa01850bbd51db9a0008cdbc4,1425015009,2,2,2,0.713364,182,2,0,30,-1.84,14011.5,1165,0,0,0,FALSE,0,0,0,0,1
2268376360746511186de324010fcccfe4980ed2,1425008482,1,1,1,0,1,1,0,4,8.79,934,153,3883,1855.51,1437,FALSE,0,0,0,0,0
6bb3b9a6847614246c6ea7bc7b96b282a9aa98f1,1424941107,2,2,2,0.0929716,195,39,0,28,0.07,13930.5,1160.5,3882,1856.72,2007.5,TRUE,0,0,0,0,4
9f213c119c6d138ae1c0c27c9ef1bcb4c3082b38,1424936116,1,1,1,0,120,15,0,15,0.02,16048,1048,3881,1855.89,1435,FALSE,0,0,0,0,11
f081e2b799fae7898ba2c6810f653e20b7087d37,1424934181,1,1,1,0,30,49,0,15,1.97,16067,1047,3880,1854.95,1434,FALSE,0,0,0,0,0
a024152c123d9d96fff72fe8bb4b94f0f649bcb3,1424934110,1,1,1,0,3,3,0,27,0,11708,1745,3879,1853.95,2578,FALSE,0,0,0,0,0
42d23dbc700451fea6a918c7de2a86742fa4986a,1424934092,1,1,1,0,7,2,0,27,1.28,11703,1744,3878,1852.95,2577,FALSE,0,0,0,1,0
74786e8a254b3ae6bebdfb6408c8962a2925b895,1424919606,0,0,0,0,0,0,0,0,0,0,0,3877,1852.43,0,FALSE,0,0,0,0,0
f2eee8896cb70ff876a3aad8f7bcd0412cbf3d2a,1424823326,2,2,1,0,1,1,1,26,1.34,11663,1742,0,0,0,FALSE,0,0,0,0,0
5ef9a4be8a32aa0d389d7da718eb30bf3543bc00,1424764093,2,2,2,0.333261,25,8,0,27,0.37,13831,1156.5,3876,1856.54,2004.5,FALSE,0,0,0,6,0
1e05116bcbd5602e652f1b99e18e2a82056bd8d8,1424758655,6,6,11,0.613939,29,23,0,1,16.34,124.73,0.45,3875,1855.72,439.333,FALSE,0,0,0,6,0
bf4a70d91c930a6cff11975d86b6efbbf944117a,1424758281,1,1,0,0,0,0,0,0,0,0,0,3874,1854.73,2574,FALSE,0,0,0,0,0
d76d7582fee20c5e8afb67fd3cbec97a254d1c40,1424755034,1,1,1,0,2,4,0,26,0.53,11662,1739,3873,1853.84,2573,FALSE,0,0,0,0,0
44006142c79d705ee77d31a84c9e4f56b9d3c98a,1424708882,2,2,2,0.337292,25,3,0,27,0.15,13821,1155.5,3872,1854.35,2002,FALSE,0,0,0,0,0
6840b2cfe56764f9121967dbd0c931580d449be3,1424708423,1,1,1,0,37,37,0,15,0.29,15980,1043,3871,1853.37,1431,FALSE,0,0,0,0,0
a35ab3937a71350b6a5695d265ec216cc337aebf,1424707332,2,2,3,0.321413,46,39,0,27,2.03,7724,630.67,3870,1852.41,1517,FALSE,0,0,0,24,16
76d3959f1adc1891fa007d4db0a9c8ed33b3daf9,1424683457,1,1,1,0,5,5,0,15,4.05,15978,1041,3869,1852.19,1430,FALSE,0,0,0,0,0
5613f60403d38e163819bd92d7aa5b61a3078ebf,1424683444,2,2,2,0.713364,15,8,0,27,0.16,13817.5,1154.5,3868,1851.19,1999.5,FALSE,0,0,0,0,2
cc16e113c2e43b2a0fae970f3aa2a4bc2dd402a5,1424656029,6,6,11,0.3974,47,38,0,1,18.42,1117.55,0.45,3867,1851.09,437.5,FALSE,0,0,0,12,0
d6336c430276ac10612eaab87c60a44d989fdd9b,1424655629,1,1,1,0,4,4,1,26,1.69,11657,1736,3866,1850.1,2568,FALSE,0,0,0,0,0
b681759000fa24c2e652ced31969e4ba1c7ec5dc,1424652559,1,1,1,0,0,16,0,2,0.06,269,90,3865,1849.2,1428,FALSE,0,0,0,0,0
35b161450a2d1f32618d2230220c37beefe31ad6,1424647476,2,4,10,0.306825,1509,639,0,2,147.89,724.6,19,3864,1848.37,836,FALSE,0,2,23,206,74
eeb4ede60d8d5934e7825b56a7ac7d433c44f9ff,1424562286,2,2,2,0.809919,92,1,0,28,-2.68,13839.5,1158,1,0.95,1,FALSE,0,0,0,1,0
861aaf06c62a84e9c3ba952d9fa8d2d531ac3643,1424510014,1,1,1,0,3,3,0,26,0.01,11657,1735,3863,1851.88,2567,FALSE,0,0,0,0,0
a910884e7dd4b2ddb74e49fda006724110e1cab3,1424509545,1,1,1,0,1,1,1,26,0.42,11657,1734,3862,1850.89,2566,FALSE,0,0,0,0,0
0e7bef9014e095ea3d7a2067507efa34d55a1f56,1424472831,1,1,1,0,2,2,1,25,0.66,11657,1733,0,0,0,FALSE,0,0,0,0,0
7749a7e41de09ad713e27fdfe19a39262ce2ec5b,1424427253,1,1,0,0,0,0,0,0,0,0,0,3861,1852.6,2565,FALSE,0,0,0,0,0
5dc85cc9a8408cc6fe374f039f9547888cb89e2c,1424422646,12,12,89,0.372121,819,395,0,1,30.42,168.93,0.04,3860,1851.75,221.333,FALSE,0,0,12,20,38
ebf61a1bd9a16cad639d6880151d02def9ec55af,1424420755,12,12,89,0.664725,396,181,0,1,24.05,48.63,0.04,3859,1850.81,220.333,FALSE,0,0,6,9,17
d942189bc671e675ec12afa6ab9d60012829a89a,1424417898,1,1,0,0,0,0,0,0,0,0,0,3858,1849.91,2562,FALSE,0,0,0,0,0
eb16051b1e25794f775f3772ab9e7c22f3b94c52,1424416080,2,2,3,0.100387,514,311,0,26,4.44,7654.33,627.67,3857,1848.97,1511.5,FALSE,0,0,6,178,251
dc4cef17d4cf86b075406e00af38a3955496be1a,1424335165,1,1,0,0,0,0,0,0,0,0,0,3856,1850.62,2560,FALSE,0,0,0,0,0
89ed40e4a4f76c86fcd99be9a5deac020af15407,1424333699,2,2,2,0.0815564,32,1,0,26,0.02,13802,1151,3855,1849.67,1992.5,FALSE,0,0,0,0,0
10ee74d872f8c12a976a05f9a1c82c90f13b3c7d,1424332112,1,1,1,0,6,6,0,15,0.01,15947,1039,3854,1848.72,1425,FALSE,0,0,0,10,0
474ae1e91c207c63188cbefa61ce08991c45599a,1424331343,2,2,2,0.884014,14,10,0,26,0.05,13800,1150,3853,1847.75,1991,FALSE,0,0,0,4,8
0dc70ca5f35ea95b9dba8c8df5a8af0085fa498f,1424331309,1,1,1,0,5,5,0,15,0.01,15944,1037,3852,1846.75,1423,FALSE,0,0,0,0,0
633b1663ca14b61a6c64907a6257ce06bbd46898,1424330523,1,1,1,0,4,4,0,15,0.93,15944,1036,3851,1845.78,1422,FALSE,0,0,0,0,0
153fe61b4b8e829d7fa1a2e1babe2dcd06a85ebb,1424322339,1,1,1,0,3,1,0,25,0.86,11654,1729,3850,1845.04,2557,FALSE,0,0,0,0,0
9734fd035370380b44f836d37544291bbae4616d,1424250339,1,1,1,0,14,0,0,15,0,15930,1035,3849,1846.4,1421,FALSE,0,0,0,1,0
6209c120c0ec329ce161e6a38c6053217d1814bf,1424250233,1,1,1,0,15,15,0,15,0.02,15930,1034,3848,1845.41,1420,FALSE,0,0,0,0,0
3516881e7acf270231670433d4a13e527a38a247,1424249162,1,1,1,0,1,1,0,4,6.18,934,152,3847,1844.44,1419,FALSE,0,0,0,0,0
15398555b363f2af5e12082ac865eab06fcfc4fa,1424248431,2,2,2,0.0334542,112,2,0,26,0.54,13737,1147,3846,1843.46,1987,FALSE,0,0,0,4,0
cb132fcbf4b470d00eab6b9643e9e5abd9ff2a95,1424245023,1,1,1,0,197,86,0,15,4.34,15710,1032,3845,1842.58,1417,FALSE,0,0,0,0,0
f42f46c7d695416ebd4ce071724d6004b2e86a7e,1424158763,1,1,1,0,314,187,0,25,1.02,11526,1727,3844,1844.4,2555,TRUE,0,0,6,6,4
f1046f1cf1980dd36fe8c507d3494ad212d0e039,1424070330,1,1,1,0,2,2,0,25,0,11526,1726,3843,1846.3,2554,FALSE,0,0,0,0,0
4a622871395025afedc69243a39e6b41c542817e,1424070290,1,1,1,0,1,2,0,25,0.02,11527,1725,3842,1845.3,2553,FALSE,0,0,0,0,0
69cd56357fb1c9de23d1c06913ecfe4f33233fd5,1424068936,1,1,1,0,3,3,0,25,0,11527,1724,3841,1844.34,2552,FALSE,0,0,0,0,0
b66a886682931d1e25998ba353466bf81abb2560,1424068897,1,1,1,0,3,1,0,25,0,11525,1723,3840,1843.34,2551,FALSE,0,0,0,0,0
249504b7d639fa1b9a5a1f4f3d10c337e00abf9f,1424068842,1,1,1,0,2,0,0,25,0.03,11523,1722,3839,1842.34,2550,FALSE,0,0,0,0,0
fa0086404d5b9e89c0ce99a3714e1cce4dbe5733,1424066052,1,1,1,0,17,5,0,25,2.27,11511,1721,3838,1841.44,2549,FALSE,0,0,0,0,2
540afb193b26d2248991f04a6e9e977baf95a4ad,1424028622,1,1,1,0,1,1,1,1,3.4,11218,401,0,0,0,FALSE,0,0,0,0,0
8294acdf1c4617665ca9fe82e0a00d101f63e598,1423989438,1,1,1,0,4,4,0,14,2.96,15666,1030,3837,1842.94,1416,FALSE,0,0,0,0,0
7733d02938d5eea73648567ed99e987a7ed2faca,1423987394,1,1,1,0,9,2,0,24,2.04,11460,1719,3836,1842.01,2548,FALSE,0,0,0,0,0
f243ebba91a9419df910eaf464724fd45903b0fb,1423869784,2,2,2,1,92,4,0,25,-1.37,13566.5,1142.5,0,0,0,FALSE,0,0,0,1,1
5ce4a06dfe8274c4483633026ceba380faab1938,1423848112,28,28,27,0.507142,543,126,0,1,8.52,167.41,0.37,3835,1845.58,93.5714,FALSE,0,0,0,29,68
415e8ce0ed31067709e9af4ceea062c68d066451,1423847937,46,46,45,0.574055,391,363,0,1,10.36,113.13,0.07,3834,1844.58,58.3913,FALSE,0,0,2,37,17
9b6342e7fae2856f61c1e910ea12f45bea3bd0a3,1423811389,1,1,1,0,22,16,0,24,0.88,11454,1718,3833,1844.78,2545,FALSE,0,0,0,0,6
b8cc829f4a963603c4204dad79a81ca98a24a889,1423801024,1,1,1,0,191,217,0,24,0.03,11480,1716,3832,1844.12,2544,FALSE,0,0,0,0,0
ace0dacf155fa2ff8b75fdb2a036e664f47eae59,1423798390,1,1,1,0,1,1,0,24,0.04,11480,1715,3831,1843.21,2543,FALSE,0,0,0,2,2
5ca13098e311279160cfef8fd3d6e99e75fdd7d3,1423794845,1,1,1,0,6,6,0,23,0.24,11480,1714,0,0,0,FALSE,0,0,0,0,0
07b13eedecfb6f003aa1199cbe081e1e935a248e,1423774017,1,1,1,0,5,5,0,23,0,11480,1713,3830,1843.01,2542,FALSE,0,0,0,0,0
d9168ed9ecc925b6281dee663524e234c2275aef,1423773984,1,1,1,0,3,1,0,23,0.13,11478,1712,3829,1842.01,2541,FALSE,0,0,0,0,0
fb4e2c167cee0303f37b28b9af434ca655661479,1423762566,1,1,1,0,2,2,0,23,0.32,11478,1711,3828,1841.38,2540,FALSE,0,0,0,0,0
b82c7ebc32a08cf3b81860e166e1628ee7261643,1423758463,10,10,90,0.564806,812,374,0,1,25.21,48.12,0.03,3827,1840.52,260.5,FALSE,0,0,0,4,25
22c09cb31b3d7391f3527d705ce34e5264f683f0,1423757905,1,1,0,0,0,0,0,0,0,0,0,3826,1839.54,2538,FALSE,0,0,0,0,0
21e79cb54ac885a34963aca18c2be3787d09d865,1423735241,2,2,3,0.09034,566,349,0,24,1.77,7514.33,622.33,3825,1839.28,1499,FALSE,0,0,0,144,212
10ee3585f6facfd47d46cd323f5fb303071982a4,1423735156,1,1,1,0,2,2,1,23,0.06,11478,1710,3824,1838.28,2536,FALSE,0,0,0,0,0
5d4ba820dd77293ebc92497d3877991c7b007672,1423733768,1,1,1,0,64,39,0,14,0,15641,1029,3823,1837.33,1415,FALSE,0,0,0,0,0
a51e00e69f4c52770dc1492951c335f863b2828f,1423733452,1,1,1,0,172,0,0,14,0.11,15469,1028,3822,1836.34,1414,FALSE,0,0,0,0,0
4dfa9638515503c523da3fe2cf39ad28d54ce22d,1423729628,1,1,1,0,252,82,0,23,0.07,11308,1709,3821,1835.46,2535,FALSE,0,0,0,0,0
f2d4f6ccf69649804a8cd489cf80d9bf518d2c90,1423723839,2,2,2,0.0394704,57,8,0,24,0.3,13364,1135,3820,1834.65,1973.5,FALSE,0,0,0,1,3
182cb8ab2509a7b75310fc07903574a93c8264b1,1423723822,1,1,1,0,1,1,0,23,0.1,11259,1707,3819,1833.65,2533,FALSE,0,0,0,0,0
ece341d8683557bf79d8ba48f7785959514d1a4b,1423714813,1,1,1,0,2,1,0,4,20.46,933,151,3818,1832.94,1412,FALSE,0,0,0,0,0
d72e8c2687c65770b6cf7a3e834457317a686fe2,1423714767,1,1,1,0,7,7,0,23,0.49,11259,1706,3817,1831.95,2532,FALSE,0,0,0,0,0
b0ff6f4c7b400da562b932f35de73209259585e1,1423672246,1,1,1,0,1,2,0,23,0,11260,1705,3816,1832.33,2531,FALSE,0,0,0,0,0
6ec5249492ba8e07595577c5dfd29cca6138f561,1423672181,1,1,1,0,3,3,0,14,0,15469,1026,3815,1831.33,1411,FALSE,0,0,0,0,0
c44cd76c5ac07a57a059e23f9377b730c06dc7bf,1423672141,2,2,2,0.229363,24,2,0,24,0.43,13353.5,1132.5,3814,1830.33,1970,FALSE,0,0,0,0,2
37f711d72aa2accf2fa9458f83f05d51bfefb812,1423635246,1,1,0,0,0,0,0,0,0,0,0,3813,1830.53,2529,FALSE,0,0,0,0,0
fcf18fb9657972f1649c81fec76abc3331485c24,1423634724,2,2,2,0.861781,8,12,0,24,0.01,13355.5,1132,3812,1829.54,1968.5,FALSE,0,0,0,0,0
2efd6250fb82fd2c520b34515855579cdca57656,1423634371,1,1,1,0,1,1,0,14,0,15450,1023,3811,1828.56,1408,FALSE,0,0,0,0,0
1b4bd8523d57dd373101b1f92d500f2397ba2d7f,1423634348,1,1,1,0,2,1,0,14,0,15449,1022,3810,1827.56,1407,FALSE,0,0,0,0,0
60c44910df845da160577d6e5a84e8106eba5efd,1423634040,2,2,2,0.0490307,28,25,1,24,0.72,13353.5,1130.5,3809,1826.57,1966.5,FALSE,0,0,0,0,0
faf67fae03e3026a96fd46b2992e17a073ed5c8c,1423584158,2,2,3,0.879385,4,20,0,15,24.89,5288,368.33,3808,1827.18,1965.5,FALSE,0,0,2,0,0
e95f5479501ef8d108ec65a3d9f312d4f8622ad6,1423559762,1,1,1,0,23,7,0,23,0.03,11245,1701,3807,1826.97,2525,FALSE,0,0,0,0,0
96b663b783a4b8d74fd172a25b0f61d21d6ffa6f,1423557190,2,2,2,0.229363,10,3,0,24,0.02,13345,1129,3806,1826.05,1964,TRUE,0,0,0,0,0
ce44f7e4b0c062ae6dbca9083e38bbaadcf346e1,1423555689,2,2,2,0.114124,62,35,0,24,0.81,13331.5,1128.5,3805,1825.1,1963,FALSE,0,0,0,0,0
16a9c7d49211025d7f0e5cb0301a015b5abc2611,1423501088,1,1,1,0,4,1,0,14,0.01,15423,1017,3804,1825.87,1402,FALSE,0,0,0,0,0
fc369c3448249b13cfd499cf2bc17e4434ea9516,1423499949,1,1,1,0,20,1,0,14,0.35,15404,1016,3803,1824.9,1401,FALSE,0,0,0,0,0
b1a33edf0f48be46a14a8f9f07825a46933f9440,1423473880,1,1,0,0,0,0,0,0,0,0,0,3802,1824.75,2522,FALSE,0,0,0,0,0
3b805f1a24aab0bed6ac0c261d4272c7f5e195c0,1423473295,1,1,2,0.470677,368,188,0,1,7.18,5454.5,218,3801,1823.77,2521,FALSE,0,0,0,142,212
954b4d8075ea76b7bfd854e0be0df973236c25fe,1423470727,1,1,1,0,2,0,0,23,0.02,11235,1698,3800,1822.85,2520,FALSE,0,0,0,0,0
d073e2a881b9f4a5e7c475840a71d38d7498c280,1423469380,1,1,1,0,13,12,0,23,0,11234,1697,3799,1821.89,2519,FALSE,0,0,0,0,0
044dd2af94a2541f88bda95e52ecb25b4bd302dd,1423469364,1,1,1,0,0,9,0,23,0,11243,1696,3798,1820.89,2518,FALSE,0,0,0,0,0
ee489fa8c02257aa63fa2472c31c818c493d79f7,1423469293,1,1,1,0,6,7,0,14,0,15405,1015,3797,1819.89,1400,FALSE,0,0,0,0,2
035ed5f49b246d260579b3f3cbcf6797a2905f30,1423469259,2,2,2,0.503883,179,2,0,24,0.22,13235.5,1125,3796,1818.9,1958,FALSE,0,0,0,1,3
7dcd690f611db50fc79396b5911a36cfe1ee3e10,1423462797,1,1,1,0,8,8,0,14,0.07,15282,1013,3795,1818.1,1398,FALSE,0,0,0,0,0
05cb7419a6d70d157fa4c8b73bb294fa96939f7f,1423461922,10,10,90,0.34941,1516,712,0,1,28.99,161.96,0.03,3794,1817.13,257.3,FALSE,0,0,0,8,50
1c9290aded577ce25b6056d0427c50a8523422f6,1423456611,1,1,1,0,65,24,0,14,0.2,15241,1012,3793,1816.3,1397,FALSE,0,0,0,0,0
0b922b1ed1f87824795ae85d26f4fd2150c6a9fc,1423439019,1,1,1,0,35,35,0,14,0.01,15241,1011,3792,1815.87,1396,FALSE,0,0,0,4,0
34eec362e5fdc48a6572002615ba9c47c04cf702,1423437804,1,1,1,0,9,9,0,23,0,11189,1694,3791,1814.9,2515,FALSE,0,0,0,0,0
b8293838646b608e35ab4e5168e70ec4c7d9d658,1423437790,1,1,1,0,5,4,0,23,0,11188,1693,3790,1813.91,2514,FALSE,0,0,0,0,0
396023542839e737113956f8b649259e57e9b27a,1423437758,2,2,2,0.728945,41,47,0,24,1.16,13217.5,1122,3789,1812.91,1954,TRUE,0,0,0,1,2
ba4da249846ffff1743e84dae84ce41b99ad2ecb,1423432572,1,1,1,0,65,6,0,13,0.52,15143,1008,3788,1812.07,1394,FALSE,0,0,0,0,0
70378432b7366fcc08a4658d40985c312dd0ff06,1423387437,1,1,0,0,0,0,0,0,0,0,0,3787,1812.51,2512,FALSE,0,0,0,0,0
6b63009b1417a5483c37613f873e6fc56b612560,1423387265,1,1,1,0,22,21,0,13,0.19,15142,1007,3786,1811.52,1393,FALSE,0,0,0,0,0
dd45fea732041b5efaed41c05e32747f26a97dd0,1423370626,2,2,2,0.422033,207,64,0,23,0.68,13072,1120,3785,1811.05,1951.5,TRUE,0,0,0,0,4
ee09425cfbd6cf8acca89444dee337c93048347c,1423369925,1,1,0,0,0,0,0,0,0,0,0,3784,1810.07,2510,FALSE,0,0,0,0,0
e91a662491146da1c25e25e4da234c8bcafd00b3,1423337314,2,2,2,0.847128,89,1,0,23,-0.74,13173.5,1121.5,0,0,0,FALSE,0,0,0,1,1
af02a1e0246667462865fdf7b3181757251f5115,1423331111,1,1,1,0,13,13,1,22,0.44,11062,1689,3783,1810.31,2509,FALSE,0,0,0,0,14
2a86f0776c494386c5291aab47c1a0152827bfce,1423295054,1,1,0,0,0,0,1,0,0,0,0,3782,1810.46,2508,FALSE,0,0,0,0,0
c6f73d9df8e09351663182e1ac61a971bd66074e,1423293243,1,1,1,0,2,2,0,22,0,11062,1688,3781,1809.52,2507,FALSE,0,0,0,0,0
5ab79f292bdac961b7636c758aa40cea12abba4b,1423292992,2,2,2,0.663631,16,11,0,23,0.02,13069.5,1118.5,3780,1808.53,1948.5,FALSE,0,0,0,0,0
82c7a22d275b53c760294b0c878a2fdc74f877b4,1423291558,2,2,2,0.734496,5,5,0,23,2.06,13069.5,1118,3779,1807.57,1947.5,FALSE,0,0,0,0,0
ecbc46a91d8da0559e4b091ef476aea7a2ee68d2,1423288334,1,1,1,0,0,1,0,22,1.5,11063,1685,3778,1806.68,2504,FALSE,0,0,0,0,0
35fa977981717e187affe9747e2ecd56f45fb0b1,1423285766,1,1,0,0,0,0,0,0,0,0,0,3777,1805.76,2503,FALSE,0,0,0,0,0
d2f6416e4578bb6cbc3792126f643949fa7f07b7,1423158467,1,1,1,0,3,0,0,22,1.58,11060,1684,3776,1808.81,2502,FALSE,0,0,0,0,0
97a885a05cf7d4e5819c6f2230ecff6545ddc420,1423119085,1,1,0,0,0,0,0,0,0,0,0,3775,1809.07,2501,FALSE,0,0,0,0,0
aa1edd6b943c547b160d6b3ee8f2b0f0be835c87,1423113611,1,1,0,0,0,0,0,0,0,0,0,3774,1808.24,2500,FALSE,0,0,0,0,0
29e3d9eff5404050d6e6b6c4a872c3e73132b5a0,1423113271,1,1,3,1,6,6,0,21,6.6,7304.33,607.33,3773,1807.25,2499,FALSE,0,0,0,0,0
971ec866a805a038bc7aaeb096bee82e66b97768,1423112029,65,65,64,0.600611,796,588,0,1,-109.79,126.14,0.14,3772,1806.29,40.1077,FALSE,0,0,0,24,44
9e749daefa1379d0caa26c360084eef5f2ba40b9,1423031467,6,6,19,0.399786,120,59,0,1,29.58,601.42,0.11,3771,1807.86,422.333,FALSE,0,0,0,0,0
083e401717e482c0732cb0ffe46d08cca1ed8938,1423022379,1,1,1,0,3,3,1,22,1.96,11060,1683,3770,1807.15,2496,FALSE,0,0,0,0,0
bdeca2edce353aa439dc2a014c78da23492d6397,1422982024,1,1,0,0,0,0,0,0,0,0,0,3769,1807.44,2495,FALSE,0,0,0,0,0
e2db58867b8fe69dfbebc4b18bf3ec14c7c75f47,1422952812,82,82,81,0.543821,803,719,0,1,5.03,85.98,0.02,3768,1807.37,32.3659,FALSE,0,0,6,63,70
af8a8f1e3f4574322218737af29d25ee93769c2e,1422947743,1,1,1,0,5,1,0,22,0.11,11056,1681,3767,1806.53,2493,FALSE,0,0,0,0,0
e4f231502a4a5ff261985d99f3117779bced38b7,1422947036,1,1,1,0,0,0,0,1,0.01,10705,392,3766,1805.55,2492,FALSE,0,0,16,198,214
04a61e6fd652ab3049facdea3d8349c230935b8c,1422946328,1,1,1,0,0,0,0,20,0,10970,1618,3765,1804.58,2491,FALSE,0,0,16,210,230
dc5c7d2ee8588336d89965ad98c4a326eefa5b04,1422946143,1,1,2,1,997,997,0,20,25.58,10837.5,866,3764,1803.58,2490,TRUE,0,0,16,218,244
41d08e123f2be5388927f1d56f7b5ea25e955731,1422938205,2,2,2,0.0161761,82,70,0,23,1.43,13060.5,1115,3763,1802.83,1939,FALSE,0,0,0,0,0
d5f40436179c0c95438c3943cbb168d91802b504,1422857354,6,6,19,0.636617,70,35,0,1,19.17,60.11,0.11,3762,1804.41,420,FALSE,0,0,0,0,0
1608d89174030619b257346853f3ad15c38875e0,1422857033,6,6,19,0.453623,116,56,0,1,21.6,599.89,0.11,3761,1803.42,419,FALSE,0,0,0,0,0
c84e14db46f1465f46678f421f0d856ff6e49f18,1422853461,1,1,0,0,0,0,0,0,0,0,0,3760,1802.53,2486,FALSE,0,0,0,0,0
919c5bd0b3545eb241c5241bb698955430f7f234,1422853068,2,2,3,0.172647,136,108,0,22,-2.37,7313.67,610.33,3759,1801.54,1472.5,FALSE,0,0,0,150,188
67d9656e358e91c9ea4045efcdcba554a44904b2,1422849956,1,1,1,0,3,3,0,22,0.72,11056,1679,3758,1800.64,2484,FALSE,0,0,0,0,0
1a58a70494bcf38f89402acbf72d0ff5070a7b25,1422787473,1,1,1,0,9,11,0,22,0.09,11058,1678,3757,1801.63,2483,FALSE,0,0,0,0,0
a477b2efd168bd44dfa0102069e907a816bac962,1422779793,1,1,1,0,3,3,0,22,0.01,11058,1677,3756,1800.87,2482,FALSE,0,0,0,0,0
59c4546b8c226fda88c407ad45e224d25386de82,1422778969,1,1,1,0,25,25,0,22,0.02,11058,1676,3755,1799.9,2481,FALSE,0,0,0,0,0
ed1a75ef4cce50a4c59845c1ed40fca808474b62,1422778597,1,1,1,0,4,4,0,13,0,15065,1002,3754,1798.91,1388,FALSE,0,0,0,0,0
0cd942f152bf02b3dff337236565b7462104b3a8,1422778347,1,1,1,0,11,17,0,13,0.38,15071,1001,3753,1797.92,1387,FALSE,0,0,0,15,0
fe7f082083230603fe992e9e7927c8abd945c9dd,1422777266,1,1,1,0,8,8,0,22,0.36,11058,1675,3752,1796.95,2480,FALSE,0,0,0,0,0
849fd71f768c5fe584bd91e46928848fcf26d058,1422745771,2,2,2,0.853347,42,5,0,22,-2.03,13046,1111,0,0,0,FALSE,0,0,0,13,0
4e3a72388d19f144dfc85d318c7f9197289ef9ee,1422728644,1,1,1,0,91,45,0,12,2.41,15014,999,3751,1797.49,1386,FALSE,0,0,0,0,0
60b8329a73b486d5361cc74633efb09d15c84823,1422604612,134,134,133,0.649386,1456,1084,0,1,40.35,77.02,0.01,3750,1800.42,19.4925,FALSE,0,0,10,33,102
891d0482c6b81fa6c8a3b70f6d01077ce24e52b8,1422593814,6,6,12,0.669901,32,25,0,1,19.33,81.25,0.08,3749,1799.77,417.167,FALSE,0,0,0,0,0
64280f4285c019ffb012cccec2b6532438375ce5,1422553157,2,2,2,0.559965,81,70,0,1,4.89,5435,216.5,3748,1800.06,1468,FALSE,0,0,0,84,111
98c6eaac3be8f4a5c575fbec91a308ff99ffb5a8,1422522330,1,1,1,0,3,3,0,21,0.06,11032,1672,3747,1800.04,2476,FALSE,0,0,0,0,0
22d965c66cbe2552af6b869db00ea611714381c8,1422520504,1,1,1,0,15,0,0,12,0.02,14999,998,3746,1799.1,1385,FALSE,0,0,2,1,0
2eb932ebc1ce49c123be55ef3fe9417d1596573d,1422519022,1,1,1,0,9,0,0,12,0.03,14990,997,3745,1798.15,1384,FALSE,0,0,0,0,0
2ee0634db390cea6c61b6bdbcca391010dbe62c4,1422516810,2,2,2,0.805983,4,3,0,22,0.34,13010.5,1108,3744,1797.22,1929,FALSE,0,0,0,0,0
db3b6a12522439a549f8d956452e9386559edd80,1422507114,1,1,1,0,17,2,0,12,0.75,14975,995,3743,1796.52,1382,FALSE,0,0,0,1,0
24810aeca380aea7518eb73aef0acb735c857e7d,1422467742,1,1,1,0,3,0,1,21,0.3,11028,1670,3742,1796.77,2474,FALSE,0,0,0,0,0
c888319f22b5a6028a51bc661f0dbf3e93b0b9b2,1422441958,2,2,2,0.571553,82,12,1,22,1.32,12966.5,1106.5,3741,1796.59,1927,FALSE,0,0,0,0,0
13ee78a9c9c3f61e6e874a9c3d5fb36023aa14ff,1422438132,1,1,1,0,1,1,0,21,0.8,11021,1668,3740,1795.71,2472,FALSE,0,0,0,0,0
acaa07cf7c569884ef26411988ab63af75d68e97,1422379004,1,1,0,0,0,0,0,0,0,0,0,3739,1796.59,458,FALSE,0,0,0,0,0
1a3c9939e86c21cd3aacc318df9a3e8481ebc391,1422369390,2,2,1,0,1,1,1,20,0.44,11021,1667,0,0,0,FALSE,0,0,0,0,0
bbec03c4d5920e324202c78eb85b5ac59fe936bf,1422333885,6,6,12,0.441249,59,42,0,1,26.04,939.33,0.08,3738,1797.02,415.167,FALSE,0,0,0,0,0
3b2df88eabbd50a009faa3a2c06662c095eb4cdd,1422332035,6,6,12,0.441887,61,40,0,1,18.82,937,0.08,3737,1796.08,414.167,FALSE,0,0,0,0,0
56afe21022c07a24d1ddd11c39adf33ebdd04c45,1422331496,1,1,1,0,1,1,1,20,0,11021,1666,3736,1795.09,2469,FALSE,0,0,0,0,0
b58bfa82e64b94e7f25c955a0259a08a0296e7b2,1422331478,1,1,1,0,1,1,1,20,2.33,11021,1665,3735,1794.09,2468,FALSE,0,0,0,0,0
dc0c4fe8fb24d9a82a80694f3273f21aa3396c88,1422216832,1,1,1,0,34,26,0,12,0,14904,993,3734,1796.73,1380,FALSE,0,0,0,0,0
0c050bb266fb1e4746c2603828da277f83f8d34a,1422216808,1,1,1,0,12,2,0,12,0,14894,992,3733,1795.73,1379,FALSE,0,0,0,0,0
47a5b227ccfef41f0e3189e9c8e976e6f9cfd7b3,1422216761,2,2,2,0.251463,11,1,0,21,0.69,12952.5,1102.5,3732,1794.73,1922.5,FALSE,0,0,0,0,0
ed61d0c591ad9ea3b3020af4fdff798e5be53d59,1422157038,1,1,1,0,51,65,0,12,0.2,14898,990,3731,1795.63,1377,FALSE,0,0,0,0,4
8ff856ecf8f0453ea17c7f7e54c5a288e9c7a80c,1422157014,1,1,1,0,37,36,0,20,0.32,11020,1662,3730,1794.63,2466,FALSE,0,0,0,0,0
93a607bea0bb4cf5dbe425635e539e921b9b9b8e,1422140139,1,1,1,0,1,1,0,12,0.12,14898,989,3729,1794.17,1376,FALSE,0,0,0,0,0
a6257b59011e3de9d9ffe67c0392e3d670652522,1422130273,1,1,3,1,6,6,0,20,-0.33,7297,604,3728,1793.48,2465,FALSE,0,0,0,0,0
3e4e4f2664a45cd073a4e7a709ce3f29be20479a,1422129890,1,1,2,0.222816,569,511,0,1,7.34,5406,215.5,3727,1792.49,2464,FALSE,0,0,0,179,208
7bec7ba49df470a56f9474232c4ad2b61cb5eb99,1422129389,4,6,10,0.405736,77,77,0,22,9.94,3194.6,254.1,3726,1791.51,1060.75,FALSE,0,0,0,8,4
9563b5a7df33ac3218c1228897cefd58403c8707,1422034124,1,1,1,0,18,18,0,20,4.46,11020,1660,3725,1793.53,2462,FALSE,0,0,0,0,0
4c8f3bd3925fb22b81f008cdcd8a65ba25bfa2d6,1422033907,1,1,0,0,0,0,0,0,0,0,0,3724,1792.53,2461,FALSE,0,0,0,0,0
d28ca4eda75c1fa2bfa741896c10b180af0c98b5,1421998630,1,2,2,1,4,4,0,13,9.39,7535.5,508.5,3723,1792.65,1374,FALSE,0,0,8,0,0
74ba9eb1595bfdf2ceabe3cfc8ab97a83f0c8cb7,1421947366,1,1,1,0,1,1,0,4,11.5,933,150,3722,1793.28,1373,FALSE,0,0,0,0,0
d3a049c6e091446c49d03fc15c88d5a2e3213830,1421915922,1,1,0,0,0,0,0,0,0,0,0,3721,1793.28,2460,FALSE,0,0,0,0,0
16ad7e53ff7cfb169b1eb97eed055b22bf594d0a,1421915875,1,1,0,0,0,0,0,0,0,0,0,3720,1792.28,457,FALSE,0,0,0,0,0
cc8995cd5c28db476e762fe30cd81eb8d1432a5c,1421915841,1,1,0,0,0,0,0,0,0,0,0,3719,1791.28,2459,FALSE,0,0,0,0,0
a52a3eb42fefaceebc2b9dba89f84c732ef11599,1421811908,1,1,0,0,0,0,0,0,0,0,0,3718,1793.58,2458,FALSE,0,0,0,0,0
2e222fbae24cc1fcfd2a1b0af3ae6dbda58630c3,1421649095,1,1,1,0,6,6,0,20,1.08,11020,1659,3717,1797.77,2457,FALSE,0,0,0,0,0
c54b21a75494ef6b5768d5b0bdeb47fd5dbb3443,1421574130,1,1,0,0,0,0,0,0,0,0,0,3716,1799.17,2456,FALSE,0,0,0,0,0
cdf3b153365f9760a3b688921fa1ad407b42b5c6,1421556018,1,1,1,0,23,24,0,20,0.02,11021,1658,3715,1798.75,2455,FALSE,0,0,0,0,2
a9a95de02d605f30c7e5de1d332d8025be4cc12b,1421554511,1,1,1,0,2,4,0,20,0,11023,1657,3714,1797.8,2454,FALSE,0,0,0,0,0
d4bcd4ab0c978d4c0f1311aa49aa782b04fa7983,1421554334,1,1,1,0,32,32,0,20,0.36,11023,1656,3713,1796.8,2453,FALSE,0,0,0,0,2
3b2ed06864e18c04e771c0c03fadd779f7bbde1e,1421536086,1,1,0,0,0,0,0,0,0,0,0,3712,1796.39,2452,FALSE,0,0,0,0,0
ab210b39883a4ea9c79be48ad48a05f88e38c215,1421526211,1,1,0,0,0,0,0,0,0,0,0,3711,1795.7,2451,FALSE,0,0,0,0,0
70617be90341f137594a4df8248fc7286f9486ea,1421523052,1,1,1,0,9,11,0,20,0.64,11025,1655,3710,1794.8,2450,FALSE,0,0,0,0,4
f039d5bbcb4fa7ff86932f93c03bf66a44cc1001,1421522763,1,1,1,0,1,1,0,1,9.6,82,28,3709,1793.81,160,FALSE,0,0,0,0,0
e0adb3cf9a2dc8fa72276784b457d80ec226c49a,1421469009,1,1,0,0,0,0,0,0,0,0,0,3708,1794.53,2449,FALSE,0,0,0,0,0
4dd6e07b8d49f682bde0540afd8098b5ed3e8642,1421467729,1,1,0,0,0,0,0,0,0,0,0,3707,1793.57,2448,FALSE,0,0,0,0,0
d69b7951e0f3ce88ad8d0109e84565caa4443e52,1421467566,1,1,0,0,0,0,0,0,0,0,0,3706,1792.57,2447,FALSE,0,0,0,0,0
d915ece2e71204fa4726455789cca2133450731e,1421467414,1,1,1,0,2,2,0,20,0,11025,1654,3705,1791.58,2446,FALSE,0,0,0,0,0
f1be3df1127e5928f6e2f313755c870d061b29ce,1421467380,1,1,1,0,18,18,0,20,0.2,11025,1653,3704,1790.58,2445,FALSE,0,0,0,0,0
29b7ca4c259e4a2bc4ef71e83d35eca2ae943156,1421450043,1,1,1,0,1,1,0,20,0,11025,1652,3703,1790.13,2444,FALSE,0,0,0,0,0
f478d916aa8a884e4a11d0634b54791367d7c239,1421449995,1,1,1,0,22,23,0,20,0.22,11026,1651,3702,1789.13,2443,FALSE,0,0,0,0,0
d2e50b09db3b4495783e1ab8cf66e35d4cd32a2f,1421446792,1,1,1,0,5,5,0,12,0.01,14898,986,3701,1788.23,1372,FALSE,0,0,0,0,0
23c2dd33f2448e411601687e2a67dbd92526d577,1421445770,1,1,1,0,0,29,0,12,0.12,14927,985,3700,1787.27,1371,FALSE,0,0,0,0,0
ce0c3c935cc9b450afffc3a9649cff920fae2b43,1421435793,1,1,1,0,9,16,0,12,0.05,14934,984,3699,1786.58,1370,FALSE,0,0,0,0,0
bdbafb7a2a33ae2a1b493fe82a662b3e8150c30f,1421431284,2,2,2,0.751657,30,56,0,21,0.24,12993,1093,3698,1785.73,1905.5,FALSE,0,0,0,0,0
edffe2a6fca9343a41eed57980908907b97eb6a5,1421410150,2,2,2,0.133748,25,17,1,21,0.05,12989,1092.5,3697,1785.39,1904.5,FALSE,0,0,0,0,0
cd69a53406f86bf8765704fe84523472d4086619,1421406719,1,1,1,0,5,2,0,20,0.04,11052,1648,3696,1784.5,2440,FALSE,0,0,0,0,0
439ffa5849c8fcbe23d7f09edc399161d0b7da21,1421405787,1,1,0,0,0,0,0,0,0,0,0,3695,1783.53,2439,FALSE,0,0,0,0,0
4518c30cbe50613798bc359bb01d85e7e9dd755f,1421405289,1,1,1,0,10,6,1,12,0.03,14919,981,3694,1782.55,1367,TRUE,0,0,0,0,0
66838094474a3087fd8e956a6c372c3afc552ffd,1421402881,1,1,1,0,5,3,0,20,0.14,11050,1647,3693,1781.62,2438,FALSE,0,0,0,0,0
cccd43a16bf19147f84c5bae4062f1f1271aa8b4,1421402843,1,1,1,0,53,12,0,12,0.11,14878,980,3692,1780.63,1366,TRUE,0,0,0,0,0
91d44147bbcdabae7d1f3e127b42551530515b11,1421393710,1,1,0,0,0,0,0,0,0,0,0,3691,1779.91,2437,FALSE,0,0,0,0,0
777311bbf58cc742ebf3470d6e96dd834e1a59ab,1421393297,1,1,1,0,1,1,0,12,0,14878,979,3690,1778.93,1365,FALSE,0,0,0,0,0
9ded5dc78de471baa2926521a1e55fa7dce93b01,1421393270,1,1,1,0,1,1,0,12,0,14878,978,3689,1777.93,1364,FALSE,0,0,0,0,0
5b81c4573c1bedb57b3439550df12de7ec9575f8,1421393240,1,1,1,0,4,4,0,12,0,14878,977,3688,1776.93,1363,FALSE,0,0,0,0,0
32b2e9f6cf89ee53a831eeb851915a4181f4f6df,1421393214,1,1,1,0,62,0,0,12,0.02,14816,976,3687,1775.93,1362,TRUE,0,0,0,0,0
a6dba4456100362aeb633a19ed599900e7d13d01,1421391099,1,1,2,0.0742324,121,59,0,13,14.02,7579,518.5,3686,1775,1361,TRUE,0,0,0,0,3
03fc317a3fdf2b698cb672bb3facad51cbe5066f,1421391008,1,1,1,0,2,2,0,20,0.04,11050,1646,3685,1774,2436,FALSE,0,0,0,0,0
00a8130201f769a6f1c3b86ca43a59af1d878ff4,1421387937,1,1,1,0,1,1,1,20,0,11050,1645,3684,1773.09,2435,FALSE,0,0,0,0,0
74fc15cccdfdb4fb66979b2ae9f7591ff4ca96d2,1421387654,1,1,1,0,14,14,0,20,0,11050,1644,3683,1772.1,2434,FALSE,0,0,0,0,0
1d4d919f6d0447334e75e0769025402e24ed4fc7,1421387637,1,1,1,0,26,26,0,20,0.07,11050,1643,3682,1771.1,2433,FALSE,0,0,0,0,0
1826cc8870ca2fa153be6202ba3201840b9c7375,1421381286,1,1,1,0,2,2,0,20,0,11050,1642,3681,1770.3,2432,FALSE,0,0,0,0,0
8a6dab03c44999dbf6b47041a96123887d230bbd,1421381261,1,1,1,0,4,3,0,20,0,11049,1641,3680,1769.3,2431,FALSE,0,0,0,0,0
dffad444c3f5bb38496c0bec5f2df5eb829e3b59,1421381205,1,1,1,0,3,3,0,20,0,11049,1640,3679,1768.3,2430,FALSE,0,0,0,0,0
d6f1b164f7c6b40cc7ee2266f13ca5db61c331b9,1421381165,1,1,1,0,1,1,0,20,0,11049,1639,3678,1767.31,2429,TRUE,0,0,0,0,0
4011f054d6d9a474f6cb1fa6b7968fd47ad77364,1421381033,1,1,1,0,2,2,0,20,0.44,11049,1638,3677,1766.31,2428,FALSE,0,0,0,0,2
14e997835978577bbf1b92b86ef19619fa4a0961,1421343358,1,1,1,0,16,2,0,20,0,11035,1637,3676,1766.48,2427,FALSE,0,0,0,0,0
98535638a2d808ecc24206a796c80cb3790d48de,1421343328,1,1,1,0,41,42,0,20,0,11036,1636,3675,1765.48,2426,FALSE,0,0,0,0,0
8861c04e7791e202ce5564d7ec8b1f7494c6fbe8,1421343251,1,1,1,0,10,9,0,20,0.3,11035,1635,3674,1764.48,2425,FALSE,0,0,0,0,0
42b6f320d85d4b9cd0b8cae7c67a94034703b9ac,1421317108,1,1,1,0,3,3,1,20,0,11035,1634,3673,1764.29,2424,FALSE,0,0,0,0,0
31b4a9197faf4e106707088bd409943cb80a3a16,1421316886,1,1,1,0,5,5,0,20,0,11035,1633,3672,1763.3,2423,TRUE,0,0,0,0,0
f06c9d5b9bd27f965a142fb5b4b4a2e5eb8ad40b,1421316870,1,1,1,0,41,41,0,20,0.04,11035,1632,3671,1762.3,2422,TRUE,0,0,0,0,0
130fafd7c297b2280969033515fd90d029b3808a,1421313612,1,1,1,0,64,43,0,20,0,11014,1631,3670,1761.4,2421,TRUE,0,0,0,12,6
e76f79cd569319d85abef214f9a9b6c3c2d54293,1421313589,1,1,1,0,7,7,0,20,0.03,11014,1630,3669,1760.4,2420,FALSE,0,0,0,0,0
ba21718cb9cc561039f80137102549742edc746c,1421310916,1,1,1,0,13,26,0,20,0.06,11027,1629,3668,1759.49,2419,FALSE,0,0,0,0,0
6dfb2997cbedc8eea3bfa48a794589ab72ae6a54,1421305524,1,1,1,0,8,7,0,20,0.01,11026,1628,3667,1758.65,2418,FALSE,0,0,0,0,0
ae9ac3b439767225909bb4807674c887f66e9921,1421304420,1,1,1,0,16,0,0,20,0,11010,1627,3666,1757.69,2417,FALSE,0,0,0,0,0
d70b5a9886aaaf1502c55819aacf90b028a6fd5f,1421304326,1,1,1,0,36,13,0,20,0.01,10987,1626,3665,1756.69,2416,FALSE,0,0,0,6,2
fb2a20201c49d6e646b0f0db9aafcb1efbd3850f,1421303522,1,1,1,0,2,14,0,20,0,10999,1625,3664,1755.71,2415,FALSE,0,0,0,0,0
d1761558b4f141b518fd946706c693b0040271d3,1421303455,1,1,1,0,17,17,0,20,0,10999,1624,3663,1754.72,2414,TRUE,0,0,0,0,0
5bd0a53edd637a8b95a945305199658ef42ec39e,1421303321,1,1,1,0,9,9,0,20,0,10999,1623,3662,1753.72,2413,FALSE,0,0,0,0,0
53ea73238a30d68476a5eb4ca484c28c93d79510,1421303274,1,1,1,0,26,18,0,20,0,10991,1622,3661,1752.72,2412,FALSE,0,0,0,0,4
28560cb887e103224ac1b4ea8ff2f8b7ab9ef474,1421302954,1,1,1,0,42,21,0,20,1.86,10970,1621,3660,1751.73,2411,FALSE,0,0,0,0,0
0bcd12aa4e10d3b6b39cfcbe0a103c7c85f3567e,1421228889,1,1,0,0,0,0,0,0,0,0,0,3659,1753,2410,FALSE,0,0,0,0,0
aca07530aac448be5f71b3d6bd8b5c158659e550,1421141835,2,2,2,0.251463,9,3,0,21,1.27,12863,1074.5,3658,1754.67,1884.5,FALSE,0,0,0,0,0
c0110c6bab2b72e297dec202b9e4bc4d68ae5690,1421135863,1,1,1,0,6,6,0,20,-20.95,10970,1619,3657,1753.86,2408,FALSE,0,0,0,0,0
0ef9e0fa75e14f10f7e65b31a0032f75f3699bf6,1421052289,1,1,0,0,0,0,0,0,0,0,0,3656,1755.43,2407,FALSE,0,0,0,0,0
ba0751917d80d1b182c615a27bffd67c2b9668ff,1421045472,1,1,0,0,0,0,0,0,0,0,0,3655,1754.64,2406,FALSE,0,0,0,0,0
e3c1bfbcbad222489a461b966194d8e16f74fcb3,1420953800,1,1,1,0,4,4,0,4,1.07,933,149,3654,1756.46,1359,FALSE,0,0,0,0,0
5aaa0a7b5ffb789a43bf2a21db13ce10f541dd96,1420928317,1,2,2,0.57938,6,6,0,13,0.77,7464.5,501.5,3653,1756.25,1358,FALSE,0,0,8,0,0
5379c1996b521f5e702f4aa036fa1c53e9d1e486,1420923303,12,12,344,0.636585,12855,0,0,0,0,0,0,3652,1755.4,202.25,FALSE,0,0,8,90,106
2ca75970c0033b35f0f8a1094b9efa064b1ccaff,1420922256,1,1,0,0,0,0,0,0,0,0,0,3651,1754.44,1357,FALSE,0,0,0,0,0
d9c92288be12ed1f9d29e48ad83ef4624605f4af,1420922237,1,1,0,0,0,0,0,0,0,0,0,3650,1753.44,2404,FALSE,0,0,0,0,0
a7dfdebed68b3581e808bfc3e9c203cdc6dfdb05,1420861822,1,1,2,0.275217,455,433,0,1,-10.61,5395,214.5,3649,1754.3,2403,FALSE,0,0,0,170,200
87ac6812a38c34864359824684fa0e75df50f563,1420861636,3,4,7,0.126874,5,93,0,15,1.68,4168.43,260.71,3648,1753.3,1305.67,FALSE,0,0,16,301,333
8d4d2d62c11a143c1c0dc331480f4e9765d95a94,1420840442,1,1,1,0,8,31,0,1,0.61,10993,389,3647,1752.95,2401,FALSE,0,0,0,0,0
68fc036b7aec98f39f15a4e09fd69db1f7b1c130,1420826555,1,1,1,0,1,1,1,12,0.45,14756,971,3646,1752.38,1355,FALSE,0,0,0,0,2
f053c4d532897ce22e595ae5bcf81f5906b7e218,1420823859,1,1,1,0,1,1,0,2,2.47,173,49,3645,1751.46,1354,FALSE,0,0,0,0,0
06e4a2dbde49f5807162353e7a5133f44278df68,1420787869,2,2,2,0.256151,69,55,0,12,1.54,12867.5,636.5,3644,1751.57,1876.5,TRUE,0,0,0,2,7
9b7c4d676116c95dd16d371595d34ac192cc245c,1420706221,12,12,344,0.415048,23120,0,0,0,0,0,0,3643,1753.08,200.833,FALSE,0,0,16,186,212
996e61a38357fc30e12246e70b003f4f3636c8ad,1420703385,1,1,0,0,0,0,0,0,0,0,0,3642,1752.17,2398,FALSE,0,0,0,0,0
9e0ecab0c18ba7c232db2f1520d15166bd257635,1420699252,1,1,1,0,178,178,0,1,0.07,10978,387,3641,1751.3,2397,FALSE,0,0,0,4,0
309aa4a3f3e496b3e5a08eb4d83943c0b8e73863,1420693332,1,1,1,0,1,1,0,1,0.95,82,27,3640,1750.48,158,FALSE,0,0,0,0,0
0906fbf995e25ae2ddda363a6b489e857c931ea7,1420693272,1,1,1,0,3,3,0,1,0.95,2113,132,3639,1749.48,157,FALSE,0,0,0,0,0
2348ec40eefc52f110e13f285ea7b55255f8c2a9,1420693097,1,1,1,0,140,104,0,1,0.95,10942,386,3638,1748.49,2396,FALSE,0,0,0,0,5
c6852f4b965fedb18b4ff74449d60026b35fac4a,1420678197,1,1,1,0,0,1,0,1,0.78,1,3,3637,1747.94,2395,FALSE,0,0,0,0,0
8b0113973862623bae366a52b7b36a48355ef9a6,1420610848,4,6,13,0.0188302,53,10996,0,24,63.38,3932.08,203.85,3636,1749.01,1095.25,FALSE,0,0,24,669,748
d01a673adba82590a92246016469b3505109a8f8,1420562212,2,2,2,0.57938,3,3,0,20,15.49,6909,825,3635,1749.5,1318,FALSE,0,0,0,0,0
571ec44c33e964661062f61da612b5048fb4795a,1420517584,1,1,1,0,11,4,0,12,0,14750,968,3634,1749.88,1351,FALSE,0,0,0,0,0
e5a3c12026be8b95b869afd864ab9fd2b50fa488,1420517504,1,1,1,0,20,1,0,12,0.1,14731,967,3633,1748.88,1350,FALSE,0,0,0,0,0
bb2f1aa4bed4b1b0d41f0930cf54107fecbf69a9,1420508724,2,2,2,0.15876,13,5,0,21,0.58,12832.5,1068.5,3632,1748.15,1870.5,FALSE,0,0,0,0,0
59070bcd5bbcbd8812d7e72c8aa34ccb303ab997,1420508432,1,1,1,0,4,4,0,20,0.15,10934,1613,3631,1747.16,2391,FALSE,0,0,0,0,0
2f52dd88a9896622ac0c3e64f496e31a118a2ab6,1420495716,1,1,1,0,2,2,1,20,0,10934,1612,3630,1746.55,2390,FALSE,0,0,0,0,0
79fec3ac40f66f7cfda9e4442aba7f7462bbf60c,1420495699,1,1,1,0,4,4,0,20,0.66,10934,1611,3629,1745.55,2389,FALSE,0,0,0,0,0
6247bbf4b12b7aeb34b34cb1497682540a198f39,1420438662,1,1,1,0,215,209,0,20,0.35,10928,1610,3628,1746.29,2388,FALSE,0,0,5,2,0
11de155432645168883fb92e4253a9cd729edf98,1420408053,2,2,2,0.509916,56,27,0,21,0.96,12815,1066,3627,1746.23,1867.5,FALSE,0,0,0,0,0
bfe833c13231e22e0a40f781410e6c7fac801fb2,1420403726,1,1,1,0,4,4,0,20,1.82,10927,1608,3626,1745.37,2386,FALSE,0,0,0,0,0
1fd1da72f4a70d29289d8b12bc37ff88c58527e7,1420307918,1,1,0,0,0,0,0,0,0,0,0,3625,1747.31,2385,FALSE,0,0,0,0,0
f4c994d1826d06daab9c23c6e1af97a66219024b,1420307290,1,1,0,0,0,0,0,0,0,0,0,3624,1746.32,2384,FALSE,0,0,0,0,0
d81a6e6e897276d45458d8ab2ecc4a3788fbc731,1420246827,1,1,1,0,7,7,0,12,2.31,14703,964,3623,1747.18,1347,FALSE,0,0,0,0,0
fab5daacf8b57974b8dae84377161a7f752ea828,1420246785,1,1,1,0,33,30,0,20,0.15,10924,1607,3622,1746.18,2383,FALSE,0,0,0,0,0
b714c6b746c4fb74af2e6fe15178810d46a14788,1420233778,1,1,1,0,1,1,0,20,0.02,10924,1606,3621,1745.58,2382,FALSE,0,0,0,0,0
af1355a94ef7fe541276769464968b9b2989ebaa,1420232424,1,1,1,0,4,4,0,20,0.03,10924,1605,3620,1744.62,2381,FALSE,0,0,0,0,0
ebc08fd6f573870bceb3abbb314d0a0bad8ebaa4,1420229877,1,1,1,0,3,0,0,20,0.03,10921,1604,3619,1743.7,2380,FALSE,0,0,0,0,0
30b14451958cad9b7d262fc52ad887f149cf13aa,1420227235,1,1,1,0,16,0,0,20,0.01,10905,1603,3618,1742.78,2379,FALSE,0,0,0,0,0
0d1c7a14144749fb9d45fd0fdf243d8f21603d9b,1420226281,1,1,1,0,19,8,0,20,0.1,10894,1602,3617,1741.81,2378,FALSE,0,0,0,0,0
7e8e7757f4e8662762a6a0aca373916dd7fb4c79,1420222654,1,1,0,0,0,0,0,0,0,0,0,3616,1740.92,2377,FALSE,0,0,0,0,0
42eb180b6cfb5ad708f312800f4c9fafa0afcf10,1420217831,1,1,1,0,5,1,0,20,0.02,10890,1601,3615,1740.07,2376,FALSE,0,0,0,0,0
dff35bc9b786a5f506ec31edc14f22707d1530c5,1420215796,1,1,1,0,16,15,0,20,0,10889,1600,3614,1739.13,2375,FALSE,0,0,0,0,0
6a87ed285313971b9bdb5b030830022ec1157d12,1420215689,1,1,1,0,8,7,0,20,0,10888,1599,3613,1738.14,2374,FALSE,0,0,0,0,2
1266d49c65cd9ca7caa3ad625d5f6bdddd156f3b,1420215610,1,1,1,0,1,1,0,20,0.61,10888,1598,3612,1737.14,2373,FALSE,0,0,0,0,0
c8b130b232f588c18a62031d3cd9e62d27c3bae7,1420163177,1,1,1,0,6,7,0,20,1.05,10889,1597,3611,1737.73,2372,FALSE,0,0,0,0,0
67a6b0f383c7ff5b6927aa4968e99ed9899ca01a,1420093736,1,1,0,0,0,0,0,0,0,0,0,3610,1738.85,2371,FALSE,0,0,0,0,0
f9606b394c7158392c259035ccf96b8909e50c7b,1420084124,12,12,343,0.36492,22877,0,0,0,0,0,0,3609,1738.14,197.5,FALSE,0,0,16,183,208
e7c176f9046260aca1fc866356cc5083f2b62d23,1420072381,1,1,1,0,2,2,1,20,0.29,10889,1596,3608,1737.5,2369,FALSE,0,0,0,0,0
5ea3717152006840476d3a05c66a3de06260d5e2,1420048362,1,1,4,0.343014,1606,1429,0,1,16.95,5411,179.75,3607,1737.23,478,FALSE,0,0,10,366,436
4cc8363b5f85a8fdd0fb70377fdbdefe475b6a18,1420047284,1,1,1,0,8,8,0,12,0.02,14703,963,3606,1736.27,1346,FALSE,0,0,0,0,0
93193d7e76de552ebbd3f859dceb8ffbef56b8cb,1420047253,1,1,1,0,17,13,0,20,0.02,10885,1595,3605,1735.27,2368,FALSE,0,0,0,0,0
d68321ac2716c9acc961da72e2fa332a1eb46fca,1420045744,2,2,2,0.0132978,190,177,0,21,0.43,12787.5,1057.5,3604,1734.31,1856,FALSE,0,0,0,8,8
b2e8359d31482fd263aef6f8a29ce072fb1988e1,1420009648,1,1,1,0,11,14,0,12,0.17,14706,961,3603,1734.41,1344,FALSE,0,0,0,0,0
a302ca3d6c31122b9db0ec912146199f9a6d7821,1420008198,1,1,1,0,1,1,0,20,0,10872,1593,3602,1733.45,2366,FALSE,0,0,0,0,1
670358f2357a01fe6d37561135200201f2fa2421,1420008165,1,1,1,0,1,1,0,20,0.25,10872,1592,3601,1732.46,2365,FALSE,0,0,0,0,2
10e329f762a95d7d6b149b2f8e871c831e74079d,1419995752,1,1,1,0,17,7,0,1,15.78,2103,130,3600,1731.83,155,FALSE,0,0,0,0,0
6a3c1bdb990b16bcfc31acb1e48fbd66e5fa619f,1419995195,1,1,1,0,1,1,1,12,1.83,14706,960,3599,1730.85,1343,FALSE,0,0,0,0,0
90923c965b9025d960b3208672ed2e0efecf9be5,1419986365,1,1,1,0,21,22,0,20,0,10873,1591,3598,1730.12,2364,FALSE,0,0,0,0,0
d555241d03fa6f14fe1d085642eed8f41ee5c9e5,1419986265,1,1,1,0,8,10,0,20,0.01,10875,1590,3597,1729.12,2363,FALSE,0,0,0,0,0
3d2b6b76207bbd7bf12dd0c53b5270ddcbc8b7b2,1419985304,1,1,1,0,59,65,0,20,0,10881,1589,3596,1728.15,2362,FALSE,0,0,0,10,6
0b943b418c0375df6d930db2f02fc0c9e60611cc,1419985222,1,1,1,0,64,65,0,20,0.3,10882,1588,3595,1727.15,2361,FALSE,0,0,0,9,0
db12aaad11e3b3c89cec711907b053a3ad7a62a1,1419959027,1,1,1,0,26,13,0,20,1.74,10869,1587,3594,1726.94,2360,FALSE,0,0,0,10,0
860aa65d109388db84a63228783b0760f7e9f763,1419863096,0,0,0,0,0,0,0,0,0,0,0,3593,1728.84,0,FALSE,0,0,0,0,0
2e5e279a14bef1b76652666100ee3da4492e4893,1419837509,1,1,1,0,2,4,0,12,0,14708,959,3592,1728.61,1342,FALSE,0,0,0,0,0
df87b9ff56d627c21399116304c86aba33d93121,1419837491,1,1,1,0,56,12,0,12,0.05,14664,958,3591,1727.61,1341,FALSE,0,0,0,0,0
6c06ff3ca0a365519a3280e3282512486068f18e,1419833146,1,1,1,0,2,2,1,12,0.28,14664,957,3590,1726.74,1340,FALSE,0,0,0,0,0
40d6e9c84197b5746911219638ff1aec735bf301,1419809007,1,1,1,0,492,59,0,12,0.76,14231,956,3589,1726.47,1339,FALSE,0,0,0,0,0
6a4f06f3259e7ec72e4021d8462a388eb6460ffe,1419808892,1,1,1,0,2,2,0,20,0,10869,1585,3588,1725.48,2359,FALSE,0,0,0,0,0
f7d306cb0289cfcb62889489489ef822a5bec6ed,1419808873,1,1,1,0,27,23,0,20,0.76,10865,1584,3587,1724.48,2358,FALSE,0,0,0,5,0
34bc182c22eb8626a2e56570762f246120d7f24d,1419802948,1,1,1,0,2,2,1,20,0.69,10865,1584,0,0,0,FALSE,0,0,0,0,0
3f8dd7e658bf2b17bf7ca3b3c0f084ef9159f46e,1419743396,2,2,2,0.57938,7,5,0,21,0.05,12547,1049,3586,1725.45,1847.5,FALSE,0,0,0,12,4
46341fea9633f93d5f12935e6042727127834842,1419738673,2,2,2,0.35218,16,11,0,21,0.03,12544.5,1048.5,3585,1724.59,1846.5,FALSE,0,0,0,4,6
4319cdbba1f6b799a9360b28561201e1f2b8ec38,1419736452,2,2,2,0.633007,10,4,1,21,0.05,12541.5,1048,3584,1723.66,1845.5,FALSE,0,0,0,2,1
3453236830521d1769900a20fd79747ad27f62d6,1419733637,1,1,1,0,74,69,0,12,0.03,14217,952,3583,1722.75,1335,TRUE,0,0,0,0,0
fa2058ec7740f98a1fe3dbaeb91e9e1d8c8fe084,1419730930,2,2,2,0.756895,35,9,0,21,3.31,12526,1047,3582,1721.83,1844,TRUE,0,0,0,3,2
7f823fe2a8f694cf9599694b25fc84278fd3d028,1419662379,1,1,1,0,2,3,0,20,0.1,10854,1579,3581,1722.89,2353,FALSE,0,0,0,0,0
99b7613206b7beb81ae0d68e2898cbb44c553c59,1419653739,1,1,1,0,3,3,0,20,0.05,10854,1578,3580,1722.15,2352,FALSE,0,0,0,0,0
545e614c04b944c34befbc5dfb58836ed9cb0cf1,1419649652,1,1,1,0,3,5,0,20,0.01,10856,1577,3579,1721.27,2351,FALSE,0,0,0,0,0
5ea04a388d304ff6625980afd7af84e2b330c753,1419648976,1,1,1,0,64,67,0,20,0.3,10859,1576,3578,1720.29,2350,FALSE,0,0,0,2,13
8922372f4b8d0b0d9fed28b381e67fbddcd2aea1,1419622770,1,1,1,0,3,2,0,20,0,10858,1575,3577,1720.08,2349,FALSE,0,0,0,0,0
ceaa2c1619867f7d3442f882aebba23d21b5fb0e,1419622457,1,1,1,0,130,90,0,20,1.15,10818,1574,3576,1719.09,2348,FALSE,0,0,0,6,4
4e73daab79a8978019a409271628b3f128a91884,1419523157,1,1,1,0,27,7,0,20,1.66,10798,1573,3575,1721.07,2347,TRUE,0,0,0,0,0
5b29d987c83538bb34699c3e62a905fd576f3f3c,1419379327,1,1,1,0,2,2,0,20,1.26,10798,1572,3574,1724.41,2346,FALSE,0,0,0,0,0
1cd53c051dd7c6550dcc47d869e09314e48760b6,1419353195,1,1,0,0,0,0,0,0,0,0,0,3573,1724.2,2345,FALSE,0,0,0,0,0
5460d0030fedf69a9c8128ec372a71cc88e53e21,1419298575,1,1,0,0,0,0,0,0,0,0,0,3572,1724.85,2344,FALSE,0,0,0,0,0
d14a0ce59239b64136b47b8e027d2b31a1c3abf3,1419270339,1,1,1,0,3,4,0,20,0.19,10799,1571,3571,1724.71,2343,FALSE,0,0,0,0,5
a4000a32867d0754bea9f045cae6841c20ac8c4b,1419255554,1,1,0,0,0,0,0,0,0,0,0,39,23.64,25,FALSE,0,0,0,0,0
85fd650f5ca37e174d136123b616c553214c565e,1419254211,1,1,1,0,2,3,0,20,0.34,10800,1570,38,22.64,24,FALSE,0,0,0,0,0
b19033a375f757de8aafecb7aeac4e2b17455ebb,1419227199,1,1,1,0,18,3,0,12,0.11,14184,950,3570,1725.01,1333,TRUE,0,0,0,0,0
33e19ce9f6d73e807b6e923b6983709bdab49ecb,1419225078,1,1,1,0,3,3,0,20,0,10800,1569,3569,1724.08,2342,FALSE,0,0,0,0,0
d21218fd57557ff7bf7c064213a692e938d4d98f,1419225056,1,1,1,0,6,6,0,20,0,10800,1568,3568,1723.08,2341,FALSE,0,0,0,0,0
9f2279c67560a563e8a9bba83e673ad1df3b3162,1419224984,1,1,1,0,3,4,0,20,0,10801,1567,3567,1722.08,2340,FALSE,0,0,0,0,0
06bfbfaff43139f270b5410151b6a0df9b3b29b7,1419224934,1,1,1,0,3,3,0,20,0.09,10801,1566,3566,1721.08,2339,FALSE,0,0,0,0,0
562834e0d00a92e2fe0168d3532ac6004b0534d5,1419221584,1,1,0,0,0,0,0,0,0,0,0,3565,1720.18,2338,FALSE,0,0,0,0,0
bdf2285f14b1e66cf6267cfe5c0c90a60fe27122,1419217348,2,2,3,0.499394,14,41,0,22,0.12,8469.33,712,3564,1719.31,1834.5,FALSE,0,0,0,0,1
1780682a8dda7d70ead30255793149328394751a,1419208589,1,1,1,0,6,6,0,20,0.94,10808,1564,37,21.66,23,FALSE,0,0,0,0,0
9b48bd27ddfae4abd224ad5cbfada6e5293a4e0b,1419207006,1,1,1,0,34,19,0,12,0.02,14181,948,3563,1718.62,1331,FALSE,0,0,0,2,2
0b1e2a6107ff9280f23f3dace7c1aef689021ccd,1419204994,1,1,1,0,17,0,0,12,0,14164,947,3562,1717.68,1330,TRUE,0,0,0,0,0
c78edf3fffde0945295aff1a1d571c30a74b4b06,1419204959,1,1,1,0,5,5,0,12,0.9,14164,946,3561,1716.68,1329,FALSE,0,0,0,0,0
6fcd99c6da90561494c4e8fc6694d99bf7786f45,1419204518,1,1,1,0,5,5,0,2,6.83,404,130,3560,1715.69,1328,FALSE,0,0,0,0,0
b42f3a5400a420b95ff7d7c0c60d034f802366b0,1419127227,2,2,2,0.248805,83,26,0,21,0.13,12457.5,1036.5,3559,1717.02,1831.5,FALSE,0,0,0,0,0
bb543920a6846e8cd055d62820bbd65a9d92fde7,1419121326,1,1,0,0,0,0,0,0,0,0,0,3558,1716.19,2335,FALSE,0,0,0,0,0
0845758023ff3bbda7e4f833324a504e773f3ae0,1419118934,1,1,1,0,7,7,0,20,0.03,10808,1562,3557,1715.26,2334,FALSE,0,0,0,0,0
bb53dde973082cbf549e3daf7e7780da483c8176,1419118040,231,231,230,0.735915,15723,0,0,0,0,0,0,3556,1714.29,10.0996,FALSE,0,0,9,119,176
816f81260a5900976632dab094ac32869148faee,1419116363,1,1,1,0,2,2,0,20,0.09,10808,1561,3555,1713.34,2332,FALSE,0,0,0,0,0
a9583f4440a33dd526a9cb52a99742953d210686,1419113577,1,1,1,0,12,12,0,12,0,14107,944,3554,1712.42,1326,FALSE,0,0,0,0,0
4e52c9cc655c3c9c9751cec99e3323183cbc4e1e,1419113558,1,1,1,0,176,14,0,12,2.12,13945,943,3553,1711.43,1325,FALSE,0,0,0,1,0
8299dded0be6db167119e809dde18ddad5145ae3,1419108995,1,1,1,0,23,23,0,20,0,10808,1560,3552,1710.56,2331,FALSE,0,0,0,0,0
5d83cafc5094a4c3dd60ba9200346c8e108ab711,1419108971,1,1,1,0,163,69,0,20,0.14,10714,1559,3551,1709.56,2330,FALSE,0,0,0,5,9
9819e60aae0f3ccc919703257d3bd54ce9e36652,1419097161,1,1,1,0,1,1,0,20,0,10714,1558,3550,1708.91,2329,FALSE,0,0,0,0,0
1182eb4a9f30885af8d6532eb409e013132ab146,1419097136,1,1,1,0,24,7,0,20,0,10697,1557,3549,1707.92,2328,TRUE,0,0,0,0,0
48a0986c14a49766991059d4097429d5aa3f42d7,1419097064,1,1,1,0,3,3,0,20,1.93,10697,1556,3548,1706.92,2327,FALSE,0,0,0,0,0
6c2f7046d1d2dad1f4ee58df948e1d692f48541b,1418930652,1,1,1,0,17,43,0,12,0.65,13971,942,3547,1710.88,1324,FALSE,0,0,0,0,0
9735bffae53cbd334c6d04f6d466670a6d508c7f,1418930594,1,1,1,0,14,12,0,20,0.5,10695,1555,3546,1709.88,2326,TRUE,0,0,0,2,2
56a11910dbc316afd9461651adf6534c9913520a,1418887647,1,1,1,0,13,12,0,20,0,10694,1554,3545,1710.17,2325,FALSE,0,0,0,2,2
70b00dc4e331cf0fb3e14788a6c1fc3d34dc4e0d,1418887520,1,1,1,0,14,13,0,20,0.15,10693,1553,3544,1709.17,2324,FALSE,0,0,0,0,0
56c1bf01a476956b00bd5e0efea623486b60d3bd,1418874866,2,2,2,0.674494,20,12,0,21,0.72,12328,1029.5,3543,1708.55,1823,FALSE,0,0,0,0,3
022b295aaa6d44b5a96898cf9dea1204a72c887d,1418873562,1,1,1,0,6,5,0,20,0.4,10688,1551,3542,1707.59,2322,FALSE,0,0,0,0,0
fd977895aba0fa3baacc5475661ae52285d6a8b2,1418839175,1,1,1,0,1,1,0,20,1.01,10688,1550,3541,1707.61,2321,FALSE,0,0,0,0,0
ad1f3ddbadf0731e9f4cd3452eaf40e5bba50e38,1418807748,1,1,1,0,2,2,0,4,22.97,933,146,3540,1707.55,1322,FALSE,0,0,0,0,0
c8b159e38c6e0739b244a47af92a94d1ec6350cf,1418752070,2,2,2,0.0154351,161,157,0,21,0.79,12325.5,1028,3539,1708.21,1820.5,FALSE,0,0,0,1,6
7405e3c12ac51e3bcc9ec96b1e5ba92c67a977ee,1418692655,1,1,1,0,6,14,0,20,0.67,10692,1548,3538,1708.99,2319,FALSE,0,0,0,0,0
1b8ca164c9bff8b30f4fabe20259c101ebe10a1b,1418674287,1,1,1,0,17,13,0,12,0.69,13963,939,3537,1708.53,1320,FALSE,0,0,0,0,0
74cdaa9fcb5a6a57c2a0d2401f152b349744b846,1418634633,1,1,1,0,19,20,0,20,0.24,10693,1547,3536,1708.72,2318,FALSE,0,0,0,0,1
0ba331485a305b3339f8dbaa6a54950ee3fa80cb,1418631963,1,1,1,0,28,14,0,1,14.2,2089,129,3535,1707.8,154,FALSE,0,0,0,0,0
316ae0c7859909687f0ebca75354c0707940dcb3,1418628698,2,2,1,0,1,1,0,1,302.37,43,4,3534,1706.9,1279.5,FALSE,0,0,0,0,0
f5b3c0affcb4e45346b1c100a6c2005c45180fbf,1418614618,1,1,4,0.375327,20,5,1,13,10.5,3691,263,3533,1706.32,1319,FALSE,0,0,2,0,0
c2d2fa257939d47743b2cea8930a865cc4473f29,1418614540,1,1,1,0,10,6,0,12,0.36,13953,937,3532,1705.32,1318,FALSE,0,0,0,0,0
d683eb2dd15cc8ba4869e050bccfc0c53a0984f2,1418614178,1,1,1,0,25,29,0,20,0.02,10697,1546,3531,1704.33,2316,FALSE,0,0,0,0,0
470d35e96cf4d59431d0b61a1e1b37bcc021d727,1418612289,1,1,1,0,10,14,0,20,0.25,10701,1545,3530,1703.39,2315,FALSE,0,0,0,0,8
7464d82243669a619bd249a18656b0813c5009f4,1418591006,1,1,1,0,5,5,1,20,0.1,10701,1544,3529,1703.02,2314,FALSE,0,0,0,4,0
58e14705b5ed6a9d1c25a8a4d2f733032576eb34,1418583825,1,1,4,0.313648,2099,1552,0,1,7.81,5274.25,179.5,3528,1702.23,477,FALSE,0,0,0,332,498
c61fed32db0c977eb57c0a6f575c5fa88071986a,1418583809,1,1,1,0,4,1,1,12,0.51,13950,936,3527,1701.23,1317,TRUE,0,0,0,0,0
c4cdec55314c595099b5b0c6966f83107c14f7ba,1418582410,1,1,1,0,12,9,1,20,1.49,10698,1543,3526,1700.27,2313,FALSE,0,0,0,6,0
f8b95abf0c91f2b273ba417ed7f2990932080599,1418539652,1,1,0,0,0,0,0,0,0,0,0,3525,1700.54,2312,FALSE,0,0,0,0,0
579794666aad8f2050bfcf0b099e4679c7d52c88,1418539595,2,2,1,0,3,11,0,12,2.57,13958,935,3524,1699.54,1813.5,TRUE,0,0,0,1,0
2ef25b63382f4ad31434a2cff3b4f3eb4bfa43d7,1418453348,1,1,1,0,5,6,0,20,1.57,10630,1541,3523,1701.1,2310,FALSE,0,0,0,2,0
3ad9d38063cf153efd9b9d70b5d36f7e7c334501,1418453292,1,1,1,0,227,158,0,20,0,10629,1542,3522,1700.11,2309,TRUE,0,0,0,7,17
faddd94518b4f99eb1b251dcb58df86cac7ed2fe,1418317404,2,2,2,0.191987,20,18,0,21,0.4,12293,1021,3521,1703.15,1811.5,FALSE,0,0,0,2,2
cd5f9b8bd4a563cd9e78886934d60b958db1110e,1418282912,2,2,2,0.37331,16,14,0,21,0.01,12292,1020.5,3520,1703.17,1810.5,FALSE,0,0,0,0,0
94fd20e86403174937a60d92e18d0bd00a87cb4e,1418282092,1,1,1,0,1,1,0,20,0.41,10632,1538,3519,1702.2,2306,FALSE,0,0,0,0,0
3558eef66b4adfef2efd6786038ef322bc753413,1418281932,1,1,1,0,7,7,0,12,0.4,13952,932,3518,1701.2,1313,FALSE,0,0,0,0,0
ee66e2154d7c0cd7a2db06113a831cc771f8d765,1418247095,2,2,2,0.238353,39,5,0,21,0.6,12275,1019,3517,1701.24,1808.5,FALSE,0,0,0,0,0
5500a86f0b249ade6c2922da5310459a8f823f26,1418197148,1,1,1,0,7,0,0,12,0.6,13914,930,3516,1701.73,1311,FALSE,0,0,0,0,0
9b1c1774cd7cb13dfc140847b501df141d5d5781,1418192505,1,1,1,0,1,1,0,20,0.02,10629,1536,3515,1700.86,2304,FALSE,0,0,0,0,0
a8e31469c532233c65a8df5d6b29976e390a88eb,1418190791,1,1,1,0,2,2,0,20,0.01,10629,1535,3514,1699.92,2303,FALSE,0,0,0,0,0
b70bafaf514031da0204bfa9b9ec0b4b6dd58935,1418189537,1,1,1,0,88,85,0,20,0.53,10626,1534,3513,1698.95,2302,FALSE,0,0,0,6,6
d393349b4d7dcb70a2085a4f6eb2234a0e7c7885,1418145581,1,1,1,0,14,5,0,12,0.02,13905,929,3512,1699.26,1310,FALSE,0,0,0,0,0
0904724694ae43adb9ba2693c142bc7cbacb077d,1418144173,1,1,1,0,1,1,0,12,2.74,13905,928,3511,1698.3,1309,FALSE,0,0,0,0,0
eff482500043f05aa425894610f72a685a595cda,1418144148,1,1,1,0,8,5,0,20,0.69,10623,1533,3510,1697.3,2301,FALSE,0,0,0,0,0
091c00229a4270809e6c5a06dbf02ab63ea0802d,1418084257,1,1,1,0,48,17,0,20,0.74,10592,1532,3509,1698.08,2300,FALSE,0,0,0,5,5
f99bc6d8f9f522f54866c1ea311ea487daa92339,1418020296,1,1,1,0,0,3,0,20,0.97,10582,1530,3508,1698.98,2299,FALSE,0,0,0,0,0
126f0d60364e8a5ebe9d609ce9d11eea5415f2d9,1418020270,1,1,1,0,17,4,0,20,0,10579,1531,3507,1697.98,2298,FALSE,0,0,0,0,0
3d8cf6a90b1cd100f41c1e4be9e4ea60eba30eda,1417939117,1,2,2,0.734496,24,21,0,1,234.04,1681,22,3506,1699.39,241,FALSE,0,0,0,4,4
ac44663f044917db3e3d0c82c7266aaadadf22f2,1417936070,3,3,2,0.892647,13,13,0,20,6.63,6729,781.5,3505,1698.48,997.667,FALSE,0,0,0,0,0
3da01178384cfa80b025833b557ccefcbd0dbcb5,1417908712,1,1,4,0.709557,618,375,0,1,7.99,5213.5,179.25,3504,1698.3,476,FALSE,0,0,0,300,456
57113b21ed1553c13e2786f49fe21117a7a33c9a,1417907351,1,1,0,0,0,0,0,0,0,0,0,3503,1697.34,2296,FALSE,0,0,0,0,0
57d5ace61cb664e9a95b0514713cd6ffe23b2ad2,1417907150,1,1,1,0,14,72,0,12,2.67,13963,927,3502,1696.34,1308,FALSE,0,0,0,1,0
f4da80e7c65a3e987943bb4706eb53a07b1fc9bd,1417905647,1,1,1,0,2,1,0,20,0,10581,1528,3501,1695.39,2295,FALSE,0,0,0,0,0
df3ca5c7c8dde92cf2e6fee5c5c1ae5a876c61cf,1417905383,1,1,1,0,5,3,1,20,0.01,10579,1527,3500,1694.4,2294,FALSE,0,0,0,0,0
4b676df37f5df9147256e990e1ed40ca074ca7f4,1417904629,1,1,1,0,30,31,0,20,0.04,10580,1526,3499,1693.42,2293,FALSE,0,0,0,0,0
5dc04266eae82deb561612094e9e3119c193fe74,1417901019,1,1,1,0,13,11,0,20,0.01,10578,1525,3498,1692.53,2292,FALSE,0,0,0,0,0
dbcfe3f5d25da7a39c1d3664c9259d1f2e3c4fdf,1417900323,1,1,1,0,27,22,0,20,0.1,10573,1524,3497,1691.55,2291,FALSE,0,0,0,8,22
fdbec5b0d23d6332b0abaf0ecda3c37bfa301297,1417891728,1,1,1,0,43,18,0,20,2.49,10548,1523,3496,1690.8,2290,FALSE,0,0,0,2,0
3ea129b4f84eb5632c4a07c4fc777a16ae74e246,1417767318,1,1,0,0,0,0,0,0,0,0,0,3495,1693.48,2289,FALSE,0,0,0,0,0
48a7e4052058ecd73f6898013625d97d802931ae,1417676266,2,2,2,0.710484,165,17,0,21,1.53,12181.5,1009.5,3494,1695.18,1797.5,FALSE,0,0,0,3,0
08b956cf884a5696f24284c9377cb4fa93c1294e,1417592608,1,1,0,0,0,0,0,0,0,0,0,3493,1696.67,2287,FALSE,0,0,0,0,0
93b1e1f5ac72fad0507fc551704b88082a49fa48,1417589210,1,1,1,0,86,38,0,20,4.3,10461,1521,3492,1695.77,2286,FALSE,0,0,0,0,0
bdecf6baf512040809b178d89b7586a79a547622,1417499620,1,1,1,0,7,7,0,12,0,13854,925,3491,1697.43,1306,FALSE,0,0,0,0,0
4528311d7782f4f960cc52a60431b91470a17e15,1417499604,1,1,1,0,22,0,0,12,1.09,13832,924,3490,1696.43,1305,FALSE,0,0,0,0,0
0bc1761daea21c92e6749181c33f07c6343cf769,1417424944,1,1,0,0,0,0,0,0,0,0,0,3489,1697.66,2285,FALSE,0,0,0,0,0
f690b0edf6e4b81c5a0ec5cfc0a216695e2a3816,1417414829,1,1,0,0,0,0,0,0,0,0,0,3488,1696.96,2284,FALSE,0,0,0,0,0
10851772afc7041208da01291aaf6bd77430dca9,1417405535,1,1,1,0,2,2,1,12,2.15,13832,923,3487,1696.24,1304,TRUE,0,0,0,0,0
66e7b2819506272b5752599bbf83e8654366005b,1417405343,1,1,1,0,10,10,0,1,7.16,2089,128,3486,1695.24,153,FALSE,0,0,0,0,0
76021fb582a11926dcc78bf5729f5efa3af7f74f,1417404538,4,13,12,0.152275,19,18498,0,2,119.84,1628.42,25.17,3485,1694.27,994.25,FALSE,37,4,181,778,219
db50adbd9f0fa1d3323560f7ed9fcbe1342508ce,1417219393,1,1,1,0,3,3,1,12,0.02,13832,922,3484,1698.79,1302,FALSE,0,0,0,0,0
5c7cc146a1fd4680bd85e2d4aeaef352857e32f4,1417218223,1,1,4,0.391582,1323,1067,0,1,16.66,5149.5,179,3483,1697.82,475,FALSE,0,0,0,284,460
fa3b384c6ff36dafb04ef568434a215a89da0993,1417217504,2,2,2,0.175022,24,9,0,21,0.06,12139,1006.5,3482,1696.85,1791.5,FALSE,0,0,0,0,2
3f9a878b03ecf6409ecb267acb9b349b3cfffbf1,1417213420,1,1,1,0,2,2,0,20,0.03,10461,1519,3481,1695.97,2281,FALSE,0,0,0,0,0
ab3b9721853c2729103316c825d0ed71b8912d2e,1417211258,2,2,2,0.465805,42,8,0,21,0.57,12122,1005.5,3480,1695.03,1790,FALSE,0,0,0,1,0
fb9118a044bfbbbe0d673fd0125c1a2f0abf266a,1417161779,2,2,2,0.900084,147,49,0,21,1.42,12073,1005,3479,1695.51,1789,TRUE,0,0,0,0,2
3256c9b3f544278bec0f5d7f5cef41c49da4bb15,1417081032,1,1,1,0,11,4,0,11,2.07,13699,917,3478,1696.92,1298,FALSE,0,0,0,0,0
8b43b2b69dc22ad75e271b4fdc0d4052b45dcaf8,1417074371,1,1,1,0,57,28,0,20,1.99,10393,1516,3477,1696.12,2278,FALSE,0,0,0,0,0
5cce5b67077876f1a0ac9138d719e6d13dc3fda9,1417004517,1,1,1,0,20,2,1,11,-0.89,13706,918,0,0,0,TRUE,0,0,0,0,0
02a862684dee124f4b8c3dbb4d61467ba4c1141b,1416902227,2,2,2,0.805983,14,14,0,20,0.51,12046,1003,3476,1700.27,1787,FALSE,0,0,0,0,0
c15f5b51060f9bbde4531f457a7cffb0f64fd650,1416901839,1,1,1,0,25,25,0,11,0,13699,915,3475,1699.28,1296,FALSE,0,0,0,0,0
0f06d5106567c06841edc091365827347039f270,1416901525,1,1,1,0,36,8,0,11,1.01,13671,914,3474,1698.29,1295,FALSE,0,0,0,0,0
8abfa419e8decf2bebd97d62738eb4db995cacb1,1416822976,1,1,1,0,3,3,0,4,0,933,145,3473,1699.65,1294,FALSE,0,0,0,0,0
c3c90ab78bafefa477122b017ecc948b2b674737,1416822952,1,1,1,0,1,1,1,4,4.27,933,144,3472,1698.65,1293,FALSE,0,0,0,0,0
666be21f593e34ee59f7d0a309fe3ae05c8532ce,1416820361,1,3,3,0.248564,14,14,0,1,99.38,2326,18.33,3471,1697.73,238,FALSE,0,0,0,0,0
0fe819710063c0db32fac1c062cf5628918180ac,1416813971,2,2,2,0.795319,144,61,0,20,0.25,11990.5,1001.5,3470,1696.92,1784,FALSE,0,0,0,0,0
d8a7a7792af8cc5cebdfa7c16ac658bcbbf4dba2,1416798591,1,1,1,0,27,27,0,20,0.14,10353,1513,3469,1696.38,2275,FALSE,0,0,0,0,0
82b9a0c949761ba65ff897f218b0fff5a0ad72cd,1416786826,3,3,4,0.240855,172,194,0,21,17.87,6624.25,533.5,3468,1695.73,1238.67,FALSE,0,0,0,8,0
a3083d2990df632bb63e7890df57dbc9f530bb7d,1416785770,1,1,1,0,2,2,1,20,0,10352,1511,3467,1694.77,2273,FALSE,0,0,0,0,0
3c62914304214575a68dd56473a363ac915e7137,1416785749,1,1,1,0,42,58,0,20,0.03,10368,1510,3466,1693.77,2272,TRUE,0,0,0,2,0
a0947684695f358176ea0e102920c56c3588fc29,1416783237,1,1,1,0,2,2,0,20,1.02,10368,1509,3465,1692.84,2271,FALSE,0,0,0,0,0
3965f063d36bae3993f6048ac74978f141e28f51,1416695684,1,1,1,0,14,14,0,11,0,13642,911,3464,1694.46,1290,FALSE,0,0,0,0,4
2b7c295bf16783bf548eae4f36eb94b9753e1b07,1416695512,1,1,1,0,3,3,0,11,0,13642,910,3463,1693.46,1289,FALSE,0,0,0,0,0
2fd297c1e1854bf7710b8eb6f6b776ca6498d0f6,1416695492,2,2,2,0.340898,18,19,0,20,0.26,12005.5,997.5,3462,1692.46,1779,FALSE,0,0,0,0,4
263c04aeb254da0487f13b9a131c7e58b11141a8,1416690650,0,0,0,0,0,0,0,0,0,0,0,3461,1691.61,0,FALSE,0,0,0,0,0
8f2b5e195e766ef56aa05b72f2a7e76cd43a7f69,1416673415,2,2,2,0.35218,27,0,1,20,0.44,11992,997,4,3.77,3.5,FALSE,0,0,0,0,1
7e3dd2b8ccf649191c0974a488e58492435715cd,1416635419,2,2,2,0.818216,18,12,0,20,0.42,11989,996.5,3460,1692.25,1778,TRUE,0,0,0,0,0
49c027537e5e4e120ef2b6c721f3d867b7400399,1416607362,0,0,0,0,0,0,0,0,0,0,0,3459,1692.09,0,FALSE,0,0,0,0,0
a1a609529525ee27650658397e08ea5f173f9242,1416599124,2,2,2,0.734496,20,10,1,20,0.42,11984,996,3,2.78,2.5,FALSE,0,0,0,0,2
5f7dcc9b78051775789fbfffb0fdadd66a0eecef,1416562418,2,2,2,0.293634,13,8,1,20,0.04,11981.5,995.5,3458,1692.43,1777,TRUE,0,0,0,0,2
1705bf4f3cb463f2c4a56e8f8c11c8b75c5bec75,1416559199,2,2,2,0.264142,23,23,0,20,0.78,11981.5,995,3457,1691.53,1776,FALSE,0,0,0,0,0
8612946bf5ef18460e4cbe2a55a2516e76aa39ec,1416491985,2,2,2,0.251463,11,1,1,20,2.96,11976.5,994.5,2,1.79,1.5,TRUE,0,0,0,0,0
7cf40576dd5fc6f46f67e98884201e4524af5aea,1416454371,1,1,1,0,2,2,1,4,3.82,933,143,3456,1693.66,1284,FALSE,0,0,0,0,0
239f35d830e6e45c6d3baaa03ef57e33f6be7673,1416349139,1,1,1,0,67,52,0,20,0.71,10346,1501,3455,1695.82,2266,TRUE,0,0,0,0,0
05ff42b7676f8414366eb26345575725f815faa8,1416287500,1,1,1,0,23,23,0,20,0.96,10346,1500,3454,1696.67,2265,FALSE,0,0,0,0,0
7bab4817f2885e850b3bd6fa578d3c35de6e315c,1416204944,1,1,1,0,2,2,0,20,0.94,10346,1499,3453,1698.16,2264,FALSE,0,0,0,0,0
0d87b7d7207faedcb03ee776bace6a42cbb65d36,1416123936,3,5,8,0.444566,232,247,0,23,25.82,3441.75,278.25,3452,1699.6,1232,TRUE,0,0,0,0,2
6b72adbeee032c5a2b0313b9b98da5975616a1ae,1416092276,1,1,1,0,5,2,0,20,0.81,10344,1497,3451,1699.56,2262,FALSE,0,0,0,2,0
db97ae46e5bacc14c68f8666542193d448cf7a64,1416022612,2,2,2,0.18554,24,23,0,20,0.01,11967.5,991.5,3450,1700.66,1771.5,FALSE,0,0,0,0,0
fc6c084693efecb82103cb5f0c3e91a1f688ae92,1416021476,1,1,1,0,27,4,0,11,0.31,13568,900,3449,1699.7,1281,FALSE,0,0,0,0,1
9e01cc5705a5b7912a0b82c83ba886d281191b43,1416021374,1,1,1,0,2,2,0,20,0.32,10344,1495,3448,1698.7,2260,FALSE,0,0,0,0,0
f9ce45c0586ad433d1850e4d87dbc6cec8c8382c,1415994738,1,1,1,0,14,9,0,11,0.11,13563,899,3447,1698.51,1280,FALSE,0,0,0,0,0
056ff4b6ea96a2039caf7150ac5874f750c68a76,1415993723,1,1,1,0,1,1,0,20,0.75,10344,1494,3446,1697.54,2259,FALSE,0,0,0,0,0
52653f73b96663cabd2f4ddee47afc2c8cf3c256,1415985597,1,1,1,0,4,3,1,11,0.66,13562,898,3445,1696.78,1279,FALSE,0,0,0,0,0
6418f78fdb4312a4ee9eaa9eb4ed1b5b1731b3a1,1415949177,1,1,1,0,7,0,0,10,0,13525,896,3444,1696.88,1278,FALSE,0,0,0,0,0
5d4187bf0367b64eec3c262c0b8a6c59a952754c,1415949147,1,1,1,0,14,0,0,10,4.9,13511,895,3443,1695.88,1277,TRUE,0,0,0,0,0
cfffad73eb0cfe377d1c56405cf76aa46fbdeba6,1415949027,1,1,1,0,3,2,0,20,0.93,10339,1491,3442,1694.88,2258,FALSE,0,0,0,0,0
a06207b81416f907c79bf0d0ade5d926e8a86bcb,1415928533,2,2,2,0.405639,40,0,0,20,0.24,11933,988.5,1,0.82,0.5,TRUE,0,0,0,0,0
ef7db87b82979b677a1fea0ee25fee521c4b80a5,1415868363,1,1,1,0,118,118,0,20,0.12,10339,1490,3441,1696.31,2257,FALSE,0,0,0,0,4
3b3ef411a435a7ece562f2d5c96730d42da5fee0,1415865932,1,1,1,0,4,10,0,20,-0.96,10340,1492,36,22.2,22,FALSE,0,0,0,0,0
212eea9cf535e1c340bb14fe03844733b6e40d89,1415858204,1,1,1,0,4,1,1,20,0,10336,1489,3440,1695.62,2256,FALSE,0,0,0,0,0
da792cc272944f6a706c8c1d63f45616b44f87ee,1415858186,1,1,1,0,4,3,0,20,0.95,10335,1488,3439,1694.62,2255,FALSE,0,0,0,0,0
2ae2142b355a138d19942e28cddf3bfaeb27e2c3,1415779210,1,1,4,0.340798,1616,1369,0,1,9.39,5087.75,178.75,3438,1696,474,FALSE,0,0,0,280,466
a00f5f308a827eaa16270914adac04f7d84bdd06,1415776373,1,1,1,0,23,22,0,20,0.9,10334,1487,3437,1695.09,2254,FALSE,0,0,0,0,0
81cfde12f35ba5c2635fc5cad2166ae241cefca6,1415721436,1,1,1,0,1,1,0,4,3.42,933,141,3436,1695.75,1276,FALSE,0,0,0,0,0
1a53d38dae0614c0fdebf66462abebeab7962bae,1415698599,1,1,1,0,2,2,1,20,0.03,10334,1486,3435,1695.43,2253,FALSE,0,0,0,0,0
b834fdbc5ec1be1a83514de051050e5a4bd6a90f,1415695933,1,1,1,0,287,255,0,20,0.44,10302,1485,3434,1694.52,2252,TRUE,0,0,0,0,2
1cb2db03edd8787732f5cd33c98a5b37a0af8c90,1415658163,1,1,1,0,25,17,0,20,0.65,10294,1484,3433,1694.65,2251,TRUE,0,0,0,0,2
57bca50ed096b4896f260a98b34cf5e3ac2299de,1415602103,1,1,1,0,2,2,1,1,0,2089,125,3432,1695.35,149,FALSE,0,0,0,0,0
94386583e2fc776c57b680d0049de2268b9da992,1415602089,1,1,1,0,3,33,0,1,36.52,2119,124,3431,1694.35,148,FALSE,0,0,0,0,0
b1ab63d549b76528c09dedb89acd069567202aaf,1415601947,1,1,1,0,1,1,0,20,0,10294,1483,3430,1693.35,2250,FALSE,0,0,0,0,0
ad56bdd3540ec1d9fb6c2aef64088ddf039235d1,1415601830,1,1,1,0,2,2,0,20,0.54,10294,1482,3429,1692.35,2249,FALSE,0,0,0,0,2
65e30c13e27e83cf49b82a9fe04746533305655f,1415555544,1,1,1,0,4,5,0,20,0.34,10295,1481,3428,1692.75,2248,FALSE,0,0,0,0,0
0c54fac6512273adc9c57c7b66aa26c2810548a7,1415525923,1,1,1,0,1,1,0,20,0,10295,1480,3427,1692.64,2247,FALSE,0,0,0,0,0
9660c22a9fba0d7eb52d26aa5ba5afd318af7f3e,1415525664,2,2,2,0.438746,30,30,0,20,0.51,11903,980.5,3426,1691.65,1760.5,FALSE,0,0,0,0,0
31e8df4a59853002416e50a11d1fb212ec454027,1415520431,1,1,1,0,2,2,0,20,0,10295,1478,3425,1690.81,2245,FALSE,0,0,0,0,0
8e6ecaf8d4b5e7fb58344c8c393ad81288a91ff3,1415520340,1,1,1,0,1,1,0,20,0,10295,1477,3424,1689.81,2244,FALSE,0,0,0,0,0
4d69a0ce2960647fb7852ae35e885c08effa2980,1415520120,1,1,1,0,5,1,0,20,0.19,10291,1476,3423,1688.82,2243,FALSE,0,0,0,0,2
1b842f86ca0be3abfae0322d4702298402cc93f5,1415504077,1,1,1,0,3,2,0,20,0.42,10290,1475,3422,1688.3,2242,FALSE,0,0,0,0,0
a2330fb6304b47b61db875a8af0472f3180067ef,1415467727,1,1,1,0,5,2,1,20,0.03,10287,1474,3421,1688.39,2241,FALSE,0,0,0,0,3
30f0232d71d3d42f7e4dc5b75be8af654c402698,1415465127,1,1,1,0,7,7,0,20,0.26,10287,1473,3420,1687.47,2240,FALSE,0,0,0,0,0
404e658a5d8878b622d611a1904dba648f2102be,1415442378,2,2,2,0.541048,16,3,1,20,0.18,11892.5,977,3419,1687.15,1756.5,TRUE,0,0,0,0,2
f5682397c295f5ebc3e1b9d4b23cea2738a7a5f7,1415429836,1,1,1,0,153,240,0,10,0.97,13585,892,3418,1686.52,1273,FALSE,0,0,0,0,4
489681025854248ada9614a1b6c3ca42d0af2997,1415425830,1,1,1,0,2,1,0,4,0.97,932,140,3417,1685.64,1272,FALSE,0,0,0,0,0
dd0de8b6e141a2a63f9fe2d6d53543f3f2bc8433,1415424205,1,1,1,0,94,104,0,20,0.35,10297,1471,3416,1684.69,2238,FALSE,0,0,0,0,0
2a9f9f7ebd97e61f0c002756772f6c448bc6832c,1415394096,1,1,1,0,0,1,0,20,0.56,10298,1470,3415,1684.59,2237,FALSE,0,0,0,0,0
2f3afd36377c84460f41b1f33a1aa2503a6552ed,1415345979,2,2,2,0.326985,159,47,0,20,0.02,11885.5,975,3414,1685.03,1753.5,FALSE,0,0,0,0,0
f0a2c88fdc63398a80f60cc5c6ba9a8dd3a2a8a8,1415344584,1,1,1,0,104,29,0,10,0,13425,890,3413,1684.08,1270,FALSE,0,0,0,0,0
c3a5b12cd3db1a1d6c38f62d203db3c9abc1e7a8,1415344548,2,2,2,0.066266,16,4,0,20,0.07,11842,974,3412,1683.08,1752,FALSE,0,0,0,0,0
d7b0e66270fd22ea02338847822ffeb9293f0da3,1415341643,1,1,1,0,1,1,0,4,0.94,932,139,3411,1682.16,1268,FALSE,0,0,0,0,0
1871ed54417abd77327a31550b624f89b6060d28,1415341434,1,1,1,0,235,140,1,10,0.07,13319,888,3410,1681.17,1267,FALSE,0,0,0,0,4
5ea694812789c03cc481e4fe0bf7fc52d48d584d,1415335587,1,1,1,0,65,1,0,10,0,13255,887,3409,1680.34,1266,FALSE,0,0,0,1,0
9bd77d36f1d7029715435f2ea15085c7407fb429,1415335563,1,1,1,0,32,17,0,10,0,13240,886,3408,1679.34,1265,FALSE,0,0,0,2,0
3ffa6cd1acd5206762f43abeb3af946b6ef08c45,1415335518,1,1,1,0,14,0,0,10,4.38,13226,885,3407,1678.35,1264,FALSE,0,0,0,1,0
ad87df3168087077af402882517e355933510e07,1415335480,1,1,1,0,5,5,0,20,0,10270,1467,3406,1677.35,2234,FALSE,0,0,0,0,2
8bd0d32fd25c8e3d27457dfbccf456dc1cc9b98e,1415335456,1,1,1,0,2,2,0,20,0,10270,1466,3405,1676.35,2233,FALSE,0,0,0,0,0
f182675a6e0303da05c10766e5831c12b6125706,1415335414,1,1,1,0,28,20,0,20,0,10262,1465,3404,1675.35,2232,FALSE,0,0,0,0,0
56ce89e04f6b2440894cbf5233d09d98b580ea5c,1415335353,1,1,1,0,3,3,0,20,0,10262,1464,3403,1674.35,2231,FALSE,0,0,0,0,0
062ec036f80bec35c7a7cad233db91d9528e2793,1415335310,1,1,1,0,32,22,0,20,1.78,10252,1463,3402,1673.35,2230,FALSE,0,0,0,0,0
8089242b2f4f70d45fa318a28562633eb33225ba,1415260276,1,1,1,0,1,1,0,4,23.57,932,138,3401,1674.57,1263,FALSE,0,0,0,0,0
8efa1a00325aede2b22e237fba6acde62c0de496,1415181581,1,1,1,0,2,1,0,20,0,10251,1462,3400,1675.91,2229,FALSE,0,0,0,0,0
7ce8304ce6ddba0be472cec7e3ea4aef44652e6d,1415181557,1,1,1,0,4,4,0,20,0.09,10251,1461,3399,1674.91,2228,FALSE,0,0,0,0,0
233adab647e84e945650605005b6afca0e226a69,1415173515,1,1,1,0,192,157,0,20,2,10216,1460,3398,1674.15,2227,FALSE,0,0,0,0,1
475c86d100808a1a08445ced8a784af615b1a69d,1415000590,1,1,1,0,2,2,0,20,0.38,10216,1459,3397,1678.29,2226,FALSE,0,0,0,0,0
f754654dae2bb590d65a12e0d1ce1a624793c82e,1414967604,1,1,4,0.759376,386,370,0,1,8.73,5083.75,178.5,3396,1678.27,473,FALSE,0,0,0,212,372
53ce20c0df73b874bd9cd137256ec4d0d7f8aa9c,1414967589,1,1,1,0,1,1,0,20,0.13,10216,1458,3395,1677.27,2225,FALSE,0,0,0,0,0
ad91e3a34406b9282275160b1da2b8547796d648,1414956877,1,1,1,0,50,26,0,10,1.47,13202,884,3394,1676.59,1262,FALSE,0,0,0,0,0
4f2b33f80f1f8d455eca9476a865511327c43801,1414956632,1,1,1,0,6,6,0,20,0,10216,1457,3393,1675.6,2224,FALSE,0,0,0,0,0
2b24d42f8dad85278c956aff5a7f0465f22e9adf,1414956606,1,1,1,0,74,61,0,20,1.46,10203,1456,3392,1674.6,2223,FALSE,0,0,0,0,0
ab70f306cd22b75b32040d172886f16217344216,1414830250,2,2,2,0.125247,45,33,1,20,0.61,11696.5,965,3391,1677.36,1741.5,FALSE,0,0,0,2,0
4fb83fe0a5a42873eeb83a01d34f1c70bdf88c83,1414816503,1,1,1,0,38,40,0,20,0.91,10204,1454,3390,1676.77,2221,FALSE,0,0,0,0,0
9c6ef342708f009f04910111d692a124b2a961ae,1414739974,2,2,2,0.405639,8,32,0,2,206.7,180,24.5,3389,1678.05,703.5,FALSE,0,0,0,0,0
481eb8e5dc7565697f1334e13dac76c1aab4981d,1414739828,1,1,1,0,2,3,0,1,74.36,13,5,3388,1677.05,1259,FALSE,0,0,0,0,0
7cf65b899b8573db680e0bba3f74c437fa2b5b66,1414738483,1,1,1,0,7,2,0,10,2.01,13186,882,3387,1676.09,1258,FALSE,0,0,0,0,0
dd70fcb9bc5282cdaefc858205c6a67f5f707fc4,1414737859,1,1,1,0,6,8,0,20,0,10206,1453,3386,1675.11,2220,FALSE,0,0,0,0,0
6dd8c05533ce8d91193cc4fd4b74c14efa6fd6cc,1414737804,1,1,1,0,6,8,0,20,0.07,10208,1452,3385,1674.11,2219,FALSE,0,0,0,1,0
0b900d94f746f59af4c777a1dcf82a02d9810fb3,1414731660,1,1,1,0,1,1,0,20,0.05,10208,1451,3384,1673.3,2218,FALSE,0,0,0,1,2
cf724c43cbe81c155ea1383441ae2afbcefd4792,1414727644,1,1,1,0,41,44,0,20,0.93,10211,1450,3383,1672.42,2217,FALSE,0,0,0,0,0
cdf5ac4fc43f1cb8b539a34fabd14debd3c3460d,1414647711,1,1,1,0,1,1,0,20,2.05,10211,1449,3382,1673.79,2216,FALSE,0,0,0,1,0
b768ce4ca42ed999dc35da7c1551f2b17ad542d2,1414565067,1,1,1,0,5,1,0,10,2.09,13182,881,3381,1675.25,1257,FALSE,0,0,0,0,0
0115503af900814400eb763cd6e8cbccaf517ac5,1414470363,1,1,1,0,9,5,1,20,3.99,10207,1448,3380,1677.08,2215,TRUE,0,0,0,7,2
08dd30c5bf5d02a12afc1b07af106a228123c3b3,1414384733,1,1,1,0,5,5,0,10,1.88,13182,880,3379,1678.64,1256,FALSE,0,0,0,0,0
72270013c86d6577300178543a457441b6ba086f,1414222256,1,1,1,0,8,23,0,10,0.04,13197,879,3378,1682.53,1255,FALSE,0,0,0,0,0
a2a59cbeae1ecbc51012e322ce8af5b8f067436d,1414218612,1,1,1,0,41,1,0,10,0,13157,878,3377,1681.64,1254,FALSE,0,0,0,0,0
20a38d2dbec25299cc6efb172eb06ca9202d475a,1414218583,1,1,1,0,12,12,0,10,0.99,13157,877,3376,1680.64,1253,FALSE,0,0,0,0,0
9aade0a2da710e33d2b1a148cba0b14a3b6157d4,1414215171,1,1,0,0,0,0,0,0,0,0,0,3375,1679.74,2214,FALSE,0,0,0,0,0
9af1d1af52c1e77f0648d9ac33c5847b511a4375,1414213570,1,1,0,0,0,0,0,0,0,0,0,3374,1678.79,2213,FALSE,0,0,0,0,0
8bb69cd6da3756330fea3dd3a752f7c7e8a25dc6,1414213299,1,1,6,0.0850852,272,6455,0,1,4.08,4419.67,130.67,3373,1677.8,472,FALSE,0,0,3,348,642
84a84a1687b3f781a2304eb38fa8a65e99d1af2c,1414212837,1,1,1,0,0,22,0,2,15.5,283,85,3372,1676.81,1252,FALSE,0,0,0,0,0
462c43434bfdc05bb49f1199e93cc9788149ae43,1414133165,1,1,1,0,23,15,0,10,0.02,13149,876,3371,1678.2,1251,FALSE,0,0,0,1,0
b83069161156e95823d0a0f5cfb05d769868f569,1414131686,1,1,1,0,69,10,0,10,0.11,13090,875,3370,1677.24,1250,FALSE,0,0,0,0,4
204f1747cf10e012a1c2f3ca079b2579ebd05ed4,1414126006,1,1,1,0,1,1,0,20,0.04,10207,1447,3369,1676.41,2212,FALSE,0,0,0,0,0
13c9d80a3b2cd4a90e840415460eeae50fbd0e9e,1414122229,1,1,1,0,2,2,0,20,0.49,10207,1446,3368,1675.53,2211,FALSE,0,0,0,0,0
64f45b061b26816ddd34be69f75159153778f89a,1414122152,1,1,1,0,1,1,0,10,0.83,13090,874,3367,1674.53,1249,FALSE,0,0,0,0,0
c1202fd1275e5ea8a63ea3351f895c41510123dd,1414079465,1,1,1,0,1,1,1,20,0.34,10207,1445,3366,1674.81,2210,FALSE,0,0,0,0,0
2060f3f59aa8b5353ad1ecb143511b965530d305,1414050090,2,2,2,0.105729,25,1,0,20,0.05,11636.5,955,3365,1674.68,1728.5,FALSE,0,0,0,0,0
1fb92df2e72a6cdee6af04a1e8d6e2c7e09f873d,1414049306,1,1,1,0,9,5,1,10,0.06,13062,872,3364,1673.71,1247,FALSE,0,0,0,2,6
848301bf7024caae3ac53e06450096290279fbfb,1414043905,1,1,1,0,17,0,0,10,0.02,13045,871,3363,1672.87,1246,TRUE,0,0,0,1,1
08b5b71fcb11c4908fc21d3fe5bb61f8076cce0a,1414042144,1,1,1,0,44,46,0,10,0,13047,870,3362,1671.92,1245,FALSE,0,0,0,0,0
5414d4a9e41f2251b82fd330e651ba4b3b0d4de7,1414042127,1,1,1,0,58,15,0,10,2.01,13004,869,3361,1670.92,1244,TRUE,0,0,0,1,4
b930bd7326a707640feeaed22fe70040a95f7eb6,1414042104,1,1,1,0,55,43,0,20,1.6,10195,1443,3360,1669.92,2208,TRUE,0,0,0,2,23
d1d1be49ba5a32072d172f73a45b66a0f5ad197a,1413903869,1,1,1,0,3,6,0,20,0.02,10198,1442,3359,1673.05,2207,TRUE,0,0,0,0,0
6ad796334708ba2f68a4d5f484928839a8768c5c,1413902494,1,1,1,0,1,1,1,20,0.51,10198,1441,3358,1672.09,2206,FALSE,0,0,0,0,0
2dcda2487a158e990fb9d537d082f561aaae9810,1413868690,1,1,1,0,2,2,0,10,0,13004,868,3357,1672.1,1243,FALSE,0,0,0,0,0
55911eac7adb21b9b89057b7dd9ba8393a9f4fbf,1413868668,1,1,1,0,36,5,0,10,1.01,12973,867,3356,1671.1,1242,FALSE,0,0,0,0,0
176b109ae7ae51d50a4ca986ecfb8028c4edfccd,1413861025,1,1,6,0.401752,1911,948,0,1,26.37,4259.17,130.5,3355,1670.33,471,FALSE,0,0,0,446,638
0f12d43a59237781aff353e2b9e879beb8258842,1413858703,1,1,1,0,2,4,0,20,0.89,10200,1440,35,22.17,21,FALSE,0,0,0,0,0
6dfc2aca4beaabd758404b1191f7d8044c0b6c23,1413781685,2,2,2,0.455597,38,2,0,20,0.42,11568.5,949.5,3354,1671.7,1723,TRUE,0,0,0,0,1
f5a34d5191c176dd051923fb6c655ca5ceb64c4e,1413774910,1,1,1,0,8,0,0,10,0.02,12940,865,3353,1670.9,1240,FALSE,0,0,0,0,0
bc3a7f70e4cdf4c20449636d9368aa6655c318d0,1413773345,1,1,1,0,7,7,0,10,0.02,12940,864,3352,1669.95,1239,FALSE,0,0,0,0,0
dcabee8d5e8eb9d6cf76ff66d054b6116b427601,1413772038,1,1,1,0,4,2,0,10,1.81,12938,863,3351,1668.99,1238,FALSE,0,0,0,0,0
d7e290dc6898cb83a15816947a85720e3d64a13b,1413715817,1,1,1,0,10,11,0,20,0.02,10190,1438,3350,1669.66,2204,FALSE,0,0,0,0,0
2e2341c8b2be972c867435c7fb779e47ac366e77,1413714303,1,1,1,0,80,52,0,20,1.14,10162,1437,3349,1668.71,2203,FALSE,0,0,0,8,0
0ee717342b7a4ce2ee24d78cea0b7ed16e9f7804,1413704367,1,1,0,0,0,0,0,0,0,0,0,3348,1668.01,2202,FALSE,0,0,0,0,0
9f372b31469863a4a08840c38b38fde7636092de,1413657836,1,1,0,0,0,0,0,0,0,0,0,3347,1668.39,2201,FALSE,0,0,0,0,0
dd92e36febfc870c3a64847c924e7010b4d9c64c,1413651875,1,1,0,0,0,0,0,0,0,0,0,3346,1667.57,2200,FALSE,0,0,0,0,0
c25738c62c36ff290b0918959321dce8ed54d1f5,1413619271,1,1,0,0,0,0,0,0,0,0,0,3345,1667.54,2199,FALSE,0,0,0,0,0
c264e98e6eb015bb8ce06603e5637d796277ee0d,1413617849,1,1,0,0,0,0,1,0,0,0,0,3344,1666.58,2198,FALSE,0,0,0,0,0
f2780bcbc26267b81d73e0ca4923c2d65e6e0109,1413615798,2,2,2,0.61769,83,34,0,20,1.55,11525.5,946.5,3343,1665.64,1717,FALSE,0,0,0,10,2
050b703fc0b248b9e00178073caf0868f49e1e78,1413525877,1,1,0,0,0,0,0,0,0,0,0,3342,1667.32,2196,FALSE,0,0,0,0,0
eed09f64f74954951dd61fb8dcdd248874996fbf,1413525157,1,1,1,0,12,6,0,20,0,10135,1435,3341,1666.34,2195,FALSE,0,0,0,2,0
28c4ad1501f45f6697516eb06ea1aea1db0f1fab,1413525134,1,1,1,0,6,6,0,20,1,10135,1434,3340,1665.35,2194,FALSE,0,0,0,0,0
28d1dad6294e508214ae17b8116bd44470b5662b,1413438582,1,1,1,0,61,38,0,10,0,12887,861,3339,1666.92,1236,FALSE,0,0,0,0,0
b5f0672888fee70376eebc39eddd7ba5f77a6b2d,1413438543,2,2,2,0.734496,3,2,1,20,0.11,11510.5,944.5,3338,1665.93,1714,FALSE,0,0,0,0,0
71fc4faae78c6e0c6b0849c19d60dd2d5ad6dd35,1413429436,1,1,1,0,2,2,0,1,79.45,2876,40,3337,1665.2,237,FALSE,0,0,0,0,1
8bff1e8bc4d1977a8196055caf5eec17b0ce2a85,1413429099,2,2,2,0.097504,13,15,0,20,0.92,11511.5,944,3336,1664.21,1713,FALSE,0,0,0,3,1
af67dd661056fb9f0660680367a0af5364a7aa77,1413354678,1,1,1,0,8,6,0,20,0.12,10133,1431,3335,1665.42,2191,FALSE,0,0,0,0,0
c46c700f7c8f41fbbcf2d2ec2893f1f683f21bfb,1413344240,1,1,1,0,16,16,0,20,0,10133,1430,3334,1664.73,2190,FALSE,0,0,0,0,0
2a2de2efdc7bf549a8caf2b758866eb9d37f01ed,1413344173,2,2,2,0.816934,36,31,0,20,2.08,11508,942.5,3333,1663.74,1711,TRUE,0,0,0,4,2
f384c42de54a4203a82956ec68964dbcfd08e3fa,1413223664,1,1,1,0,1,1,0,4,19.57,932,137,3332,1666.33,1232,FALSE,0,0,0,0,0
bf1c54e5a308cdb1cef48bb6bc6a78861d826ba5,1413185794,1,1,1,0,29,8,0,10,0.07,12869,857,3331,1666.46,1231,FALSE,0,0,0,0,0
d8f2cc50dfae448c2afe60f528a017b1c9a3f8e6,1413179908,1,1,1,0,29,3,1,10,2.55,12843,856,3330,1665.63,1230,FALSE,0,0,0,0,0
58654a3f3a8224b2a8f84827eb74222170366bc6,1413150319,1,1,0,0,0,0,0,0,0,0,0,3329,1665.52,2188,FALSE,0,0,0,0,0
06c25ba9981dfc94426c4da4dc75126f245d69f8,1413150274,1,1,0,0,0,0,0,0,0,0,0,3328,1664.52,2187,FALSE,0,0,0,0,0
32521cd1b6af751daf11bdca1b9500e6d28f086c,1413143793,1,1,1,0,2,1,0,20,0.01,10125,1428,3327,1663.71,2186,FALSE,0,0,0,0,0
e072fe6ea9795385b100c649274efb006fcf3da3,1413142723,1,1,1,0,11,11,0,20,3.12,10125,1427,3326,1662.74,2185,FALSE,0,0,0,0,0
b5897fdb62bb8fb6ef5f4d00459aded4fe21b32e,1412959585,1,1,1,0,50,6,0,10,1,12799,855,3325,1667.21,1229,FALSE,0,0,0,0,0
55df525f1bd3c6407de96fb275503bd1109fd259,1412873448,1,1,0,0,0,0,0,0,0,0,0,3324,1668.8,2184,FALSE,0,0,0,0,0
e6dde689241ec5630905689ececa2d3a16c585cd,1412873427,1,1,1,0,5,0,0,2,17.43,278,84,3323,1667.8,1228,FALSE,0,0,0,0,0
b3e2305deaea7eef1d918c649def970b56ffb7ab,1412873408,2,2,2,0.0872788,44,49,1,20,2.91,11464.5,939.5,3322,1666.8,1705,TRUE,0,0,0,0,5
ec3e3ed1fd2374ea67ab531857b5e0fa7ccc1838,1412838813,1,1,1,0,3,6,0,20,1.02,10126,1425,3321,1666.84,2182,FALSE,0,0,0,0,2
5939692616900efbeb313b1a3ffdb8102bfc055b,1412782002,1,1,1,0,2,2,0,20,2.08,10067,1423,3320,1667.54,2181,FALSE,0,0,0,0,0
30fc97eef67d9dc4060c32134665b6df7604131f,1412750839,1,1,1,0,94,35,1,20,-0.36,10067,1424,3319,1667.48,2180,TRUE,0,0,0,0,4
9ce3176b595ec6b44eb3e1804d1df98d21738577,1412602581,1,1,1,0,1,1,0,19,0.21,10067,1422,0,0,0,FALSE,0,0,0,0,0
497d35b03b5282672664f592e73b9413a4997837,1412584136,1,1,1,0,31,20,0,19,0.28,10056,1421,3318,1671.49,2179,TRUE,0,0,0,0,0
6a1191de31de0432dbcd6a84ca41e81ce7c29dce,1412560252,1,1,1,0,228,149,0,19,2.78,9977,1420,3317,1671.21,2178,TRUE,0,0,0,16,0
6c3a17de718eba0f2dadc298f6c93816c466a470,1412446408,1,1,1,0,18,17,0,1,47.88,2118,123,3316,1673.66,146,FALSE,0,0,0,0,0
22cf82e44b753f32bbbb83fb33b0d88970d2912f,1412405094,1,1,1,0,6,2,0,10,1.99,12802,853,3315,1673.91,1226,FALSE,0,0,0,0,0
10c7e492732996b2cfff337557d9f163169f3139,1412371735,1,1,0,0,0,0,0,0,0,0,0,3314,1673.92,2177,FALSE,0,0,0,0,0
4900eae751c112208ae50676fa9866b48efb7538,1412320450,1,1,1,0,4,3,0,19,0,9976,1419,3313,1674.48,2176,FALSE,0,0,0,0,0
5334c599f0c45230c181a979ed0b614fefcb1e7a,1412320399,1,1,1,0,21,28,0,19,0.6,9983,1418,3312,1673.48,2175,TRUE,0,0,0,0,0
ad10a1eba55e9530a09827549f56d2886a900b7f,1412268431,1,1,1,0,4,4,0,19,0,9983,1417,3311,1674.06,2174,FALSE,0,0,0,0,0
3ca626f2a9a6084e2553d54db69690f652300d38,1412268397,1,1,1,0,72,24,0,19,0,9935,1416,3310,1673.06,2173,TRUE,0,0,0,0,3
e7ad40d8f4e8a52ee94f370a15512a61c4c18fdc,1412268311,1,1,1,0,2,3,0,19,3.28,9936,1415,3309,1672.06,2172,FALSE,0,0,0,0,0
4e8360c030c39004c1cf962c9f5b3baac1b33dd5,1412233018,1,1,1,0,1,1,0,10,3.39,12802,852,3308,1672.13,1225,FALSE,0,0,0,0,0
fbd80746a5246b2e4f7a80732dd4015a20889abc,1412145300,1,1,1,0,126,150,0,19,1.12,9959,1411,3307,1673.79,2171,TRUE,0,0,0,0,9
072a5de1c5489a53a90eeb26766e1577546e48eb,1412048478,1,1,1,0,51,67,0,19,37.4,9975,1410,3306,1675.74,2170,FALSE,0,0,0,2,0
f31360e1a48b2393e832ce7c84c1297e3c410adf,1411985517,1,1,1,0,1,1,0,19,0.01,9936,1413,34,22.09,20,FALSE,0,0,0,0,0
d38ab1145a4292e4fae85dc6ed0960820b680aaf,1411984884,1,1,1,0,1,1,0,19,-0.01,9936,1414,33,21.1,19,FALSE,0,0,0,0,0
059fead73671ef0abd8772ea601cd2bbfff25aa2,1411984524,1,1,1,0,13,12,0,19,-1.86,9935,1412,32,20.1,18,FALSE,0,0,0,0,0
5c3c5a5521a706c86c2c660da41b1c19936ba44a,1411940301,1,1,1,0,32,33,0,10,3.21,12803,851,3305,1678.04,1224,FALSE,0,0,0,4,2
71de0f2d08910712b8580dde4751a7dabda139d6,1411749813,1,1,1,0,23,17,0,18,1,9796,1408,3304,1682.88,2169,FALSE,0,0,0,0,2
2ffdc4f2ef51a524b816c782b67d86132ac5d0e4,1411663367,1,1,1,0,2,2,0,10,0,12803,850,3303,1684.54,1223,FALSE,0,0,0,0,0
dc9b320c4addbb91277ec2074cdcbe35af6ef73e,1411663347,2,2,2,0.405639,8,4,0,18,0.68,11297.5,928,3302,1683.54,1695,FALSE,0,0,0,8,0
a6a93148b4ce32788afe8e4129dc7c23073be875,1411623966,1,1,1,0,36,36,0,18,0.45,9793,1406,3301,1683.76,2167,FALSE,0,0,0,0,0
f7dc3b9ce4cbe6107c28d37f434ace12d0027a63,1411585378,2,2,2,0.773955,103,10,0,17,0.56,11251,927,0,0,0,FALSE,0,0,0,4,2
12ad5d53c9c1d9e3e4b08da0b5370ee5289f8038,1411582472,1,1,6,0.615286,702,573,0,1,3.96,4237.67,130.33,3300,1684.04,470,FALSE,0,0,0,438,704
54dc1e2e15c6fc466bd80b8747d1bcc34833b4f4,1411582334,1,1,1,0,3,0,0,17,0.07,9734,1404,3299,1683.04,2166,FALSE,0,0,0,0,0
073f715f17d322b8f977b8c79e9169b17382170d,1411576183,1,1,1,0,13,15,0,17,0.36,9736,1403,3298,1682.23,2165,FALSE,0,0,0,0,2
7ff50893dced2e40637e0b82499e84b0af7ef77b,1411544711,1,1,1,0,30,30,0,17,0,9736,1402,3297,1682.2,2164,FALSE,0,0,0,0,0
d128082b23ba24a53c62234c9c44585fa94f5f20,1411544609,1,1,1,0,54,21,0,17,1.1,9703,1401,3296,1681.2,2163,FALSE,0,0,0,15,0
1b8f89c3f14fce07ed790f545d488a68c8810061,1411532524,1,1,1,0,2,2,0,4,17.87,932,136,3295,1680.58,1221,FALSE,0,0,0,0,0
8eb138e0b30045d6865a45d8849319fde7ed9277,1411491367,1,1,1,0,144,37,0,9,0.49,12658,847,3294,1680.84,1220,FALSE,0,0,0,1,1
82565793105be30765ed42c897f622bef55f1e32,1411449408,2,2,2,0.763543,13,4,0,17,0.71,11176,924,3293,1681.14,1690.5,FALSE,0,0,0,0,0
41f1fb8d95cac74b565df1c5f8546a2605368145,1411408413,1,1,1,0,3,2,0,17,0.05,9703,1399,3292,1681.4,2161,FALSE,0,0,0,0,0
277d91afce445823ed07b07a5061ccc1118cb910,1411404294,1,1,1,0,6,8,0,17,0,9705,1398,3291,1680.53,2160,FALSE,0,0,0,6,8
aaa840ebef09f8b219ce51eec65cfa7fbefdcaa4,1411404253,1,1,1,0,81,75,0,17,0,9699,1397,3290,1679.53,2159,FALSE,0,0,0,9,17
29ffdadabbaac986a51504881e1767db2b365541,1411404183,1,1,1,0,15,7,0,17,1.91,9691,1396,3289,1678.53,2158,FALSE,0,0,0,0,0
e5f19fe0377c2d7ea5fff80dc1fdec2cdea72f79,1411367161,1,1,1,0,1,1,0,9,0,12648,845,3288,1678.67,1218,FALSE,0,0,0,0,0
5791d71e9f86b92417a2d304040527e6802a7c18,1411367139,1,1,1,0,92,33,0,9,1.48,12589,844,3287,1677.67,1217,FALSE,0,0,0,0,0
104a7022fb18946969a4d5fe0ccd905364e7ef70,1411367068,1,1,3,0.550482,2,14,0,2,19.69,281.67,61,3286,1676.67,1216,FALSE,0,0,0,0,0
6210b613be721b1b1554faf1717fc849a4d878ff,1411264559,1,1,0,0,0,0,0,0,0,0,0,3285,1678.82,2157,FALSE,0,0,0,0,0
2ba9380616ff652d7e875009582181b4088cb4c3,1411254111,1,1,0,0,0,0,0,0,0,0,0,3284,1678.14,2156,FALSE,0,0,0,0,0
59042bc2e28a37149d92f1b05aa2f7a509e3147f,1411240317,1,1,0,0,0,0,0,0,0,0,0,3283,1677.57,2155,FALSE,0,0,0,0,0
ccfd8e51ea72a2251795bc835c384af3b5663025,1411239952,1,1,6,0.346643,2196,2088,0,1,18.11,4219.67,130.17,3282,1676.58,469,FALSE,0,0,0,446,703
1aafb6c2c1756220e11ed922b56b88521a47370c,1411238854,2,2,2,1,8,4,0,17,1.38,11138,920.5,3281,1675.61,1684.5,TRUE,0,0,0,4,3
7976aa4b2830465b8255622602a6015497ddb54c,1411144254,1,1,1,0,12,12,0,17,0.38,9691,1394,3280,1677.52,2153,FALSE,0,0,0,0,0
1b4e175c0c17f541f5c29eefb4615041928d8c6e,1411111635,1,1,1,0,17,16,0,17,0.19,9690,1393,3279,1677.52,2152,FALSE,0,0,0,0,0
3ef955c13956884449861761085556d3fac2b3b9,1411095316,1,1,1,0,1,1,1,9,0.43,12585,842,3278,1677.03,1214,FALSE,0,0,0,0,0
51990ed0e59d1f1229b0468ac2c5316e8d0cc458,1411095307,1,1,1,0,3,0,1,17,0.43,9687,1392,3277,1676.03,2151,FALSE,0,0,0,0,0
138523bab32e5f0735c1f044bd21637221473fc7,1411067464,1,1,0,0,0,0,0,0,0,0,0,3276,1675.88,2150,FALSE,0,0,0,0,0
995ec2b104d030e3ebb238f372d646e892b72833,1411058583,2,2,2,0.0252375,198,100,1,17,0.94,11087,918,3275,1675.16,1681,TRUE,0,0,0,0,6
d13f8749d4c195c4a0c5d43c735fe78e8f40592e,1411014495,1,1,1,0,3,5,0,17,0.05,9689,1390,3274,1675.51,2148,FALSE,0,0,0,0,8
0350443810ba438359cff7fd43ecadaf0aadc8c4,1411010542,1,1,1,0,19,22,0,17,0.32,9692,1389,3273,1674.63,2147,FALSE,0,0,0,4,12
c5841dccbb6689e2ae90c19e3967a467067dc5f6,1410983263,1,1,1,0,0,2,0,17,0.01,9694,1388,3272,1674.47,2146,FALSE,0,0,0,0,0
a0c50f9ef5066aba4776d461936bdc3662d93502,1410982486,1,1,1,0,1,1,0,17,0,9694,1387,3271,1673.49,2145,FALSE,0,0,0,0,1
120020b4dbf16d2203efda7d623a1a8308813825,1410982459,1,1,1,0,4,3,0,17,0,9693,1386,3270,1672.49,2144,FALSE,0,0,0,0,0
676747467a3a6da0d0cbe8a66fd49f238098e0c1,1410982414,1,1,1,0,2,2,0,17,0.49,9693,1385,3269,1671.5,2143,FALSE,0,0,0,0,0
e2d13541dcc10115b8a72eb22155ffc472162f21,1410940348,1,1,0,0,0,0,0,0,0,0,0,3268,1671.79,2142,FALSE,0,0,0,0,0
057cbc76b3eeba217da6f36bc09feefcc7e11418,1410940009,2,2,2,0.133748,92,76,0,17,0.81,11082,914.5,3267,1670.8,1676.5,TRUE,0,0,0,0,3
48035187d276d7a3bbc1e02bed804e7ea64f614b,1410884803,1,1,1,0,2,0,0,9,0.35,12475,839,3266,1671.49,1211,FALSE,0,0,0,0,0
f05f60f929d0d072e8d04b6b7a1bdfa3828116d9,1410854853,2,2,2,0.906557,8,7,0,17,0.01,11080.5,913.5,3265,1671.41,1675,FALSE,0,0,0,8,0
3ab19e81ac3d1ba0b1ec01285c75ca4342463185,1410854436,1,1,1,0,26,27,0,17,0.99,9687,1382,3264,1670.42,2139,FALSE,0,0,0,4,1
532be6cd87e4bdb49f5be158be5714bc20eda8c9,1410854400,1,1,1,0,2,2,0,9,0.99,12475,837,3263,1669.42,1209,FALSE,0,0,0,0,0
21a492fa43a41eccf58cab02c45dee261983807e,1410768880,1,1,1,0,1,2,0,17,0,9688,1381,3262,1671.04,2138,FALSE,0,0,0,0,0
edf83823f1416a3a00ca1f153087d7b0434e705b,1410768869,2,2,2,0.917275,18,16,1,17,0.16,11080.5,911.5,3261,1670.04,1672.5,FALSE,0,0,0,3,2
8d6f7de0469aa3f2b4e989889170c63edf2db71c,1410763818,1,1,1,0,18,18,0,9,0,12475,835,3260,1669.2,1207,TRUE,0,0,0,1,2
a7de4f366323ce3d4dd25d28c1a0f86437800058,1410763764,1,1,1,0,2,2,1,9,0,12475,834,3259,1668.2,1206,FALSE,0,0,0,0,0
e538f1631554ba246c4da81f8992626a4a0ce29f,1410763739,1,1,1,0,58,58,0,9,0.2,12475,833,3258,1667.2,1205,TRUE,0,0,0,0,40
3f8b3e2baabc1489714a65db3f93696f96696437,1410746265,1,1,1,0,53,21,1,9,2.81,12443,832,3257,1666.73,1204,TRUE,0,0,0,4,5
a90ecde3895ef5a06e32711abe4b8b820e3948a1,1410746247,1,1,1,0,3,3,0,17,0.11,9686,1379,3256,1665.73,2136,FALSE,0,0,0,0,0
1ad65bb66b39b8ffd91c243d47a32fb88fc312d5,1410736882,1,1,1,0,2,2,0,17,1.04,9686,1378,3255,1665.02,2135,FALSE,0,0,0,0,0
d85bb3bce1f8436bc1db0491a6b3e82ced3d51af,1410646842,1,1,1,0,0,8,0,17,1.1,9694,1377,3254,1666.77,2134,FALSE,0,0,0,0,0
8cd473232108791c83e4e38128b01d61254150e0,1410552040,1,1,1,0,17,41,0,17,0.04,9718,1376,3253,1668.67,2133,TRUE,0,0,0,2,0
6957b02c27bbe7bf467668abf226ee1aa15106b0,1410548853,1,1,1,0,13,18,0,17,0.1,9723,1375,3252,1667.77,2132,FALSE,0,0,0,0,1
adcadf08d1d8a013ee6fbdf1e036bc6f56ed5be2,1410540212,1,1,1,0,15,11,0,17,0.02,9719,1374,3251,1667.03,2131,FALSE,0,0,0,0,0
3b36145257b9c3b867844a6ed51d11dc326daf32,1410538583,1,1,1,0,9,11,0,17,0.37,9721,1373,3250,1666.08,2130,FALSE,0,0,0,0,0
c3e5eaf8da471b9c28f192ca73aa8687bf7f8198,1410506693,1,1,1,0,6,6,0,17,0.02,9721,1372,3249,1666.06,2129,FALSE,0,0,0,0,0
fd176107ae7b057822e32206c6d28db17c946fa9,1410505387,1,1,1,0,1,1,0,17,0.02,9721,1371,3248,1665.1,2128,FALSE,0,0,0,0,0
ad203e146118d34d199bacf0368504b5aaa12d77,1410503772,2,2,2,0.0613135,23,20,1,17,1.08,11080.5,904.5,3247,1664.15,1665,TRUE,0,0,0,2,0
1fe9ba5879a9cb25e763b317233bed994c6427e7,1410410427,2,2,2,0.847128,12,6,0,17,1.45,11077.5,904,3246,1666,1664,FALSE,0,0,0,1,1
678321bb2fd20c087a27bf12592a71879eee0af8,1410330785,1,1,1,0,2,2,0,17,0,9712,1368,3245,1667.44,2125,FALSE,0,0,0,0,0
967ce824f7c925e0e1002ec61eb36ff72bc2a19e,1410330726,1,1,1,0,16,6,0,17,1.06,9702,1367,3244,1666.45,2124,FALSE,0,0,0,0,0
336e5e0ff72f00a958442e5882609a622c9079d2,1410247050,1,1,1,0,4,2,0,2,13.01,279,82,3243,1668.01,1201,FALSE,0,0,0,0,0
7a94f472c7f24f469b6d9b0d2eef65eb0571f5df,1410239159,2,2,2,0.0191338,347,300,0,17,0.88,11049,902.5,3242,1667.26,1661.5,TRUE,0,0,0,10,1
70b41a2a6e0e18217fe6d8008ebf482570a60b7b,1410162859,2,2,2,0.949274,31,25,0,17,0.31,11046,902,3241,1668.6,1660.5,FALSE,0,0,0,2,0
216e7f3b107d23b7f874e3e5a288846f4e532b82,1410135815,1,1,1,0,17,17,0,17,0,9656,1364,3240,1668.43,2121,FALSE,0,0,0,0,0
0717da6e3799e23b11e35d9afda5cc5995e733d3,1410135744,2,2,2,0.409075,84,59,0,17,0.67,11033.5,901,3239,1667.44,1659,TRUE,0,0,0,1,2
3f64316e00dafad372f1dc0e6a351302778215b5,1410078018,2,2,2,0.901449,31,40,0,17,0.63,11038,900.5,3238,1668.21,1658,FALSE,0,0,0,0,0
172eaf84b56fc0e34441905df30e31700b92d6f8,1410023643,2,2,2,0.251463,8,4,0,17,0.72,11036,900,3237,1668.89,1657,FALSE,0,0,0,0,0
0c20889a173d1ec5eeec01ce345e43c9a82a3978,1409988625,1,1,1,0,1,2,0,17,0.63,9650,1360,3236,1668.97,2117,FALSE,0,0,0,0,0
62523d537bafcd712c84caca3da00fda082fd52d,1409988225,1,1,1,0,13,5,0,4,21.66,924,135,3235,1667.98,1195,FALSE,0,0,0,0,0
6643252019d0c4c2bafa0264b97188134c0c2625,1409939877,1,1,1,0,128,111,1,1,0.46,709,28,3234,1668.47,236,FALSE,0,0,0,0,4
13022a6bb0f20da2abbcbba1aa414a4a1c9bbf25,1409934348,2,2,2,0.77071,22,19,0,17,0.02,11035,899,3233,1667.64,1655,TRUE,0,0,0,3,6
fc018691e57ae72ed64015d6f7e5ace870c202eb,1409932889,2,2,2,0.0167895,217,223,0,17,1.68,11038,898.5,3232,1666.68,1654,FALSE,0,0,0,6,0
56666c4bf4f8891c534f8d12e46c58502ff82e3b,1409900256,1,1,0,0,0,0,0,0,0,0,0,3231,1666.69,2114,FALSE,0,0,0,0,0
379da81f85a63097fade632c8067bee1f0e4f730,1409900227,1,1,1,0,59,71,0,1,9.1,721,27,3230,1665.69,235,TRUE,0,0,0,0,0
9ce6d4b72a87fe83fc5a36eef000a47d64d84e57,1409813012,1,1,1,0,5,5,0,9,1.96,12423,822,3229,1667.38,1192,FALSE,0,0,0,0,0
be46c31c74abaa137ce0ad59d40507672655e4fd,1409811671,1,1,0,0,0,0,0,0,0,0,0,3228,1666.42,2113,FALSE,0,0,0,0,0
cd4029dc6150c1406abfcf96878d6d9e52b0e0e4,1409761929,1,1,1,0,5,2,0,17,1.01,9650,1357,3227,1666.95,2112,FALSE,0,0,0,2,4
d2aa55a3bd025782aa454f0dacd6158ee2df518d,1409675142,1,1,6,0.364371,1664,1677,0,1,7.79,4221.83,130,3226,1668.63,468,FALSE,0,0,4,384,736
838be0846dffd02901369f03da6a2fb6ebd6b72e,1409675136,1,1,0,0,0,0,0,0,0,0,0,3225,1667.63,2111,FALSE,0,0,0,0,0
9414cb97b5200688c1777f2d3d9ea5ffd88b8886,1409674870,1,1,1,0,7,0,0,17,0.32,9643,1356,3224,1666.64,2110,FALSE,0,0,0,0,0
d6883a077a154936e98a7cfecdad3531d49a1872,1409647411,1,1,1,0,600,598,0,17,0.08,9641,1355,3223,1666.49,2109,TRUE,0,0,2,12,60
aa60b8399bf0f39eb5eceac601cf63bdf7910607,1409643275,1,1,1,0,30,15,1,9,0,12408,821,3222,1665.61,1191,TRUE,0,0,0,0,0
cbe504df77bdd768b39a65abde3bb1b66aaedc54,1409642994,1,1,1,0,1,1,1,9,0.02,12408,820,3221,1664.62,1190,FALSE,0,0,0,4,0
e0efcc1f2598bff8acc17b87f70e20b63d17c590,1409641152,1,1,1,0,2,2,1,9,0.14,12408,819,3220,1663.68,1189,FALSE,0,0,0,0,0
c6e536a768932f227df5a49979f40b45666b56c9,1409640268,1,1,1,0,2,2,0,17,0.13,9641,1354,3219,1662.71,2108,FALSE,0,0,0,0,0
77ba53bda7f7152a5dad3d7309b127d5aa7ee72d,1409629045,2,2,3,0.192252,27,72,0,18,2.23,7504.67,614.33,3218,1662.05,1647.5,TRUE,0,0,0,3,0
c2c6f1493aafbf393bc1df5ae1ecf4bfbedf82f5,1409620820,1,1,1,0,46,14,0,9,0.05,12390,817,3217,1661.3,1187,TRUE,0,0,0,0,0
debaed6e5e0df5c8864dad11bebc3382ffa94311,1409616683,2,2,2,0.734496,38,2,0,17,2.38,11012,893,3216,1660.43,1646,TRUE,0,0,0,0,0
0d6279617b8a6c26da4bc0be15531fc1d5248345,1409612602,1,1,1,0,6,4,0,9,1.98,12364,815,3215,1659.56,1185,FALSE,0,0,0,0,0
34353144008a6fa30529c4c78bd0992f5f29bd45,1409548350,1,1,0,0,0,0,1,0,0,0,0,3214,1660.53,2105,FALSE,0,0,0,0,0
f248a8383b049d8a19bc4854d30563960bdd39a6,1409441813,1,1,1,0,19,0,0,9,3.32,12345,814,3213,1662.8,1184,FALSE,0,0,0,0,0
5458b007d174ac404622dda703f51523bbb96de6,1409209756,1,1,1,0,9,9,0,17,1.01,9658,1351,3212,1668.98,2104,FALSE,0,0,0,0,0
6735291c9990a4fe434fea12880deeaf7fb480e5,1409155129,1,1,1,0,2,2,1,9,0.47,12345,813,3211,1669.68,1183,FALSE,0,0,0,0,0
3191825ecc8c5dce7e6d6fd3c0241ebfd7cc82b1,1409124003,1,1,0,0,0,0,0,0,0,0,0,3210,1669.65,2103,FALSE,0,0,0,0,0
6ad7a20c077f7a21de51109a7a5c97a54376e34d,1409122575,4,4,6,0.242919,208,114,0,18,23.81,2799.67,272,3209,1668.69,996.25,FALSE,0,0,0,83,140
baee6b97383d3884075ae698486b590205eb42aa,1409122539,1,6,15,0.343462,1202,992,0,1,114.85,755.27,6.53,3208,1667.69,233,FALSE,1,0,42,253,59
c4a7f899dbb731be468cb4c1908fc84c76af34b0,1409114164,2,3,4,0.230889,186,160,1,9,8.25,3319.25,208.5,3207,1666.95,706.5,TRUE,0,0,0,4,6
c01623ba563ab727b7fa120e52acde04e50886f4,1409070826,1,1,1,0,1,2,1,9,0,12344,811,3206,1667.3,1180,FALSE,0,0,0,0,0
81d0d5c59f5d2bcee52709495f3c56170747b3ac,1409070783,1,1,2,0.48257,33,26,0,10,0.49,6379.5,434.5,3205,1666.3,1179,TRUE,0,0,0,0,0
cc4fdfd8527a11f0bb414d5bb8cfb2eec5d9d36d,1409033668,1,1,1,0,1,1,0,17,1.07,9658,1349,3204,1666.45,2101,FALSE,0,0,0,0,0
ba7be29153e26334cdc83272debddcb7c9a597c6,1409028258,1,1,2,0.674494,2,22,0,10,0.47,6389.5,434,3203,1665.62,1178,FALSE,0,0,0,0,0
4eae95b88d21196f210afc405b9490cf060bb276,1409023977,1,1,0,0,0,0,0,0,0,0,0,3202,1664.75,2100,FALSE,0,0,0,0,0
06d8281f16e560ecea266b736ad1ebfd2967c49d,1408987501,1,1,2,1,2,0,0,10,0.04,6388.5,433.5,3201,1664.88,1177,FALSE,0,0,0,0,0
87c21ba75e5705bd8b108f6745d2825f001a8106,1408984346,1,2,4,0.272743,107,3,0,10,33.93,3220.5,217,3200,1663.98,1176,TRUE,0,0,0,3,2
7f88a7c9bb1442e40f83604d943602a0d831335c,1408982522,1,1,1,0,52,24,0,9,0.48,12302,806,3199,1663.04,1175,TRUE,0,0,0,0,0
38c57a662cc5ff191e966bad52430b1747143e47,1408941299,1,1,6,0.410405,1051,1009,0,1,3.93,4195.17,129.67,3198,1663.31,466,FALSE,0,0,0,305,584
36f5ddc543c6dfa26898a52c96661aa45bc7263f,1408941067,1,1,1,0,25,0,0,9,0.17,12277,805,3197,1662.32,1174,FALSE,0,0,0,0,0
8b873b6b1be77be7c2bc0bb281f5ca45536ca749,1408940957,1,1,1,0,1,1,0,17,0.17,9658,1348,3196,1661.32,2099,FALSE,0,0,0,0,0
68bd881ca8a1cf5455cdb54cc39d5a8023a400e6,1408926584,1,1,1,0,14,14,0,9,0,12277,804,3195,1660.77,1173,FALSE,0,0,0,0,0
c3e717a3ef3a9f16d9bebfe58c41c7815ba41c62,1408926540,2,2,2,0.213824,119,116,0,17,0.21,10966,884.5,3194,1659.77,1635,FALSE,0,0,0,0,0
d9be6f8a9a42f0a6f56409d9a5e6356538f20708,1408913649,1,1,0,0,0,0,0,0,0,0,0,3193,1659.17,2097,FALSE,0,0,0,0,0
3bfb9d65f47157ce2a8c6bd0c641e510036f49d0,1408909112,1,1,1,0,7,5,1,9,0.01,12273,802,3192,1658.31,1171,FALSE,0,0,0,0,0
9ad26f943f098928deb4bbde4725463527c8ffea,1408908139,1,1,1,0,17,17,0,17,0,9657,1346,3191,1657.34,2096,FALSE,0,0,0,0,0
c5112cb24e54c0436bbda5061b24d5102f34fdeb,1408907870,2,2,2,0.688573,110,58,0,17,0.26,10939,883,3190,1656.35,1632.5,FALSE,0,0,0,0,0
c17e1f9e751fa9611a0aad0f0b9f08b8e485e99d,1408907326,1,1,1,0,139,139,0,17,1,9619,1344,3189,1655.36,2094,FALSE,0,0,0,0,0
b48b454909b07ab4c903148a25814eff074d0209,1408863721,1,1,1,0,2,2,1,9,0.46,12259,800,3188,1655.7,1169,TRUE,0,0,0,0,0
6b59a924e842cbcf26b289f3d92a59942e64a389,1408823592,1,1,1,0,2,2,1,9,0.6,12259,799,3187,1655.94,1168,FALSE,0,0,0,0,0
87879a678410921281d53325a03ad1ff53dd15e6,1408821190,1,1,1,0,2,1,0,17,0,9618,1343,3186,1655.01,2093,FALSE,0,0,0,0,4
fca5fda9da38c63fd2c9dc6b3268d1387441f3ef,1408821144,1,1,1,0,35,44,0,17,1.66,9627,1342,3185,1654.01,2092,FALSE,0,0,0,0,7
461b294bc7c667f13b0abc44d78093778838f4cd,1408817487,1,1,1,0,220,47,0,18,-33.94,9802,1409,0,0,0,FALSE,0,0,0,8,6
691d566482172e3b69320fb035df9824fe81bd5d,1408771633,1,1,1,0,2,1,0,9,1.54,12258,798,3184,1654.53,1167,FALSE,0,0,0,0,1
61578f4dca0ec2438cbce3c2ddbbccdf3971342a,1408677849,1,1,1,0,1,1,0,17,0.45,9627,1341,3183,1656.42,2091,FALSE,0,0,0,0,0
9f4a7fc0da94e6acdeb83dcbc9f563940298b26e,1408638567,2,2,2,0.382468,104,85,0,17,0.47,10933,879,3182,1656.63,1628,TRUE,0,0,0,1,4
309a2ad0a3dfb2218d32588e917b391576b3f668,1408601464,1,1,6,0.331433,2473,2119,0,1,24.14,4136.17,129.5,3181,1656.78,465,FALSE,0,0,0,496,731
e696331e2a08e1726ba7857e0da8b066ba1f330d,1408599355,1,1,1,0,11,11,0,17,0,9621,1338,3180,1655.84,2089,FALSE,0,0,0,0,0
c3126e24ce908f73c61bbfa11178f0e8687b0b94,1408599177,2,2,2,0.0214507,32,26,0,17,0.86,10930,877.5,3179,1654.85,1626.5,FALSE,0,0,0,0,7
200a5d84c7d9e8c38f63ff58b9e7a9207f3fa073,1408597583,1,1,1,0,9,9,0,17,-0.02,9621,1339,31,20.64,17,FALSE,0,0,0,2,0
bde931f2f5189ea919b2ab7b5151195dadf9debc,1408526942,1,1,1,0,3,3,0,9,0.04,12244,795,3178,1656.07,1164,TRUE,0,0,0,0,0
58b3e9f20180b696bf2f7f7966f55a776e931513,1408523388,1,1,1,0,1,2,0,9,0,12245,794,3177,1655.18,1163,TRUE,0,0,0,0,0
1423dcb619477920067a34a950f4106beeb9832f,1408523073,2,2,2,0.47756,6,1,0,17,0.07,10928,876,3176,1654.19,1624.5,FALSE,0,0,0,0,0
df3540b0f950fe8aa2ddeb3cbeef3cf44cd30552,1408517326,2,2,2,0.442885,172,55,0,17,1.26,10869.5,875.5,3175,1653.37,1623.5,TRUE,0,0,0,0,2
921209580a5fe7cf8ecc1be74102934e1bf9b380,1408469557,1,1,1,0,12,11,0,9,0.06,12133,791,3174,1653.84,1160,FALSE,0,0,0,0,0
d4e058a84430697bb0f706bc93bd81fc2f6f73e4,1408464484,1,1,1,0,16,0,0,9,4.98,12117,790,3173,1653,1159,FALSE,0,0,0,0,0
8f9eed154e474f455a015a743cf23b11b640d8bf,1408347304,1,1,1,0,42,30,0,17,0.41,9593,1334,3172,1655.61,2085,FALSE,0,0,0,2,2
1416655d533e41e23db150f26b87fc69e8598885,1408315216,1,1,1,0,1,1,0,2,3.25,419,120,3171,1655.6,1158,FALSE,0,0,0,0,0
9a147218ce81d2418b04a206b2cb8c474f8b1fb9,1408315194,1,1,1,0,4,1,0,1,97.98,10,4,3170,1654.6,1157,FALSE,0,0,0,0,0
34b575da03fe01d8c633d017ea1809e7ce08d00a,1408311470,1,1,1,0,2,2,0,17,0.02,9593,1333,3169,1653.72,2084,FALSE,0,0,0,0,0
54d22a23b5fe23cf253a72493c74a0dba4122484,1408309933,1,1,1,0,4,4,0,1,4.71,2118,122,3168,1652.77,145,FALSE,0,0,0,0,0
ee10e17ce78f772d85b180708d2133ce4b522c51,1408309847,1,1,1,0,7,1,1,17,0.02,9587,1332,3167,1651.77,2083,FALSE,0,0,0,0,0
8ff97468ccffb82300b3a1f30c37b37ebdeb3466,1408308144,1,1,1,0,4,4,0,17,0,9587,1331,3166,1650.82,2082,FALSE,0,0,0,0,0
6f898c6c9739002d3855e94ad20c7fb8029aab4d,1408308127,1,1,1,0,13,4,1,17,0.61,9578,1330,3165,1649.82,2081,FALSE,0,0,0,0,2
cfeb8d053f0362fdd5cdb7f7c36dc157f9099b2c,1408255423,1,1,1,0,27,2,0,17,2.36,9553,1329,3164,1650.44,2080,FALSE,0,0,0,0,2
d317171a4574f01cac7f8545b5a5de240c89da79,1408117130,1,1,1,0,0,1,0,4,2.92,925,134,3163,1653.71,1156,FALSE,0,0,0,0,0
9b0aadccf86bf1c64fc02815c29d72bd7897ce0e,1408051653,1,1,1,0,1,1,1,17,0.2,9553,1328,3162,1654.73,2079,FALSE,0,0,0,0,0
d6850ab358628f3e9c8d946d73622f8f45bf7ce9,1408034235,2,2,3,0.303129,55,17,0,18,4.61,7350.33,598.33,3161,1654.27,1616.5,TRUE,0,0,0,0,0
c139a0d9edfdfbcbb1cc22e594e3d5a15b06b008,1408033375,1,1,1,0,157,186,0,17,2.13,9553,1326,3160,1653.3,2077,FALSE,0,0,0,2,3
67b0c4cddd03077c720aff779e955e2ee825e3ca,1407903382,1,1,1,0,2,2,0,1,15.49,2118,121,3159,1656.33,144,FALSE,0,0,0,0,0
ce36bf6134d6c66badc564cb29b2520499188d8a,1407864833,2,2,1,0,1,1,0,4,13.51,925,133,3158,1656.53,1615,FALSE,0,0,0,0,0
e2dd65a4035ea6301afb4a1c6b91c759d2ec62a6,1407849656,1,1,1,0,35,35,0,17,0.36,9553,1325,30,19.99,16,FALSE,0,0,0,14,0
a2595d5107f534b7e851d90302383d0a0d221c76,1407818633,1,1,1,0,4,11,0,17,2.5,9560,1324,3157,1656.96,2075,FALSE,0,0,0,0,2
6dc0cf0c4421e409a59064eabb82d2ad793b3e05,1407774296,1,1,1,0,2,2,0,9,0.96,12116,788,3156,1657.34,1153,FALSE,0,0,0,0,0
faac6300010c63a92fab422fcea40b6cd1b0597e,1407691312,1,1,0,0,0,0,0,0,0,0,0,3155,1658.93,2074,FALSE,0,0,0,0,0
0deacc72298db67852156b26ac58c4d3fae4b798,1407691296,1,1,1,0,12,2,0,9,1.03,12106,787,3154,1657.93,1152,FALSE,0,0,0,0,0
c849fe149622c692e50370208b1e4334682586ef,1407602402,1,1,1,0,5,5,0,17,0.96,9560,1323,3153,1659.7,2073,FALSE,0,0,0,0,0
4238e84ec48104c7d625ea9503eea9c54cf8ffef,1407602369,1,1,1,0,27,0,0,9,5.46,12079,786,3152,1658.71,1151,FALSE,0,0,0,0,0
df4e306c643de6f1322f3e0a121e98a1ce30533b,1407519806,1,1,1,0,1,1,0,17,0.01,9560,1322,3151,1660.29,2072,FALSE,0,0,0,0,2
916c728d7018a2ad19f9d4217ae5084aa99a2106,1407518898,1,1,1,0,1,1,0,17,0.04,9560,1321,3150,1659.32,2071,FALSE,0,0,0,0,0
476d85915bcde53c6a960428cdd02185e30c674d,1407515296,1,1,1,0,116,97,0,17,1.4,9541,1320,3149,1658.43,2070,FALSE,0,0,0,1,6
e54b8ead7204c20f561c2615280759d1dfa64c2a,1407394441,1,1,1,0,119,90,0,17,2.99,9512,1319,3148,1661.21,2069,TRUE,0,0,0,2,11
d2444d2992e1e32be37a0390f312d68f923db883,1407135919,1,1,1,0,1,1,0,17,0.06,9512,1318,3147,1668.36,2068,FALSE,0,0,0,0,0
48acda2c3c3ffb84730535c446b9d1c0c6556111,1407130831,2,2,2,0.405639,7,1,0,17,1,10792.5,864,3146,1667.53,1608.5,FALSE,0,0,0,0,0
264f7b1d300dfa194df444880343253c7c80c6a3,1407099816,1,1,1,0,1,1,1,2,4.59,411,118,3145,1667.51,1149,FALSE,0,0,0,0,0
fc44d54607e26a9cd7289b1968aa0a0bf7159103,1407047120,1,1,1,0,2,5,1,9,0.05,12078,784,3144,1668.18,1148,TRUE,0,0,0,0,0
afc369857884e5b9431d855d1e43080927cc677f,1407042517,1,1,1,0,4,4,0,9,0,12078,783,3143,1667.32,1147,FALSE,0,0,0,0,0
c3cd94b6954a993bd85e69bcf0692eec7d9e915f,1407042497,2,2,2,0.149468,17,2,1,17,0.8,10786.5,862.5,3142,1666.32,1606,TRUE,0,0,0,0,0
ea219f683ed1cc4cbeacd0387c83e5597be61309,1407009955,1,1,1,0,8,8,0,17,0.85,9510,1315,3141,1666.35,2065,FALSE,0,0,0,0,0
faf658465281e311384c845b3a244d6ff1d0591b,1406936204,2,2,2,0.25978,22,13,0,17,1.45,10782,861.5,3140,1667.69,1604.5,FALSE,0,0,0,0,0
4dc41749fb3d91e464a01cb18f843a32d23ef325,1406917657,1,1,1,0,4,4,0,17,0.01,9507,1313,3139,1667.28,2063,FALSE,0,0,0,12,0
2aa94301a859ff4097c8cc40918c61abbc67de2c,1406916838,1,1,1,0,237,237,0,17,0.74,9507,1312,3138,1666.31,2062,FALSE,0,0,0,18,22
d2870b6df75de7077b84b297db84803e9475c43c,1406852758,1,1,1,0,63,30,0,17,1.73,9474,1311,3137,1667.34,2061,FALSE,0,0,0,27,0
5cbc44610cbaf7a2a8e10280c909977315ae4642,1406703622,2,2,3,0.499302,15,20,0,18,1.27,7315.67,590.67,3136,1671.09,1602,TRUE,0,0,0,0,0
9032cc0ecca4c0a0a22386039de8002750602034,1406697682,1,1,1,0,1,1,0,4,18.54,925,132,3135,1670.28,1143,FALSE,0,0,0,0,0
e48b314ad00613f2fcd27f9e6f54f64da33e6ee5,1406651845,1,1,1,0,5,5,0,17,0.03,9476,1309,3134,1670.74,2059,FALSE,0,0,0,0,1
6fdaf905c40d5c91ca9e608af99d9dffeb73901e,1406651799,1,1,0,0,0,0,0,0,0,0,0,3133,1669.74,2058,FALSE,0,0,0,0,0
79b706fb5c25c171814fd227d7f446d08f787da1,1406648884,1,1,1,0,3,3,0,17,0,9476,1308,3132,1668.83,2057,FALSE,0,0,0,4,0
eaee1882449e80bee976026949039bd05398aa65,1406648843,1,1,1,0,10,5,0,17,0.97,9471,1307,3131,1667.84,2056,TRUE,0,0,0,0,0
a6ac62d628613458af2f6d2e86f2f4a8f0181a5b,1406615023,1,1,0,0,0,0,0,0,0,0,0,3130,1667.91,2055,FALSE,0,0,0,0,0
7a7f12504b9296fe3071b57ff8d95745cc055707,1406565204,4,6,8,0.32227,187,152,0,18,49.85,3602.12,236.88,3129,1668.5,892.5,TRUE,0,0,0,0,2
55c83d17e17e25f95d47e2b8403dbc4fe3e386c9,1406535961,1,1,1,0,3,3,1,9,0.24,12057,778,3128,1668.43,1141,FALSE,0,0,0,0,0
8009c1b7eb22787b23ad4525d19723a7b7503fd5,1406515596,1,1,6,0.665957,562,463,0,1,6.43,4119.67,129.33,3127,1668.08,464,FALSE,0,0,0,358,619
1580453f4b8066d4939b0e5c0889fc05cc372173,1406515210,2,2,2,0.57938,25,5,0,17,0.12,10754,856.5,3126,1667.1,1596.5,TRUE,0,0,0,0,0
9cc8f5dd07a3410e627b40cab1bc621347ad82c9,1406508152,1,1,2,0.57938,69,9,0,10,2.43,6196,416.5,3125,1666.32,1139,FALSE,0,0,0,0,0
7e326b84316603fd78907cb80f79c14b02f4f9b2,1406501543,1,1,1,0,1,2,0,17,0.01,9470,1304,3124,1665.53,2052,FALSE,0,0,0,0,0
8bddb47fab430d89c5bf470a0bbb57ce15932a5b,1406501340,1,1,1,0,6,0,0,9,0,11997,775,3123,1664.54,1138,FALSE,0,0,0,0,0
b1b462d22bed54d9eb2fc404eecaf394bec38e34,1406500911,2,2,2,0.097504,109,59,0,17,1.42,10708.5,854.5,3122,1663.55,1594,FALSE,0,0,0,16,2
d5847faaba2a0baee9ee096aea69603fc9f622f7,1406493677,1,1,1,0,28,20,0,17,0.02,9458,1302,3121,1662.78,2050,FALSE,0,0,0,0,0
4c9f3aee7422d0d26c6bcb8c5d1b21dd63c87996,1406491526,1,1,1,0,6,0,0,17,0,9452,1301,3120,1661.85,2049,FALSE,0,0,0,0,4
ff4e0cb1c21502f41fe7cbe831738c90ada3ff6f,1406491433,1,1,1,0,8,8,1,17,2.22,9452,1300,3119,1660.85,2048,TRUE,0,0,0,0,0
c159da1fbc0fb831bb310b464b49a946f99fda8f,1406299467,1,1,1,0,23,8,0,17,0.42,9437,1299,3118,1665.95,2047,FALSE,0,0,0,5,1
d5e55f9dbda34b84b78d7a8fe11582175cb9e800,1406265206,1,1,0,0,0,0,0,0,0,0,0,3117,1666.05,2046,FALSE,0,0,0,0,0
642ed4061ae72bf0a23c9089449cb7974562ef92,1406263265,2,2,2,1,2,2,0,17,0.01,10694,852,3116,1665.11,1590.5,FALSE,0,0,0,0,0
5178c3e67fcf6d8411ff33853bd6df9c3d1ed066,1406262619,2,2,2,0.734496,5,5,0,17,0,10694,851.5,3115,1664.13,1589.5,FALSE,0,0,0,0,0
e402347d732c90f93efd7c8a3b867d65e7dfa9cf,1406262562,2,2,2,0.43481,57,79,1,17,0.89,10705,851,3114,1663.13,1588.5,FALSE,0,0,0,2,0
3004c58798eda5dee7b2138e8ad163b51977d62d,1406240583,1,1,1,0,1,0,0,17,0.61,9458,1295,3113,1662.83,2042,FALSE,0,0,0,0,0
15a44fe6504e927d6308f8824cea1e495d55c189,1406188283,1,1,1,0,9,0,0,17,0,9449,1294,3112,1663.5,2041,FALSE,0,0,0,2,0
e37a96a94a8dd5db3658c22ec1ef3577be6745ed,1406188250,1,1,1,0,14,7,0,17,0,9442,1293,3111,1662.5,2040,FALSE,0,0,0,0,0
e475a3b64c38856109a9e44195da74f0b13e46cc,1406188204,1,1,1,0,0,2,0,17,1.05,9444,1292,3110,1661.5,2039,FALSE,0,0,0,0,0
663ebd25ea3a27bf7e49353017644ac74ebe67ea,1406130601,1,1,1,0,65,5,0,9,0.41,11891,770,3109,1662.33,1133,TRUE,0,0,0,0,0
e6bec0de728581642a492b1a35d6d3500038dfda,1406097480,1,1,1,0,4,6,0,17,0.03,9446,1291,3108,1662.39,2038,FALSE,0,0,0,0,2
f513effd47fee9bb5f7e799da9da002f3d4fe1b2,1406094818,1,1,2,1,6,2,0,10,0.56,6138,413,3107,1661.47,1132,FALSE,0,0,0,0,0
dd05e898cc46eef9209348203da307126c354232,1406094764,1,1,1,0,1,1,1,17,0.55,9446,1290,3106,1660.47,2037,FALSE,0,0,0,0,0
49a88e75e69548a494fabf74a1312591bb284bb7,1406047354,2,2,2,0.688573,16,5,1,17,0.53,10662,846.5,3105,1660.98,1583.5,FALSE,0,0,0,0,0
14a99471f4b374492e93450e2b5eb899b9239d40,1406045769,1,1,2,0.460306,66,53,0,10,0.22,6131.5,412,3104,1660.03,1130,TRUE,0,0,0,0,0
bdbc181e3824a86bd8203b4c2b4932be1059da32,1406038538,1,1,1,0,1,1,0,9,0.27,11882,766,3103,1659.26,1129,TRUE,0,0,0,0,0
133b1151bd020ebb01c74c65f66708fd7e5d2087,1406015536,1,1,2,1,7,21,0,10,0.07,6138.5,411,3102,1658.99,1128,FALSE,0,0,0,0,0
653aab235841f09cf3665c8f1de3d4c5c2331244,1406009440,1,1,2,0.586926,51,47,1,10,0.04,6136.5,410.5,3101,1658.19,1127,TRUE,0,0,0,0,0
13669313d42c2902f72091ec77284ee3f7ba24ec,1406006007,1,1,2,0.282394,17,21,1,10,0.07,6138.5,410,3100,1657.29,1126,TRUE,0,0,0,2,0
e84d79ccf323cb05af3a362b9440c47e33af5a7c,1406000139,1,1,1,0,5,2,0,9,0.36,11885,762,3099,1656.48,1125,TRUE,0,0,0,0,0
34077f96242c59d7b736e25442cc70b4abc08b16,1406000098,1,1,1,0,12,4,1,2,0.36,381,109,3098,1655.48,1124,TRUE,0,0,0,0,0
28ba64a4db7ab7b69ed9f5009bb18e4966b2ebea,1405968856,1,1,1,0,2,4,1,9,0.14,11887,761,3097,1655.47,1123,FALSE,0,0,0,0,0
0eefd3e140080959dddec3da5dea898b07ecf026,1405968826,1,1,1,0,13,5,1,2,1.09,373,108,3096,1654.47,1122,TRUE,0,0,0,0,0
20bbfc5917690137a8cde0a9516073db8bfae19c,1405960575,1,1,0,0,0,0,0,0,0,0,0,3095,1653.73,2035,FALSE,0,0,0,0,0
9d6832224e799cf25736c582f438803995461ede,1405960050,1,1,6,0.596859,712,551,0,1,5.24,4092.83,129.17,3094,1652.75,463,FALSE,0,0,0,340,576
2cf17b19dc62ae92561ccce51e88794b7f733d64,1405957835,1,1,1,0,10,11,0,17,0.35,9436,1288,3093,1651.82,2034,TRUE,0,0,0,0,0
390cf2114a73738fa00edb4c031deea79fc29ee5,1405956829,1,1,1,0,1,1,1,9,0.34,11887,760,3092,1650.85,1121,TRUE,0,0,0,0,0
8bff019b5d479e81534d2b993383056d456eb207,1405927626,2,2,2,0.420187,202,171,0,17,0.48,10646,841.5,3091,1650.77,1576.5,TRUE,0,0,0,4,0
7d221f3be9d46d4f1097da1fc6c3670ed5af8fa9,1405887991,1,1,1,0,6,0,0,17,0.03,9383,1286,3090,1651.02,2032,FALSE,0,0,0,0,0
b8628b9772616956dbcf85bf51c794056b79c52d,1405885112,2,2,2,0.303772,134,70,0,17,0.1,10611,840.5,3089,1650.11,1575,FALSE,0,0,0,0,1
cda4d9e1b25f0c9255df9740d8e2ed1b260950ac,1405877993,1,1,1,0,6,6,0,17,0,9363,1284,3088,1649.34,2030,FALSE,0,0,0,0,0
f5d7a4d41e111fec31afcf98b5c9e625fec0f55c,1405877934,1,1,1,0,3,3,0,17,0.54,9363,1283,3087,1648.34,2029,FALSE,0,0,0,0,0
94486302f50b122b35ff32314b34a07282f03daa,1405874965,1,1,2,0.956859,42,24,0,10,1.41,6107,406,3086,1647.43,1118,TRUE,0,0,0,0,0
4f4a7409f68bf8c7462c038094297270d2be06ca,1405831358,1,1,1,0,5,12,0,17,1.4,9370,1282,3085,1647.81,2028,FALSE,0,0,0,0,0
60f57f9e4b0e996388fde6074e834e9a736e74b7,1405752724,1,1,2,0.0570388,67,48,0,10,0.62,6097.5,405.5,3084,1649.29,1117,TRUE,0,0,0,3,0
2f98cd9eb06ff285ea0fd187294687b9f3d3627a,1405710370,1,1,1,0,15,7,1,16,1.21,9362,1281,0,0,0,FALSE,0,0,0,0,0
f77586f13dbfae3cd074fd3f71904cedbb7b060f,1405699041,1,1,1,0,17,4,0,9,0.14,11822,755,3083,1649.98,1116,TRUE,0,0,0,0,0
66e9c68da40da6262dbf1b5d5ac393de315090a7,1405698485,1,1,2,0.79687,58,22,0,10,1.72,6073,404,3082,1649,1115,TRUE,0,0,2,0,0
fa8209198963faecab19fc2acdbd1bdb59d950cc,1405687091,1,1,1,0,15,15,0,9,-0.13,11822,754,29,20.01,1,TRUE,0,0,0,0,4
c97c2fee3718dadbaac1dad937914edca298684b,1405605425,2,2,2,0.236296,10,9,0,16,1.1,10582.5,835.5,3081,1650.94,1570.5,FALSE,0,0,0,1,0
fd0350078667214545949d1dd75a38ade94e2740,1405604379,1,1,0,0,0,0,0,0,0,0,0,3080,1649.97,2026,FALSE,0,0,0,0,0
83d5c31a0c838e232bd0219b433c31cc7f243b6f,1405604068,1,1,0,0,0,0,0,0,0,0,0,3079,1648.98,2025,FALSE,0,0,0,0,0
7f19c10da97b140e7e406cf0503ba9de831c39e2,1405535434,1,1,2,0.210758,7,7,0,1,0.11,2965.5,256,3078,1650.15,462,FALSE,0,0,0,12,14
c10ea527a0671ea4cf851e64f3c98e32c055afc9,1405526256,1,1,1,0,1,1,0,16,0.13,9361,1279,3077,1649.45,2024,FALSE,0,0,0,0,0
5a54c1520a53cc1e2dfd95d0e7a4396807475686,1405525698,1,1,2,0.0700276,29,28,0,1,0.37,2965,255.5,3076,1648.46,461,FALSE,0,0,0,51,72
3f2732be7b2d575e1ca9edd19914e2b8c6cbeafa,1405515337,1,1,1,0,2,2,1,16,0.25,9361,1278,28,19.09,15,FALSE,0,0,0,0,0
d504b1f90fd228707330cb887deb3220f75366c8,1405494728,1,1,2,0.47756,26,2,0,10,0.81,6061,403,3075,1648.44,1113,FALSE,0,0,0,0,0
210dac058d78c39c28fc183c10026812bfca7e11,1405493640,1,1,6,0.538567,836,701,0,1,6.96,4070.17,128.67,3074,1647.48,460,FALSE,0,0,0,388,626
ccb3012e5a89fd49c93c65386aa78fd3b1a8ee15,1405493360,1,1,1,0,4,5,0,16,0.54,9362,1277,3073,1646.49,2023,FALSE,0,0,0,0,0
c94f2e6f078b3be9d1690349ad4f86fa1a0c55b5,1405446784,1,1,1,0,13,13,0,16,0.09,9362,1276,3072,1646.96,2022,FALSE,0,0,0,0,0
e31d7178b4c946794f8c2f2240f04a7964b1e90b,1405441359,1,1,1,0,34,10,0,9,0.02,11764,750,3071,1646.13,1112,FALSE,0,0,0,0,0
b56d7ab9c353b282155cd29d6ba483f3e0ed361f,1405439515,1,1,1,0,16,16,0,9,0.33,11764,749,3070,1645.19,1111,FALSE,0,0,0,0,0
b3a4b8085c93302431a801cb47b965132bf8691b,1405438902,1,1,1,0,5,0,0,15,0.99,9357,1275,0,0,0,FALSE,0,0,0,0,0
c63e2709212936585ab4ee43f9739f2b6a868473,1405433964,1,1,0,0,0,0,0,0,0,0,0,3069,1644.36,455,FALSE,0,0,0,0,0
cffbae3a132bcd91f6426da6ea0e926e18272834,1405411278,1,1,1,0,29,27,0,9,0.03,11762,748,3068,1644.08,1110,FALSE,0,0,0,0,0
d2d03228eef9361a67e3e7625f89730c184f702d,1405409004,1,1,1,0,22,22,0,9,0,11762,747,3067,1643.15,1109,FALSE,0,0,0,0,0
30458fa536ae33017ecc2b33a7e12a6a0e98cb51,1405408944,1,1,2,0.0938447,46,12,0,10,4.17,6031,400.5,3066,1642.15,1108,FALSE,0,0,0,4,3
0e60831f46b863b3c5d7f5c0446f92f0bef232c3,1405353568,2,2,2,0.812706,47,62,0,15,0.19,10552,829.5,3065,1642.89,1564,FALSE,0,0,0,0,4
69238bf8e80b061b0e91985dcd90462fb4fcd920,1405349866,1,1,1,0,2,2,0,15,0.31,9377,1273,3064,1642.01,2020,FALSE,0,0,0,0,0
37caef10b14970c153749a571e0ea664f6ba411f,1405324192,1,1,1,0,18,8,0,15,0.1,9347,1271,3063,1641.82,2019,FALSE,0,0,0,0,0
1dc95f5d3acce38aa104fb1defac68ebd69bfb93,1405323910,1,1,1,0,7,5,0,8,0.07,11725,744,27,18.18,0,FALSE,0,0,0,0,0
db483df9a64a364a273806ec9fc370a473408b92,1405323427,1,1,1,0,41,21,1,15,-0.01,9357,1272,26,17.18,14,FALSE,0,0,0,0,4
381ecd8f7011518f26cd410449d1d39149d972fb,1405317456,1,1,1,0,1,1,1,8,0.28,11725,743,3062,1641.03,1106,FALSE,0,0,0,0,0
f2a829362bc2670fef434cba4da4e8529b392b16,1405315473,1,1,1,0,3,3,0,15,0.26,9347,1270,3061,1640.09,2018,FALSE,0,0,0,3,0
fe2e994f2d49e487ce5733a983240d21123d15f2,1405292974,2,2,2,0.480956,51,36,0,15,0.09,10528.5,826,3060,1639.8,1561,FALSE,0,0,0,2,0
95ba6bf0402a031673cb13d461f5f03d80443ff1,1405284946,2,2,2,0.190101,28,18,0,14,0.56,10523.5,825.5,2,1.98,1,FALSE,0,0,0,2,0
6f937e8958f8c73efb8fc7217ecc900478911b4c,1405279066,1,1,0,0,0,0,0,0,0,0,0,3059,1639.23,2016,FALSE,0,0,0,0,0
12f04650de7d684746b2fc2b536a9f8a6c0ee772,1405236387,2,2,2,0.368404,9,4,0,14,1.18,10521,825,3058,1639.58,1559.5,FALSE,0,0,0,2,0
f7330cce1426125303bd7bb5e6638a1020e04162,1405174129,1,1,1,0,12,3,0,7,1.9,11705,739,3057,1640.53,1103,FALSE,0,0,0,0,0
ba56f95da8ef4279b5ee2f0d074ecf8f70889ad6,1405095515,2,2,1,0,2,2,0,4,7.86,925,131,3056,1642.01,1558,FALSE,0,0,0,0,0
46704724e35699ab07e297258138e70f50406ab9,1405094271,1,1,1,0,4,0,0,14,0.36,9324,1266,3055,1641.05,2013,FALSE,0,0,0,0,0
caadd5bb32adad4702ffa97c592a7554642a5aab,1405063386,1,1,1,0,12,7,0,14,0.02,9319,1265,3054,1641.02,2012,FALSE,0,0,0,0,0
faa221f16276ee7a028939dac5a445aea73069dc,1405061644,1,1,1,0,2,1,0,14,0.06,9318,1264,3053,1640.08,2011,FALSE,0,0,0,0,4
a814d5438a14cdbd8f8678f4cfb816f22049254f,1405056266,1,1,1,0,19,19,0,14,0.08,9318,1263,3052,1639.25,2010,FALSE,0,0,0,0,0
ab43c4cf2a0c6ff179321602b0a2ea87f2b9d260,1405052607,0,0,0,0,0,0,0,0,0,0,0,3051,1638.36,0,FALSE,0,0,0,0,0
d781e2dfb85d8a9075030bef399a2080ce2332b8,1405050081,0,0,0,0,0,0,0,0,0,0,0,3050,1637.44,0,FALSE,0,0,0,0,0
968ef1560f18a7f098ee27d4dfedd96000f53a9c,1405049388,1,1,1,0,2,2,1,14,1.52,9295,1260,25,16.28,13,FALSE,0,0,0,0,0
1631ceedb34204887fbfd196a53e3f09b27d53ea,1405009580,2,2,2,0.362837,44,35,0,14,0.85,10507,821.5,3049,1637.72,1555,FALSE,0,0,0,12,3
884c2af17d4e886add546e7ca9fdc9827c204903,1405008343,1,1,1,0,31,13,0,1,9,2100,119,3048,1636.76,142,FALSE,0,0,0,0,2
51ab030541ef4677b82db999c120faee4a4cac44,1404936148,2,2,2,0.0856622,104,101,0,14,0.2,10505.5,821,3047,1638.03,1554,FALSE,0,0,0,7,8
2a1e0636419594ea6581c3363c03d410321846ee,1404919470,1,1,1,0,44,33,0,7,0.01,11705,736,3046,1637.55,1099,TRUE,0,0,0,0,0
62b3120ffd6650d0d652cb6b41620259851b1fbc,1404918462,0,0,0,0,0,0,0,0,0,0,0,3045,1636.58,0,FALSE,0,0,0,0,0
ea17b3d7c9fdb70466d7f2f39348ead7c0901530,1404918389,1,1,1,0,38,38,0,7,0.03,11687,734,3044,1635.59,1098,TRUE,0,0,0,0,0
f3e98fc71c511ec9b06d25d50d997ad820f4e8d7,1404918075,0,0,0,0,0,0,0,0,0,0,0,3043,1634.6,0,FALSE,0,0,0,0,0
5034e11f22715d48653a5c577d53796a09e83fbd,1404917766,0,0,0,0,0,0,0,0,0,0,0,3042,1633.61,0,FALSE,0,0,0,0,0
560473d70b593847e472a13d30a895040a791661,1404917691,1,1,1,0,12,9,0,14,0.29,9292,1259,3041,1632.61,2007,FALSE,0,0,0,0,1
10e53509bddcc6648740a2f1f4e9ecc140468c60,1404917168,1,1,1,0,18,0,0,7,0.01,11687,734,1,1,1,TRUE,0,0,0,0,0
27afb02482fc471e86f48f4bdf0685a7a53a5971,1404916689,0,0,0,0,0,0,0,0,0,0,0,3040,1631.64,0,FALSE,0,0,0,0,0
07fd0989ea04f8bd5da29d7619613cc7f47dd4af,1404916111,1,1,1,0,14,0,0,7,0.28,11673,733,0,0,0,TRUE,0,0,0,0,0
d7c38aea502ff5149161cbf178b62ae161857fbd,1404892329,1,1,6,0.691132,406,390,0,1,3.25,4067.5,128.5,3039,1631.4,459,FALSE,0,0,0,303,571
20d57e27c9c69f51958ad0e4f43d941b0087a0a1,1404892252,1,1,1,0,1,2,0,14,0,9293,1258,3038,1630.4,2006,FALSE,0,0,0,0,0
4606c8092f45f950906d98c32537e3db7ca132f2,1404891830,2,2,2,0.692769,41,40,0,14,0.32,10482.5,817.5,3037,1629.42,1551,FALSE,0,0,0,6,0
30f256aad2bfa0d5cff39f11448f6ed1aa8976e3,1404891718,1,1,1,0,5,5,0,14,0,9297,1256,3036,1628.42,2004,FALSE,0,0,0,0,0
1b9dbd0e6260048aa33edeee65e9d3399c7bef35,1404891662,1,1,1,0,17,16,0,14,0.63,9296,1255,3035,1627.42,2003,FALSE,0,0,0,0,0
225c8871f90e4a6ec9465ce40016a504eba9b6cf,1404837207,2,2,2,0.847128,28,8,0,14,0.03,10472,816,3034,1628.12,1549,FALSE,0,0,0,2,0
d0333134d51c163bf781177450a385d5c304e568,1404835874,1,1,1,0,13,0,0,7,0.03,11639,730,3033,1627.16,1095,FALSE,0,0,0,0,0
b24b8315d376ecea3f917975c8944991ca70bccf,1404833330,2,2,2,0.674494,12,12,1,14,0.64,10465.5,815,3032,1626.24,1547.5,FALSE,0,0,0,0,0
4ddc3b518bd74e9c10c2af161bbf32b62d3a3844,1404805012,1,1,1,0,5,2,0,14,0.39,9292,1252,3031,1626.12,2000,TRUE,0,0,0,0,0
479a7e441d56c479b3c5a7087609377a16202101,1404771715,2,2,2,0.0394704,65,65,0,14,1.8,4680.5,681,3030,1626.16,1228.5,FALSE,0,0,0,124,228
af5ae8d656aced2316d8f9e27334c408b2bdf2ae,1404751144,1,1,1,0,127,123,0,7,0.07,11632,728,3029,1625.8,1093,FALSE,0,0,0,3,0
1365882de4b9c460ff8cff1879f88f881027a8f4,1404744813,1,1,1,0,1,1,0,7,0,11632,727,3028,1625,1092,FALSE,0,0,0,0,1
7854cd1f94790a72790a077039054b87eae54a42,1404744786,1,1,1,0,1,1,1,7,0.25,11632,726,3027,1624,1091,TRUE,0,0,0,0,0
12a1a14527b00d4c7af23248c6b65b0fb6bb74b4,1404744520,1,1,1,0,2,2,1,2,0.61,330,102,3026,1623.01,1090,FALSE,0,0,0,0,0
a71cc552c9695124fa4de6c728b6da938528ff84,1404723108,1,1,1,0,1,1,0,7,0.01,11632,725,3025,1622.67,1089,FALSE,0,0,0,0,2
e42d09150255a53385f8df769b5d967070da9284,1404722455,1,1,1,0,31,31,0,7,0.36,11632,724,3024,1621.69,1088,FALSE,0,0,0,0,0
d89d5befa0589f376287b469b7a44b2d50893eda,1404691537,1,1,2,0.197008,41,11,0,8,0.84,5966,388.5,3023,1621.65,1087,TRUE,0,0,2,0,1
92e5ae29c971a10784a274ae2ec09b462e847bad,1404653098,1,1,1,0,48,43,0,14,0.86,9287,1250,3022,1621.85,1998,TRUE,0,0,0,0,18
65aeb97e3e085723e4df1f87e97dd55678117114,1404652088,1,1,1,0,6,3,0,2,14.36,320,100,3021,1620.88,1086,FALSE,0,0,0,0,0
08a9ef1072d29e3562801bff7811bae51e3630fc,1404585847,1,1,1,0,2,3,1,7,0.25,11610,722,3020,1621.94,1085,FALSE,0,0,0,0,0
9c3f297e9776c98bb5b47be5287bf10b2b8f8192,1404579111,1,1,6,0.395658,1691,1209,0,1,6.43,3987.17,128.17,3019,1621.15,457,FALSE,0,0,3,363,665
2554871c643c8dab361abb899271770f38e419fd,1404579048,1,1,1,0,2,2,0,14,0.19,9287,1249,3018,1620.15,1997,FALSE,0,0,0,0,0
404edebdff6c63e45585ea90719ea4e4740f0ed5,1404563971,1,1,1,0,17,13,0,7,0.01,11606,721,3017,1619.62,1084,TRUE,0,0,0,0,2
2f2030babf9b712f2e49f291bb5ebad415992c73,1404563034,2,2,2,0.982065,110,50,0,14,0.5,10416.5,808.5,3016,1618.65,1539.5,TRUE,0,0,1,2,2
b560b35175879ec4f6c782bb54a7b91bf7bc56a4,1404533570,1,1,1,0,0,5,0,7,1.48,11564,719,3015,1618.56,1082,FALSE,0,0,0,0,0
3063b19e1d3c1dd4dfec5916efe126bee7c1c4fc,1404506268,1,1,1,0,3,3,0,14,0,9274,1247,3014,1618.41,1995,FALSE,0,0,0,0,0
a17fb54c377273f8db176afaec1820a689135b01,1404506192,1,1,1,0,21,8,0,14,1.05,9261,1246,3013,1617.41,1994,TRUE,0,0,0,0,2
c1b8a8594d25d83733f08fca7e3788dfebda90b9,1404415982,1,1,1,0,2,2,0,4,10.66,925,130,3012,1619.21,1081,FALSE,0,0,0,0,0
0a7fc6c48ccc5b383fda64e0dd028f8724c3cbb7,1404415607,1,1,1,0,19,16,0,14,0.11,9258,1245,3011,1618.22,1993,FALSE,0,0,0,0,4
79d59ff9ca046a525f93086351901dfbc9ddd5bd,1404406246,1,1,1,0,20,2,0,14,0,9240,1244,3010,1617.51,1992,FALSE,0,0,0,0,0
c7d3c78e72bb2d46ec5f85c2f941f8dbfd44ff20,1404405999,2,2,2,0.814314,49,39,0,14,0.74,10397,805.5,3009,1616.52,1535.5,TRUE,0,0,0,0,0
d56322a03253eb70a078775e1c251d0ed0425547,1404365169,1,1,1,0,2,2,0,14,0.17,9224,1242,3008,1616.78,1990,FALSE,0,0,0,0,0
aac3c4d5c767dfc97bb7c9e5ed3aa712b4f96796,1404350436,1,1,1,0,7,3,0,14,0.36,9220,1241,3007,1616.24,1989,FALSE,0,0,0,0,2
9ba1ddc2ddbf18cbdc0d62b0c7a09a16573429a4,1404319060,2,2,2,0.0151376,78,84,0,14,0.63,10398,804,3006,1616.21,1533.5,FALSE,0,0,0,0,4
61eeaa0496cfe21bfc3357b8294ea1c35839477d,1404287648,1,1,1,0,14,16,0,14,0.15,9228,1239,3005,1616.18,1987,FALSE,0,0,0,0,2
d3b6f9975c75477f0a1ce4e9abaa45ea7db9d3ae,1404274972,1,1,1,0,8,0,0,14,0.38,9220,1238,3004,1615.58,1986,FALSE,0,0,0,0,0
5200c8d659fa273c79e8e15a0d9bebbacde7793f,1404242471,1,1,1,0,0,1,0,14,0.12,9221,1237,3003,1615.59,1985,FALSE,0,0,0,0,0
e2c6f57859d1ec3b0ec78adf8a97efef1ac6f00b,1404241089,1,1,1,0,3,3,0,7,0.1,11570,716,3002,1614.63,1078,FALSE,0,0,0,0,0
b084210705784b3c03c97d3bb05028bb2a4528dc,1404232063,2,2,2,0.870382,103,36,0,14,0.77,10362,801.5,3001,1613.91,1530.5,TRUE,0,0,0,0,0
6622922468e2630f5baff2bc9528bebb08da1719,1404230975,2,2,2,0.115431,72,48,0,14,0.66,5641.5,656,3000,1612.94,1062,TRUE,0,0,0,0,3
caf31eb6d3093a512992ee116c53c21629f20ffb,1404188825,1,1,1,0,16,25,0,14,0,9202,1234,2999,1613.25,1982,FALSE,0,0,0,0,0
464691f12985cc8dabae3391d4c26a6b8c241627,1404188647,1,1,1,0,36,19,0,14,0.32,9185,1233,2998,1612.25,1981,FALSE,0,0,0,0,0
afcf539e6ef2a564370d343a8f2acba624e4a650,1404161026,1,1,1,0,1,1,1,13,0.7,9185,1232,0,0,0,FALSE,0,0,0,0,0
bf2c1a2df253513fb4edf850deb0a76392711f91,1404158358,1,1,1,0,13,12,1,1,0.67,2089,117,2997,1612.19,140,FALSE,0,0,0,0,0
7400064cd505fbb1c5aa95a5d9e620de6c939ad4,1404100648,3,3,3,0.39437,267,98,0,13,2.21,7540.67,556.33,2996,1612.97,1065,TRUE,0,0,0,1,0
7eb375480788e6ce676993f7e95ef82ad270d485,1404077686,1,1,1,0,41,38,0,13,0.03,9127,1230,2995,1612.69,1979,FALSE,0,0,0,3,2
a9cc2fdb546d9f94022a31622ea5ecd4a3b892ae,1404074696,1,1,1,0,79,73,0,13,0.59,9121,1229,2994,1611.78,1978,TRUE,0,0,0,7,12
212282e77c5571b67927149e19aecf1de758c779,1404023683,1,1,6,0.290957,3393,2916,0,1,13.13,3907.67,128,2993,1612.36,456,FALSE,0,0,0,416,768
1e8a820108284c50f2bcc6dbdf5beb9d349fcbad,1404023465,1,1,1,0,287,145,0,13,2.45,8979,1228,2992,1611.36,1977,FALSE,0,0,0,0,9
0117341b7e79a7a5bfa8fcc1867f37e61b5b78d0,1403928761,1,1,1,0,34,24,1,1,105.85,2053,115,2991,1613.3,138,TRUE,0,0,0,2,1
d21eac8b180ee2be209abc973b21edcd85221f58,1403811842,1,1,1,0,2,2,0,13,0.92,8979,1227,2990,1615.94,1976,FALSE,0,0,0,0,0
8a959896bf83b50e7a315b61c2bd31f357e98a93,1403798407,1,1,1,0,35,23,0,12,0.98,8967,1225,2989,1615.35,1975,FALSE,0,0,0,0,5
af4edc3b762a21ac2660b1cf2c0f9e9193a39ca9,1403732352,1,1,1,0,2,2,0,12,-0.76,8979,1226,0,0,0,FALSE,0,0,0,0,0
ba5107e8012d44a1a08e4531e486d95934198f04,1403723277,1,1,1,0,89,0,0,7,1.5,11340,713,2988,1616.7,1075,TRUE,0,0,0,0,1
d7de4a35790fe1cb8e222b5fd95a050c8142a539,1403713877,1,1,1,0,7,6,0,12,0.52,8966,1224,2987,1615.99,1974,FALSE,0,0,0,0,0
175b14860e92b54f5194c852c20fc75cf7fba2f5,1403679817,1,1,1,0,1,1,0,1,30.01,2876,38,2986,1616.05,230,FALSE,0,0,0,0,0
72fcb4ebda0fb4f3b3ef589fa3297b7f52f710fe,1403668610,1,1,1,0,3,1,0,12,0,8964,1223,2985,1615.4,1973,FALSE,0,0,0,0,0
3a221f9b6e42163b9158b780b67ac8ad3bb5bafa,1403668300,1,1,1,0,6,6,0,12,0.23,8964,1222,2984,1614.41,1972,FALSE,0,0,0,0,0
1241fb54f3e06a705ac7a09b97b56e29d2745fad,1403648800,1,1,1,0,6,12,0,11,0.63,8970,1221,0,0,0,FALSE,0,0,0,0,0
b291dcadc6dafa00b99930516e6a70f59d7f7ea0,1403594034,2,2,2,0.025061,102,48,0,11,1.22,10128,793,2983,1615.73,1522.5,TRUE,0,0,0,0,2
4105b19f75ee5ba2bc5ce263308d788ec672ea25,1403509726,2,2,0,0,0,0,0,0,0,0,0,2982,1617.37,1521.5,FALSE,0,0,0,0,0
b7b8ad7760fd1d1551a94d9d30523cfc2e176f5d,1403507789,1,1,0,0,0,0,0,0,0,0,0,2981,1616.43,1969,FALSE,0,0,0,0,0
8465e3061a0c8818f4449099a44efc2561edbe4b,1403495318,1,1,1,0,6,2,1,4,3.42,921,129,2980,1615.82,1072,FALSE,0,0,0,0,0
6b09cd61d202a19c643e212e75c9a1d580940c58,1403488249,2,2,2,0.0258753,50,47,0,11,0.1,10126.5,792.5,2979,1615.04,1519.5,TRUE,0,0,0,0,0
aac609cc385b58123e784d22590a7ce54622777f,1403484518,1,1,1,0,6,6,1,7,0.14,11338,710,2978,1614.16,1070,FALSE,0,0,0,0,0
0b1d16f9db9c8aca1f482a774fb1352081e67480,1403481360,1,1,1,0,5,0,0,2,3.33,289,80,2977,1613.25,1069,FALSE,0,0,0,0,0
7374f6dc4f66d37bd773306820946ba0905ffa96,1403474257,1,1,1,0,2,10,0,11,0.01,8923,1218,2976,1612.48,1967,FALSE,0,0,0,0,0
9577d80fc283cedb98d30bd664d48f6f6bfa44d7,1403473291,1,1,1,0,8,16,0,11,0.01,8931,1217,2975,1611.51,1966,FALSE,0,0,0,0,0
c550e27d21027983c47a9d715ebf7ae1c4eb1c3f,1403472758,2,2,2,0.141182,34,6,0,11,0.26,10120.5,790.5,2974,1610.52,1516.5,TRUE,0,0,0,0,2
423730da769be9a608b5bae4bc804117f90fb265,1403470408,1,1,1,0,11,9,0,11,0.07,8929,1215,2973,1609.6,1964,FALSE,0,0,0,0,0
78a4c6f5254fd4fe1936fa6f8dd273f771d06c73,1403464376,1,1,1,0,4,0,0,11,0.4,8925,1214,2972,1608.78,1963,FALSE,0,0,0,0,0
0d3ac21ae04a4e8b41f4d8a36b366f686f1439f5,1403429824,1,1,1,0,5,5,1,7,0,11310,708,2971,1608.86,1067,FALSE,0,0,0,0,0
2cae3245aadd979b378a98c6c67c9fe434a7b29d,1403429784,1,1,1,0,1,1,0,11,0,8925,1213,2970,1607.86,1962,FALSE,0,0,0,0,0
e143a0ec6b8ef5f0e595e3c11e9a9f0ae34f3792,1403429694,2,2,2,0.0370515,36,33,0,11,0.06,10116,788,2969,1606.86,1513.5,FALSE,0,0,0,0,1
35ce087f3b8c479ef18dda3a074ad7e89a924856,1403429146,1,1,1,0,39,39,0,7,0.03,11307,706,2968,1605.88,1065,FALSE,0,0,0,0,0
e787bc8ae49f1f1f8e4152f8c4ee13a63bc26ba0,1403426399,1,1,1,0,6,6,0,7,0.07,11307,705,2967,1604.96,1064,TRUE,0,0,0,0,0
49370524759d9b2124d0281e6340bbf617532f62,1403420153,1,1,1,0,5,3,0,7,0,11305,704,2966,1604.16,1063,FALSE,0,0,0,0,0
739eb67bec1f8e472a0d9ffbbb0a426b1ee19a60,1403420102,1,1,1,0,3,2,0,7,0,11304,703,2965,1603.16,1062,TRUE,0,0,0,0,0
a3049b6f94e3af48d21d350dd156e36905ee6b87,1403419790,2,2,2,0.337292,14,0,0,11,0.07,10107.5,785.5,2964,1602.17,1510.5,FALSE,0,0,0,0,0
2f1346fefad4d72ba4dc2eb9ff990d344460ca83,1403416934,1,1,1,0,10,10,0,7,0.07,11293,701,2963,1601.26,1060,FALSE,0,0,0,0,0
f116db31082b9ff4feecb43f455198b18c3fbfc9,1403411117,2,2,3,0.0149475,160,160,0,12,2.24,6845,539.33,2962,1600.44,1509,FALSE,0,0,0,0,0
87a8780cca1952e529553bc37e609fc0be6209e2,1403387835,1,1,1,0,5,5,1,7,2.08,11293,699,2961,1600.15,1058,FALSE,0,0,0,0,0
d2de62283b1dad3b11357c9f9589a9b7ecf9f3e6,1403381663,1,1,1,0,373,384,0,11,1.05,8933,1209,2960,1599.34,1958,TRUE,0,0,0,24,34
11c16139c2fc06cf52a73b4308755c787dbf147a,1403291070,1,1,1,0,3,2,0,11,0,8932,1208,2959,1601.14,1957,FALSE,0,0,0,0,0
1c91ec69ba6a7bc9b0c1e6c51c2f331fb5ccd4ad,1403290814,1,1,1,0,1,1,0,11,0,8932,1207,2958,1600.14,1956,FALSE,0,0,0,0,0
73429e7779a47aa1367b9a28d322b4770ed0d895,1403290780,1,1,1,0,2,2,0,11,0.16,8932,1206,2957,1599.15,1955,FALSE,0,0,0,0,0
fe5aff0c72f4cf4f66c709a3b277d151b4b76d79,1403276696,1,1,1,0,7,5,0,11,0.33,8930,1205,2956,1598.58,1954,FALSE,0,0,0,0,4
c36d29a896ad7f6ecca83503e1c2da556d4dc0e4,1403248494,1,1,0,0,0,0,0,0,0,0,0,2955,1598.45,1953,FALSE,0,0,0,0,0
e3b5395905efe20d0f8d420b072460741e1b0645,1403248479,1,1,1,0,1,1,0,11,0,8930,1204,2954,1597.45,1952,FALSE,0,0,0,0,0
3a25ecbbc9a6a0241bd693d21e447dc2c83e54ae,1403248445,1,1,1,0,10,6,0,11,0.47,8926,1203,2953,1596.45,1951,FALSE,0,0,0,0,3
7d639702930efdb5a471efa1b9dd7d2468ee4b85,1403207750,2,2,2,0.57938,6,6,0,11,0.35,10109.5,780,2952,1596.7,1503.5,FALSE,0,0,0,0,0
ee267d23badb94799cd9d7f9ec5040e98756a142,1403199908,1,1,1,0,4,4,0,4,14.52,921,128,2951,1595.94,1056,FALSE,0,0,0,0,0
e0e4eed26b7cd18e60c1880e9408bd14924ac4fb,1403195491,1,1,1,0,492,329,0,7,2.35,11130,697,2950,1595.08,1055,TRUE,0,0,0,0,18
5b280bd60d0f94d9457378f8b02deb9201b543a5,1403193357,1,1,1,0,18,0,0,2,2.37,271,79,2949,1594.14,1054,FALSE,0,0,0,0,0
2f9cc91b6420a3d5dfc7c7b7131b2fb6e9449978,1403158666,1,1,1,0,2,15,0,11,0.06,8939,1201,2948,1594.21,1949,FALSE,0,0,0,0,2
36bcced3557293c5a069cf225e79a8d6cf460072,1403153632,1,1,1,0,5,5,0,11,0.01,8939,1200,2947,1593.36,1948,FALSE,0,0,0,0,0
9a9b17d38dadc231a3a5a52d1a18c28882b6b8d8,1403152735,1,1,1,0,3,1,0,11,0.54,8937,1199,2946,1592.39,1947,FALSE,0,0,0,0,0
e2cd275ac563650e997097b970abf669e1f07dd5,1403105847,1,1,1,0,26,26,0,11,0.02,8937,1198,2945,1592.83,1946,TRUE,0,0,0,0,0
61eb5d906c98e579434df8e6d26cb3f7ef3c605e,1403104087,1,1,1,0,17,22,0,11,0.3,8942,1197,2944,1591.88,1945,FALSE,0,0,0,0,0
a113dc086106a8574100966da9b7e7a870c95c0b,1403077775,1,1,1,0,84,80,0,11,0.18,8938,1196,2943,1591.69,1944,FALSE,0,0,0,0,6
6a164a235dc4e45b2fbcd46a8661909f9ac74199,1403061993,1,1,1,0,26,22,0,11,0.41,8934,1195,2942,1591.17,1943,FALSE,0,0,0,0,0
c1eaa90c2bc6d744f79cd8911938f20ac7b519d8,1403026251,1,1,1,0,21,21,0,11,0.05,8934,1194,2941,1591.27,1942,FALSE,0,0,0,2,0
00e00eb7b5e4830046f2a078138c093eeb2f5ad3,1403021769,1,1,1,0,8,8,0,11,0.34,8934,1193,2940,1590.41,1941,FALSE,0,0,0,0,0
0d2db28908e8b0f2a1a9ae2e693ffe2e07bb05da,1402992424,2,2,2,0.0720699,55,56,0,11,0.04,10032.5,774.5,2939,1590.3,1496.5,FALSE,0,0,0,0,6
20202b793b5ce1422efce23645658ef17410a585,1402988944,2,2,2,0.130792,30,45,0,12,0.49,4610.5,630,2938,1589.41,1495.5,FALSE,0,0,0,2,4
62e84e73ae76d575adc73f1a2e656300aeeabba0,1402988913,1,1,1,0,36,77,0,7,0.49,11171,695,2937,1588.41,1051,FALSE,0,0,0,2,0
73f6fd49d015d92b6d0172f6e3173d37c6ba6e7e,1402946841,3,3,4,0.46818,26,18,0,12,0.48,7276,427.5,2936,1588.7,1147.67,FALSE,0,0,0,0,0
4f9da35b7691aad9d540e436161b34058a098f2e,1402934867,2,2,2,0.163842,26,9,0,11,0.68,10052.5,772.5,2935,1588.06,1493,FALSE,0,0,0,0,1
cc7b413a2a68173f1b549bb4fc3ce6573f8bdf4d,1402899508,1,1,0,0,0,0,0,0,0,0,0,2934,1588.15,1936,FALSE,0,0,0,0,0
fcf29f357db651b7fb3f5d07a69a082e959742f8,1402899493,1,1,0,0,0,0,0,0,0,0,0,2933,1587.15,1935,FALSE,0,0,0,0,0
4fd1eae84fec005c2cc1f5c9c595a7112004657c,1402882336,1,1,1,0,1,1,1,2,0.09,320,98,2932,1586.67,1048,FALSE,0,0,0,0,0
1c770a3c66ef317eb6162fa121f6a46c3226d67f,1402877271,3,3,7,0.959753,15,15,0,11,0.14,4628.71,208,2931,1585.83,947.333,FALSE,0,0,0,4,3
e152f549039ebdfd66b319d14c71df46c5e2cd6e,1402874287,1,2,5,0.434976,36,18,0,8,10.99,2411,162,2930,1584.92,1047,TRUE,0,0,6,0,0
5d3a9d817abec2f7fe21f0c2ddcb14632993266d,1402867477,1,2,2,1,2,2,0,8,17.56,5665,359,2929,1584.12,1046,FALSE,0,0,4,0,0
e884916275ac167f1190488127e68ba29369f9b7,1402865211,1,1,6,0.480438,294,234,0,1,3.38,3897.5,127.5,2928,1583.19,453,FALSE,0,0,0,251,415
5b7b16416bbddbe0dab51aeb948d2318d47fb22a,1402865146,2,2,2,1,2,2,1,11,0.14,7273.5,664.5,2927,1582.2,1192.5,FALSE,0,0,0,0,0
04b93aeaf25ec3e791c2b423f561996d69bad448,1402852904,2,2,2,1,4,4,0,11,0.03,7273.5,664,2926,1581.57,1191.5,FALSE,0,0,0,0,0
39bdd37615a69e2e1af32f1f9f1a41d0c410080b,1402850487,3,3,3,0.331776,18,3,0,11,1.29,8559,559.33,2925,1580.64,1142,TRUE,0,0,0,0,0
4ccb3810c2fcaf7dadbecef67dc48ffbb893dd70,1402813296,2,2,2,1,2,2,0,11,2,7273.5,663,2924,1580.77,1189.5,FALSE,0,0,0,0,0
1065ebb0aad5d108b49d252f76c5bd2a42de84ac,1402766606,1,1,1,0,3,3,0,11,0,8956,1183,2923,1581.19,1929,TRUE,0,0,0,0,0
74c08de53000faef971a833ab4b5428829c5dc83,1402766356,1,1,1,0,6,9,0,11,0.43,8959,1182,2922,1580.2,1928,FALSE,0,0,0,0,0
b195fdbf60a6b549515b3e8ca6be05b65bde9cb5,1402728777,1,1,1,0,2,2,0,11,0.6,8959,1181,2921,1580.34,1927,FALSE,0,0,0,4,0
f68efe6674ea92dbfe368aa8b04d9e101671192b,1402677213,1,1,1,0,9,3,0,11,0.58,8953,1180,2920,1580.91,1926,FALSE,0,0,0,0,0
ed309182bfbaa81058c4b9faa8a5075c2430214b,1402641570,1,1,0,0,0,0,0,0,0,0,0,2919,1581,1925,FALSE,0,0,0,0,0
50c6b276f9de4193d2b08012221aa42e47431603,1402627217,1,1,1,0,2,2,0,11,0.44,8953,1179,2918,1580.43,1924,FALSE,0,0,0,0,0
4c1a8f358af5f1ecd34625fe9684281f8756b48a,1402590545,1,1,1,0,12,5,0,7,0.01,11123,689,2917,1580.55,1044,FALSE,0,0,0,0,0
05ff79f3476f1b9f44f90085c4d5171f07d6fdd6,1402589879,1,1,1,0,11,11,0,7,0.03,11123,688,2916,1579.57,1043,FALSE,0,0,0,0,0
3ae328898d12639d338649bc38f60a8ac57c461d,1402589507,1,1,1,0,2,7,0,11,0.02,8958,1178,2915,1578.58,1923,FALSE,0,0,0,0,0
7d35c43defae30362d0f9ab14c057f786793d647,1402587597,1,1,1,0,7,7,0,11,0,8958,1177,2914,1577.64,1922,FALSE,0,0,0,0,0
d4f857b739c13edea42f6a1391cf5be6cfe17336,1402587570,1,1,1,0,31,29,0,11,0,8956,1176,2913,1576.64,1921,FALSE,0,0,0,0,0
b6bc844b4dd6c2c801eba4800ded93c5f122cb1e,1402587515,2,2,2,0.814314,42,46,0,11,0.53,10041.5,763.5,2912,1575.64,1481,TRUE,0,0,0,2,0
d06a477371aea6482f53e145a7db2e380c2adc66,1402552770,1,1,1,0,1,1,0,11,0.25,8956,1174,2911,1575.7,1919,FALSE,0,0,0,0,0
c128c029f3c398d933213c506913b7225706ccbf,1402538445,0,0,0,0,0,0,0,0,0,0,0,2910,1575.13,0,FALSE,0,0,0,0,0
a58ad5006fea418a0ae25ec35f89071b78c2aab0,1402531106,2,2,2,0.87387,54,1,0,11,0.19,10015,762.5,8,4.27,4.5,FALSE,0,0,0,0,0
3c5655fc3d7a97879f63dc6baf5e774c150f9aab,1402514946,1,1,6,0.581448,311,313,0,1,7.15,3897.83,126.67,2909,1574.84,448,FALSE,0,0,0,285,555
6ab04866ecc7891464e30ad1337ebb7184b3cbd4,1402514622,2,2,2,0.368404,8,5,1,11,0.11,10013.5,762,2908,1573.85,1479.5,FALSE,0,0,0,2,0
1f07f9d1275951b827f097860710781404f8c0c5,1402505419,1,1,1,0,5,5,1,7,0.02,11103,684,2907,1573.13,1040,FALSE,0,0,0,0,0
e5ccfc44461913d91dac3f3a4f12c542ad1c5403,1402503981,2,2,2,0.399281,44,33,0,11,0.51,10008,761,2906,1572.17,1478,FALSE,0,0,0,0,0
ec89382e358c1847413118bb8882c1a1ce4627f4,1402473336,1,1,1,0,184,144,0,7,0.31,11051,682,2905,1572.1,1038,TRUE,0,0,2,1,0
4a7873ef77b5dbf8e3ff1ed0e0ee28c8001f48ef,1402460129,1,1,0,0,0,0,0,0,0,0,0,2904,1571.5,1916,FALSE,0,0,0,0,0
ff2fd45ff0996ca010c3dbb435778f70a4d52ceb,1402447090,1,1,1,0,5,1,0,11,0.78,8921,1170,2903,1570.89,1915,FALSE,0,0,0,0,1
e8cfeec0cf8aa336c4ee66fbc4e0ebdbf1d72304,1402446830,1,1,1,0,7,6,0,7,0.32,11050,681,2902,1569.9,1037,FALSE,0,0,0,0,0
c72171d1dada92c0f8843872d42b5a3c0456e350,1402419010,1,1,1,0,9,9,0,7,0.01,11050,680,2901,1569.74,1036,FALSE,0,0,0,0,0
885b56000bb0775c86447793f85750170ab828f5,1402418453,1,1,1,0,19,8,0,7,1.05,11039,679,2900,1568.76,1035,TRUE,0,0,0,0,0
3d1ee9dcf07289b5848e112071512a6942eb81e9,1402379692,1,1,1,0,3,3,0,11,0.87,8921,1169,2899,1568.93,1914,FALSE,0,0,0,0,0
5d2133a483a3d4b18222e9f67c273174822e32a9,1402328125,1,1,1,0,8,3,1,7,0.29,11034,678,2898,1569.48,1034,FALSE,0,0,0,0,0
52bb56ba43b3b727554d16aa568dcfe4366d272e,1402304284,1,1,1,0,1,10,0,11,0.01,8930,1168,2897,1569.2,1913,FALSE,0,0,0,0,1
d2edf11726556803e38abec3b916292787f0f48d,1402303202,2,2,2,0.37331,16,14,0,11,0.29,9981,756.5,2896,1568.23,1472.5,TRUE,0,0,0,0,4
9a152c23bb285c6596aa346adef6ae95abad4875,1402298245,1,1,1,0,2,2,0,11,0.46,8931,1166,2895,1567.38,1911,FALSE,0,0,0,0,0
8572445f5723c803bb96ceba473968c8fb28159c,1402258463,2,2,2,0.0700276,57,57,0,11,3.18,9981,755.5,2894,1567.58,1471,FALSE,0,0,0,0,4
9940d73167670c0f8bce4acc0916e3efb6cdc77b,1402149182,1,1,1,0,48,40,0,1,82.26,2068,16,2893,1569.89,229,FALSE,0,0,0,10,0
8b8a9ae854a6977609c57c4889e1a1ec9adb7299,1401983481,2,2,2,0.43481,24,10,1,11,1.02,9974,755,2892,1573.92,1470,FALSE,0,0,0,1,0
036bf92223cba446e19e05a9719ea93ff171f3d2,1401977587,1,1,1,0,1,1,0,11,0.27,8920,1163,2891,1573.1,1908,FALSE,0,0,0,0,0
410969743f779c07a5b1992610526d0afe877fae,1401954129,1,1,1,0,1,1,0,11,1.64,8920,1162,2890,1572.81,1907,TRUE,0,0,0,0,0
14da67121ceb87f4c29d6c3cb2381534404ba41b,1401945649,1,1,1,0,3,0,0,4,5.43,918,127,2889,1572.07,1030,FALSE,0,0,0,0,0
681d3e09ba34d1ff78fb48b4bf53b3fe1542a1a1,1401897421,1,1,6,0.414507,1439,1146,0,1,13.7,3849,126.5,2888,1572.53,447,FALSE,0,0,0,354,644
0ce130efa7cd59f2b22962f20e8a73a234bfbc07,1401889649,1,1,0,0,0,0,0,0,0,0,0,2887,1571.77,1906,FALSE,0,0,0,0,0
d14d7ade85bb55e218c27fd47f55e06e4fb11e7b,1401812842,1,1,1,0,1,1,1,11,0,8920,1161,2886,1573.11,1905,FALSE,0,0,0,0,0
7b4fd28ef1fee91e9bf960db2b2a0f7bfd03aa51,1401812807,2,2,2,0.743103,27,30,0,11,1.22,9975.5,753,2885,1572.11,1466.5,FALSE,0,0,0,0,2
b2280b2d728ba587387b64affda1cc66e446c48d,1401726556,1,1,1,0,3,2,1,11,0,8920,1159,2884,1573.74,1903,FALSE,0,0,0,2,3
b41826c332f96939894621f2baeb782b677a1d34,1401726525,1,1,1,0,12,7,1,11,0.06,8915,1158,2883,1572.74,1902,TRUE,0,0,0,0,0
3d93ed9059ef5b3be16e2407ffdab82a6d80863d,1401721715,1,1,1,0,7,1,1,11,0.38,8909,1157,2882,1571.89,1901,FALSE,0,0,0,0,2
35a0756e5adf1c07407bb4e98f93bbb3075b685c,1401688943,2,2,2,0.0521748,41,9,0,11,1.28,9953.5,751,2881,1571.89,1464,TRUE,0,0,0,0,0
10419366f959804020a0b80b86f6a9505657160c,1401678031,1,1,1,0,45,61,0,11,1.1,8893,1155,2880,1571.22,1899,FALSE,0,0,0,0,0
8373d31013c92427b2402a1d87264791612aeb50,1401657976,1,1,0,0,0,0,0,0,0,0,0,2879,1570.83,1898,FALSE,0,0,0,0,0
0c89a8f145421ee529472aca604cd1b6215b85a2,1401584257,1,1,0,0,0,0,0,0,0,0,0,2878,1572.08,1897,FALSE,0,0,0,0,0
257ac4d37e9db6a91736a4f41e704ab9235d7138,1401582627,2,3,0,0,0,0,0,0,0,0,0,2877,1571.13,340.5,FALSE,0,0,0,0,0
653aee8b073755682ed7fcefc804c9192e7ed8ea,1401582613,2,2,1,0,2,2,0,11,0.99,8893,1154,2876,1570.13,1174,FALSE,0,0,0,0,0
88726aff8c2b154383b286888b43b985a091032c,1401582333,1,1,0,0,0,0,0,0,0,0,0,2875,1569.14,1895,FALSE,0,0,0,0,0
62775105572ed3c23f14c0699a0271144736b515,1401497224,1,1,1,0,4,4,0,11,0.22,8893,1153,24,16.64,12,FALSE,0,0,0,0,0
e9ab17fcb19a08780e808024093789f7303642a4,1401479051,1,1,1,0,3,4,1,7,0.01,11031,672,2874,1571.29,1027,TRUE,0,0,0,0,0
2f9ba719d4dc0c1ac7b4fee35af7aa2afb29eaa8,1401477876,2,2,2,0.0843225,25,7,0,11,0.05,9953,748.5,2873,1570.32,1460,TRUE,0,0,0,0,0
e259f300b18b73a4c1a98fe1ab86d1f00eb05633,1401476327,1,1,1,0,0,6,0,11,0.11,8899,1151,2872,1569.37,1893,FALSE,0,0,0,0,0
fcc357ddd157c70a82313021483ae107631d9249,1401476316,1,1,1,0,4,4,0,4,0,918,126,2871,1568.37,1025,FALSE,0,0,0,0,0
e613198af7d8fb74b47ebc2add43c4d0420d42ea,1401476288,1,1,1,0,21,12,0,4,0.08,909,125,2870,1567.37,1024,FALSE,0,0,0,0,1
e3c121497143b9408a4e1e356fb783169b89bc81,1401470132,1,1,1,0,1,1,1,7,0.03,11013,670,2869,1566.56,1023,FALSE,0,0,0,0,0
1c3f9f7fbfac4509c1bafab950043f882607f5a2,1401469566,1,1,1,0,1,1,0,4,0.03,909,124,2868,1565.58,1022,FALSE,0,0,0,0,0
f4a1573586998b5f432fd86e1aa0dcb9d75e428d,1401467212,2,2,3,0.239802,24,24,0,14,1.28,6940.33,537.67,2867,1564.65,1456.5,FALSE,0,0,0,0,0
95db668c3c2b313ba01fed1c91b632996dbe757a,1401458586,1,1,1,0,3,3,0,4,1.73,909,122,2866,1563.91,1020,FALSE,0,0,0,0,0
691e21fa78c0b78587e26112c89a0799a2429c4d,1401308948,1,1,1,0,17,4,0,4,7.65,896,121,2865,1567.46,1019,FALSE,0,0,0,0,0
baabdb4ac2b0da3c0ca6e79851925717db71d3c3,1401305916,1,1,0,0,0,0,0,0,0,0,0,0,0,0,FALSE,0,0,0,0,0
c555681c8bb3aa871fe4261a252d5f19dbc668fd,1401305700,1,1,1,0,6,6,0,11,2.22,8899,1149,2864,1566.56,1891,FALSE,0,0,0,0,0
ae7ef24196cf16abb0e14cd2207572c01835f752,1401304796,1,1,1,0,3,3,0,7,0.04,11013,668,2863,1565.58,1018,TRUE,0,0,0,0,0
f935b141f15be6c86e38501eb4f5f0783dca5d17,1401301496,1,1,2,1,2,2,1,8,0.36,5636.5,367.5,2862,1564.68,1017,FALSE,0,0,0,0,0
a893d43d16634158cd06d80471d6b01fc7997503,1401292698,1,1,3,1,33,21,0,2,8.99,237.67,48.67,2861,1563.95,1016,FALSE,0,0,0,0,0
7cb47c849487c72bd84170ac25a2478fa2f32087,1401247263,1,1,1,0,41,8,0,7,1.18,10980,666,2860,1564.33,1015,FALSE,0,0,0,0,1
5ef4c763b6d67065e62794ca06a9bc67b85a08f5,1401144975,1,1,1,0,64,1,0,7,0.7,10917,665,2859,1566.45,1014,TRUE,0,0,0,0,3
459b5bd89cce2bb558278d5ef387c6b40a42b210,1401113855,1,1,1,0,5,5,0,11,0.34,8899,1148,2858,1566.4,1890,FALSE,0,0,0,0,2
c5237a926d4f5f9a31cf5a4750b8199cacd28ba1,1401087359,1,3,3,0.00889466,299,231,0,1,65.14,1536,20.67,2857,1566.21,227,FALSE,0,0,2,7,17
2e5052a7fa8e6ac5c80cbcdb783092ad563a49af,1401084639,1,1,0,0,0,0,0,0,0,0,0,2856,1565.29,1889,FALSE,0,0,0,0,0
cd8d9bf07c0eaf438ea1bc152b7b48072127c4a3,1401084608,2,2,2,0.285082,60,10,0,11,0.36,9883,743.5,2855,1564.29,1450.5,TRUE,0,0,0,0,0
7da022ebb4f6196f4ac07f7feffbfe9a430cd17b,1401057594,1,1,1,0,98,98,0,7,1.04,10868,663,2854,1564.11,1012,FALSE,0,0,0,0,8
67f9c7e0f0a3cdc785b5ae6c0272e3639f550481,1401049093,1,1,1,0,56,64,0,11,0.03,8906,1146,2853,1563.37,1887,TRUE,0,0,0,4,3
1812d557b6491e65f873a7ede4ec568e1d719530,1401046335,1,1,1,0,2,2,0,11,0.01,8906,1145,2852,1562.45,1886,FALSE,0,0,0,0,0
34cde430a580672acf3b298eded923e9e8933de2,1401045872,1,1,1,0,66,8,0,11,0.13,8848,1144,2851,1561.47,1885,TRUE,0,0,0,0,2
12a6b58614b1d720df3beb88cfff5a1f5eda463d,1401034442,1,1,1,0,1,1,1,11,0.61,8848,1143,2850,1560.82,1884,FALSE,0,0,0,0,0
cb81fccfaf3613cd062ac2441e68d9717e5b3e05,1400981585,1,1,1,0,210,210,0,11,0.16,8848,1142,2849,1561.42,1883,FALSE,0,0,0,2,0
1ce0fffd25cfdf877dea80848202a98102bc0492,1400967593,2,2,2,0.384468,73,19,0,11,1.21,9831,740,2848,1560.85,1446.5,TRUE,0,0,0,0,0
0c1c4b08c717decbdf992733b38115d9cfb73e27,1400891180,1,1,1,0,3,3,1,11,0.66,8816,1140,2847,1562.17,1881,FALSE,0,0,0,0,0
c875b61003bba6dee197511fab685aa9e8f094a3,1400834285,2,2,2,0.330299,13,6,0,11,0.75,9827.5,739,7,3.11,3.5,FALSE,0,0,0,0,0
f4b34c8ca5338ad7cb8bfba9134a5d430e2b9e0b,1400826485,1,1,1,0,11,6,0,6,1.28,10841,660,2846,1563.14,1010,FALSE,0,0,0,0,0
a6b4b5e30c6d87070831eacfc3252bb3281da8fc,1400825312,1,1,0,0,0,0,0,0,0,0,0,2845,1562.18,1880,FALSE,0,0,0,0,0
64fb8f0c539ba5159ce298d1e769721ba6630e7a,1400715793,1,1,1,0,1,1,1,6,0.03,10841,659,2844,1564.52,1009,FALSE,0,0,0,0,0
78a312f61c27b1819c7c551c55eecaaad0ee7f8d,1400713639,1,1,6,0.432673,1257,864,0,1,10.6,3783.5,126.33,2843,1563.59,446,FALSE,0,0,0,360,705
2c6c4426e8914b0f91dbcf6c9943550b25f09f3d,1400713155,2,2,2,0.326237,32,16,1,11,0.65,9817,737.5,2842,1562.6,1443.5,TRUE,0,0,0,0,2
a9df0601a6e3395753bf43fe056d371118e82ce1,1400656761,1,1,1,0,47,24,0,6,4.98,10804,657,2841,1563.33,1007,TRUE,0,0,0,9,0
4345f353a09f2a7740ad006faf733863541dc33b,1400656713,1,1,1,0,17,12,1,11,0.11,8802,1137,2840,1562.33,1878,FALSE,0,0,0,0,0
96b525658e662868ad5388aa00536c8edcd62688,1400647664,1,1,1,0,5,1,0,4,1.53,892,120,2839,1561.61,1006,FALSE,0,0,0,0,0
9525952573a3942596a72f2e5e605bb306328f97,1400647545,2,2,2,0.589806,44,27,0,11,6,7107,637.5,2838,1560.61,1161,FALSE,0,0,0,2,11
76828a87ee72b5d302608ff4659200da200e6b35,1400630807,1,1,1,0,22,10,0,11,0.68,8786,1135,2837,1560.12,1876,FALSE,0,0,0,0,20
789eb59904ec4cbf687c7c5a8957f1a81a765c19,1400601152,1,1,0,0,0,0,0,0,0,0,0,2836,1560.02,1875,FALSE,0,0,0,0,0
c0265f8fd9eb5e997bca3ef1c470601ef60e2768,1400572412,1,1,1,0,15,0,0,11,0.68,8771,1134,2835,1559.9,1874,FALSE,0,0,0,0,1
891ebb8ff6dce40a9f38f42865b3c55000fbf1fc,1400515695,1,1,4,0.648097,38,12,0,4,1.45,394.75,64.5,2834,1560.63,1005,TRUE,0,0,0,0,0
1111c20d54b180439575e6ecb3c1cb0dc7f433a9,1400513881,1,1,1,0,1,1,0,11,0.34,8771,1133,2833,1559.69,1873,FALSE,0,0,0,0,0
387176e83d3600a5d058ef5e0b2ffdb3deaca622,1400484113,1,1,1,0,219,148,0,11,2.92,8700,1132,2832,1559.59,1872,FALSE,0,0,0,3,17
80a38b285d9a7fcc9ce11eea68237834f762aa4c,1400390268,1,1,4,0.732831,3,29,0,4,2.66,401.25,64.25,2831,1561.46,1004,FALSE,0,0,0,0,0
aa0c02a24326361864c845bd5d364b350b5a898b,1400307164,1,1,1,0,3,2,0,4,0.8,885,117,2830,1563.01,1003,FALSE,0,0,0,0,0
3c5932af75433122fa89af45864331b4581644ef,1400252507,2,2,4,0.837905,19,12,0,2,3.35,359.25,25.75,2829,1563.69,614,FALSE,0,0,0,0,0
f40a7d47f53b7e6a414caad7247399640308115c,1400238934,1,1,0,0,0,0,0,0,0,0,0,2828,1563.11,1871,FALSE,0,0,0,0,0
f85543c7ff45a9e206ec0648a13d38e9e27ab1bb,1400238160,1,1,1,0,7,3,1,4,1.21,881,116,2827,1562.13,1001,TRUE,0,0,0,0,1
36d2ff7c3ba3e1c9ff92214a85fa1da9fbe912e0,1400233347,1,1,1,0,3,2,1,1,0.02,724,23,2826,1561.28,225,FALSE,0,0,0,0,0
7ba673ed89a8917a5bec4a471cd8fd35498ae9f0,1400231846,1,1,1,0,9,9,0,11,0.55,8700,1131,2825,1560.32,1870,TRUE,0,0,0,0,0
a0cba79df269adc204b0c617b9874f4f4546df90,1400231822,2,2,2,0.122927,80,22,0,1,6.14,407,32,2824,1559.32,612,TRUE,0,0,0,0,1
c91e8d7aa7faa8b4766aae34e71d75ee34c6855e,1400226218,1,1,1,0,1,1,1,6,0.02,10804,656,2823,1558.5,999,FALSE,0,0,0,0,0
e85b0a81baa235be34e437dfc3028a69f2a7c82f,1400224279,1,1,1,0,1,1,0,6,4.12,10804,655,2822,1557.55,998,FALSE,0,0,0,0,2
bfc40498bd9367d499510632dd69bf0b8c115444,1400224175,1,5,13,0.386832,649,243,0,1,57.42,652.77,7.46,2821,1556.56,223,FALSE,1,0,39,23,14
41ac7062f84bf00909d8cb95bd64152640171efc,1400184212,1,1,1,0,4,4,1,11,0.51,8700,1130,23,16.16,11,FALSE,0,0,0,1,0
71c19b566b169edd9594efee0ce2f880a1a1fcc1,1400139918,1,1,1,0,9,9,0,11,0,8700,1129,2820,1558.13,1869,FALSE,0,0,0,2,0
0de72f3abbccb15ef36a602304de75841d57f2a6,1400139785,1,1,1,0,30,16,0,11,1.05,8686,1128,2819,1557.14,1868,FALSE,0,0,0,0,0
ce3c78d30bde070e9fb0296a6dbcdfa761ec6c63,1400133526,1,1,1,0,2,3,0,4,0.02,882,115,2818,1556.33,997,FALSE,0,0,0,0,0
7152308c252dd0045cf20501221866edbaf215af,1400131757,1,1,1,0,18,13,1,4,0.59,877,114,2817,1555.38,996,FALSE,0,0,0,0,0
cd838d490229c67f789196b19a0111a6aa69f609,1400081078,1,1,1,0,28,10,0,4,0.41,859,113,2816,1555.93,995,FALSE,0,0,0,0,0
f7799eee59c13d75a156e7100c8b211091bcfbe4,1400049326,1,1,1,0,3,4,0,11,0.62,8687,1127,2815,1555.9,1867,FALSE,0,0,0,0,0
247718bc6c872a580d673e4fd20427317e81d9bd,1400045607,2,2,1,0,2,2,0,4,0.02,859,112,2814,1555.01,1430,FALSE,0,0,0,0,0
6b5521fbf7f3d8621005bd26b75fe35fda633d23,1400044285,1,1,1,0,7,7,0,4,0.87,859,111,2813,1554.05,993,FALSE,0,0,0,0,0
13e00379aeb76eead681a89e1c83b796e2fd8eb8,1399995523,1,1,1,0,47,56,0,11,0.33,8696,1126,2812,1554.54,1865,TRUE,0,0,0,0,8
347663716c02d5447cb53fe5882471d88054a5cc,1399969228,1,1,1,0,1,0,0,4,0.02,858,110,2811,1554.34,992,FALSE,0,0,0,0,0
69415ea966f1faba67bb34ea1c0f8851af69bdd9,1399967877,1,1,1,0,1,1,0,4,0.13,858,109,2810,1553.39,991,FALSE,0,0,0,0,0
6c71e3c583f46e00451f6d7a1fc063753b53ed97,1399967047,1,1,1,0,30,19,0,11,0.71,8685,1125,2809,1552.41,1864,TRUE,0,0,0,0,7
06861ceb55c8e7e27805717722529c6f1bc52f75,1399956349,1,1,1,0,29,25,0,4,0.02,854,108,2808,1551.74,990,TRUE,0,0,0,0,1
6e286473ab92f26aa24cf2fa357b435b75540f49,1399954513,1,1,1,0,20,10,0,4,0.01,844,107,2807,1550.79,989,FALSE,0,0,0,0,0
6091219aafa8ea9456fbc060a336efba57a1f903,1399953849,1,1,1,0,58,53,0,4,0.47,839,106,2806,1549.81,988,TRUE,0,0,0,0,0
76cee1287a0ba09e55bf66a13ed3bc2a36c4abaa,1399913585,1,1,1,0,21,5,0,4,0.74,823,105,2805,1550.04,987,FALSE,0,0,0,0,0
ff138c6d474874c0b62cf5b78000fa9cadd1cf8a,1399905962,1,1,1,0,1,0,0,11,1.16,8684,1124,2804,1549.27,1863,FALSE,0,0,0,0,0
f4009a9944c5df9107a25d72d70784d753b63316,1399868142,1,1,1,0,38,33,0,6,0.22,10799,654,2803,1549.42,986,TRUE,0,0,0,0,0
a89f8b8098e8004becbed8af0485d2c36ba4f514,1399863938,1,1,0,0,0,0,0,0,0,0,0,22,15.28,10,FALSE,0,0,0,0,0
16b479d21e6d4880a0120b144f3ba3690917b7d8,1399849983,1,1,1,0,1,1,1,4,4.75,823,104,2802,1548.97,985,FALSE,0,0,0,0,0
0f8c20c3ab0debccd24d4c9574a2b0b523578dfc,1399849368,1,2,4,0.649952,26,19,0,7,60.15,2825,180.75,2801,1547.99,984,TRUE,0,0,6,0,0
d5c3b258f33ade2617054f3e6d87a01b7c8e3cba,1399805381,1,1,1,0,41,63,0,11,1.11,8706,1123,2800,1548.33,1862,FALSE,0,0,0,0,4
ee4a7034072ff6356b18a20cfc8353f47ca48a71,1399709692,2,2,2,0.914327,99,65,0,11,0.88,9734.5,727,2799,1550.24,1422,FALSE,0,0,0,0,2
e901208721f1748be4a553083338e1df21d00c0c,1399650416,1,1,1,0,1,1,1,11,0.27,8665,1121,2798,1551.05,1860,FALSE,0,0,0,0,0
5deb7371abc701e79a36c5c7119e7e3a7192adbf,1399627934,1,1,6,0.422318,311,254,0,1,4.9,3771.83,126,2797,1550.74,444,FALSE,0,0,0,258,443
f999195f4707862dec527ee3905928c36ade9604,1399626736,1,1,1,0,2,2,0,11,0.1,8665,1120,2796,1549.77,1859,FALSE,0,0,0,0,0
9b920cf813365d0bbc37ffd757ec93832898d3ae,1399617760,2,2,2,0.805983,51,26,0,11,1.55,9722,725.5,2795,1549.05,1420,FALSE,0,0,0,0,0
4155e8e0ceffdcb024ae2d2ce258201e0a4c3042,1399519182,1,1,1,0,4,4,0,11,0.78,8647,1118,2794,1551.06,1857,FALSE,0,0,0,0,0
b583530c66673d9ec49462306e9dc0ca0e0016ea,1399451541,1,1,1,0,9,11,0,11,0.04,8649,1117,2793,1552.13,1856,FALSE,0,0,0,0,0
43c13c22a8d9faff4284b74a8ba1fdacb4aeee05,1399448427,2,2,2,0.278129,28,16,0,11,0.02,9717,724,2792,1551.23,1418,FALSE,0,0,0,0,1
32167b45cef7e9b73c9ecd310de0980a0ae962c6,1399446732,2,2,2,0.239918,20,5,0,11,1.75,9709.5,723.5,2791,1550.28,1417,FALSE,0,0,0,1,0
f09ae1e2e3149d452e7ea2d84f61cb5ca1bd5cca,1399439365,1,1,1,0,10,10,1,4,0.01,823,103,2790,1549.5,979,TRUE,0,0,0,0,0
086e1e1a749c6d7da4a34a33e1c785950f564d5d,1399438173,1,1,1,0,23,22,1,4,0.59,822,102,2789,1548.54,978,TRUE,0,0,0,0,0
1020637d79ccaa52f5a8adac60534d0dde15d7da,1399399003,0,0,0,0,0,0,0,0,0,0,0,2788,1548.74,0,FALSE,0,0,0,0,0
9c30d69d55d1bc8ffa3dc8cb895a2acfb6b79653,1399396611,1,1,1,0,1,1,1,11,0.04,8647,1114,4,3.39,4,FALSE,0,0,0,0,0
ff673f053bad196ddc6f87bf53f760f0bbbe032c,1399393244,1,1,1,0,1,1,0,11,0.03,8647,1113,2787,1547.91,1853,FALSE,0,0,0,0,0
2514987d3e65637ebab824eaf43fde5bc474d898,1399391075,1,1,1,0,1,1,0,11,1.94,8647,1112,2786,1546.98,1852,FALSE,0,0,0,0,0
e332a916b08ccfca70184ac1804f6e3bb49b06a6,1399387014,1,1,1,0,2,1,1,4,0.09,821,101,2785,1546.1,977,TRUE,0,0,0,0,0
5eb7faec290413fcad30b3ab52f0efd71598986d,1399379981,1,1,0,0,0,0,0,0,0,0,0,2784,1545.32,1851,FALSE,0,0,0,0,0
8cfebee922c00bf0e40c6d4ed697a25627e98755,1399378871,1,1,1,0,1,1,0,4,0.01,821,100,2783,1544.35,976,FALSE,0,0,0,0,0
f4a22f8aef6e9d917e3ff245038d668a965dc479,1399378425,1,1,1,0,51,18,0,4,1.54,788,99,2782,1543.36,975,TRUE,0,0,0,0,1
5fd641e8c7465b40009a55b5574ce787cd6b382a,1399256683,1,1,0,0,0,0,0,0,0,0,0,2781,1546.07,1850,FALSE,0,0,0,0,0
4cde537a7f4a1ec8d112a683d734b754287f61ff,1399245187,1,1,1,0,4,10,0,4,0.01,794,98,2780,1545.42,974,TRUE,0,0,0,0,0
56ee4c1ae54788e9540b382463bfcc5418e19d53,1399244152,1,1,1,0,10,10,0,4,0.01,794,97,2779,1544.46,973,FALSE,0,0,0,0,0
1874ad2ff29a1a97b9cb7252227152831a069771,1399243190,1,1,1,0,1,1,0,4,0.08,794,96,2778,1543.49,972,FALSE,0,0,0,0,0
907ed641bf2a41e2993e4ec06baf18e3e14d3d63,1399236594,1,1,1,0,2,2,0,4,0.03,794,95,2777,1542.69,971,FALSE,0,0,0,0,0
a23ccd863d5b2e48040bfa6c794b26ddbaff1e28,1399234250,1,1,1,0,2,2,0,4,0.03,794,94,2776,1541.76,970,FALSE,0,0,0,0,0
8d145d7a32150da8ed3ec8d1a15f9603e165219d,1399231729,1,1,1,0,1,1,0,4,0.6,794,93,2775,1540.83,969,FALSE,0,0,0,0,0
4a0419e5544eabc17251661f819a42facdf58da3,1399225465,1,1,5,0.446087,302,206,0,1,1.43,4499,149.2,2774,1540.02,443,FALSE,0,0,0,268,432
f23a458319d65849c7371cc7f819027efdd6e8d0,1399223578,1,1,1,0,1,1,1,11,0.01,8647,1111,2773,1539.08,1849,FALSE,0,0,0,0,0
1e324103cc079c56540ec05d90af2411fbfc46a5,1399222693,1,1,1,0,4,6,0,11,0,8649,1110,2772,1538.11,1848,FALSE,0,0,0,0,0
85d8ced2996fafc4d45167c3b88cd608017f66ca,1399222646,1,1,1,0,32,23,0,11,0.32,8640,1109,2771,1537.11,1847,TRUE,0,0,0,0,0
8c618780b74ec90226a6714d1ab60c10423f0df0,1399195137,2,2,2,0.82536,4594,2581,0,11,63.48,8699.5,719,2770,1536.94,1407,TRUE,0,0,2,100,135
0631b8f052c4411c66d2ed3a022649dfd09fff98,1399194654,1,1,1,0,1,1,0,11,0,8640,1108,2769,1535.96,1845,FALSE,0,0,0,0,0
649994464cbd6e5f32bb9b91a474a277fbb870fa,1399194639,1,1,1,0,10,10,0,11,-0.01,8640,1107,2768,1534.96,1844,FALSE,0,0,0,0,0
6ad31a54413da1ff47f87c5a606bc7e9767b1632,1399180155,1,1,1,0,3,2,0,4,0.02,793,92,2767,1534.39,967,FALSE,0,0,0,0,0
702a82bb382c08fee21019b3abe59fb29d632765,1399179926,1,1,1,0,2,3,0,10,0.01,8594,1101,2766,1533.4,1843,FALSE,0,0,0,0,0
a5e91385b08bc5ba3501102969d4491fb149fc88,1399179318,1,1,3,1,3,3,0,2,0.58,235,46.67,2765,1532.42,966,FALSE,0,0,0,0,0
4c690b9d4c9f09325be72428df705b2039cff6df,1399178683,1,1,1,0,7,7,0,10,0,8594,1100,2764,1531.44,1842,FALSE,0,0,0,0,0
695d6e14d49b0e9561938e2fff65de4a651d52af,1399178539,2,2,2,0.828997,2,14,0,10,1.9,9661.5,715.5,2763,1530.44,1403,FALSE,0,0,0,1,1
c19f87134edc5ef9c070c9523af9fd15f0bad057,1399178462,1,1,1,0,12,0,0,4,0.01,781,91,2762,1529.45,964,FALSE,0,0,0,0,0
3de50e8dd4ae9440c616aa5f2b087e724bdb085f,1399177699,1,1,1,0,4,0,0,4,0,777,90,2761,1528.47,963,FALSE,0,0,0,0,0
fb20dae0a868fa65198a05d9a250704bc7e9fcd1,1399177652,1,1,1,0,4,5,0,4,1.02,778,89,2760,1527.47,962,FALSE,0,0,0,0,0
0f8db11f53aa3ae96008e562deb316a7adf47eb8,1399128911,1,2,4,0.948193,24,6,0,2,0.32,217.25,41.75,2759,1527.93,961,FALSE,0,0,0,0,0
e3f94156f1dc3b0c913f6049078e3defc9281c27,1399123830,1,1,0,0,0,0,0,0,0,0,0,2758,1527.08,1840,FALSE,0,0,0,0,0
cf468fc4d14c783fbee0c1417d86111c3df3c7b7,1399102079,1,1,0,0,0,0,0,0,0,0,0,2757,1526.74,1839,FALSE,0,0,0,0,0
849cf30b95f272113df25a57da2cc29f557273ce,1399102061,1,1,6,0.371373,34,33,0,1,2.65,3755.67,125.67,2756,1525.74,442,FALSE,0,0,0,8,24
d08febc711496a6ac12ab902b8087fa4cf7e2285,1399101375,1,2,4,0.578474,25,4,0,2,40.26,212,41.5,2755,1524.76,960,FALSE,0,0,1,0,0
53bfafb84c93c50823fea4373628c4f472363f24,1399096176,1,1,1,0,3,0,0,10,0.01,8596,1098,2754,1523.91,1838,FALSE,0,0,0,0,0
40809e40c2487ae1c341b9c7302d4cc157c3eb09,1399095197,1,1,1,0,7,12,1,10,0.04,8601,1097,2753,1522.94,1837,FALSE,0,0,0,0,0
925197ae093760619f6957f8052b4cf13b14ae85,1399092085,1,1,1,0,2,1,0,10,1.85,8600,1096,2752,1522.03,1836,FALSE,0,0,0,0,0
07f72de63d0970a9319290309c0d9c9b4a4fdb15,1399089359,1,1,1,0,2,2,0,4,0,778,88,2751,1521.12,959,FALSE,0,0,0,0,0
f17f62b532f68a123eceee91d53ed1546142e2f3,1399089032,1,1,1,0,61,48,0,4,0.05,765,87,2750,1520.13,958,FALSE,0,0,0,0,0
b97bbe05727e3591d044a018c76ea6f7b3908f4c,1399084690,1,1,1,0,20,5,0,4,0,750,86,2749,1519.25,957,TRUE,0,0,0,0,0
9e4cc7fdbc72426db5d86b99d19f715078b13af3,1399084668,1,1,1,0,3,2,0,4,0.34,749,85,2748,1518.26,956,FALSE,0,0,0,0,0
7dcb56ea5cb1c9f562d02ec0864fec005f4a64a9,1399055093,1,1,1,0,5,0,0,4,0.08,744,84,2747,1518.13,955,FALSE,0,0,0,0,0
a814c6d152714f6b46623be97fec6f0fd03c1d42,1399047896,1,1,1,0,38,33,1,4,0.03,739,83,2746,1517.35,954,FALSE,0,0,0,0,0
cbe3a0fde71a35e329dc45d1bb9603538e5b0e27,1399045712,1,1,1,0,38,21,0,4,0.05,722,82,2745,1516.41,953,TRUE,0,0,0,0,0
7e375370fa95f15cbd0eabe46b4162c6980fea22,1399041761,1,1,1,0,13,9,1,4,0.25,718,81,2744,1515.53,952,TRUE,0,0,0,0,0
1d149b100b51f66b81d1b987104ddd293c90cb98,1399020258,1,1,1,0,19,5,0,4,0.07,704,80,2743,1515.17,951,TRUE,0,0,0,0,0
1bce75ed5323718b9401d6fa91a43ccb6046b797,1399013990,1,1,1,0,204,66,0,4,0.63,566,79,2742,1514.35,950,TRUE,0,0,0,1,0
d8a72fe797c4b757b3c2fbbccf8b179c8f75c956,1398961741,1,1,0,0,0,0,0,0,0,0,0,2741,1514.9,1835,FALSE,0,0,0,0,0
5bd8319f990ae6056caa829c8f0a559ca86e4985,1398959540,1,1,1,0,1,1,0,4,0.29,566,78,2740,1513.97,949,FALSE,0,0,0,0,0
d8221b880bf252ea4d513753971392265ab56a99,1398959495,1,1,1,0,1,2,0,1,0.35,637,20,2739,1512.97,222,FALSE,0,0,0,0,0
1316ce5ca8d579ff4f8bf4fea6e54476d8ad3dfd,1398934105,1,1,1,0,3,2,1,4,0.04,565,77,2738,1512.72,948,FALSE,0,0,0,0,0
d5562767a2d1e8d20853dbb99c8f2af2ed791ee7,1398932093,1,1,1,0,11,11,0,5,0,10724,644,2737,1511.78,947,FALSE,0,0,0,0,0
1a03ee8b9bac364588b5e95f7ee8d0b167932e2e,1398931960,2,2,2,0.210758,13,1,0,10,0.68,9656,713,2736,1510.78,1390,FALSE,0,0,0,0,2
d07e53e9a0a23d964264a757a37a585abfece989,1398930446,1,1,1,0,135,50,0,4,0.15,480,76,2735,1509.83,945,TRUE,0,0,0,0,0
04160e6accaf2243a562543338f94ce73642111a,1398928923,1,1,1,0,7,4,0,1,2.98,634,19,2734,1508.87,221,FALSE,0,0,0,0,0
6f4c7ca1713f2bfa94fb7f7f1ee837fad6a0fad7,1398917271,1,1,1,0,23,11,0,4,0.81,468,75,2733,1508.22,944,FALSE,0,0,0,0,0
2d397efcf54a84e596eea9322bb78feebfd0b47d,1398875098,1,1,0,0,0,0,0,0,0,0,0,2732,1508.46,1833,FALSE,0,0,0,0,0
ba8e59e1bdd73726fa958a4cc18231782b12fb66,1398874291,1,1,1,0,46,26,0,5,0.02,10692,642,2731,1507.48,943,FALSE,0,0,0,0,0
568faa526f58ef43612ea42313ba64057eac4356,1398872917,1,1,6,0.337684,227,176,0,1,1.99,3747.17,125.5,2730,1506.52,441,FALSE,0,0,0,252,399
b761fbaabe0c461e383b5ea6def492f8d341a143,1398872752,1,1,1,0,1,1,1,10,0.36,8600,1094,2729,1505.53,1832,FALSE,0,0,0,0,0
4a493a96d72821c88964a31b79ca3665a82392c6,1398872385,1,1,1,0,26,49,0,5,0.35,10715,641,2728,1504.54,942,FALSE,0,0,0,0,0
601244ba747dbaed81183ecc35618f02a2b09204,1398871076,1,1,0,0,0,0,0,0,0,0,0,2727,1503.58,1831,FALSE,0,0,0,0,0
d6061972644e05ee0dcccf06731738537c33994e,1398847653,1,1,1,0,1,1,0,4,0.04,468,74,2726,1503.26,941,FALSE,0,0,0,0,0
1fee10e1673e66c51a3eeb901dff2df7d3fd084e,1398844547,1,1,1,0,1,1,0,4,0.69,468,73,2725,1502.35,940,FALSE,0,0,0,0,0
674802abe4241a311d04da4ae053f96054b06069,1398841905,2,2,2,0.42156,85,39,0,10,0.41,9634.5,711,2724,1501.43,1384.5,FALSE,0,0,0,3,0
179422a84ba778e948c276ec3fc0045dcb6be07c,1398824109,1,1,1,0,32,16,0,5,0.41,10655,639,2723,1500.95,938,FALSE,0,0,0,0,0
5c9e4685dbbc1622193ab841eda48754e2d4c86a,1398788936,2,2,2,0.236296,16,3,0,10,0.55,9620,710,2722,1500.98,1383,FALSE,0,0,0,0,0
c59f8c734a81159c940a6de58d01fd651d96872c,1398784637,1,1,1,0,3,2,0,4,0.27,467,72,2721,1500.11,936,FALSE,0,0,0,0,0
d2fa2be5afdc498e6a649f0efbf117f9cbf350c3,1398783526,1,1,1,0,3,3,1,10,0.97,8595,1091,2720,1499.14,1828,FALSE,0,0,0,0,0
2d3d66e9d1027dd843febb7629352e745f310e39,1398769641,1,1,0,0,0,0,1,0,0,0,0,0,0,0,FALSE,0,0,0,0,0
21713801ad18fb1441965893b8e8ad3bf72a43fc,1398761509,1,1,1,0,8,7,1,4,0.05,466,71,2719,1498.78,935,FALSE,0,0,0,0,0
598e2adebe8faca4ab0d2987de12ae451e8730b0,1398757136,1,1,1,0,15,13,0,4,0.01,464,70,2718,1497.91,934,FALSE,0,0,0,0,0
8bbb84fdc72daee7818cf3ebc729fbaceba2094e,1398755871,1,1,1,0,1,1,0,4,0.03,464,69,2717,1496.95,933,FALSE,0,0,0,0,0
59b7bc7b980d850521068792536919733f30d0da,1398753351,1,1,1,0,1,1,0,4,0.55,464,68,2716,1496.02,932,FALSE,0,0,0,0,0
55d52be3c25f3cce7d8fb7222117dfe081b12bfc,1398705696,1,1,1,0,1,1,0,4,0.07,464,67,2715,1496.41,931,FALSE,0,0,0,0,0
3aa4e45bdb3877a993f5600cb3537b76f9615f26,1398701001,1,1,6,0.595554,63,58,0,1,0.89,3746.33,125.33,2714,1495.55,440,FALSE,0,0,0,31,102
534976e64f0514ddb635316304984e3e37c014b7,1398699823,1,1,1,0,7,5,0,4,0,462,66,2713,1494.58,930,FALSE,0,0,0,0,0
3efa9d20302c67aba9024555087a090c729dbb80,1398699684,1,1,1,0,438,443,0,4,0.86,467,65,2712,1493.58,929,TRUE,0,2,0,4,0
2c4657355f2a4b69f55e8876deedc6fe73a09675,1398699575,2,2,2,0.647965,8,3,0,10,0.01,9617.5,709,2711,1492.59,1377.5,FALSE,0,0,0,0,1
68702ca43ff973a752c8e5ee26a6437f4ff8b4e9,1398699294,1,1,1,0,1,1,0,10,0,8594,1089,2710,1491.6,1826,FALSE,0,0,0,0,0
54a0de9b521ac44fceb9e9a22b312fff2f09f50e,1398699114,1,1,1,0,3,3,0,10,0,8594,1088,2709,1490.6,1825,FALSE,0,0,0,0,0
94832f3f814f3cb905af02cb9533092569e81074,1398699066,1,1,1,0,1,1,0,10,0,8594,1087,2708,1489.6,1824,FALSE,0,0,0,0,0
fb00ba9efd9f68f6e6e587cd3c3d45ffc5a738a8,1398699032,1,1,1,0,2,4,0,10,0,8596,1086,2707,1488.6,1823,FALSE,0,0,0,0,1
96736cf1de4fd1f449cd0fb1b92925947554c67a,1398698983,1,1,1,0,10,6,0,10,0,8592,1085,2706,1487.6,1822,FALSE,0,0,0,0,0
834c55ec6fd0c18091e4b104795a17255ad659b1,1398698893,1,1,1,0,75,47,0,5,0.87,10613,636,2705,1486.61,927,FALSE,0,0,0,0,0
6528a434ce4740856667ebe8cca1396e76fc1b47,1398698867,1,1,1,0,1,1,0,10,0.87,8592,1084,2704,1485.61,1821,FALSE,0,0,0,0,0
a24ee0a331db81416d2f23e9ff17d650e10b3939,1398671241,1,1,1,0,17,15,0,1,2.3,632,18,2703,1485.4,220,TRUE,0,0,0,0,0
e86144bb06bd33e04621359a693ecaf26454a7cd,1398625265,1,1,1,0,3,0,0,4,3.09,464,64,2702,1485.73,926,FALSE,0,0,0,0,0
ce7cb16cfeaaa39d488d88096fa62504609a22bb,1398624251,1,1,6,0.666697,75,57,0,1,6.92,3743.33,125.17,2701,1484.76,439,FALSE,0,0,0,77,89
754bafc069bbcd7ef7613537c8cb8bafea2d0892,1398624054,1,1,1,0,6,0,0,10,1.19,8586,1083,2700,1483.76,1820,FALSE,0,0,0,0,0
7eff6fde7cd9a483fc6e7476e81423c8ecd94fa2,1398624002,1,1,1,0,3,1,0,5,1.17,10611,635,2699,1482.77,925,TRUE,0,0,0,0,0
626dac600a27906c8cac06e003fc9e0d29341ef4,1398522546,1,1,1,0,33,3,0,5,1.01,10581,634,2698,1484.69,924,FALSE,0,0,2,0,0
f1b2d4340d13af8454e352acc030b221b4932e90,1398521254,1,1,1,0,4,4,0,10,0.91,8586,1082,2697,1483.72,1819,FALSE,0,0,0,0,0
aea4d73e61864bce685c49510fe53bb1fe57f61f,1398472900,1,1,1,0,9,10,0,1,7.35,633,17,2696,1484.12,219,FALSE,0,0,0,0,0
3d6c74ead1dcc2b4408e23d4587a4ba38ac6ed93,1398445116,1,1,0,0,0,0,0,0,0,0,0,2695,1483.92,1818,FALSE,0,0,0,0,0
c606f80fe3d357e926efbfd83feb8d7b86811354,1398442937,1,1,1,0,5,5,0,10,0.08,8586,1081,2694,1482.98,1817,FALSE,0,0,0,2,0
250ca36f057647606d7c5a6f72e20b4461e3bb9c,1398435670,2,2,2,0.35218,14,4,0,10,5.15,9578.5,702.5,2693,1482.19,1369.5,FALSE,0,0,0,5,0
4c63be066fa6fb8150c311f46ddc4dd078edeed5,1398358517,1,1,1,0,1,1,0,4,0.44,464,63,2692,1483.41,922,FALSE,0,0,0,0,0
b559eeb7e6ea8970286878c130e0339a903a649f,1398320196,1,1,1,0,1,1,0,4,2.06,464,62,2691,1483.52,921,FALSE,0,0,0,0,0
a9742dbdc6fdd1fb09acdee87ce2a829669e27a7,1398317754,1,1,0,0,0,0,0,0,0,0,0,2690,1482.59,1815,FALSE,0,0,0,0,0
5feaade1c75512b8f8845925b407cbb5e5c531ff,1398141999,1,1,1,0,2,3,0,4,1.35,465,61,2689,1486.67,920,FALSE,0,0,0,0,0
31747dfecdcebc284a273fc455725692ef8176ae,1398026496,1,1,6,0.676176,432,457,0,1,4.6,3747.5,125,2688,1489.03,438,FALSE,0,0,0,343,622
eda9484413826fce34f7f4ff7ed9b400f1ae6d54,1398025831,1,1,1,0,2,2,0,10,1.05,8586,1079,2687,1488.05,1814,FALSE,0,0,0,2,0
7e904c1d15b3718e31554f9d7e6db57ed26febce,1398025741,1,1,1,0,3,3,0,4,7.86,465,60,2686,1487.05,919,FALSE,0,0,0,0,0
5f8527ba04937966d802c259e39cbd7d8906575b,1397955094,1,1,1,0,1,0,0,5,0,10570,632,2685,1488.11,918,FALSE,0,0,0,0,0
082e95b700f036c38508f735fea6e3e6de551215,1397955068,1,1,2,0.82605,40,15,0,6,1.2,5425.5,338.5,2684,1487.11,917,TRUE,0,0,0,2,0
aef5c61415be98975083de59d1d67da68f03d59c,1397955016,1,1,1,0,1,1,1,5,0.25,10564,630,2683,1486.11,916,FALSE,0,0,0,0,0
68fdac532fc442da2e47b35ad5d8715cdba5a4a7,1397935079,1,1,1,0,21,21,0,10,0.02,8586,1078,2682,1485.69,1813,FALSE,0,0,0,8,26
f718284538537c771f5bb4287ca998f6bccd55a1,1397933679,2,2,2,0.674494,24,16,0,10,0.02,9571,699.5,2681,1484.73,1363.5,FALSE,0,0,0,3,2
966283dd6ddafb6481090f0a0f3dceadf175bafe,1397933620,1,1,1,0,3,2,0,5,0.09,10560,628,2680,1483.73,914,FALSE,0,0,0,0,0
0f3ec9ad73bb15ccf7c660ea5f38a9b3e8ec66d1,1397930726,2,2,2,1,0,2,0,10,43.26,4358,539,2679,1482.82,1362,FALSE,0,0,0,0,0
cb685904ef5d95834689008445b39e76e777b4bd,1397926538,1,1,0,0,0,0,0,0,0,0,0,2678,1481.94,1810,FALSE,0,0,0,0,0
5bf545ee907b8381c97599ecdd51c7c955fd5881,1397925731,2,2,2,0.345211,156,114,0,10,0.67,9550,698,2677,1480.96,1360.5,TRUE,0,0,0,2,2
b018ada5c830c828ddb2d881f003c60f89a0dd1e,1397867911,2,2,2,0.504638,74,3,0,9,0.59,9514.5,697.5,0,0,0,FALSE,0,0,0,0,1
976e81be4320463f818132d82362196eb4674265,1397837472,1,1,1,0,55,46,0,1,2.99,624,16,2676,1482.52,218,TRUE,0,0,0,0,4
694cb1825655f513a98453f7ad2230cdbc90fe5b,1397837200,1,1,1,0,13,10,0,9,0.48,8557,1073,2675,1481.53,1808,FALSE,0,0,0,0,0
a715a5fa37ab955b90472280bbbaca940f687de5,1397796105,2,2,2,1,6,6,0,9,0.72,9513,696.5,2674,1481.72,1359,TRUE,0,0,0,0,0
1e10c9d508681ce572c6e3e579c661e0726c5780,1397746901,1,1,2,0.973978,10,45,0,5,30.34,5395.5,335,2673,1482.14,910,FALSE,0,0,0,0,0
2aacfea8eaf79e4889d5b48753f3ed999f88c3ca,1397746125,1,1,0,0,0,0,0,0,0,0,0,2672,1481.17,1806,FALSE,0,0,0,0,0
43c2cb4ba8b23e7058def061ac36cbaa12c4b4b9,1397745148,1,1,1,0,1,15,0,4,0.01,10501,623,2671,1480.19,909,FALSE,0,0,0,0,0
c93f708bc8a9f057efc057e844fb63da4ef8dcdd,1397744367,1,1,1,0,8,1,0,4,0.44,10494,622,2670,1479.22,908,FALSE,0,0,0,0,0
353416a0882870ed901718e41fdb4472f83e2adc,1397720559,1,1,1,0,3,3,0,9,0.03,8557,1071,2669,1478.91,1805,FALSE,0,0,0,0,0
93b98abb8d5785580afdf4f98b68ac8fa8f6e3f0,1397718134,1,1,1,0,31,82,0,9,0.64,8608,1070,2668,1477.98,1804,FALSE,0,0,0,0,0
5e28e38c982ec2b8d1bd1e99399ae974f0406a8c,1397705990,1,1,1,0,1,1,1,4,0.5,10494,621,2667,1477.33,907,FALSE,0,0,0,0,0
0e828e5b3b8c18f22b94cb914e464f9c81b67913,1397662752,1,1,1,0,10,1,0,9,0.42,8599,1069,2666,1477.57,1803,FALSE,0,0,0,0,0
c331d12678de9af6fa4f1d15ddea28ef12069e6b,1397662451,1,1,1,0,15,5,0,4,0,10484,620,2665,1476.58,906,FALSE,0,0,0,0,0
f0817b24616490fd6b73af1124f6ef48c4d574a5,1397662396,1,1,1,0,18,0,0,4,0.34,10466,619,2664,1475.59,905,FALSE,0,0,0,0,0
d3f2cd53213b153997b5a9175148b9a874a89160,1397633136,1,1,1,0,12,13,0,4,0.05,10467,618,2663,1475.43,904,FALSE,0,0,0,0,0
7017766591b6b23570ce29a76ef2ead1abe54c32,1397629297,1,1,6,0.879007,315,220,0,1,1.07,3731.67,124.83,2662,1474.54,437,FALSE,0,0,0,286,516
841890c178a3f5e7bebbfd5586b7eada3c5b17a3,1397629179,1,1,1,0,29,0,0,4,0.01,10438,617,2661,1473.54,903,FALSE,0,0,0,0,0
4f5189b0dd54c35410efeda69dc1e9df16bbbd90,1397628264,1,1,1,0,16,16,0,4,0.87,10438,616,2660,1472.57,902,FALSE,0,0,0,0,4
250ecd13bddba13178eca65caa0167bfaa487cfe,1397626861,1,1,1,0,1,1,0,9,0,8599,1068,2659,1471.61,1802,FALSE,0,0,0,0,0
34133b094b8687a5b6cab1d23876df8a78a51ee4,1397626826,1,1,1,0,5,4,0,9,0.02,8598,1067,2658,1470.61,1801,FALSE,0,0,0,0,0
75c3939c881f092e8c6b277fc3e48d77af50c99d,1397625208,1,1,1,0,4,8,0,9,0.86,8602,1066,2657,1469.66,1800,FALSE,0,0,0,0,1
cb44430a3fb2d74ce5b53378ee02f140140b1061,1397609490,2,3,3,0.0593467,47,53,0,2,0.58,280,33,2656,1469.11,559,FALSE,0,2,12,29,42
be88b5aba253ed0f1d0ee0ffa3d037752f80a52c,1397579073,1,1,1,0,1,1,1,1,33.37,624,15,2655,1468.98,216,FALSE,0,0,0,0,0
3d0f7b8e7e1ee9f6d99f7b2c7382327038a4dc13,1397579056,1,1,1,0,2,1,0,2,0.33,243,66,2654,1467.98,900,FALSE,0,0,0,0,0
a53d5dc791f2fb2146165e33eb1498492b3b4e24,1397553427,1,1,1,0,16,11,1,4,0.04,10433,615,2653,1467.71,899,FALSE,0,0,0,0,0
7f1164b6a62ef96088e2bfcc316b1dc8c69cf5c9,1397550961,1,1,1,0,2,2,0,9,0.01,8602,1065,2652,1466.78,1799,FALSE,0,0,0,0,0
2174f10db5d813bf8786d8775f0b347909644f73,1397550115,1,1,1,0,4,2,0,2,0.01,241,65,2651,1465.81,898,FALSE,0,0,0,0,0
e3c218092c374a5ce7f232d4ec6fdc63962dcab5,1397549875,2,2,2,0.719738,98,34,0,9,0.05,9485.5,687.5,2650,1464.81,1347.5,FALSE,0,0,0,3,0
cf73ba2905c1967a44e586fd7afdfb75c5a1a0f4,1397548934,1,2,2,0.455209,67,64,0,1,46.3,1462.5,21,2649,1463.84,215,FALSE,0,2,12,30,43
d653b951e30f90151ed2da7d199ee03ee18316ee,1397548878,2,3,8,0.302638,446,285,0,2,57.74,455,15,2648,1462.84,555,FALSE,0,0,0,31,2
900c0eafaceed8b0fc8a7924c18791059373ed99,1397548618,1,1,1,0,5,5,0,9,0.07,8570,1063,2647,1461.85,1797,FALSE,0,0,0,0,0
bf6eaaf625b5d0c3fce7bcbc5d37b0c77c884da1,1397542271,2,2,2,0.405639,13,7,0,9,0.07,9482.5,686.5,2646,1461.03,1345.5,FALSE,0,0,0,2,0
32f3d214cbcdfb702bd44da98ff15b3a4c72d0f3,1397536795,1,1,6,0.379521,203,195,0,1,1.81,3730.33,124.67,2645,1460.19,436,FALSE,0,0,0,288,522
cd62b2a209de991f9f9029f5724936d8d29eecab,1397536510,1,1,1,0,26,15,0,4,0,10385,612,2644,1459.19,894,TRUE,0,0,0,1,0
ff25b4cb465d232f978a9ef499facf7d32b9262d,1397536425,3,3,3,0.135258,23,16,0,9,1.11,8101.67,499.33,2643,1458.2,1041,FALSE,0,0,0,0,0
5c07dd995e351216983b94cb1a9f9f39df93a6ea,1397530410,1,1,1,0,7,7,0,9,0.45,8569,1060,2642,1457.37,1794,FALSE,0,0,0,0,0
f54cc28a435d1453a2184b73dfff68d10aae2dc2,1397491302,1,1,1,0,3,3,0,9,0.53,8569,1059,2641,1457.47,1793,FALSE,0,0,0,0,0
9b1c7bb1e35539db22fab3ce8ebed6b362009479,1397445383,1,1,1,0,16,16,0,9,0.05,8569,1058,2640,1457.77,1792,FALSE,0,0,0,0,0
ffe8a729b7345e5812754152b9ce79cc3fde10a5,1397441036,1,1,1,0,5,1,0,9,1.06,8565,1057,2639,1456.9,1791,FALSE,0,0,0,0,0
a47f3560211d272101f4accfd64ffa2507a50e6d,1397440989,1,1,1,0,16,20,0,4,0.12,10382,610,2638,1455.9,892,FALSE,0,0,0,0,0
7d7a34c733aa4c662212d6bb7824263cf532b9b7,1397430728,1,1,1,0,14,17,0,4,0.65,10385,609,2637,1455.19,891,FALSE,0,0,0,0,0
e306959ebecc7cf4c103062b39fd1dc0e349c2e3,1397374591,1,1,1,0,23,18,0,4,0.03,10380,608,2636,1455.78,890,FALSE,0,0,0,2,0
ce16c4d37fbcc4f9b68b86231a12e23c80154fbb,1397371998,1,1,0,0,0,0,0,0,0,0,0,2635,1454.85,1790,FALSE,0,0,0,0,0
565cc05b4883d1bd383f224be182331e7f570ada,1397371915,1,1,1,0,4,2,0,4,0.2,10378,607,2634,1453.85,889,FALSE,0,0,0,0,0
287839e49856719fd7700a3fdc1141dc35d0e284,1397354259,1,1,1,0,3,2,0,4,2.67,10377,606,2633,1453.35,888,FALSE,0,0,0,0,0
4be0969098441a8b9e28e6f951fe5425d9fa77e3,1397349318,1,1,6,0.525187,144,200,0,1,0.69,3739.67,124.33,2632,1452.49,434,FALSE,0,0,0,261,476
f1008b1abf40ab375cdced53d056b35cfde2d41d,1397349304,1,1,1,0,2,11,0,9,0.01,8574,1056,2631,1451.49,1789,FALSE,0,0,0,1,0
8d8b3c2194045671774c591491823a54aaeae1d2,1397348117,1,1,1,0,1,11,0,9,0.68,8584,1055,2630,1450.52,1788,FALSE,0,0,0,0,0
6631b57fc0dc4d391de0bb10845ec55e5dc13a31,1397346691,1,1,1,0,1,1,0,4,0.62,465,59,2629,1449.56,887,FALSE,0,0,0,0,0
88b4bc3753db1d5c768d2250861a4c524a0c7f32,1397293150,1,1,1,0,66,3,0,4,0.02,402,58,2628,1450.07,886,FALSE,0,0,0,0,0
23a4dde10f6521d5544b80d6defbd051dbb82b72,1397291580,1,1,1,0,1,1,0,4,22.19,402,57,2627,1449.11,885,FALSE,0,0,0,0,0
5a47eb85594666f310c3ce36f8060f0fb48a1171,1397289807,1,1,6,0.66379,557,377,0,1,5.54,3709.67,124.17,2626,1448.16,433,FALSE,0,0,0,332,578
81cd99005291b78453fa74dd835aa37d7ae00880,1397289778,1,1,1,0,1,2,0,9,0.03,8585,1054,2625,1447.16,1787,FALSE,0,0,0,0,0
dd9e7cf6650c9dae9fabedaafd9ce9274f29cb4e,1397287850,1,1,0,0,0,0,0,0,0,0,0,2624,1446.22,1786,FALSE,0,0,0,0,0
b2f50b532777751a5912576e80e8415f81d79464,1397287308,1,1,1,0,5,1,0,9,0.02,8581,1053,2623,1445.23,1785,FALSE,0,0,0,0,0
b21fe4b2fcdcb45d62775bdac2d0e7e387172ae9,1397286011,1,1,1,0,1,1,1,9,0.02,8581,1052,2622,1444.27,1784,FALSE,0,0,0,0,0
5f23a3143cf67fefbfb2d570fff6ceac5570024b,1397283910,1,1,1,0,8,8,0,9,0,8581,1051,2621,1443.33,1783,FALSE,0,0,0,0,0
ef136c9d001ca5dcf7b3823479e7b5a901efdecf,1397283885,1,1,1,0,1,1,0,9,0,8581,1050,2620,1442.33,1782,FALSE,0,0,0,0,0
c7e8b724c7bb4ef1bacb2a3daa9c14324c84c4f6,1397283849,1,1,1,0,74,35,0,9,0,8542,1049,2619,1441.33,1781,TRUE,0,0,0,4,4
0243e7ba8b1b9eb746b29863b03bbb2f33cab187,1397283800,1,1,1,0,20,10,0,9,1.85,8532,1048,2618,1440.33,1780,FALSE,0,0,0,0,0
b3f5375283a2b89f1ccb7866d6c3bfc74b1f4b79,1397123735,2,2,2,0.29694,44,8,0,9,0.4,9436.5,676,2617,1443.8,1331.5,FALSE,0,0,0,3,0
f90f683be50a22b53dfce95c93ff2cc85228554a,1397118023,1,1,1,0,5,0,0,9,0.02,8525,1046,2616,1442.96,1778,FALSE,0,0,0,0,0
bd23666b45976f8bdd059b427fdd0a21419a63de,1397116467,1,1,1,0,24,21,0,9,1.98,8522,1045,2615,1442,1777,FALSE,0,0,0,2,6
a620c2ec1a9cb5db9ab5aee83d6c85666c9075b2,1397060855,1,1,1,0,186,44,0,4,1.02,10201,604,2614,1442.56,883,FALSE,0,0,0,2,1
a723612141cb751ee469665fcc5a20c415068db1,1396972646,1,1,1,0,3,3,0,4,0.32,10201,603,2613,1444.03,882,FALSE,0,0,0,0,0
2d7d4212c14a98e1327c6bd6a05a871c8081d213,1396945795,1,1,1,0,1,1,0,9,0.67,8522,1044,2612,1443.78,1776,FALSE,0,0,0,0,0
52cca034cf00db930a7936fa7d7195e9e9da3ab2,1396945281,1,1,1,0,56,22,0,4,0.03,10167,602,2611,1442.79,881,FALSE,0,0,0,0,0
79ec1f5a02eb407e2dea40fbb96ff0e92521c6cb,1396943060,1,1,1,0,13,1,0,4,0,10155,601,2610,1441.86,880,FALSE,0,0,0,0,0
68729a9696c4a86a736c3cd9f3df41334af46d7d,1396943018,1,1,1,0,8,12,0,4,0.64,10159,600,2609,1440.86,879,FALSE,0,0,0,0,0
93383204b3c28c7568436386ee114fe0bc69a47b,1396887876,1,1,5,0.208982,80,78,0,1,0.7,4443.2,147,2608,1441.4,432,FALSE,0,0,0,146,263
78f17bd083f15a6885beba38bc3c60b9bf6378da,1396887820,2,2,2,0.337292,13,1,0,9,0.81,9334.5,671.5,2607,1440.4,1326.5,FALSE,0,0,0,0,0
ea87006150b6d97acf7abae970cf100d2b675872,1396856025,1,1,1,0,0,1,0,1,0.54,5324,397,2606,1440.29,431,FALSE,0,0,0,0,0
c0027c377bcd1892bed76b46b8a31d59cf92dec6,1396831181,1,1,2,1,2,2,0,1,2.35,67,315,2605,1439.98,430,FALSE,0,0,0,1,6
77b84c1de0c7f3e9e092ebfd812ab6b680cbfa9a,1396826199,1,1,1,0,14,14,0,4,1.65,10148,598,2604,1439.12,877,FALSE,0,0,0,0,4
a14e2fedcf20be41211fae981720fb5e6e48e752,1396809047,2,2,4,0.471517,55,54,0,9,1.8,7650.75,297,2603,1438.6,1101.5,FALSE,0,0,0,0,0
0341399e54352f86c3798c82dd0d4fd59e8b0c2a,1396808345,0,0,0,0,0,0,0,0,0,0,0,2602,1437.62,0,FALSE,0,0,0,0,0
1dcf3585fbbc7f46e5d5f2ffece95dc52c9d27a8,1396792021,1,1,1,0,20,20,1,9,1.9,8521,1041,21,15.45,9,FALSE,0,0,0,0,0
dbb48cf086230028053495f235650b408a44da8a,1396764762,1,1,1,0,1,0,1,1,1.58,8256,357,2601,1437.84,428,FALSE,0,0,0,0,0
064c8adcf25eabf1d59c446fc1ec52ad3161f263,1396683392,1,1,1,0,94,4,0,4,0.64,10058,597,2600,1439.11,876,FALSE,0,0,0,1,0
cff83e095a1178e182d1600638a2b17d6f489556,1396628219,3,3,6,0.650515,11,9,0,9,1.1,5911.5,254.5,2599,1439.66,1025,FALSE,0,0,0,11,5
ff9aecca4815b1c20c27ffc28ae9e08237348042,1396627659,1,1,1,0,23,0,0,4,0,10033,595,2598,1438.67,874,FALSE,0,0,0,0,0
53c529a12c92f0ec83b30d881873ee294630f9d5,1396627631,1,1,1,0,18,15,0,4,0.35,10030,594,2597,1437.67,873,FALSE,0,0,0,0,0
78454ba8764191082d96c1125a3c550c5873db92,1396597032,1,1,1,0,23,21,0,4,0.01,10028,593,2596,1437.53,872,FALSE,0,0,0,0,0
c3c1702d2bf8f4a232a6c136504588a2c8665103,1396596463,1,1,1,0,96,95,0,4,1.23,10027,592,2595,1436.54,871,FALSE,0,0,0,0,0
bffc777b58002fa23bfa9ea19244b05993cfb3ec,1396513915,2,2,5,0.371419,33,33,0,9,0.99,5082.6,246.8,2594,1437.85,1099,FALSE,0,0,0,5,0
fcec6a8fdfb55e526a8014e229442af4ed406bd2,1396490496,1,1,1,0,233,231,1,4,0.78,10025,591,2593,1437.51,870,FALSE,0,0,0,17,8
a842f25f8922c1824c6a5b87f2c43fa1bd77c1af,1396428316,1,1,6,0.633633,198,168,0,1,1.05,3704.17,122.83,2592,1438.25,425,FALSE,0,0,2,187,339
9f2bea8ac18fdf86ffdbf385a3c2dbf1b442b5f8,1396428163,1,1,1,0,19,15,0,9,0.06,8517,1038,2591,1437.25,1771,FALSE,0,0,0,0,0
7f9a2a2d34413a628c610d5d48b7d93ce24ae672,1396423411,2,2,2,0.236296,19,19,0,9,0.6,9271,665,2590,1436.38,1319.5,FALSE,0,0,0,0,0
3225f17f5ac7dcddbb9d3e91d59535cf541fbb72,1396420103,1,1,1,0,28,14,0,9,0.34,8503,1036,2589,1435.48,1769,FALSE,0,0,0,0,0
2f8b1dff27904983aad6eb8a35e28fea05e3533e,1396416881,1,1,0,0,0,0,0,0,0,0,0,2588,1434.57,1768,FALSE,0,0,0,0,0
7884f972ea9facd9db7eb815331711b6fe2e49e5,1396391018,1,1,1,0,6,7,0,9,0.55,8504,1035,2587,1434.29,1767,FALSE,0,0,0,0,0
bfce2645370136cacbfeca0a2c345d583eb8f57e,1396343098,2,2,3,0.480051,98,81,0,9,0.13,5599.33,378,2586,1434.63,1095,FALSE,0,0,2,77,138
dee5f4c96afe46aee2a7b95b648dd18be6c89cec,1396335397,1,1,6,0.636852,319,296,0,1,5.91,3697.33,122.5,2585,1433.84,423,FALSE,0,0,0,320,572
6bd83137fb4093df36dcd41a8d4217965aad91b6,1396324624,1,1,1,0,9,9,0,9,2.08,8505,1033,2584,1433.14,1765,FALSE,0,0,0,0,0
6c6c38679a0804af86d54306d3156030353e87c3,1396322344,1,1,1,0,107,20,0,4,2.06,9938,589,2583,1432.21,868,FALSE,0,0,0,0,0
ca0c700afa929ddc4db1dd66ac08a6a43840b1be,1396144710,2,2,2,0.78257,39,23,0,9,0.23,9213.5,662,2582,1436.17,1315.5,FALSE,0,0,0,0,4
cc2e434f3d4e4235052620310affafdeeae6be3f,1396125230,1,1,1,0,1,1,0,9,0.47,8505,1031,2581,1435.72,1763,FALSE,0,0,0,0,1
4d337f0bee6505e3590403d451c34d9e04e15b40,1396123925,1,1,1,0,1,1,1,4,0,9922,587,2580,1434.76,866,FALSE,0,0,0,0,0
539c10883bf0f1136a9ce6ed385af8525f848b59,1396123860,1,1,1,0,23,4,0,4,0.01,9903,586,2579,1433.76,865,TRUE,0,0,0,0,0
ae8796a570dede7a2df6fe43fdf96c11444c014d,1396122919,1,1,1,0,10,10,0,4,0.45,9903,585,2578,1432.78,864,FALSE,0,0,0,0,0
141227d846977901f94d49dfcf5dd001938e618d,1396084432,2,2,2,0.718957,58,36,0,9,0.02,9193,659.5,2577,1432.86,1312.5,FALSE,0,0,0,0,0
bb42b87f4e6f616a5381d6ba1725d6224262d0d1,1396084409,1,1,1,0,5,5,0,9,1.03,8502,1029,2576,1431.86,1761,FALSE,0,0,0,0,0
866d9dacb6ae559998fd97d27b3411c575033004,1396080169,1,1,1,0,34,37,0,4,0.98,9887,583,2575,1430.98,862,FALSE,0,0,0,0,0
006e32077ce1fc97e5978ff6e1991d4e82cd1828,1395995297,2,2,2,0.0462385,20,8,0,9,0.09,9188.5,658,2574,1432.35,1310.5,FALSE,0,0,0,0,0
0aca1c6c7cdab5d4fe90b1e81c48e9ded53092e0,1395991412,1,1,1,0,3,3,0,9,0.09,8491,1027,2573,1431.46,1759,FALSE,0,0,0,0,2
d906d56505f8c77e0f3015800f4f3a7f928db9f6,1395983791,1,1,1,0,4,0,0,4,0,9882,581,2572,1430.67,860,FALSE,0,0,0,0,0
3b9ebf358cd1413c8ca5dbbb50dd6e3511a7575b,1395983553,2,2,2,0.707544,7,11,0,9,0.45,9188.5,656.5,2571,1429.68,1308.5,TRUE,0,0,0,0,0
1c643cda5b98cc056f1af3ecf297ab50d9a388a6,1395951236,1,1,1,0,4,6,0,9,0.16,8496,1025,2570,1429.58,1757,FALSE,0,0,0,0,0
e5697a80707a4d332c7cf0d4ff1abadf6d721dc4,1395937337,2,2,2,0.674494,37,3,0,9,1.14,9172.5,655.5,2569,1428.97,1307,TRUE,0,0,0,0,0
07f1a13cbff9d50f17f81a99b69c79fcbb6dd440,1395886231,1,1,0,0,0,0,0,0,0,0,0,2568,1429.39,1755,FALSE,0,0,0,0,0
4c88f3ad64e1ca2b224ddfe85d3cfc2b52b02830,1395849737,1,1,1,0,1,2,0,9,0.29,8488,1023,2567,1429.41,1754,FALSE,0,0,0,0,0
c099d603933b7ee0b7f9e1a301d648e45d9ecc2b,1395827337,1,1,1,0,2,2,1,4,0.02,9858,578,2566,1429.04,857,FALSE,0,0,0,0,0
5e0d48b40f7c6947b8d71c74815be1c90ac2c072,1395825992,1,1,1,0,8,10,0,4,0,9860,577,2565,1428.07,856,TRUE,0,0,0,0,0
c4f8e83d02ba7ca93241cef22e032cb756f52300,1395825966,1,1,1,0,2,2,0,4,0,9860,576,2564,1427.08,855,FALSE,0,0,0,0,0
a768c1e6c035ee40ed34034018611d34d0569d51,1395825892,1,1,1,0,10,5,0,4,0.71,9855,575,2563,1426.08,854,TRUE,0,0,0,0,0
540325dc20f26592e8887b81383b46e2672c5582,1395824828,1,1,6,0.606541,320,287,0,1,2.46,3691.83,122.33,2562,1425.11,422,FALSE,0,0,0,242,420
2e57f76c12b5357690c59e5ffa41cc7238a9adfa,1395824499,1,1,1,0,10,13,1,9,0.01,8491,1022,2561,1424.12,1753,FALSE,0,0,0,2,0
e71fd6f8b49ab57927fe4be0442ab355bb6108ac,1395823737,1,1,1,0,2,2,0,9,0.68,8491,1021,2560,1423.14,1752,FALSE,0,0,0,0,0
c721721fc5364b45c263cda843920f63678ff2f4,1395764780,2,2,3,0.204709,37,16,0,10,3.06,6180.67,451,2559,1423.77,1302,FALSE,0,0,0,2,8
0ab5d6a7b8fc60e904771acedd8c37da9f39bd65,1395757807,0,0,0,0,0,0,0,0,0,0,0,2558,1422.97,0,FALSE,0,0,0,0,0
66599e57708bf3f830aa5013ff00932713fa9e5d,1395757632,0,0,0,0,0,0,0,0,0,0,0,2557,1421.97,0,FALSE,0,0,0,0,0
d7c7463380deab3fb6a23c7b7b1082cddc3d2bd2,1395756795,1,1,1,0,7,7,0,9,0,8474,1019,20,14.85,8,FALSE,0,0,0,0,0
491a4468dc5a283480aee96edfb82c3c0c149a5c,1395756559,1,1,1,0,3,3,0,9,0.44,8474,1018,19,13.85,7,FALSE,0,0,0,0,0
c85150aaeafd976d7b63543d4eff43db7d2e1c7c,1395724940,0,0,0,0,0,0,0,0,0,0,0,2556,1421.88,0,FALSE,0,0,0,0,0
c7ba6d2a82a13a0748cec0d1fa5aaef5883179cd,1395724314,1,1,0,0,0,0,0,0,0,0,0,2555,1420.9,1750,FALSE,0,0,0,0,0
ace64cf50fec40155081f1092f2d74b88d30518f,1395723434,0,0,0,0,0,0,0,0,0,0,0,2554,1419.92,0,FALSE,0,0,0,0,0
cd6d4f6f47406c66316941f1fe4f4659ca200e84,1395722897,0,0,0,0,0,0,0,0,0,0,0,2553,1418.94,0,FALSE,0,0,0,0,0
1bdf74951a9cb4cf96a1b2fbcbcb16458c651428,1395718206,1,1,1,0,2,4,0,9,1.23,8474,1015,18,12.86,6,FALSE,0,0,0,0,0
eda2b38f462812ef8a0e9d796734432823a474d4,1395717972,1,1,1,0,1,1,0,9,0,8476,1016,17,11.86,5,FALSE,0,0,0,0,0
f14e85d6c404ce300b4ce54ba63a82958c2500ab,1395717910,1,1,1,0,37,35,0,9,1.23,8474,1015,16,10.86,4,FALSE,0,0,0,0,0
76f668dddd9c6611ce5e88b5e75198d4d48b4bae,1395677668,1,1,1,0,17,1,0,4,0.7,9839,573,2552,1419.19,852,FALSE,0,0,0,0,0
ce01d696a0731d77b53406fd61548d5c8b1d8a6c,1395617495,1,1,1,0,24,15,0,4,0.08,9830,572,2551,1419.85,851,TRUE,0,0,0,0,2
8179a3a34943fdfec843d2042997ebf2e82b5f0e,1395612002,1,1,6,0.189111,156,134,0,1,1.61,3688.17,122.17,2550,1419,421,FALSE,0,0,0,25,57
e5c397203ec4d0baf90c57bf3f4cbba96cce738c,1395611986,1,1,1,0,14,8,1,9,0.02,8468,1014,2549,1418,1749,FALSE,0,0,0,1,0
60aeba732d35ae8ecacdc25ccdaba45b3174cc17,1395610623,2,2,2,0.847128,8,10,0,9,3.51,9150,647,2548,1417.04,1299,TRUE,0,0,0,0,0
de70ef1ef6b1eb2daa4785ea5daa946288eac285,1395609114,2,2,2,0.762842,108,101,0,9,0.62,6890.5,567,2547,1416.08,1083.5,TRUE,0,0,0,15,24
1d02c288b3645930ca8cb3519ff155d0a7ec1a64,1395555534,2,2,6,0.264576,203,219,0,9,4.63,5094.33,207.83,2546,1416.56,1082.5,FALSE,0,0,0,44,40
3776920807a2e3822811d4fef7f7f33f1c053ec4,1395462120,1,1,1,0,7401,6504,0,1,489.93,9440,2,2545,1418.14,213,FALSE,61,1,214,973,188
7d54cde8eb4183e877b87110775bb8f73a6abe04,1395374257,1,1,1,0,22,13,0,4,0.48,393,56,2544,1419.58,849,FALSE,0,0,0,0,0
1bab2061bddfb8d2d57df503f7c7b468775983dc,1395374184,1,1,0,0,0,0,0,0,0,0,0,2543,1418.58,1745,FALSE,0,0,0,0,0
34e30cba0d9021771eeada5f338b328d1736d82c,1395332626,2,2,1,0,47,52,0,4,0.99,398,55,2542,1418.73,1296,FALSE,0,0,0,0,0
ed600c9077fe778af102cdb12f6df1bb3ad20b92,1395298012,1,1,1,0,1,1,0,9,3.12,8465,1010,2541,1418.69,1743,FALSE,0,0,0,0,0
30dc6d2b199ed4ef1d3292d7dccadc1eacc6f180,1395246702,1,1,1,0,203,170,0,4,52.6,365,54,2540,1419.12,847,FALSE,0,0,0,2,0
77c3b4636e6b9f741dd8d46bdea5a3f61beaf924,1395207833,1,1,0,0,0,0,0,0,0,0,0,2539,1419.2,1742,FALSE,0,0,0,0,0
25edcbaff93c8a446404e52889239d7fcea88e7a,1395207799,1,1,3,0.893294,120,81,0,1,2.33,7310,153,2538,1418.2,418,FALSE,0,0,0,0,0
553b8fb2e08de9c71561b9363149785fe025fe70,1395067869,1,1,1,0,3,0,0,2,29.52,210,62,2537,1421.1,846,FALSE,0,0,0,0,0
461b401e28a2ec3bcc734e746924018057b70e02,1395044506,1,1,0,0,0,0,0,0,0,0,0,2536,1420.75,1741,FALSE,0,0,0,0,0
d2a4611d1ecc8e631ab955017ae1d3f5a0a4c010,1395042193,1,3,3,0.867687,28,14,0,1,41.8,1490.67,14.67,2535,1419.81,212,FALSE,0,0,3,0,0
65c3dbba2ce321ccbdddc572abd231fef761aff5,1395040197,1,1,0,0,0,0,0,0,0,0,0,2534,1418.87,1740,FALSE,0,0,0,0,0
7ef0b5b4285da4237b8d136ad2ff61fcd1a3d1a9,1395038463,1,1,0,0,0,0,0,0,0,0,0,2533,1417.92,1739,FALSE,0,0,0,0,0
89589d7ef5e1db8cbdc6cf796b534e772424ee56,1395028560,1,1,1,0,35,23,0,9,0.12,8453,1009,2532,1417.19,1738,FALSE,0,0,0,0,0
70b782c7e76085c6d9a88f5c72c274e511dc93d8,1395018519,1,1,1,0,7,6,0,9,0.14,8452,1008,2531,1416.47,1737,FALSE,0,0,0,0,0
9732b0a6367932e2fdbeb2185c990f7091da9390,1395018025,1,1,0,0,0,0,0,0,0,0,0,2530,1415.48,1736,FALSE,0,0,0,0,0
00acaa56b943a0ae8b9df0f6cb3aea61b73b8b0c,1395015347,1,1,0,0,0,0,0,0,0,0,0,2529,1414.56,1735,FALSE,0,0,0,0,0
1cea2be9c1cccdfce789f08027db23d1b21d63aa,1395006681,1,1,6,0.805792,340,296,0,1,1.45,3676.33,121.5,2528,1413.8,417,FALSE,0,0,0,298,518
94381bd8991e70ff05ed6db53c733031c082d2ea,1395006451,2,2,2,0.218358,63,32,0,9,0.04,9126.5,644,2527,1412.8,1289.5,TRUE,0,0,0,0,1
23d935d7ec6dfa6e831468b96ec9f74fbd8278d5,1395003591,1,1,1,0,17,14,0,4,0.52,9800,569,2526,1411.88,844,FALSE,0,0,0,0,0
69da13b26107a81da0700b0a2de7ad40f33eaeba,1395002178,1,1,1,0,6,13,0,9,0.1,8457,1006,2525,1410.92,1733,FALSE,0,0,0,0,0
a6519e0ff7b733f6b445d527b6dcddd6ab763525,1394993755,1,1,1,0,0,1,0,9,0.01,8458,1005,2524,1410.16,1732,FALSE,0,0,0,0,0
b701a36e219df6da0dca64909af6cef6e631aa6e,1394993297,1,1,1,0,10,10,0,9,0,8458,1004,2523,1409.17,1731,FALSE,0,0,0,0,0
24a34088d82b8f69ab6d20ad7e685903ef7cb8ad,1394993240,1,1,1,0,28,35,0,9,1.31,8465,1003,2522,1408.17,1730,FALSE,0,0,0,0,0
0eeb092aad075461674256c39a80828ef597f648,1394958425,1,1,1,0,11,0,0,4,0.02,9789,568,2521,1408.13,843,FALSE,0,0,0,0,0
7d4726d12eae00223d18098218bb09e91f0af334,1394956869,1,1,1,0,10,26,0,4,0.89,9805,567,2520,1407.17,842,FALSE,0,0,0,0,0
e13bf164ead7a251e13cf52049aa3f8bb0282ffc,1394881323,1,1,6,0.735832,327,406,0,1,1.1,3689.5,121.33,2519,1408.25,416,FALSE,0,0,0,298,553
07434b19aef2e44210fda50a4fe938556b83e55b,1394880091,2,2,2,0.567623,85,40,0,9,0.05,9112.5,640,2518,1407.28,1285,TRUE,0,0,0,0,6
819fa88eb7dde1491ae7a1061f6ccc973edb8502,1394876497,1,1,1,0,6,2,0,9,0.09,8446,1001,2517,1406.38,1728,FALSE,0,0,0,0,2
95976814f53fb4464cbe0bd8099f736f059c31a0,1394875423,1,1,1,0,48,1,0,4,0.08,9728,565,2516,1405.41,840,FALSE,0,0,0,0,0
0a2dd2a3302fe85d3cff0a8387bf179c4d66d507,1394868835,2,2,2,0.438746,11,4,0,9,0.01,9083.5,638.5,2515,1404.59,1283,FALSE,0,0,0,0,0
65f125d9989a1f7dcbb12b2274e726115cfb12a8,1394867870,2,2,2,0.431711,15,4,0,9,1.62,9078,638,2514,1403.62,1282,FALSE,0,0,0,0,1
7a2f6ebfd5210d8725f7aa5f12286c6b5648c80c,1394815402,1,1,1,0,14,24,0,9,0.34,8452,998,2513,1404.06,1725,FALSE,0,0,0,0,9
5d89fa3f07548bef50053a84f78b90159c934474,1394785939,1,1,6,0.832874,316,277,0,1,0.67,3683,121.17,2512,1403.87,415,FALSE,0,0,0,298,488
4a66e28584350cf7c8d661b7e4d2af98f4fc21be,1394785830,1,1,1,0,1,1,0,9,0,8452,997,2511,1402.87,1724,FALSE,0,0,0,0,0
85990bbeb359643bb2eec035d007c79a10f207ec,1394785557,1,1,1,0,27,9,0,9,0.01,8434,996,2510,1401.88,1723,FALSE,0,0,0,0,4
e0311e1530775420d7e2d2a11ec7003e2b77ebaf,1394784754,1,1,1,0,26,31,0,9,0.66,8439,995,2509,1400.9,1722,FALSE,0,0,0,0,0
6eb4dbf9cdd81b8477dd9f43f12f1a2e914c720e,1394783313,1,1,1,0,1,1,0,1,18.08,2053,114,2508,1399.94,137,FALSE,0,0,0,0,0
a90453461e20a0a75d4252d405793a529a78750b,1394728118,2,2,7,0.80079,184,184,0,9,0.37,4362.43,176.43,2507,1400.45,1067.5,FALSE,0,0,0,132,252
7e04c9a90932ca15f84e1f8073a8d467bc8ec1b1,1394699242,1,1,2,0.57938,3,3,1,1,0.05,2687.5,235,2506,1400.24,413,FALSE,0,0,0,2,4
e51602ccfa06d1666f963dc500f8d0c2e2599d89,1394696013,1,1,1,0,6,2,0,1,0.63,620,14,2505,1399.33,211,FALSE,0,0,0,0,0
ca7adb59db16851de8b224ea0e3227818476f096,1394695093,1,1,6,0.558635,688,555,0,1,2.01,3660.83,120.67,2504,1398.35,412,TRUE,0,0,0,322,552
3a12802a4bb94bb20839f95c4c05b2c50dca5116,1394694611,1,1,0,0,0,0,0,0,0,0,0,2503,1397.36,1720,FALSE,0,0,0,0,0
c770eab3e334e0983b0b9cc3c113b598221559b1,1394694225,1,1,1,0,56,55,0,9,0.01,8438,993,2502,1396.37,1719,FALSE,0,0,0,0,0
079b8e7337c4d2ab13a117db32e795a00c008850,1394693455,1,1,1,0,27,57,0,9,0.61,8468,992,2501,1395.4,1718,FALSE,0,0,0,1,5
2e4593eee7d970367663334efa9284dec4d3bbd3,1394641671,1,2,2,0.552017,108,79,0,1,28.88,1733.5,21,2500,1395.81,210,TRUE,0,0,0,0,2
3ca80a7bf3d49dfa80cbb73be94f71d34a8b0867,1394640689,2,2,2,0.938453,12,11,0,9,0.36,9090.5,634,2499,1394.83,1277,FALSE,0,0,0,0,3
a4c15e5fa5ba28b9e297c5b44627b0a84131bb7e,1394609436,1,1,1,0,45,12,0,9,0,8437,990,2498,1394.68,1716,FALSE,0,0,0,0,0
a40748e3aab3abea2b26e113766a2f1adcb17273,1394609401,1,1,1,0,2,2,0,4,0.98,9711,561,2497,1393.68,836,FALSE,0,0,0,0,0
029aac8059ff6e9b4d3565b5ed6a1e23c5473f04,1394609371,1,1,1,0,16,15,0,9,1.02,8436,989,2496,1392.68,1715,FALSE,0,0,0,0,9
2970f66218da2db0bb16915ef6c6166d8d0cac38,1394525082,1,1,1,0,4,0,0,4,0.05,9707,560,2495,1393.97,835,TRUE,0,0,0,0,0
ef238de7a7e428c303a851527e8c8dad0c1e62eb,1394521122,1,1,6,0.800689,263,247,0,1,0.89,3658.17,120.5,2494,1393.08,411,FALSE,0,0,0,239,480
af05313dc50d6586de5752182bda6f0cebb36520,1394521052,1,1,1,0,70,0,0,4,0,9637,559,2493,1392.08,834,TRUE,0,0,0,0,0
df0d1b57a01b29a5d4ac0ccf0c05c42b2eb0ba52,1394521044,1,1,1,0,1,1,1,9,0.08,8436,988,2492,1391.08,1714,FALSE,0,0,0,0,0
23cff25ed591c0c9ed4f04965cb9cfe9b2eb5051,1394520928,1,1,1,0,4,4,0,4,0.95,9637,558,2491,1390.09,833,FALSE,0,0,0,0,0
c70b13a65094f26ff28ddac98e33990e5c76abdb,1394513949,1,1,1,0,42,36,0,9,0.87,8430,987,2490,1389.28,1713,FALSE,0,0,0,2,14
a51c6a7670bdd83690722f807282511e3ac18c1d,1394469253,1,1,2,1,4,4,1,1,0.35,66.5,307.5,2489,1389.49,410,FALSE,0,0,0,6,22
0bdb643e14b206840cff1a1156c09aed373cff2c,1394439251,1,1,1,0,9,8,0,4,0,9636,557,2488,1389.3,832,FALSE,0,0,0,0,0
0cbbbf1287b77ff117d5c50f27360293117fb652,1394439214,1,1,1,0,3,3,0,4,0,9636,556,2487,1388.3,831,FALSE,0,0,0,0,0
9a00b62d28a52e7cdbb95f16c85b3b6854662e9c,1394439147,1,1,1,0,190,6,0,4,0.53,9452,555,2486,1387.3,830,TRUE,0,0,0,0,0
05dce760d66ae2a7c0bb8c8868076397bdd2a970,1394439068,2,2,5,1,5,5,0,9,0.18,5027.2,234,2485,1386.3,1060.5,FALSE,0,0,0,0,0
4eaf91c3dc581525cf4893893263da7a1ecad701,1394423926,2,2,7,0.462263,29,29,0,9,0.34,4339.86,174.57,2484,1385.71,1059.5,FALSE,0,0,0,52,73
818c3d614078d51ef82806e2f0ba1a1d1bcbbd9c,1394422084,1,1,1,0,20,17,0,2,0,167,39,2483,1384.76,829,FALSE,0,0,0,0,0
5e19cd0084409bc019473cec75dd09a599384509,1394421839,1,1,1,0,3,9,0,2,40.9,173,38,2482,1383.77,828,FALSE,0,0,0,0,0
7b062579556b095e11075f2d3820bb3f8016dccc,1394414580,1,1,0,0,0,0,0,0,0,0,0,2481,1382.96,1710,FALSE,0,0,0,0,0
2af21c800396d142361ef0bdfca12ed2689a7372,1394394977,2,2,7,0.875068,249,362,0,9,0.48,4356,174.43,2480,1382.49,1058,TRUE,0,0,0,293,562
db6f90794660175620e0556c38f8e23a995a8d46,1394393133,1,1,2,0.57938,4,2,0,1,0.64,2634.5,232.5,2479,1381.54,406,FALSE,0,0,0,5,8
125ed8bff2c38fdb5c65487e75fa9a6ab424e71f,1394393119,1,1,1,0,8,8,0,4,0.78,9452,554,2478,1380.54,827,FALSE,0,0,0,0,0
1d0f2e9d310f7afe4bed0002fdd2376237079732,1394337579,1,1,6,0.422474,1266,987,0,1,4.49,3625.5,119.5,2477,1381.03,405,TRUE,0,0,0,358,626
43efc930f47ad26821ec78c37881e311681a553e,1394337077,1,1,1,0,1,1,0,9,0.14,8458,983,2476,1380.05,1708,FALSE,0,0,0,0,0
737e18d2deaf363e2267ccb0b811d83eb5f27fe7,1394325365,2,2,2,0.6973,9,4,0,9,0.14,8952.5,625.5,2475,1379.36,1266.5,TRUE,0,0,0,0,0
445445603f08dbe06cc9dab46582f7fbf8e112cf,1394313407,2,2,2,0.854007,45,40,0,9,0.59,8950,625,2474,1378.68,1265.5,FALSE,0,0,0,0,3
5957c949589bed89b464d7f816414082d84df2da,1394312351,1,1,1,0,27,27,0,4,2.51,9445,551,2473,1377.71,824,FALSE,0,0,0,0,0
1c416617125467d872dc6663d2571f7d65b915fb,1394269725,1,1,0,0,0,0,0,0,0,0,0,2472,1377.85,1705,FALSE,0,0,0,0,0
1b2909605e315ae93520e6ea37c68b3c1db25831,1394265021,1,1,0,0,0,0,0,0,0,0,0,2471,1376.97,1704,FALSE,0,0,0,0,0
c6a13f970f654bce9d00696bd56f68d53ccd6a3d,1394213169,1,1,1,0,193,224,0,9,1.36,8486,980,2470,1377.36,1703,FALSE,0,0,0,16,9
f2f57dc5a5b8e6cfecf62b0ac343d098522751cf,1394095501,1,1,1,0,5,12,0,9,0,8493,979,2469,1379.52,1702,FALSE,0,0,0,0,0
c6de1ab56c12dac35e3a9c80d83f1805605fd740,1394095371,2,2,2,0.0420746,108,45,0,9,0.84,8937.5,623,2468,1378.52,1262,FALSE,0,0,0,2,2
0392e37eed6dde1e7eb8e3a5028e542761009b60,1394090723,1,1,1,0,98,88,0,9,0.92,8421,977,2467,1377.65,1700,FALSE,0,0,0,0,0
f630c4ec6c357429f757ce57ec254a3c2cb0e460,1394037300,1,1,0,0,0,0,0,0,0,0,0,2466,1378.08,1699,FALSE,0,0,0,0,0
e668642b23aa25fe65c0f1a08e5c840cb1c09326,1394011400,1,1,1,0,27,28,1,9,0.65,8422,976,2465,1377.78,1698,TRUE,0,0,0,0,0
c4c0c050af7c5d722a4a440a4d26d5861e87f0f5,1393954848,3,3,7,0.280358,588,134,0,9,0.36,5589.43,208.71,2464,1378.29,974.333,FALSE,0,0,0,240,408
b4ff8360ba1ae45dd7f59f60da06752eacccbdf4,1393924914,1,1,0,0,0,0,0,0,0,0,0,2463,1378.1,1696,FALSE,0,0,0,0,0
708a2ec703dc1ef67f0c9316ac2e6b71fc66ee06,1393924640,1,1,1,0,0,2,0,9,0.01,8275,974,2462,1377.11,1695,FALSE,0,0,0,0,0
407cb2f7e6c0f9821df67dabfb8cc2a0f6f1b0a0,1393923753,1,1,6,0.339267,803,971,0,1,0.66,3602.67,119.17,2461,1376.13,403,FALSE,0,0,0,139,295
0b22e76b85bc04ea5e7da93f0ccbc20d807f7663,1393923723,2,2,2,0.00376233,299,325,0,9,0.27,8872.5,620.5,2460,1375.13,1257.5,FALSE,0,0,0,0,20
7671187160af6a10c2a8b978c117359895792e31,1393900377,2,2,2,0.330299,19,19,0,9,0.58,8872.5,620,2459,1374.76,1256.5,FALSE,0,0,0,0,0
5695e0e6b689fc85b62bcb0257632acd60823c9e,1393867129,2,2,7,0.789771,11,11,0,9,0.32,4273.86,172.14,2458,1374.65,1047,FALSE,0,0,0,2,9
e22b2f00dcd52e1c8e9a7dfe45f998677f587f80,1393840152,1,1,6,0.428883,1297,329,0,1,5.16,3441.33,118.83,2457,1374.37,401,FALSE,0,0,0,330,567
2a017c3a7cc08f6dd8fda32dc8008a07e2fd0020,1393832928,2,2,2,0.00387044,538,69,0,9,3.07,8638,619,2456,1373.56,1255,TRUE,0,0,0,0,4
ce65c3113ac01b7d7207eb4d83a722a9d6d63183,1393796827,1,1,0,0,0,0,0,0,0,0,0,2455,1373.53,1690,FALSE,0,0,0,0,0
0dc2e8994be75d1caa462f46bdb030d5b21fe2bd,1393727403,1,1,1,0,3,3,0,11,0.34,7892,1105,3,3,3,FALSE,0,0,0,0,0
d25ab4f2044fc88e1271e7deae351766dcb36b6e,1393698231,1,1,1,0,3,3,0,11,0.06,7892,1104,2,2,2,FALSE,0,0,0,2,0
ff26080c5c378fd7af282e5b72c500832c1ddbbf,1393693004,2,2,2,0.734496,18,2,1,11,0.44,8691.5,717.5,1,1,1,FALSE,0,0,0,1,0
65a2ebb8ad70d25775c161918933d763bfcc34bc,1393663509,1,1,0,0,0,0,0,0,0,0,0,2454,1376.11,1689,FALSE,0,0,0,0,0
95bd2dde195cc6d5e654735f7ae1b57b1000fa4c,1393655182,2,2,2,0.817531,2611,4538,0,10,-63.94,9655,717,0,0,0,TRUE,0,0,2,99,137
f0a542b1545a9a4792982bd21ffc9e3488f43069,1393645554,1,1,1,0,1,1,0,9,3.88,7832,969,2453,1375.59,1688,FALSE,0,0,0,0,0
dfe1c940bcf3610980694c0057136a0654acd2e0,1393489130,1,1,1,0,10,9,0,4,3.02,9443,545,2452,1378.81,818,TRUE,0,0,0,0,0
3cd870836860d73a98bdf5614b42f8bdc86c2ce5,1393403427,2,2,5,0.604203,56,48,0,1,1.45,4120.2,140.6,2451,1380.12,425.5,FALSE,0,0,0,18,47
e677161e49e986600dc472b70155bfb82a09fd86,1393346673,1,1,2,0.138977,33,38,0,1,0.42,2622.5,229,2450,1380.66,399,FALSE,0,0,0,76,137
818c6711d8dc7e3dbd5feb58513ec87bef69e689,1393310426,1,1,1,0,17,14,0,9,0.95,7829,968,2449,1380.65,1687,FALSE,0,0,0,0,0
f60cc76f3e05f5f1b929e1919af9c89dd0099431,1393310396,1,1,2,0.34637,67,257,0,1,0.57,2717.5,228.5,2448,1379.65,398,FALSE,0,0,0,88,158
685321fdc594faacdf49594aa077e1de8e04962e,1393260949,2,2,6,0.751752,271,179,0,1,1.62,3457.17,118.17,2447,1379.99,423.5,FALSE,0,0,0,358,586
303215d42f1885f1186d74d0e341759ea24b2a82,1393227981,2,2,2,0.101454,41,13,0,9,1.18,8622,617,2446,1379.88,1251.5,TRUE,0,0,0,8,0
f3137528883d58bacaedbf2077305fb68b244eb9,1393221492,1,1,1,0,22,104,0,1,1.2,2135,113,2445,1379.06,136,TRUE,0,0,0,0,0
28b83a486ee46d415eeffcd892d91c188b370ca6,1393131542,1,1,1,0,25,11,0,4,0.07,9429,543,2444,1380.5,816,FALSE,0,0,0,0,0
80289bd452f25db2afc184f5475e467fe5d42377,1393125631,1,1,0,0,0,0,0,0,0,0,0,2443,1379.66,1685,FALSE,0,0,0,0,0
054be39febc72a0ea9a8dfe7c9b9b4bffb823eb6,1393125614,1,1,1,0,17,12,0,4,0,9424,542,2442,1378.66,815,FALSE,0,0,0,0,0
6448e049d1fb4422b02e30bd058fe3dfe4a3d3cb,1393125360,1,1,1,0,15,15,0,4,0.08,9424,541,2441,1377.67,814,FALSE,0,0,0,0,0
8e1f7c8d6fcf98af759363e14c40ee8556a201dc,1393121200,3,3,7,0.343349,198,145,0,9,0.7,4070.14,170.71,2440,1376.78,843,FALSE,0,0,0,236,418
c4e31e7a58a2b5278968eefe340568939a09854f,1393120646,1,1,1,0,3,3,0,9,0.03,7801,965,2439,1375.8,1683,FALSE,0,0,0,0,0
0860d9712e886bf561dc57e41acb6cc05b8a14a4,1393118360,1,1,1,0,5,0,0,4,1.78,9419,540,2438,1374.86,813,FALSE,0,0,0,0,0
1a17cbd26b8c69bd52c76b66b5961844b066b002,1393117882,1,1,1,0,4,2,0,9,0,7799,964,2437,1373.87,1682,FALSE,0,0,0,0,4
c2b1d3b551a21bf2ab7ae026e49e7e57bbe3810c,1393117834,1,1,1,0,18,6,0,9,0,7787,963,2436,1372.87,1681,FALSE,0,0,0,0,4
d4fac798fc607bb0c6f0c5ec749064aca89a7dc5,1393117708,2,2,2,0.656577,38,11,0,9,4.71,4947.5,517.5,2435,1371.88,907.5,FALSE,0,0,0,6,4
b009b232458675caff915724ad686d46b0175842,1393092199,0,0,0,0,0,0,0,0,0,0,0,2434,1371.56,0,FALSE,0,0,0,0,0
f276f1e2f5ad2851d2d9e8d6f2e824227ae0b635,1393065801,1,1,0,0,0,0,1,0,0,0,0,0,0,0,FALSE,0,0,0,0,0
154e57748f722eb3541b539b2fb1c0bcb86ce3b9,1393054960,1,1,1,0,2,2,0,9,0.05,7776,961,2433,1371.57,1679,FALSE,0,0,0,0,0
6854fee73ecb335e3782ff687aac5d12fb8790c6,1393050377,2,2,7,0.296426,153,384,0,9,0.53,4099.57,169.86,2432,1370.69,1036.5,TRUE,0,0,0,242,421
24240bfba4384240bcf3a8afee9fcaf52eb86396,1393004727,2,2,7,0.343856,74,75,0,9,0.41,4099.71,169.71,2431,1370.92,1035.5,FALSE,0,0,0,98,166
40e32daabee2fdfd542917df64bd47471ad7f2fb,1393000335,1,1,1,0,1,4,1,9,0.42,7854,958,2430,1370.04,1676,FALSE,0,0,0,0,0
008cbc89720abcae65bcd186b5355539719e19c4,1392965202,1,1,0,0,0,0,0,0,0,0,0,2429,1369.98,1675,FALSE,0,0,0,0,0
8a1d2b614af4c9c6b4be0911ee24b7ea54975272,1392964302,3,3,8,0.383725,104,82,0,9,1.85,4762.25,180.12,2428,1369.01,959.667,TRUE,0,0,0,64,117
b79d03d9a42125f61543126b5812e8151c3d4e7a,1392962909,1,1,1,0,157,159,0,4,4.3,9416,538,2427,1368.04,811,TRUE,0,0,0,0,2
83fb9f84edd5622cd21f48dd58190e023c916032,1392793831,2,2,6,0.772145,206,184,0,1,3.28,3469,117.33,2426,1371.6,420,FALSE,0,0,0,123,263
c634830b9f6febb595e8a2c8f282c75161ac00bb,1392710385,1,1,1,0,30,23,0,9,1.38,7841,956,2425,1372.85,1673,FALSE,0,0,0,0,0
24edd688335bb8d25909f80c602729e92ccf791c,1392591183,2,2,2,0.395661,66,32,1,9,0.64,8611.5,608.5,2424,1375.09,1241,TRUE,0,0,0,0,2
6913798250ee9bd1f5c8b23353273fb54dec11d1,1392541587,1,1,1,0,3,3,1,9,0.23,7841,954,2423,1375.44,1671,FALSE,0,0,0,0,0
131bd2c2cde24005ec7450b73c01614e059b91fa,1392530277,1,1,1,0,79,74,0,4,1.88,9377,536,2422,1374.74,809,TRUE,0,0,0,2,4
55ae55c803d457e08d56679484296226b64ed0e5,1392521299,3,3,4,1,48,28,0,9,0.24,7116.75,269.5,2421,1373.99,836,FALSE,0,0,0,0,0
63f0eea70c8683d482df0866457f61421001fc7e,1392517741,1,1,1,0,4,2,1,2,0.13,208,61,2420,1373.08,808,FALSE,0,0,0,0,0
38aeef0760548783c058ef9e35a201886211660c,1392506561,1,1,3,0.0413149,101,41,0,2,1.26,194,42.67,2419,1372.39,807,FALSE,0,0,0,0,0
88d5f5d76c711dbf5c939ab3d00d2bb3919e1f9a,1392503576,1,2,7,0.28273,299,120,0,1,127.71,791.43,5.29,2418,1371.47,209,FALSE,0,0,45,11,10
486ba5fe0aef20d4a7bb9c065253ec2017cd0d66,1392502049,1,1,2,0.662765,56,44,0,2,0.54,250.5,59,2417,1370.51,806,FALSE,0,0,0,0,0
76f85389ae65c1af7418576a838b8de74e00fc31,1392500368,1,1,2,0.734496,5,5,0,1,1.54,2693,224.5,2416,1369.56,390,FALSE,0,0,0,0,4
3d311496e017333fb6a3dcbb60b47612bc4b99dc,1392500343,2,2,5,0.249007,114,155,0,9,1.54,4658,226,2415,1368.56,1029,FALSE,0,0,0,228,392
fdbfe0f84b401d596c41b2c59c33d52ef97e36c6,1392455831,1,1,1,0,46,45,0,1,6.26,48,6,2414,1368.76,208,FALSE,0,1,12,26,41
8a255929047d6f2ac956a7961681c73583bdf86b,1392455820,1,1,2,0.169252,10,7,0,2,4.09,249,58.5,2413,1367.76,805,TRUE,0,0,0,0,0
7edf024c7119c50886ba58469d1c1013b21c2cfc,1392367472,1,1,1,0,4,4,1,4,0.09,9377,535,2412,1369.15,804,FALSE,0,0,0,0,0
ee4d9890e771883c0e2ffe4a0106025f60db5e56,1392367243,4,4,9,0.29237,592,224,0,10,2.07,3403.11,144.44,2411,1368.15,748.25,TRUE,0,0,0,309,550
9cc06a94ec6a7ad5db3ed34b33b6b6ad19a43fa6,1392365168,1,1,1,0,3,3,0,1,2.01,5253,361,2410,1367.21,387,FALSE,0,0,0,0,0
dd6dc1d334063d7d24658854fa8777a91d741a95,1392359365,1,1,1,0,9,9,0,4,0,9377,534,2409,1366.37,802,TRUE,0,0,0,0,0
fb2bafb49eab498a33132c492939a98dca668d39,1392359186,2,2,2,0.123931,39,6,0,9,1.9,8544.5,604.5,2408,1365.37,1234,TRUE,0,0,0,0,0
4d484411027ed250fb592cf92902667f4eb8838f,1392263474,1,1,0,0,0,0,0,0,0,0,0,2407,1366.95,1666,FALSE,0,0,0,0,0
c0fa980f703ce5e0a4ec5385e841eea3f174e45a,1392225255,1,1,0,0,0,0,0,0,0,0,0,2406,1366.99,1665,FALSE,0,0,0,0,0
bc3b8e73fe4991f0aeb6e9775885a1d2dc987cec,1392200615,1,1,1,0,1,1,1,8,0.1,7745,949,15,10.78,3,FALSE,0,0,0,0,0
bb3bac9933b5fa6c5d810df78efb72be25f31b0e,1392191554,2,2,6,0.64318,14,14,0,8,0.15,4711.33,194.17,2405,1366.9,1025,FALSE,0,0,0,4,6
1ac5fa544b59770e7e2f3c1b88ea77bbb40ee60e,1392189754,2,2,3,0.114293,19,11,0,4,2.45,3328.33,191,2404,1365.95,503.5,TRUE,0,0,0,0,0
91bb4d4b0039b56285868a6d09d5e261a1cd56f7,1392182404,1,1,0,0,0,0,1,0,0,0,0,2403,1365.15,1663,FALSE,0,0,0,0,0
aecdd0fdd530f102d2f0143e4819585f7235d7e4,1392181648,1,1,1,0,20,14,0,4,0.92,9337,531,2402,1364.17,799,TRUE,0,0,0,0,0
2e5f3cd25c5ceb7f1c1585092e433b25abb4b1ac,1392181618,3,3,4,0.754784,25,23,0,8,0.12,7035.25,267.5,2401,1363.17,831,FALSE,0,0,0,0,0
8558c552844191544163a68b87ea208d4792937b,1392173868,1,1,1,0,4,3,0,8,0.04,7744,946,2400,1362.38,1661,FALSE,0,0,0,0,0
b16b49aea411ab21cf29ec6902c7484ae15b0edd,1392171786,1,1,2,1,4,12,1,1,0.02,66.5,298,2399,1361.43,384,FALSE,0,0,0,8,8
09678eeef46b4284e400a69688858fe0e4eeeaba,1392169997,2,2,7,1,7,7,0,8,0.74,4044.86,167.14,2398,1360.48,1021.5,FALSE,0,0,0,0,0
fad43842a4b795f35ba36b0efa94be2deb5b5ad1,1392107945,3,3,5,0.454126,19,19,0,8,0.82,4604,224.2,2397,1361.15,828.667,FALSE,0,0,0,4,8
7faaac94dda2cd5c208067740f4fd4cca50cc9db,1392102898,1,1,1,0,4,3,0,1,8.25,2886,34,2396,1360.28,206,FALSE,0,0,0,0,0
f090af229251a78bcb1dfa58655fd88442210c98,1392102121,2,2,2,0.674494,8,8,0,8,0.94,8540.5,600,2395,1359.3,1228,FALSE,0,0,0,0,0
4b448a877cedec4e1029fdeb30542389dc87775a,1392102019,4,5,11,0.372666,722,542,0,2,114.77,794.82,49.45,2394,1358.31,760,FALSE,0,0,7,195,190
dae0b25717ccf0c0765b51bbf8d728eade0edfe6,1392021130,3,3,8,0.544858,71,157,0,8,1.02,4711.5,176.88,2393,1359.48,944,FALSE,0,0,0,121,172
de3d9dca724ce9fdccfe6d2a45cd77ecde31fbf3,1391934778,3,3,4,0.69468,28,28,0,8,0.05,7039.5,265.75,2392,1360.8,826,FALSE,0,0,0,0,0
a91abb3e8df7902265cff16a638093d32738b618,1391930824,4,4,9,0.570885,384,123,0,8,1.68,4394.44,164.56,2391,1359.91,740,FALSE,0,0,0,247,421
dabea8b9724bb738f1fa59dfabcd917cb016220e,1391914837,1,2,2,0.431711,28,48,0,1,18.26,320.5,8,2390,1359.34,204,TRUE,0,0,0,8,10
dedffb356005f2145ce3ca5e7cc96356c9c86316,1391914268,2,2,4,0.867529,162,162,0,8,2.41,7000.75,265.25,2389,1358.35,1015,FALSE,0,0,0,0,0
5eb2306e9a7d1a273d446fccc56670327e6cebdd,1391837188,1,1,3,0.910375,0,20,0,2,24.9,195.67,40.67,2388,1359.42,794,FALSE,0,0,0,0,0
8a2e06a713b536011b1d24aa9df0c27585f4a4af,1391706395,2,2,7,0.790114,33,33,0,8,0.45,4025.29,166,2387,1361.95,1014,FALSE,0,0,0,44,81
23b495aee89580ea2b68a46f294b74541b489203,1391706341,1,1,1,0,4,4,1,1,1,2075,109,2386,1360.95,132,FALSE,0,0,0,0,0
b9d314e64ca33ea727977387de6efe733ac52c43,1391667707,2,2,6,0.570101,22,18,0,1,0.94,3410.67,114.5,2385,1361,409,FALSE,0,0,0,26,36
5a4826e6609b6c084fef65737215109522985af4,1391666703,1,1,1,0,3,2,0,8,0.02,7708,937,2384,1360.02,1651,FALSE,0,0,0,0,1
20bf67d3521f687ca1c909946115651ea03ed0a2,1391664716,1,1,1,0,2,2,0,8,0.9,7708,936,2383,1359.08,1650,FALSE,0,0,0,0,2
8b4f1e13836f49ec377eb512fe084d392a89d700,1391619811,1,1,1,0,9,9,1,1,0.42,2075,108,2382,1359.29,131,FALSE,0,0,0,0,0
20297e359d9f7f0e4e152dcac688f13af8c88839,1391586681,3,3,6,0.506901,54,38,0,1,0.97,3408,114.33,2381,1359.18,821.667,FALSE,0,0,0,18,27
de7409fd07d81ff58b7a1249d5ba6cc16be31469,1391586637,2,2,2,0.194885,21,9,0,8,0.5,8497,596,2380,1358.18,1220.5,FALSE,0,0,0,0,2
8498f12a9d77f3f9ec61463c731bda9a453cc875,1391583752,1,1,1,0,15,9,0,8,0.94,7702,934,2379,1357.26,1647,FALSE,0,0,0,0,0
e949eb8623b946cd4ad3729baa42ff6ea5439507,1391583545,1,1,1,0,1,1,0,1,2.16,2075,107,2378,1356.27,130,FALSE,0,0,0,0,0
201d17bc315f840d97303de632d73515a463a050,1391502914,3,3,8,0.43284,237,152,0,8,0.95,4668.88,175.5,2377,1357.44,937,FALSE,0,0,0,36,51
143e9bd210119105d04080a960899b5227d6984f,1391491961,1,1,1,0,2,4,0,8,1.1,7690,932,2376,1356.73,1645,FALSE,0,0,0,0,0
9ec874d8a6f9ebc08f89115d7e2d43247d6de4ad,1391491922,1,1,1,0,5,0,0,4,1.9,9249,525,2375,1355.74,791,FALSE,0,0,0,0,0
2543afebf1c1be6e4669226f665e86ccffd4a9c0,1391396734,4,4,8,0.706926,143,104,0,8,2.85,3766.88,152.88,2374,1357.3,646.5,FALSE,0,0,0,162,287
81a859604c3e0a7ffbda150efbd51c174690b3e4,1391390274,2,3,2,0.734496,4,1,0,1,7.15,1738,19,2373,1356.47,923,TRUE,0,0,0,0,0
d3be4bba37786749fdac8c12df26b1610ddbf5ef,1391328087,1,1,1,0,2,1,0,4,1.91,9248,524,2372,1357.15,790,FALSE,0,0,0,0,0
6779c9eb36c84cdabb54e21876b64baebdd21cc5,1391188370,1,1,2,0.0354206,37,35,0,1,0.3,2616.5,216.5,2371,1359.94,371,FALSE,0,0,0,78,150
733da570c8cb69faeaa4ab269a03fbeb85eb9eb4,1391162743,4,4,8,0.434945,49,73,0,8,0.37,4667.5,174.75,2370,1359.63,810.25,FALSE,0,0,0,2,24
65258d5b6aac0deac4dc16282fa22896564266d2,1391157624,3,3,4,1,72,44,0,8,0.63,6973.25,262,2369,1358.77,816.333,FALSE,0,0,0,0,0
618c8bb5adf85c04a68bf44659b80201691b1a6a,1391103481,3,3,8,0.466019,61,41,0,8,0.2,4661.5,174.5,2368,1359.24,932,FALSE,0,0,0,2,24
ba8684dfc7b757082e4a313e8b88b2e7f886c029,1391100411,1,1,6,0.845611,345,231,0,1,1.39,3375.5,113.17,2367,1358.32,367,FALSE,0,0,0,306,542
36a1bd9e0f24a970c5c01fb92dc74afcc9abf70e,1391100394,1,1,0,0,0,0,0,0,0,0,0,2366,1357.32,1639,FALSE,0,0,0,0,0
fe56c1c6f2a1bb79fc5fe92b3aa271542cc3e9d6,1391100215,1,1,0,0,0,0,0,0,0,0,0,2365,1356.33,1638,FALSE,0,0,0,0,0
86a37e6f8dcb31d49d8d06fb6c6f9d10bdbaa6b3,1391074637,1,1,1,0,8,8,0,8,0,7677,927,2364,1356.02,1637,FALSE,0,0,0,0,0
da1aad7b928015a5734f39778ca98df82a886501,1391074590,1,1,1,0,70,21,0,8,1.09,7628,926,2363,1355.02,1636,FALSE,0,0,0,2,4
876621f8af92dda11bd6384e17e37d9835e1fa3a,1391032246,0,0,0,0,0,0,0,0,0,0,0,2362,1355.16,0,FALSE,0,0,0,0,0
8a908b720f1eae33493cc2e0699242eb23e094f2,1391031230,1,1,0,0,0,0,0,0,0,0,0,0,0,0,FALSE,0,0,0,0,0
dadde52c40b6fe2097093952fde8ad622cb47927,1391016826,1,1,1,0,67,33,0,1,0.03,2031,105,2361,1354.58,128,TRUE,0,0,0,0,1
369dd98cbe74f9f6a391ec57b5beda2c8d329d6a,1391014501,1,1,0,0,0,0,0,0,0,0,0,2360,1353.64,1635,FALSE,0,0,0,0,0
8cdd6cd13115a0c6abd05652314e4611b3ac9f3a,1391014478,2,2,2,0.234525,28,23,1,4,0.35,5637,304.5,2359,1352.64,457,FALSE,0,0,0,0,2
973bc21f37de2f2820360211edef271919439866,1391014152,1,1,0,0,0,0,0,0,0,0,0,2358,1351.65,1634,FALSE,0,0,0,0,0
2ba327345dbd518dc804b9f357c8351f08ca0c0d,1390988649,1,1,2,1,2,2,1,1,0.15,2608,214,2357,1351.34,366,FALSE,0,0,0,2,8
138ecc4ee1a4899df89dbff258f3c576f07ed396,1390984000,1,1,1,0,1,5,0,1,0.1,2034,103,2356,1350.47,126,TRUE,0,0,0,0,0
5b9a8e9bf9145610edc9bd8d616d61e57ec3063c,1390983859,1,1,1,0,17,21,1,4,0.09,9248,520,2355,1349.47,786,TRUE,0,0,0,0,0
ecb91613e80d95f8b60893c0be83ca44d4d3ce5f,1390980712,1,1,1,0,2,0,0,8,0.05,7626,925,2354,1348.55,1633,FALSE,0,0,0,0,0
d4ac76081ea72d1d21d81f6e7acef16ccb24eba0,1390976347,1,1,1,0,3,5,0,4,0.07,9250,519,2353,1347.67,785,FALSE,0,0,0,0,0
e5204868923cf25e2b0537a5c1444393f6a3adca,1390976093,2,2,6,0.430324,45,22,0,1,1.58,3371.67,112.83,2352,1346.68,401.5,FALSE,0,0,0,4,0
63727b67ee14cdcac42aa046e5e45da30c4c9850,1390976050,1,1,1,0,2,5,0,8,0.01,7629,924,2351,1345.68,1632,FALSE,0,0,0,1,0
d969dcecbff88bfad7e9981e646e3de7515acefd,1390975447,1,1,1,0,1,1,0,8,0.06,7629,923,2350,1344.69,1631,FALSE,0,0,0,0,0
49c9a202e0be6199173ff8517c2d108c24ad52d2,1390975426,1,1,1,0,82,84,0,1,12.6,2036,102,2349,1343.7,125,TRUE,0,0,0,0,4
512c8de526d76b8c1db29dc6b699f8f2febd59dd,1390969993,2,2,2,0.541048,14,5,0,7,0.94,8435,587,0,0,0,FALSE,0,0,0,1,0
012a92906700d7c8823df85c62300b8170d5ff19,1390888766,1,1,1,0,6,0,0,7,0.57,7620,921,2348,1345.01,1630,FALSE,0,0,0,0,0
bec4e8d8e4bb4de025e22b22c758533f4af11021,1390888250,1,1,1,0,22,18,1,3,0.08,9240,517,2347,1344.02,784,TRUE,0,0,0,0,0
9f0993f29bbb9a0b42133153bf7449debbdb742f,1390888178,2,2,2,1,6,6,1,2,4.74,172.5,20.5,2346,1343.03,453.5,FALSE,0,0,0,0,0
1b79448ac282e98ce3b7174c768382e7fa8d04af,1390881647,1,1,1,0,5,1,0,3,0.49,9236,516,2345,1342.2,782,FALSE,0,0,0,0,0
6cef7d50607e1c205c28f652371a903ebed81c7d,1390839370,3,3,8,0.547555,69,38,0,7,0.77,4631.88,172.5,2344,1342.33,924.667,TRUE,0,0,0,63,90
752545ec0eb29c673ddac9db6560d87c304b163b,1390776251,1,1,1,0,1,1,0,7,0.05,7615,919,2343,1343.01,1628,FALSE,0,0,0,0,0
adbebf7eccb2afcb2a09a1430897ebe84f253e13,1390772251,2,3,8,0.342982,28,28,0,1,0.81,2961.75,87.75,2342,1342.12,282.5,FALSE,0,0,0,44,79
4d57ac0ce16fd9df21856284b8c708ed5a27f6c3,1390771659,1,1,1,0,1,1,0,7,0.87,7615,918,2341,1341.14,1627,FALSE,0,0,0,0,2
24b77d9dcb7565e549fc96d6f3691a351bda2074,1390771621,1,1,1,0,4,2,0,3,0.8,9220,514,2340,1340.14,780,FALSE,0,0,0,0,0
cc0f431c35543f93a3a2e5d773c960ff2da6f6e8,1390718892,1,2,2,1,2,2,0,1,0.26,1738,18,2339,1340.54,201,FALSE,0,0,0,0,0
1e7927fbffb255ce1f6977be1806f209b55838ed,1390708369,1,1,2,0.24115,30,26,0,2,1.6,253.5,56.5,2338,1339.82,779,FALSE,0,0,0,0,0
129e56e5701dc207c9ed4e0277abf570e945dc36,1390702320,1,1,1,0,1,1,0,4,39.82,365,53,2337,1338.99,778,FALSE,0,0,0,0,0
5beef690adda9679d1661a132e3c15878fce904b,1390702285,1,1,1,0,4,2,1,3,0.33,9218,513,2336,1337.99,777,FALSE,0,0,0,0,0
b0383b09785e911606b109c633bfd6b43e4604f3,1390696832,3,4,9,0.803037,31,28,0,7,0.63,3478.44,128.89,2335,1337.13,729.333,FALSE,0,0,0,26,60
16c6a11b7790e9ded427a1336b8840174c0d286c,1390676430,1,1,0,0,0,0,0,0,0,0,0,2334,1336.67,1625,FALSE,0,0,0,0,0
9117b13576e6e842b32709a91402929949ffa43b,1390676418,2,2,6,0.78969,9,9,0,1,3.13,3369.67,112.17,2333,1335.67,399,FALSE,0,0,0,36,14
af559789185b3c68d18e7c891ab91bf6b546b41e,1390673982,1,1,2,1,8,8,0,4,0.33,4760,276.5,2332,1334.74,776,FALSE,0,0,0,0,0
0446a1b3a85b7c1e05383c89b43a43e2341b6085,1390647134,1,1,1,0,1,1,0,7,2.74,7615,916,2331,1334.45,1624,FALSE,0,0,0,0,0
3986dd4c3242023bb52af6716ede054ab591971f,1390645362,1,1,2,0.0826735,151,126,0,4,0.34,4747.5,276,2330,1333.5,775,TRUE,0,0,6,2,0
79afa16a7fa4c75a5d608affaa9a5c21f5e1b6aa,1390616330,2,2,3,0.264733,24,37,1,4,0.83,3365,184.67,2329,1333.27,486.5,FALSE,0,0,0,0,0
087ed0aa6a321ee4bd8dbc4d1a1108c15cf46f1e,1390584206,2,2,2,0.295462,28,19,0,3,0.88,4891,256,2328,1333.12,485.5,TRUE,0,1,0,0,0
44fa3d2d07d0b0041ceae914b38bb6def44a1bca,1390553558,1,1,1,0,1,1,1,3,0.06,9200,508,2327,1332.93,772,FALSE,0,0,0,0,0
8654d83a33d0a6f2d6ab3bd543e81ae58eea916e,1390547953,1,1,1,0,8,3,0,3,0.01,9195,507,2326,1332.08,771,FALSE,0,1,0,0,2
efb78c823ccc52ba335986ef186c875983757cb2,1390546849,1,1,1,0,35,34,0,3,0.94,9194,506,2325,1331.1,770,TRUE,0,0,0,0,0
3bb7f0c2914fc4dfc92421848ffbabe47c7c176e,1390497473,1,1,1,0,30,30,1,2,0.43,173,36,2324,1331.41,769,FALSE,4,0,4,0,0
62e0db7c9b2e9eeb429bf36fd3c918dd7f597236,1390465859,1,1,2,0.815895,25,12,1,4,0.06,4742.5,273,2323,1331.25,768,TRUE,0,0,0,2,0
130695fcb3e8b2aafd6ff2d3fef7b2f7333a5aea,1390465824,1,1,1,0,1,1,0,2,32.69,205,53,2322,1330.25,767,FALSE,0,0,0,0,0
05fa301ecbc305fb41bd668e97abc580c768ed57,1390463309,1,2,2,0.57938,28,17,0,1,7.41,1728.5,16,2321,1329.31,197,FALSE,0,0,0,10,5
7b8a23453f6c6b2e893380513e9bcfe1df84f14c,1390460982,1,1,2,0.96041,47,25,0,4,1.77,4731.5,272.5,2320,1328.37,766,TRUE,0,0,0,1,0
cb444794202ca26a60931db5f841bfccc3852aee,1390460870,1,1,1,0,1,1,0,1,2.97,134,1,2319,1327.38,765,FALSE,0,0,0,5,0
afb3806326e72cc79e302a279d00be799e4fb624,1390460650,2,2,2,0.0583971,67,68,0,2,75.07,173,19.5,2318,1326.38,443.5,TRUE,4,0,4,0,0
d96bfd21b70cdf252360fde9ba7e7a7806fde81d,1390419448,1,1,1,0,1,0,0,1,0.11,5166,336,2317,1326.47,360,FALSE,0,0,0,0,0
ee90f730b551f86586b7a301cbb60409f5fd065a,1390410772,1,1,1,0,1,1,0,6,0.01,7615,915,0,0,0,FALSE,0,0,0,5,0
bbc3100bb3427859a6b9bc1927918f3ca08aee09,1390409665,4,4,7,0.196793,111,105,0,6,0.37,5277.86,193,2316,1325.72,795.25,FALSE,0,0,0,214,376
ac1bb2a6bd2ced044159bdd4d29b12574d2dd056,1390379270,2,2,0,0,0,0,0,0,0,0,0,2315,1325.52,1028.5,FALSE,0,0,0,0,0
41ef391d1574b9dd6b508c9fa4551adf3265ed64,1390379205,2,2,7,0.302791,55,165,0,6,0.17,3990.86,161.14,2314,1324.53,989.5,FALSE,0,0,0,92,172
e51aa5899ae6df4e6b6ffa85d9815fbf32fdccbb,1390371908,1,1,1,0,1,1,0,6,0.1,7613,912,2313,1323.72,1620,FALSE,0,0,0,0,0
38bb975abded74f114d1fbe211ec08b07a285ad0,1390366184,1,1,1,0,1,1,0,3,0.04,9159,502,2312,1322.87,762,TRUE,0,0,0,0,0
a249b315ca26a55b11f1eb9d5ef7e04d665cf271,1390363199,1,1,2,0.39729,214,79,0,1,1.35,2590.5,209.5,2311,1321.95,357,FALSE,0,0,0,82,154
eba85e1ec30f56f6e886f1788e6af832c4b7aecb,1390363171,1,1,1,0,3,3,0,1,20.46,570,3,2310,1320.95,196,FALSE,0,0,0,0,0
c1c92256ea102300db1596ddc8edbd8b1503b5d6,1390363153,3,3,6,0.605396,577,439,0,6,1.76,5273.5,219,2309,1319.95,912,TRUE,0,0,0,254,433
58ce97c0b43ff3a4bb880d0ccf982bd8ad9322df,1390246411,1,1,2,0.169252,28,23,0,1,0.91,2588,209,2308,1322,355,FALSE,0,0,0,47,87
ca58bab1f0edc61226b891849ac1b1ac29dca28a,1390239115,1,1,1,0,2,5,0,3,0.4,9162,500,2307,1321.19,760,FALSE,0,0,0,0,0
052c484abd986ca181c329270fe4775914d091ec,1390232339,1,1,0,0,0,0,1,0,0,0,0,2306,1320.37,1618,FALSE,0,0,0,0,0
7a213c9d6ff7400cb00db00936013d3cfa02650a,1390205775,1,1,1,0,2,2,1,2,0.02,304,77,2305,1320.07,759,FALSE,0,0,0,0,0
f4de7422b384f3a8d374ef657d95c5af3d8a3b65,1390205536,2,2,5,0.424053,18,17,1,6,0.45,4496.2,216.2,2304,1319.07,985.5,FALSE,0,0,0,50,57
a3d18d0429117db3aeffc8788b503af4d790a578,1390204347,1,2,3,0.957545,280,91,0,4,6.41,3137,179.67,2303,1318.1,758,TRUE,0,0,1,4,4
77fbffdc4bbd653433429837de23771cdfc3d9a2,1390167675,1,1,2,1,2,2,0,1,0.05,2588,208.5,2302,1318.06,353,FALSE,0,0,0,2,2
63ea01104b59ecceae94643614fdb8b523962c76,1390166843,2,2,5,0.355933,118,118,0,6,0.05,4496.2,216,2301,1317.08,984,TRUE,0,0,0,234,380
cad0f1f396f074c5729a3d720f6aff1199129ee5,1390163305,1,1,2,1,8,10,0,1,0.01,2589,208,2300,1316.18,351,FALSE,0,0,0,2,13
677fb934943219d0970f65cd088be1414fcb65f5,1390162209,2,2,7,0.744561,491,412,0,6,0.55,3940,159.86,2299,1315.2,982.5,FALSE,0,0,0,314,549
55cbb127012a5efedd8ce2ab58c69d34e4e3384d,1390114303,2,2,7,0.316753,238,514,0,6,1.56,3979.43,159.71,2298,1315.45,981.5,FALSE,0,0,0,308,532
14099813f0bb0a746c9326b0d557074419950a3d,1390018285,1,1,0,0,0,0,1,0,0,0,0,2297,1316.96,1613,FALSE,0,0,0,0,0
b1fd4e853c4318155abab142faae1ed4fdeacef8,1389979647,1,1,6,0.435462,113,92,0,1,1.4,3365,110,2296,1316.97,348,FALSE,0,0,0,102,190
c1d3fc1b781c61dde5285a79654dc28efac22a7a,1389979631,3,3,2,0.980877,32,43,0,6,0.76,8400.5,571,2295,1315.97,934.333,FALSE,0,0,0,1,2
829980a9419504f3dea5c02a1fa22a08bfa99cec,1389944706,1,1,0,0,0,0,0,0,0,0,0,2294,1315.88,1611,FALSE,0,0,0,0,0
d1e1a90d08af5cc6469725d7034d9472e5147956,1389935772,0,0,0,0,0,0,0,0,0,0,0,2293,1315.11,0,FALSE,0,0,0,0,0
d56de091f6fbd10a68a56ba0230bb8c041684057,1389932301,1,1,1,0,1,1,0,6,0.86,7638,904,2292,1314.2,1610,FALSE,0,0,0,4,0
87bb926fef94b75191fefa37d15f8ad70d299813,1389930873,1,1,0,0,0,0,0,0,0,0,0,2291,1313.24,1609,FALSE,0,0,0,0,0
e983f938594a177f731a2afe714c84864b052edc,1389894860,2,2,2,0.932711,18,3,0,6,0.99,8393,570,0,0,0,FALSE,0,0,0,1,1
c721acc2fa2154cb8052849e0614ce817f2ccb3e,1389890277,1,1,0,0,0,0,0,0,0,0,0,2290,1313.3,1608,FALSE,0,0,0,0,0
16fd4c83aca2c90df5fe9569e43c704c7ee1f6b6,1389886444,1,1,1,0,1,1,0,1,28.36,2036,101,2289,1312.4,122,FALSE,0,0,0,0,0
999dfb84ee2f9f90319251969b80f5317026a071,1389858365,3,3,7,0.772652,297,261,0,6,1.14,3970.29,159,2288,1312.13,795.667,FALSE,0,0,0,315,554
c6557e50781fbf3353f773f4a1210ceb741d9584,1389759497,3,3,8,0.62751,22,19,0,6,1.84,4617.12,167.5,2287,1313.7,902.667,TRUE,0,0,0,24,62
f7aab029784880a508a3dc437380f8dd278f02e9,1389732906,2,2,2,0.57938,4,2,1,5,1.6,8386,568.5,0,0,0,FALSE,0,0,0,2,0
fdcd67dd6b247e5fa7269e5d95263ed698b1c6f5,1389633121,1,1,1,0,16,15,0,2,0.36,9142,494,2286,1316.01,755,FALSE,0,0,0,0,0
6c611d71dda5eb33973c1c31d9c40b54b42123db,1389632569,1,1,0,0,0,0,0,0,0,0,0,2285,1315.02,1605,FALSE,0,0,0,0,0
b7e2396269e0ecd038e09a7a07abb37dd6de6b04,1389602359,1,1,1,0,58,41,0,2,3.21,9125,493,2284,1314.82,754,FALSE,0,0,0,0,1
ab62875ab131259233b228ff825da7df5cbf1b6a,1389592931,1,1,0,0,0,0,0,0,0,0,0,2283,1314.06,1604,FALSE,0,0,0,0,0
a499fdbb13ec1503555a950aeccb26d4b8f901aa,1389556467,2,2,7,0.820076,424,297,0,5,0.52,3952.14,158.57,2282,1314.02,974,FALSE,0,0,0,368,703
bf2f0c38ed053b72cda20cf266e4a6f523589b25,1389513437,3,3,4,1,4,4,0,5,0.07,6875.75,251.75,2281,1314.14,792.667,FALSE,0,0,0,0,0
b14c05ccae9f044a5b6438c46371e28ba214b55f,1389513295,1,1,2,0.15876,9,9,1,1,0.08,2580,204,2280,1313.15,343,FALSE,0,0,0,18,22
66e7cd41b776f72cd1870b51e9efc9c2b95e9fd5,1389505992,1,1,2,0.634732,40,55,0,1,1.93,2587.5,203.5,2279,1312.34,342,TRUE,0,0,0,42,54
e9a15d918946a9c788f99ad05f57955b53ab0f73,1389505690,2,2,5,0.42073,150,167,1,5,1.74,4504.4,213.6,2278,1311.35,971,FALSE,0,0,0,238,454
e4aee13e9ea5a4dce4cd6b3f21668ecd8b71da21,1389421365,1,1,1,0,14,15,0,5,0.96,7596,897,2277,1312.55,1600,FALSE,0,0,0,0,0
551f9fcdf9c126ff5db9bb04810e9a2005ddac60,1389338852,2,2,7,0.746114,258,213,0,5,0.16,3950.43,157.71,2276,1313.71,969.5,TRUE,0,0,0,352,633
2ec5e948b42e4abddc3c92544ea42ec00e3d4fbf,1389325315,4,4,8,0.656015,121,97,0,5,0.54,4594.25,166.12,2275,1313.07,780.25,FALSE,0,0,0,162,320
60b7f504e68e80b9bda6ea3372e43998fc0a5193,1389285832,2,2,6,0.473533,75,49,0,5,0.25,4595.5,182.17,2274,1313.1,967.5,TRUE,0,0,0,44,62
f99668f551f240d5dc8647f544c869f9bd15c4a1,1389284663,2,2,1,0,18,5,0,5,0.29,7575,893,2273,1312.13,1013,FALSE,0,0,0,0,0
8ade41b2704442ff68649c2b7d5db4358e952fcd,1389283851,1,3,3,0.130533,155,141,0,1,58.79,1663,13.67,2272,1311.15,195,FALSE,0,0,12,36,43
a36a5363b4f380c14b0807a0048c1befdcfc474e,1389259745,2,2,7,0.197678,38,38,1,5,0.67,3942.71,157.14,2271,1310.78,966,TRUE,0,0,0,62,136
cb22fb54e8b414d4d324cb0d9e4d3fbf4340a2c4,1389251793,4,4,6,0.595467,547,252,0,5,1.96,5213.33,214.83,2270,1309.99,777.75,TRUE,0,0,0,222,450
1dcfdfdb65a2f4140adaaabda47cb40d34fd9a13,1389112255,1,1,1,0,0,13,0,2,0.42,9114,490,2269,1312.65,751,FALSE,0,0,0,0,0
d309eb8fa12fc45c3c5aa2f904fd38398fe6724a,1389076010,3,3,8,0.852196,447,314,0,5,2.08,4537.5,165.38,2268,1312.6,892.667,TRUE,0,0,0,288,614
16dfdbe3143bf0a231912b1f8b3d9b808b77fbde,1388951358,2,2,2,0.173056,15,10,0,5,0.64,8256.5,561,2267,1314.88,1170.5,FALSE,0,0,0,0,2
b926ed7b009477fc49b737541e0439de702e50db,1388898622,3,3,6,0.541591,211,157,0,5,1.24,4525.33,181.17,2266,1315.27,784.333,FALSE,0,0,0,90,232
67a6b88104a809d14d7480f23c31a8eef853dbb7,1388893883,1,1,1,0,30,5,0,2,1.45,9025,487,2265,1314.4,748,TRUE,0,0,0,0,0
631699bf8010ae6e1d1d52d9a2ed8610ccbeb55f,1388891312,1,1,1,0,17,17,0,5,0.04,7462,887,2264,1313.47,1590,FALSE,0,0,0,0,0
80801bf7d05c74c4eaefc3eadbf54fadc35b5c4a,1388888179,1,1,1,0,41,17,0,5,1.35,7438,886,2263,1312.55,1589,FALSE,0,0,0,0,0
4850a033fab0a8d9cf5bf47712281205d5c06daf,1388771205,2,2,7,0.528163,44,12,0,5,0.5,3876.43,156.14,2262,1314.64,960.5,FALSE,0,0,0,7,36
0b4029f7a1b7a87fef0fd381b705502aa5268928,1388768709,1,1,2,0.205194,15,28,1,3,0.44,4652,263,2261,1313.7,747,FALSE,0,0,0,0,1
c07ef0d92aa95b1516120f1309277d601ee48aec,1388732159,1,1,1,0,1,0,0,5,0.01,7428,884,2260,1313.67,1587,FALSE,0,0,0,0,0
ca48c5ddff6f098429f6f56a419f37044e582eec,1388731069,4,4,8,0.498285,429,189,0,6,0.76,4519.88,167.5,2259,1312.7,772.75,TRUE,0,0,0,218,432
a20c362983d1d4d3629145a8c53c1767e27a3099,1388709443,2,2,7,0.249983,10874,10859,0,5,0.81,3847.57,155.71,2258,1312.27,958,TRUE,0,0,16,596,1034
7beb204b9d816d80531f801741dda30f84072f2d,1388639427,2,2,7,0.41697,163,145,0,5,0.91,3845,155.57,2257,1313.11,957,FALSE,0,0,0,140,247
3e4f9451a0da7a6106dcc10dbd2c5e74849155dd,1388595713,3,6,7,0.0634465,118,110,0,5,23.72,4459,144.86,2256,1313.27,702,FALSE,0,2,0,2,8
6e5846d20602f6324ae7d0195316050ec3bc6bb2,1388595148,3,3,6,0.299163,243,191,0,5,0.74,5124.5,212.33,2255,1312.29,885,TRUE,0,0,0,222,446
5965591934efbb778650f92d8f11d29dc3dbdf48,1388543005,2,2,5,0.512246,165,117,0,5,0.85,4341.4,209.6,2254,1312.66,954,FALSE,0,0,0,222,446
78f8a03da544b07449ade3829bbc47ec0a0e9b7e,1388471010,1,1,2,0.756895,42,2,0,3,4.81,4605,261.5,2253,1313.57,744,TRUE,0,0,0,0,0
4d10584233af1e83a5aea100775c6975ec91aedd,1388469536,4,4,7,0.498663,302,177,0,5,1.8,5088.71,185.43,2252,1312.61,768.75,FALSE,0,0,0,212,420
106fa64060a21b265c07e5b9bc2907703765ef30,1388353766,2,2,7,0.382634,43,70,0,5,0.83,3821.57,154.86,2251,1314.68,952,FALSE,0,0,0,61,124
95be8b2cf3f884d58a71db8b367b5486fa9f274c,1388282212,2,2,7,0.372653,283,216,0,5,2.95,3812,154.71,2250,1315.58,951,FALSE,0,0,0,234,472
53d7c6c085aafed72484a7b01db8ed9856ebc159,1388164880,1,1,0,0,0,0,1,0,0,0,0,2249,1317.71,1577,FALSE,0,0,0,0,0
e4df75519c86d974995339e26b03683f9a2016a9,1388074149,3,3,6,0.646595,16,11,0,5,1.57,5083.17,211.33,2248,1319.14,880.333,FALSE,0,0,0,6,29
0438fa6816c9b2b677376eddc0003c47a4fc2070,1387952505,4,4,4,0.408431,17,3,0,5,1.73,5878.5,313.25,2247,1321.4,765.75,FALSE,0,0,0,2,2
2dab4ccf8575e55d6ef303cb53f9a18388774f29,1387910842,1,1,4,0.827729,5,5,1,1,0.8,3021.75,112.5,2246,1321.53,321,FALSE,0,0,0,0,13
b338e76649492be4c5cb399d81b1d266d8f6de08,1387841391,1,1,5,0.323515,50,49,0,1,0.75,3868.4,90.6,2245,1322.4,320,TRUE,0,0,0,68,159
c737ab764ee296f5ef05e2ce1c2dbe2a40ce0c1c,1387818414,1,1,1,0,4,3,0,5,0.49,7276,872,2244,1322.02,1574,FALSE,0,0,0,0,0
990e73fce6d5628127995250a8f8d8401ffb0434,1387776194,4,4,8,0.586222,392,261,0,5,1.63,4433.5,162.38,2243,1322.16,764,FALSE,0,0,0,288,529
99fac3ae1c01385591604ac71a86a99bafac89b2,1387774854,1,1,0,0,0,0,1,0,0,0,0,2242,1321.19,1572,FALSE,0,0,0,0,0
ad0bcc7de952d68e1cddc96de4e3af513e3a1be7,1387697124,1,1,1,0,21,3,0,2,1.87,8883,478,2241,1322.29,739,FALSE,0,0,0,2,0
8069853ddaeee4e8297e6896b74a8ebc73c0f9e1,1387643942,1,1,2,1,2,2,1,1,0.29,2544,194.5,2240,1322.73,318,FALSE,0,0,0,0,6
14ed669ebaea020545a806012939890f3dcaf165,1387641907,1,1,0,0,0,0,1,0,0,0,0,2239,1321.79,1571,FALSE,0,0,0,0,0
9ff5fa4acfb3174e0b9dd2b12edc08f132d25d5a,1387641820,3,3,4,1,4,4,0,2,29.76,150.75,31.5,2238,1320.79,809.667,FALSE,0,0,0,0,0
d026024e8c778e6d5c2c0ff8c94148fde8f88dfd,1387640758,0,0,0,0,0,0,0,0,0,0,0,2237,1319.82,0,FALSE,0,0,0,0,0
25d1491e6b0578dfff46660f0b5928471412db38,1387640492,0,0,0,0,0,0,0,0,0,0,0,2236,1318.82,0,FALSE,0,0,0,0,0
4e1415faf2ff73a617cff184593e1148a515e13a,1387631712,1,1,0,0,0,0,0,0,0,0,0,14,11.07,2,FALSE,0,0,0,0,0
692f64a78aab14d01df79ef610dd2e117b618374,1387619116,2,2,7,0.849354,254,230,0,5,2.07,3791.86,153.57,2235,1318.4,943,TRUE,0,0,0,286,582
b20b8af5a61e4584213e52a5a9db76fe17929860,1387538119,1,1,0,0,0,0,0,0,0,0,0,2234,1319.58,1568,FALSE,0,0,0,0,0
d34cf636d815ccf520f7faad0ff516d6de8992ce,1387535898,1,1,2,0.405639,4,4,0,3,1.02,4561.5,258,2233,1318.64,737,FALSE,0,0,0,0,0
3c72ea40b4ae3acf2c61454553bd23dab5339338,1387523161,1,1,0,0,0,0,0,0,0,0,0,2232,1317.99,1567,FALSE,0,0,0,0,0
f87c7833a381d72458ce04ac35ea6a77a1f89c71,1387523058,1,1,0,0,0,0,0,0,0,0,0,2231,1316.99,1566,FALSE,0,0,0,0,0
f3931140fec759ca94118d5fd1738c57fe6d46db,1387447555,1,1,2,0.734496,28,17,0,3,1.16,4556,257.5,2230,1318.02,736,FALSE,0,0,0,0,0
8459117c2342c593fbf50d70b7f47c4d13a2665d,1387440109,3,3,8,0.671398,81,69,0,5,0.55,3676.25,136.62,2229,1317.22,691.333,FALSE,0,0,0,78,167
bbc0c97329735e86a5b186e14072a45bdeb958fe,1387440000,2,3,1,0,10,7,1,1,31.21,2864,25,2228,1316.23,307.5,FALSE,0,0,0,1,0
1d8b152758d90e502517fb311aef1382e985858b,1387436941,0,0,0,0,0,0,0,0,0,0,0,2227,1315.31,0,FALSE,0,0,0,0,0
1c4652448cbb7985fac96742f959e41e3914c79c,1387436559,5,5,7,0.501715,188,147,0,5,3.54,4618.29,188.14,2226,1314.32,631.2,FALSE,0,0,0,203,386
3a34e606b83a9a2f4f0a8c8802b148ad0f1ecfae,1387421861,1,1,1,0,2,2,1,5,1.87,7233,867,13,10.14,1,FALSE,0,0,0,0,0
ca55748103cc87ab5a5936f4eea858c08d562122,1387266553,1,1,1,0,1,1,0,2,0.1,8866,474,2225,1317.9,734,FALSE,0,0,0,0,0
43fa199cfaf9abca269dfcf838f66e172a924a59,1387261591,1,1,1,0,0,2,0,4,0.09,367,52,2224,1317.04,733,FALSE,0,0,0,0,0
f288ca23ae63e25a6106b40ce02d5468049bdfc6,1387260636,1,1,1,0,1,1,0,5,0.01,7233,866,2223,1316.06,1563,FALSE,0,0,0,0,0
40267144618392ae5becd228c4582fad04b4bccf,1387259581,2,2,7,0.513179,15,15,0,5,0.02,3787.71,152.86,2222,1315.09,938,FALSE,0,0,0,34,43
39a865270870bf03d119b8688806242a497421e6,1387257766,3,3,9,0.402109,133,140,0,6,0.82,3958.56,146.78,2221,1314.14,868.667,FALSE,0,0,5,167,330
fb432465eae1413baea76c6200939622352b3ea0,1387253835,1,1,1,0,1,1,1,4,0.83,367,51,2220,1313.24,731,FALSE,0,0,0,0,0
42bccfe1ec1fe2947ceb62f25593d079e930ebb4,1387252519,1,1,1,0,1,1,0,5,0.72,7229,863,2219,1312.28,1560,FALSE,0,0,0,0,0
98566150d24d368a32e7fc9c333ea467a59f44ad,1387190167,1,1,2,0.47756,5,9,1,3,0.03,4564.5,255.5,2218,1312.96,730,FALSE,0,0,0,0,0
676e1705c12f97770686f8e72939e68d48727ddd,1387190086,2,2,1,0,6,5,0,1,1.05,5042,298,2217,1311.96,366.5,FALSE,0,0,0,0,0
172cc1ffea213ee1fceec9f76cd8f20020acae29,1387190060,3,3,6,0.417346,48,29,0,5,0.75,5045.33,208.17,2216,1310.96,866.333,FALSE,0,0,0,2,4
6845a52e927c3cb8eaec97ae149017867ea6e8ca,1387184739,1,1,1,0,5,3,1,2,0.06,256,67,2215,1310.1,728,FALSE,0,0,0,0,0
b5dc89f0e6f9c592720282134fe1b1e44a86fcee,1387182486,1,1,1,0,14,0,0,4,0.02,353,50,2214,1309.16,727,TRUE,0,0,0,0,0
ecaea51fe02b3fd079a25d18a03df68d5094bd51,1387180572,1,1,1,0,3,3,0,4,1.89,353,49,2213,1308.21,726,FALSE,0,0,0,0,0
77baf0809282891224f191a9b1445c95990acb87,1387180543,1,1,0,0,0,0,0,0,0,0,0,2212,1307.21,1558,FALSE,0,0,0,0,0
63ff5a2fe367c27a1f662424257eacfa34124684,1387180426,1,1,0,0,0,0,0,0,0,0,0,2211,1306.22,1557,FALSE,0,0,0,0,0
97662f4b3e6c073a3537d05bbcd923ce26fe432f,1387179268,1,1,1,0,2,2,1,2,0.01,256,66,2210,1305.25,725,FALSE,0,0,0,0,0
38869d5035cdce209caf8170953dd277bdacb25b,1387178253,1,1,2,0.293634,21,0,0,3,0.07,4545,253.5,2209,1304.27,724,FALSE,0,0,0,0,0
08047d4ab759dcaced27f917ad4fda8d52bead05,1387178119,1,1,1,0,5,5,0,5,0.02,7228,861,2208,1303.28,1556,FALSE,0,0,0,0,0
cf33853e686db27a28bcc0197a2dba76f4b669db,1387176643,1,1,1,0,40,5,0,2,0.06,8803,469,2207,1302.32,723,TRUE,0,0,0,1,0
768e618ed95903679f508267f120f7cd435ac00e,1387176610,1,1,1,0,2,2,1,5,0.9,7228,860,2206,1301.32,1555,FALSE,0,0,0,0,0
025ed51f115753cd32c2c3349ea8f69ff1d12b8c,1387171453,1,1,1,0,2,2,0,2,0.13,8803,468,2205,1300.45,722,FALSE,0,0,0,0,0
ab9dae3bf3aed600602b1f25ce7f2a68054e3402,1387168083,1,1,1,0,6,0,1,2,1.77,246,64,2204,1299.54,721,TRUE,0,0,0,0,0
74da5dfd4bffcd0e37d53686ba9bebdfe3d96004,1387160388,1,1,1,0,6,4,0,2,2.41,8801,467,2203,1298.75,720,FALSE,0,0,0,0,0
aaaf452fdccb35c6d506b143fc2f943f92e43a6a,1387099165,3,3,7,0.328183,236,214,0,5,0.94,3782.29,151.86,2202,1299.37,761.333,FALSE,0,0,0,232,453
d2b97d8aea8d72cdde83ce9d6bf1431b828cd03a,1387019130,3,3,6,0.349794,56,41,0,5,0.04,4403.67,175.5,2201,1300.49,760.333,FALSE,0,0,8,6,0
8b9521649398c8753d98eea2f8bc1986ec10a2d4,1387018889,0,0,0,0,0,0,0,0,0,0,0,2200,1299.5,0,FALSE,0,0,0,0,0
f933fa8c789ae6b1fb8ed613c720ae02a8be0657,1387018005,1,1,1,0,19,13,0,5,0.02,7216,857,12,9.24,0,FALSE,0,0,0,0,0
f9553091394e4faa3ebbdc05d3a40c5478825577,1387017245,1,1,1,0,3,3,0,4,8.21,353,48,2199,1298.54,719,FALSE,0,0,0,0,0
9c65a82430f6a7f992eb41a91faa1fe7d0783db2,1387016382,2,2,5,0.219192,91,94,0,5,0.08,4277.4,204.8,2198,1297.57,930,FALSE,0,0,8,191,370
7b4dda9c731bf6a74e1e85773278ba6357bf8f10,1387015171,1,1,0,0,0,0,1,0,0,0,0,2197,1296.6,1551,FALSE,0,0,0,0,0
9ad7d2d977e83ada474303f124ad5814e195668e,1387014801,1,1,1,0,12,5,1,2,1.15,239,63,2196,1295.61,718,FALSE,0,0,0,0,0
e3b4b2f667fb6d2ecf2c34db67a733d3836aa235,1387009780,2,2,7,0.500775,314,446,0,5,0.64,3798.57,151.29,2195,1294.74,928.5,FALSE,0,0,0,256,492
60a1374fb4aa0a706563e6b539612a5f87805d42,1386954718,2,2,7,0.570482,322,265,0,5,0.45,3790.43,151.14,2194,1295.19,927.5,FALSE,0,0,0,279,616
7fcbc3c0037d204f3592de3ae6eb09bbc5eaad64,1386952329,1,1,1,0,6,6,1,2,0.42,8801,466,2193,1294.26,717,FALSE,0,0,0,0,0
40421f4321deff4a6d48c136486fb43bfdd51004,1386915767,3,3,9,0.544692,295,180,0,6,5.16,3939.78,144.33,2192,1294.22,856.333,TRUE,0,1,7,271,569
ad2683b610a3b06da44c47a0f4af404c008a1083,1386820267,1,1,1,0,6,6,0,5,0.46,7233,852,2191,1295.75,1547,FALSE,0,0,0,0,0
7d49699e5fa8ff5ccb87d0ba5720c3e4f0c331b3,1386782698,0,0,0,0,0,0,0,0,0,0,0,2190,1295.74,0,FALSE,0,0,0,0,0
b34a239096f78ba9da87252889a0f94dbc31e7b8,1386782687,1,1,0,0,0,0,0,0,0,0,0,2189,1294.74,1546,FALSE,0,0,0,0,0
02d1251fe4a9fc908c759e2743751cfae1079c38,1386781251,0,0,0,0,0,0,0,0,0,0,0,2188,1293.78,0,FALSE,0,0,0,0,0
95e58ebb9fe5114b5c436551c5f5d49104eb2ec9,1386780716,1,1,1,0,7,1,0,5,4.51,7227,851,6,2.97,5,FALSE,0,0,0,0,0
1cb2704f1b30687b56ff5150ecfa1cbe4e1df577,1386555356,1,1,0,0,0,0,0,0,0,0,0,2187,1298.78,1545,FALSE,0,0,0,0,0
dea71f1aa93d232cc1d4248324e22a7733c5a53a,1386554171,1,1,1,0,4,4,0,1,157.82,1997,1,2186,1297.81,191,FALSE,0,0,0,0,0
aee975b7d8064c58a4faad1a5516958e42c6eca5,1386554064,1,1,0,0,0,0,0,0,0,0,0,2185,1296.81,1544,FALSE,0,0,0,0,0
18b6d51644cbdb4bb130ebab48dde03767ecaf12,1386535911,2,2,1,0,5,3,0,2,0.55,8775,464,2184,1296.29,1129,FALSE,0,0,0,0,0
3a5ff851af0c4a0df9238db1cf836a4c27c01e53,1386531752,1,1,0,0,0,0,0,0,0,0,0,2183,1295.4,1542,FALSE,0,0,0,0,0
cd929345e638ba456a01160496b00945deeb42c9,1386529295,1,1,0,0,0,0,0,0,0,0,0,2182,1294.47,1541,FALSE,0,0,0,0,0
de232dd7262557e287f1d654163ef9a3e8b0e8ea,1386528247,1,1,1,0,140,119,0,2,3.52,206,61,2181,1293.5,714,TRUE,0,0,0,0,0
8ebe99d4f5f1e50f2c7d3b4dd9217baa390b139c,1386488782,1,1,1,0,12,1,0,2,1.13,8764,463,2180,1293.54,713,FALSE,0,0,1,0,0
32f760a461ad0494802486f25775b3bf4443dedc,1386487682,1,1,0,0,0,0,0,0,0,0,0,2179,1292.57,1540,FALSE,0,0,0,0,0
65eaab5cf4f2a290f601d5e4c4a445c685e3c880,1386486339,1,1,0,0,0,0,1,0,0,0,0,2178,1291.61,1539,FALSE,0,0,0,0,0
51698944e07adca2d365b625850722a8d4b9e822,1386390899,4,4,8,0.559234,34,23,0,5,0.38,4400.12,158,2177,1293.14,743,FALSE,0,0,0,10,20
c61a0cdd228803282a738551a2695ca67dbba816,1386387256,1,1,1,0,5,5,0,4,0.42,7227,848,2176,1292.23,1537,FALSE,0,0,0,0,0
64fc9243577c83ef4fd5975f4b58bb3b676d8d03,1386381565,2,2,2,0.405639,6,6,0,4,0.15,7991.5,533.5,0,0,0,FALSE,0,0,0,0,0
9a1de81fc53b9ce993a775a5f1516861b4d95ad5,1386351145,1,1,1,0,5,4,0,3,0.01,7226,847,0,0,0,FALSE,0,0,0,0,0
3633d3cd7322fe85b5fe45237155591032cdb7fb,1386350018,4,4,9,0.503832,65,15,0,3,4.7,4131.11,146.78,2175,1292.22,667.25,TRUE,0,0,0,0,9
9a0465eb05c77175960d3dea5b2bf6a8d5201747,1386307503,1,1,1,0,2,2,0,4,0.97,353,47,2174,1292.35,710,FALSE,0,0,0,0,0
088e199aa2506f20df1f4e44e144c87992fa29f4,1386307487,3,3,4,1,96,28,0,3,0.49,6551,236.75,2173,1291.35,751.333,FALSE,0,0,0,0,0
bc4c043d7e9b98f8e426299047bfa32ff1b2347f,1386265122,4,4,8,0.620194,166,70,0,3,0.06,4376,157.25,2172,1291.47,740,FALSE,0,0,0,73,180
764299ea8aa5f1d05619336c458479de17572122,1386261314,0,0,0,0,0,0,0,0,0,0,0,2171,1290.58,0,FALSE,0,0,0,0,0
2abc87a1f26a63f9fce4b4be7057024e44399518,1386260886,1,1,0,0,0,0,0,0,0,0,0,3,3,0,FALSE,0,0,0,0,0
75fa116c88cbec7d9490db3e02f8122b820011cf,1386260686,2,2,7,0.502121,24,38,0,4,0.38,3754.57,149.57,2,2,1,FALSE,0,0,0,12,35
cc7575adabffaa1f5ce3a96a6efba35a5c2afc92,1386252898,1,1,1,0,1,1,0,4,0,7193,842,1,1,1,FALSE,0,0,0,0,0
efb1a2c8e090daf55552cb66727f46defadebff2,1386252758,2,2,2,0.450982,19,3,0,3,0.34,7958.5,529.5,0,0,0,FALSE,0,0,0,0,0
c2972fcaa0a1dddfbf9a980041e2752693ffeaf7,1386223772,3,3,10,0.457912,72,44,0,6,2.8,3553.7,132.3,2170,1290.57,847,TRUE,0,0,0,12,35
250fd71e16944bd7379e28d6391b5e53dcd1ffdc,1386139082,1,1,0,0,0,0,0,0,0,0,0,2169,1291.82,1532,FALSE,0,0,0,0,0
783c16520189885e272c96ba3d094618fd8ffeba,1386132015,2,2,1,0,8,4,0,3,2.46,7179,839,2168,1291.01,973,FALSE,0,0,0,0,0
326a3c5932c2fac3c9e217be03ea7a9482257f43,1386127571,1,1,2,1,2,2,1,4,1.44,4537.5,249.5,2167,1290.13,707,FALSE,0,0,0,0,0
10e7bb97ee9f7fb863d7674f8433a215e1dff7a2,1386054583,3,3,4,1,12,0,0,3,0.08,6522,234.75,2166,1291.06,747.667,FALSE,0,0,0,0,0
c319bbc5f39a28ade36a3b149274be6c077583d4,1386047652,3,3,8,0.399955,152,138,0,3,2.73,4369,156.12,2165,1290.25,844.333,TRUE,0,0,0,12,50
9e42f70e5f600ece63926a241ba20bd0f233df37,1385977154,1,1,1,0,11,11,0,1,0.33,8720,454,2164,1291.12,705,FALSE,0,0,0,0,2
ff47152187c996015ecc3f834e64903538704c51,1385958406,1,1,1,0,1,0,0,4,0.43,352,44,2163,1290.62,704,TRUE,0,0,0,0,0
94b6ce5ca09dec53f9b8613ce98c23552ef104ab,1385950062,1,1,1,0,10,2,0,2,1.2,197,51,2162,1289.84,703,FALSE,0,0,0,0,0
8e1020f13447848c9bae83b694c4f9c67b97c62b,1385948882,1,1,1,0,16,3,0,1,0.35,8707,453,2161,1288.87,702,FALSE,0,0,0,0,0
be7a0fef4155cc4552276e81152f5e1cfd92271d,1385921385,1,1,1,0,1,0,0,4,0.55,351,43,2160,1288.61,701,FALSE,0,0,0,0,0
9fe7bb7362f151cb0efdd4c1dd5eed4bb4f7d793,1385920522,1,1,0,0,0,0,0,0,0,0,0,0,0,0,FALSE,0,0,0,0,0
29a7bc4c817cbd87c8f5940fbeff32e879457b89,1385919449,3,3,7,0.267564,192,127,0,3,0,3750.86,149,2159,1287.66,746,FALSE,0,0,0,210,442
e21e993729861a2bc1d01c858cfabce7a27d2861,1385919448,1,1,0,0,0,0,0,0,0,0,0,11,8.5,11,FALSE,0,0,0,0,0
0af1a854428b94621527d555d9243b1dc50790f8,1385919448,3,3,7,1,14,14,0,3,-1.53,3750.86,148.86,2158,1286.66,745,FALSE,0,0,0,4,9
5d4b121ac19a846d79b947f9207733fc4c46e7a1,1385918790,1,1,2,0.805983,5,2,0,2,0.74,4453,243,2157,1285.67,700,FALSE,0,0,0,0,0
cb424a5f783e3d94fab5fe14c84fce3463cb8f08,1385873460,1,1,1,0,8,6,0,4,8.48,349,42,2156,1285.87,699,FALSE,0,0,0,0,0
88ab9d0756520fd0971b26c8fefe5e87f805dcc9,1385863062,3,3,2,0.519135,17,19,1,1,0.19,4638.5,225.5,2155,1285.15,804.667,TRUE,0,0,2,0,1
29f4fd40edc3c5fc5f31dacb1a1db3c00eb455a7,1385850538,1,1,0,0,0,0,0,0,0,0,0,2154,1284.48,1525,FALSE,0,0,0,0,0
b7f7ba06b9c4cee6e284c9ea966ed526db07af26,1385846273,2,4,7,0.170851,568,594,0,2,6.56,1396.71,76,2153,1283.59,443,TRUE,0,3,0,12,14
94f8ac8d1dcd530e5ff7a2a8c19b8fe816c9a115,1385829980,1,1,2,0.0645302,31,10,0,2,0.44,4449,241.5,2152,1283.02,696,TRUE,0,0,0,0,0
72ab38bd2f935d0a9791d3860965646b448d48b9,1385792205,4,4,7,0.360089,96,88,0,4,0.15,4301.43,176.71,2151,1283.02,731.25,FALSE,0,0,0,96,206
b3d5466131367d9eae04aff6f5d5e96adbeb43a3,1385784690,1,1,1,0,1,1,1,1,0.05,8682,447,2150,1282.22,694,FALSE,0,0,0,0,0
bafbd8f1b67b38930746efccbd562219c72da234,1385783841,1,1,0,0,0,0,0,0,0,0,0,2149,1281.24,1523,FALSE,0,0,0,0,0
8c1ce03183af8b4c1318db1e11ae8708be73979c,1385780472,1,1,0,0,0,0,0,0,0,0,0,2148,1280.33,1522,FALSE,0,0,0,0,0
97490b272f2fd169c95186e0d7e8cee733554ff1,1385780058,1,1,2,0.060355,201,39,0,2,4.75,4356.5,240,2147,1279.34,693,TRUE,0,0,1,0,7
2afbe9514b866f6c6f1b6636c97996781917f8e4,1385779076,2,2,6,0.562929,184,149,0,1,0.39,3172.33,101,2146,1278.37,352,FALSE,0,0,0,258,534
603be609a1f15979d1b053ffe2501c9e7ae7a74f,1385772481,1,1,0,0,0,0,0,0,0,0,0,2145,1277.54,1521,FALSE,0,0,0,0,0
4590be7b657870b15ad8e6ff1803bacf3b6ef286,1385772445,1,1,1,0,19,8,0,3,0.31,7167,834,2144,1276.54,1520,FALSE,0,0,0,0,2
097a2f6582dfb147cb4d51a6ba234f73ab5a51cd,1385745708,2,2,7,0.664602,31,31,0,3,1.13,3743,148,2143,1276.24,906,FALSE,0,0,0,32,52
f818e5bc51b1bc8f33f41e98617b8cc228a5825b,1385736013,1,1,1,0,2,2,0,1,0.07,8529,445,2142,1275.5,692,FALSE,0,0,0,0,0
34cf8fc43c008c03aa37fd9d76096d8a16922989,1385730373,3,3,6,0.247404,97,93,0,3,0.02,4954.17,200.17,2141,1274.65,833.667,TRUE,0,0,0,174,344
7712765c3a20de39e939820ed927a23ff77fd92a,1385728297,3,3,6,0.504716,41,11,0,3,2.33,4949.17,200,2140,1273.7,832.667,TRUE,0,0,0,18,32
eaf1304edaa9e3cb89c7502ec53888eb789034b3,1385617587,2,2,2,1,2,2,1,1,2.02,6952,127.5,2139,1275.6,349.5,FALSE,0,0,0,0,0
f97f32df0f9d4774417cf0c012d591f7df64d376,1385545410,0,0,0,0,0,0,0,0,0,0,0,2138,1276.5,0,FALSE,0,0,0,0,0
79eecd6db451f08b3f38fdb9e961cdd78113a560,1385545219,1,1,1,0,1,14,0,1,0.52,8528,442,2137,1275.5,689,FALSE,0,0,0,3,3
5a75d8e7880d6d6e36abfdd058584995c344b7e9,1385543537,1,1,0,0,0,0,0,0,0,0,0,1,0.96,0,FALSE,0,0,0,0,0
42e58fb73ab11b30a82b543cd77661c8a954c0ea,1385500089,1,1,1,0,19,19,0,1,1.26,8528,441,2136,1275.69,688,FALSE,0,0,0,0,0
dba996b2c40d8f4b558d490a9ea0de8180a08cfe,1385494496,2,2,1,0,1,1,1,3,0.6,7161,830,2135,1274.83,962,FALSE,0,0,0,0,0
647f0dd34b2b6e96f6dd2e769aad069164fa03a8,1385442872,3,3,7,1,14,14,0,3,1.01,3740.14,147.29,2134,1275.19,737,FALSE,0,0,0,4,8
3680925e818f3d33c7538d0eab7b3bf469505e53,1385442872,1,1,0,0,0,0,0,0,0,0,0,10,7.61,10,FALSE,0,0,0,0,0
a691a519e8f0df68afdea69cb1689aae45b51727,1385391210,4,4,7,0.404782,291,151,0,3,0.73,4932.86,174.14,2133,1275.55,723.75,TRUE,0,0,0,66,107
86075973b56d5e614dc313952b9bc9a79e78ba8a,1385328694,3,3,6,0.274316,102,141,0,3,1.82,4355.67,170,2132,1276.2,735,FALSE,0,0,0,186,389
97ea15300c8c1831e94b04a4fab0b7c49fec8106,1385327505,1,1,1,0,72,2,0,1,0.61,8365,439,2131,1275.23,686,TRUE,0,0,0,0,0
a150a8fd52f0567462fbe11397a6aad5ac7fc105,1385313501,1,1,1,0,12,6,0,2,1.46,191,49,2130,1274.6,685,FALSE,0,0,0,0,0
ad4e20da52b988c299cc9996bb669752503b0468,1385274613,1,1,1,0,1,0,1,1,1.01,8364,438,2129,1274.62,684,FALSE,0,0,0,0,0
e43ab1e46f89cb220e0c99981bf5de3f07be017b,1385187533,1,1,1,0,1,1,0,3,0.15,7160,826,2128,1275.92,1512,FALSE,0,0,0,0,0
e32e280cf18e8166ae43bf96b49e15b66b672790,1385186931,1,1,2,0.278129,7,4,0,2,0.48,4276,240.5,2127,1274.93,683,TRUE,0,0,0,0,0
c1a07e0943bb3f5cf4bc0a5cff3f6491d5bb97d7,1385174631,2,2,5,0.525462,58,55,0,3,0.39,4234.8,198.2,2126,1274.26,898.5,FALSE,0,0,0,77,171
93fe641dbfbac1b71fb6ac5675ddaf030ae1939e,1385150170,1,1,1,0,5,2,0,2,3.11,188,47,2125,1273.9,682,FALSE,0,0,0,0,0
d8194c0886a8ca08b279475f60cb9b8d8e8afd90,1385140578,3,3,9,0.414163,255,129,0,6,0.87,3861.56,139.89,2124,1273.15,825.333,FALSE,0,0,0,108,280
75ce4766d373a27c377c30952a680e2068859773,1385100299,2,2,1,0,1,1,1,3,0.52,7128,823,2123,1273.22,956.5,FALSE,0,0,0,0,0
7eff3bf85467da1575104c3d6057a5fd4360bb21,1385100278,2,2,1,0,4,4,0,4,3.91,349,40,2122,1272.22,1094,FALSE,0,0,0,0,0
af143ae7dcc981578cb6a323bb9dd49311192233,1385060036,2,2,0,0,0,0,0,0,0,0,0,2121,1272.28,295.5,FALSE,0,0,0,0,0
a0e9140dde760956872eca802a3989055c9dd10c,1385059979,1,1,0,0,0,0,0,0,0,0,0,2120,1271.28,1507,FALSE,0,0,0,0,0
33e5d46c87cb67c5c220bfce6cb31acae2c687ab,1385055115,4,4,8,0.487975,668,218,0,3,1.3,4244.38,152.38,2119,1270.41,717.75,TRUE,0,0,0,151,313
f74b20686432272ccf8693b5c2fc9a8b82e13f09,1385003586,1,1,2,0.57938,2,1,0,2,0.91,4205.5,234,2118,1270.76,678,FALSE,0,0,0,0,0
f334ebe577d8d5dadeac4a18347de56f14c272ce,1385003506,1,1,0,0,0,0,0,0,0,0,0,2117,1269.76,1505,FALSE,0,0,0,0,0
9c39394d7f16af204e349bb6e72bd16578525ce8,1384967739,1,2,2,0.286085,123,81,0,1,2.96,4191,217,2116,1269.7,677,TRUE,0,0,0,6,8
8ea0e6977af495640f620f242a7d762f944f4e8d,1384934148,2,2,7,0.435033,410,410,0,3,0.61,3675.29,146.14,2115,1269.58,893.5,FALSE,0,0,0,110,186
bf006473c0e0039bdb9b86354ed3984bd6262fd8,1384932008,1,1,1,0,31,1,0,1,1,8188,432,2114,1268.64,676,FALSE,0,0,0,0,0
568af27be44c352ac5430bb8f5224a6c4966108d,1384927308,1,1,0,0,0,0,0,0,0,0,0,2113,1267.76,1503,FALSE,0,0,0,0,0
bd55f862030b9fff955941f6e776524c68a4a795,1384925166,2,2,0,0,0,0,0,0,0,0,0,2112,1266.82,294,FALSE,0,0,0,0,0
d95e577639870e667a5657ca73c65523e71fa311,1384881852,3,3,9,0.653152,29,16,0,4,1.14,2898.56,120.78,2111,1266.96,819.667,FALSE,0,0,0,6,13
a904e54122d719298dd1ba0796f2d9887a702c3b,1384845720,1,1,1,0,7,6,1,1,0.08,8187,431,2110,1266.9,674,FALSE,0,0,0,0,0
2a97655a8dc85fdc7d191f4d04773a045d73a779,1384839040,4,4,8,0.624311,228,150,0,3,2.04,4227,151.5,2109,1266.08,713.75,TRUE,0,0,0,252,527
d878718510a97dceac3d85691092d6bbb5c56d0d,1384762227,1,1,1,0,16,13,0,4,0.07,346,39,2108,1267.09,672,FALSE,0,0,0,0,0
416227a2a2c76e7611b07c25bb0b040a7ffff768,1384756201,1,1,1,0,12,7,0,4,1.43,341,38,2107,1266.25,671,FALSE,0,0,0,0,0
7d1baa87982bceb7d4848909f6d19fa0e32f3ef5,1384743488,1,1,1,0,5,0,0,1,63.11,2859,24,2106,1265.59,186,FALSE,0,0,0,0,0
fe2ee64ec9e0ba4af22e87fe2d4f75bc23b36a84,1384662678,4,4,8,0.682767,314,198,0,3,1.71,4212.5,151.38,2105,1266.71,712.25,FALSE,0,0,0,230,469
96819628d6191efd7a415f5c6c830d8126c06169,1384632562,1,1,1,0,1,1,0,4,0.12,341,37,2104,1266.5,669,FALSE,0,0,0,0,0
1b30d7909c7e622aa033398566e39339df089696,1384622330,1,1,1,0,1,1,0,4,0.46,341,36,2103,1265.77,668,FALSE,0,0,0,0,0
baf253d44e83ed6ecf99d742e09157754b045b26,1384593746,1,1,1,0,21,21,1,1,1.04,8149,428,2102,1265.52,667,FALSE,0,0,0,0,0
b7a4d500070f70ce3839874aace645c84600b471,1384591108,1,1,0,0,0,0,0,0,0,0,0,2101,1264.59,1499,FALSE,0,0,0,0,0
625b4befb543042e53cac68aa58e08bd4fdf3d0f,1384589088,2,2,0,0,0,0,0,0,0,0,0,2100,1263.64,948,FALSE,0,0,0,0,0
30678f51bd778b42066920f579c2b7d20c46c196,1384588942,1,1,3,0.75,4,4,1,2,0.08,152,28.33,2099,1262.65,666,FALSE,0,0,0,0,0
7a4103dd48c9d9aed39bfd2f82ee806522adb4c5,1384582683,2,2,2,0.440074,77,24,0,4,5.56,337.5,27.5,2098,1261.81,425,FALSE,0,0,0,0,0
bca3ff2eac076e17651c7eacdecb60089394172c,1384582170,1,1,3,0.454121,11,6,0,2,1.05,150.33,28,2097,1260.82,664,TRUE,0,0,0,0,0
28e2934a89f8306f6ebbe8255ebd77c7eaefe87b,1384503509,3,3,8,0.831825,20,3,0,3,1.86,4210.38,151.12,2096,1261.88,813,FALSE,0,0,0,4,4
0563af682d06aac214b22f64078d0ef93e2a6a17,1384497648,2,2,0,0,0,0,0,0,0,0,0,2095,1261.04,290.5,FALSE,0,0,0,0,0
5ccd63250b249fedc2a6ce6eebe679a2af3afa1b,1384491766,1,2,4,0.192452,262,190,0,2,4.17,135.75,20.75,2094,1260.19,662,TRUE,0,1,0,3,0
f262a0745d9b9ae6e314915b311cfd2238b08e8a,1384457678,1,1,1,0,24,24,0,1,0.13,8144,426,2093,1260.08,661,FALSE,0,0,0,0,0
c42b63b0088ccdc3c6733759c335d140e8041946,1384447654,2,2,1,0,8,5,0,4,1.03,319,34,2092,1259.34,1078,FALSE,0,0,0,0,0
e7ffb808775861d16fadb886623e1dfca3c3ade4,1384446634,1,1,1,0,67,44,0,1,0.34,8121,425,2091,1258.37,659,FALSE,0,0,4,0,0
919166212fdbb8c7010319330b1b8e9d0b45e525,1384417500,2,2,1,0,4,4,1,1,2,8121,424,2090,1258.13,1076.5,TRUE,0,0,0,0,0
deb124f64588530f30d2568f28802cd2ba0cbaf3,1384414094,2,2,3,1,3,3,0,3,0.96,6833.33,294.33,2089,1257.22,886,FALSE,0,0,0,0,0
86b1ff512510abcd4b72522c4f2cb0c51b1c9603,1384364813,0,0,0,0,0,0,0,0,0,0,0,2088,1257.5,0,FALSE,0,0,0,0,0
82e4cc9951e87574c44692c6296cd7bd38c3e797,1384358689,1,1,0,0,0,0,0,0,0,0,0,0,0,0,FALSE,0,0,0,0,0
2c8c96149f0da5fffd56019b7b837d4cd853eaa6,1384358402,2,2,1,0,8,2,1,4,0.32,313,33,2087,1256.67,1075,FALSE,0,0,0,0,0
04df06404f4a998f8c60e26c41b09d0c78c17cb6,1384333910,1,1,0,0,0,0,0,0,0,0,0,2086,1256.31,1492,FALSE,0,0,0,0,0
f6fcf5fce406db5718235b36509dcd9402c0269e,1384331048,2,2,1,0,165,84,0,4,5.06,232,32,2085,1255.39,1073.5,TRUE,0,0,0,0,0
ac5e92c879cffe5631772fbc0eeb691b39378777,1384330817,3,3,4,1,20,20,0,3,0.64,6346.75,228.75,2084,1254.39,721,FALSE,0,0,0,0,0
37ccc80ba404326a57707cd5b46a99f4c5f9e491,1384275580,3,3,4,1,4,4,1,3,0.45,6346.75,228.5,2083,1254.83,720,FALSE,0,0,0,0,0
8153f97899d1c27982cb8a1f9a2b9e6685911708,1384244489,2,2,0,0,0,0,0,0,0,0,0,2082,1254.64,288.5,FALSE,0,0,0,0,0
8dedc6d3dce9d84e36927aef913ac389386a19e7,1384244442,1,1,1,0,5,6,0,1,0.62,8122,423,2081,1253.64,655,TRUE,0,0,0,0,0
807d75e13a81bdcc339024f342a110bb6bfe44e8,1384236476,2,2,7,0.423712,19,43,0,3,1.05,3651.86,145,2080,1252.85,881.5,FALSE,0,0,0,43,103
feac1786e1e0ff0a820110090763d636110c2615,1384224911,1,1,0,0,0,0,0,0,0,0,0,2079,1252.15,1487,FALSE,0,0,0,0,0
09e0f4e36cb6ce1524fd63a2fb82e528be0bf71a,1384190869,2,3,2,0.805983,7,7,0,2,2.78,4148,221,2078,1252.03,1070,TRUE,0,0,4,0,0
44b3ce708218d675d3b4b8a5d39ddab5ae90a6a9,1384190869,1,1,0,0,0,0,0,0,0,0,0,9,6.85,9,FALSE,0,0,0,0,0
99993321077365bde371abd3622ce779bcf5daca,1384145536,3,3,7,1,14,14,0,3,0.19,3651.86,144.86,2077,1252.21,717.333,FALSE,0,0,0,2,7
d4ec7e535756b01dbc64ddb392815bfdb4ba501a,1384142077,1,1,1,0,7,7,0,1,0.02,8122,421,2076,1251.3,653,TRUE,0,0,0,0,0
064b3caf0831f72fb6e0c09030d533a0843d942c,1384140773,1,1,1,0,1,1,1,1,0.06,8122,420,2075,1250.34,652,FALSE,0,0,0,0,0
c83d2e9513fbd0d30e0a320d8dc20e5d81632ad2,1384135834,3,3,6,0.56682,14,9,1,3,1.19,4791.33,193.67,2074,1249.46,802.667,TRUE,0,0,0,0,3
48ff51621570e3933ccca85880dc25382c06eb4c,1384126423,1,1,0,0,0,0,0,0,0,0,0,2073,1248.71,1483,FALSE,0,0,0,0,0
cdccbb59ab9abc657238aa47773e809cde99df84,1384120344,1,1,1,0,31,20,0,1,1.53,8106,418,2072,1247.86,650,TRUE,0,0,0,0,0
2fe5a863ac83a6bfe966816d263ef6ede0249a4e,1384118567,1,1,2,1,2,2,0,2,3.72,180,25,2071,1246.91,649,FALSE,0,0,0,0,0
7d1fccf474ccfb2780587e8d1de3c3ca6384e7e4,1384113793,1,1,2,0.57938,1,2,0,1,1.14,2466.5,176.5,2070,1246.03,272,FALSE,0,0,0,4,6
0a8dbc88310d811ec1358d97c3b72732c3675791,1384110503,1,1,0,0,0,0,0,0,0,0,0,2069,1245.12,1482,FALSE,0,0,0,0,0
177a3c2cbdf0ac0de9c3b8a67a10b6ab932e850a,1384015084,2,2,7,0.435819,54,62,0,3,1.47,3653.14,144.43,2068,1246.58,876,FALSE,0,0,0,28,41
9f22e634f5e1586b4236edaaa04dfa08b9f89e83,1383988004,1,1,1,0,10,32,0,1,1.18,8128,417,2067,1246.28,648,TRUE,0,0,0,0,0
55a8c7b54050294d88ea0f953ea512318c3a8e36,1383894250,2,2,3,0.0922234,37,37,0,4,0.07,1722.33,127,2066,1247.71,458.5,FALSE,0,0,0,68,150
76c11fe65a549ba3c32b8c9c04a82eaab2c5141d,1383891866,1,1,1,0,8,1,0,4,0.55,225,30,2065,1246.78,646,FALSE,0,0,0,0,0
b15ed00feb1c732993d3966115c36ed19a8064ee,1383886308,1,1,1,0,5,5,0,1,0.01,8128,416,2064,1245.92,645,TRUE,0,0,0,0,0
fc3ff34c2dfa0d148c83c7825cd054fc7b920162,1383886091,1,1,2,0.867699,41,116,1,1,0.03,5962.5,151,2063,1244.93,269,FALSE,0,0,0,2,5
5faa0f55bc3f33ff3aa2fff1d9601364602e9a75,1383885803,3,3,6,0.880117,313,192,0,3,0.5,3097.17,168,2062,1243.93,713.333,TRUE,0,0,0,246,508
77f0731c3ef7c104fca0735177459cc9651d979a,1383885768,1,1,1,0,2,2,0,1,0.47,8128,415,2061,1242.93,644,FALSE,0,0,0,0,0
ffff62385266ab8542efd7e45f1adec2643cee1b,1383881239,3,3,4,0.619221,60,60,0,3,0.71,6343.75,226.25,2060,1242.05,712.333,FALSE,0,0,0,0,18
a6bc40b506746826ad8924513c424f36fa01f0d8,1383879896,2,2,1,0,1,1,1,3,0.93,6966,807,2059,1241.09,934,FALSE,0,0,0,0,0
a0345150191b557bcb27e79070c8c781dacd2fa6,1383846643,1,1,0,0,0,0,0,0,0,0,0,2058,1240.94,1477,FALSE,0,0,0,0,0
49c8f23bf72f79f03cd76b04ebd5390e262d4a01,1383844765,1,1,1,0,1,1,1,1,1.02,8128,414,2057,1239.99,643,FALSE,0,0,0,0,0
29b7a7181266370ea6601e5089982712065275d2,1383843944,1,1,1,0,12,4,0,4,1.49,217,29,2056,1239.01,642,FALSE,0,0,0,0,0
8de3283dd132ff2e913d7e9d565e64cac1da0207,1383808428,1,1,0,0,0,0,0,0,0,0,0,2055,1238.92,1476,FALSE,0,0,0,0,0
4bbe5b33581892d4b04bca7711f112ba1730a5a6,1383803746,1,1,3,0.843889,91,91,1,1,0.05,50.33,179,2054,1238.04,266,FALSE,0,0,0,212,411
3dd3af4a739caf5aa8c9a5f690f33f449d882e67,1383799524,2,2,7,0.45945,105,82,0,3,0.87,3643.29,143.43,2053,1237.15,870,TRUE,0,0,0,22,52
7e7b12982209f8e7f1c1ae75b6c3cf7cd8a874a3,1383797128,1,1,3,0.904422,6,4,0,2,2.15,180.33,27,2052,1236.21,641,TRUE,0,0,0,0,0
8bcc1d81d29ccced1fff9be96b111534eee76433,1383758839,2,2,2,0.98271,83,83,0,2,36.65,173,18.5,2051,1236.2,379,FALSE,0,0,0,0,0
aa8e92e9a57b344a9502305014aabfde8603d51f,1383756676,2,2,2,0.120965,18,5,0,1,6.7,4234,213,2050,1235.25,410.5,FALSE,0,0,0,0,0
a8196ec99e69344882ba7bd19cc34436f285392a,1383724443,2,2,6,0.637473,40,19,0,1,0.08,3087,96,2049,1235.08,326.5,TRUE,0,0,0,42,31
bd3034819e54550d152967d2ac32eedb773b6280,1383724087,2,2,2,0.719738,23,10,0,3,0.08,7537.5,495,2048,1234.09,1056,FALSE,0,0,0,0,0
7bb86c4e2a23f0923d0468f7f661ba611ad627c0,1383717208,3,3,7,0.429944,74,55,1,3,1.35,3636.57,143,2047,1233.26,708,TRUE,0,0,0,78,140
94ed21d1cf53218b2f2fb15cef874eb33a8311f1,1383716699,1,1,1,0,3,2,0,1,0.02,8121,411,2046,1232.27,637,TRUE,0,0,0,0,0
1bb7c31ee4dce05e952ddf25dd5045c359d9f311,1383716473,1,1,1,0,5,4,0,3,0.02,6953,803,2045,1231.28,1472,TRUE,0,0,0,2,0
06d12b376cb6d5c6ce49010eaf21e3bf430847d0,1383715062,1,1,1,0,1,1,0,4,0.51,217,28,2044,1230.32,636,FALSE,0,0,0,0,0
e9c8137fd83c4e7326a3d28dcb50c87a070f16a9,1383714887,1,1,1,0,5,5,0,1,0,8121,410,2043,1229.32,635,FALSE,0,0,0,0,0
eaaddf40d287bc67b41d2766cb017f354be94344,1383714869,1,1,1,0,7,3,1,3,0.1,6949,802,2042,1228.32,1471,TRUE,0,0,0,0,0
3e0c565019b2e8d7221e239ed3489941f6bf8697,1383714542,1,1,1,0,28,0,1,1,0.06,8093,409,2041,1227.33,634,TRUE,0,0,0,0,0
984603112f38111b60a644c43433a867a895ea5c,1383709717,1,1,1,0,18,18,0,1,0.47,8093,408,2040,1226.45,633,TRUE,0,0,0,0,0
fe292462564bc87617dc665835a6125ee3ef7a5e,1383707053,0,0,0,0,0,0,0,0,0,0,0,2039,1225.52,0,FALSE,0,0,0,0,0
84d0664112181608c848b32fabc4f22b1c2c20ff,1383706239,1,1,1,0,4,0,1,3,1.45,6945,801,1,0.43,1,TRUE,0,0,0,0,0
3d3c59cea699655d3f0e6971fc1baa0516602ade,1383670699,2,2,1,0,4,5,0,4,0.02,218,27,2038,1225.44,1051,FALSE,0,0,0,0,0
7940428b9bd3a19feac4fcae9edcf33979bb6804,1383669392,1,1,1,0,35,15,0,1,0.44,8073,407,2037,1224.47,631,TRUE,0,0,0,0,0
2e485b9ac5ea265f3e9a285f5dbfec7c864c8d55,1383669362,1,1,3,0.182264,16,3,0,4,0.42,188,24,2036,1223.47,630,FALSE,0,0,0,0,0
b76aa926f6ba328a48033485b8bd08af3a33acb3,1383669331,1,1,0,0,0,0,0,0,0,0,0,2035,1222.47,1469,FALSE,0,0,0,0,0
58d81546da352e9fa6164b193e1d2dbf5f04eadb,1383639770,1,1,1,0,2,5,0,4,0.2,221,25,2034,1222.22,629,FALSE,0,0,0,0,0
7a480990c620307f6a1e4a5b98f44554684a6128,1383635919,1,1,1,0,13,1,0,2,0.59,221,39,2033,1221.32,628,FALSE,0,0,0,0,0
afb10efd8371db686b2072a26fb7fd8ce16122f9,1383631779,1,1,1,0,4,5,1,1,1.06,8074,406,2032,1220.42,627,FALSE,0,0,0,0,0
e2f05e137f4f11934da401182a628c2084216261,1383629915,1,1,0,0,0,0,0,0,0,0,0,2031,1219.47,1468,FALSE,0,0,0,0,0
d72ade9c70d78638cd2dc00cdb636ce5a6806843,1383624771,1,1,0,0,0,0,0,0,0,0,0,2030,1218.6,1467,FALSE,0,0,0,0,0
64650fcdeeed6eda495e52138e0b5d2c97a08129,1383622316,1,1,2,0.6973,10,3,0,4,0.82,163.5,26,2029,1217.66,626,FALSE,0,0,0,0,0
e1acb7df138b75377911b7a5e553001aca20ca29,1383584941,1,1,2,1,2,2,1,2,0,163,22.5,2028,1217.6,625,FALSE,0,0,0,0,0
319a30cf3a07025a7528cce145a4bd28415ac2bc,1383584852,1,1,0,0,0,0,0,0,0,0,0,2027,1216.6,1466,FALSE,0,0,0,0,0
e631f1b3137f3401ae108b8d249c386ea28f1eb8,1383584827,1,1,2,1,24,12,0,2,0.62,157,22,2026,1215.6,624,TRUE,0,0,0,0,0
617f31b47fcf1e38b202871a263319b09b5348dd,1383580892,2,2,7,0.309417,62,61,0,3,2.09,3635.14,142.43,2025,1214.7,863.5,TRUE,0,0,0,92,213
61e9aac92de4e3ea3237fc9fab2c3065c2b2d2e3,1383543847,1,1,1,0,12,2,1,2,0.3,205,36,2024,1214.63,623,FALSE,0,0,0,0,0
75812804f44c0e7ff3965262d765a1e1fea9c37a,1383540987,1,1,2,1,2,2,0,1,2.22,55.5,250,2023,1213.7,261,TRUE,0,0,0,4,20
b60f36f211200b55070be0c6a0b78ef690706b6a,1383539897,1,1,1,0,16,16,0,1,0.52,8074,405,2022,1212.72,622,TRUE,0,0,0,0,0
e342c878d004b7ef59b1d4464245b2c1a30aecf6,1383522122,1,1,0,0,0,0,0,0,0,0,0,2021,1212.17,1464,FALSE,0,0,0,0,0
c6b3cadf5542efaf942a7b1e9f9927ab015743ac,1383518296,2,2,3,0.416252,21,4,0,4,0.28,169.67,21.67,2020,1211.26,1042,FALSE,0,0,0,0,0
869a361d096c24ce78efdc27d37e3a6d03ef15f9,1383511755,3,3,3,0.151051,137,40,0,2,30.69,142.67,18.67,2019,1210.43,754.333,TRUE,0,0,0,0,0
f83119e188d01c4dfbc65e5499bafad0c05e09cd,1383494864,1,1,4,0.469736,23,5,0,2,3.35,2111.25,114,2018,1209.85,619,FALSE,0,0,0,0,0
578c4b444cfb630276e8b299dba7c9c98d8b76af,1383469701,1,1,0,0,0,0,0,0,0,0,0,2017,1209.47,1461,FALSE,0,0,0,0,0
d63f9be03f8a1f101b066a41a56ceee673f93cbf,1383466465,1,1,0,0,0,0,1,0,0,0,0,2016,1208.55,1460,FALSE,0,0,0,0,0
62fe02415a61dac6decd8ea6be49a4e09ef284be,1383463255,1,1,1,0,1,1,1,1,2.64,58,480,2015,1207.63,260,TRUE,0,0,0,0,4
481970c763dd678a29b869fab98118bee71533ad,1383460556,1,1,0,0,0,0,0,0,0,0,0,2014,1206.7,1459,FALSE,0,0,0,0,0
7c8dc66ba12b81baf6ff16b603b85936b70bdef2,1383460536,1,1,1,0,16,13,0,1,0.11,8067,403,2013,1205.7,618,FALSE,0,0,0,0,0
20ffbf5a82b12e8556e0faff9981f2ea266a1606,1383457958,2,2,1,0,1,1,0,4,0.08,208,22,2012,1204.76,1037.5,FALSE,0,0,0,0,0
2b6f26b214410ed1339bbf2dba56da7206e2a7c7,1383453521,1,1,0,0,0,0,0,0,0,0,0,2011,1203.87,1457,FALSE,0,0,0,0,0
d743ec2d2bdd24b110f4e7019219e0515de15fbb,1383450831,2,2,2,0.343098,13,10,0,4,0.35,4136,211.5,2010,1202.94,1036,TRUE,0,0,0,0,0
dfab332285da6c664457c1fe436f42b3f2c1bc70,1383429478,1,1,1,0,20,1,0,4,0.02,185,20,2009,1202.47,615,FALSE,0,0,0,0,0
bbbce8a98130437c86d7ecc1b7117165f172fe60,1383428148,1,1,0,0,0,0,0,0,0,0,0,2008,1201.5,1455,FALSE,0,0,0,0,0
0dc4ccb42f4acfbee88992264226563be3259fcd,1383427658,1,1,1,0,4,2,1,4,0.01,183,19,2007,1200.51,614,FALSE,0,0,0,0,0
b46c2c252739b8b58be949f5a66f4709dd1d9e2b,1383426437,2,2,1,0,2,4,0,4,0.02,185,18,2006,1199.54,1033.5,TRUE,0,0,0,0,0
3b128f844b3499bdfee7ac33b47a8f84b9a3b31a,1383425071,1,1,1,0,1,1,0,4,0.01,185,17,2005,1198.58,612,FALSE,0,0,0,0,0
d38b3d09baec4acb03ee11e2d61a160362257e38,1383423990,1,1,1,0,1,1,0,4,0.09,185,16,2004,1197.6,611,FALSE,0,0,0,0,0
d35c5ffa04d10d1cd4e6ae10f46fcbdb3654f9fc,1383416423,2,2,4,0.169195,37,9,0,4,1.58,4627,80,2003,1196.79,434.5,FALSE,0,0,0,0,0
eb7243233eff56c2356eaf496d609521415d6bbb,1383414960,2,2,1,0,19,2,0,4,0.04,140,14,2002,1195.82,1031,FALSE,0,0,0,0,0
21bf629505a7a92ce84afb65588327009e8360e7,1383411182,1,1,1,0,2,2,1,4,0.01,140,13,2001,1194.92,608,FALSE,0,0,0,0,0
702022001d7c2166080d2789f36dc775fe9cbcce,1383411019,1,1,1,0,3,3,1,1,0.43,8068,401,2000,1193.92,607,FALSE,0,0,0,0,0
d9549ad6342a85edbbe9bd70acfd59f7c01fb2e0,1383409955,1,1,1,0,24,22,0,4,0.36,138,12,1999,1192.95,606,TRUE,0,0,0,0,0
daf91dbf95ccff91d8770dddab542cd0bdac9f4e,1383379192,2,2,1,0,16,5,0,3,2.04,127,11,7,5.36,3.5,FALSE,0,0,0,0,0
2bc19120d979c6421a243403c69f0c864ef7e6d5,1383373700,1,1,1,0,9,3,1,1,0.18,8062,400,1998,1192.83,605,TRUE,0,0,0,0,0
8ddfa8cd6884e7bf5e770fc8b32ea092ce8d3d08,1383358416,1,1,1,0,19,0,0,1,0.84,8043,399,1997,1192.2,604,FALSE,0,0,0,0,0
076d10358e9a96b9439b1fc10f47494798dc13b1,1383285563,1,1,1,0,94,11,0,1,0.58,7960,398,1996,1192.98,603,FALSE,0,0,0,0,0
5930983641c815bb5456f0c93855d873b06e525a,1383237068,2,2,1,0,1,1,0,3,0.02,6945,799,1995,1193.16,919.5,FALSE,0,0,0,0,0
a0c5cb51aa12147ac1e457bd1735b36c18a9637e,1383235300,4,4,8,0.318287,230,72,0,3,0.64,4156,144.38,1994,1192.21,674.25,TRUE,0,0,0,99,173
8e659745fdaa7d500f74a4f4313be0f68d6ca38a,1383203171,1,1,1,0,1,1,0,3,0.19,6942,797,1993,1191.99,1450,FALSE,0,0,0,0,0
87297d2a07dc7b956699eeb1d96b1edbfc46025c,1383202967,1,1,1,0,111,108,0,3,0.16,124,10,1992,1191,601,TRUE,0,1,0,2,0
8f23611f1a0d1ba25c0f09e7d17355a9edf6f056,1383202939,1,1,1,0,23,23,0,1,0.96,2008,98,1991,1190,117,TRUE,0,0,30,0,2
e2affb0f38be343eb2c951beba7cc3f362a2e55a,1383189319,1,1,1,0,1,1,0,3,1.45,124,9,1990,1189.33,600,FALSE,0,0,0,0,0
26e6041b7aa0253af090be996e57fcb757247ac2,1383186888,1,1,1,0,5,4,1,1,0.42,7812,396,1989,1188.39,599,TRUE,0,0,0,0,0
81707a45d58a22be681f4b492a45bb5c7e5be80f,1383186861,2,2,5,1,5,5,1,3,0.41,3764.6,196.4,1988,1187.39,853,TRUE,0,0,0,1,12
805f2b28a907669ae01199d89d23aa0260c2723c,1383151618,3,3,7,0.289649,223,190,0,3,0.31,3628.86,141.29,1987,1187.24,696.333,TRUE,0,0,0,267,594
22aa02895e106369ea3107de3eecdd01dd9c48b5,1383150265,2,2,2,1,2,2,0,3,0,7377.5,482,1986,1186.28,1022.5,TRUE,0,0,0,0,0
6bb89778b2f6b6ea8847a3f5d9c20b8eccd382a2,1383150056,2,2,2,0.759789,54,24,0,3,0.69,7362.5,481.5,1985,1185.28,1021.5,FALSE,0,0,0,1,0
6631b9e78f7f06b23fda8a0c42a3e1ec361ba9da,1383120550,1,1,3,0.75,4,0,0,2,19.68,123.67,23.67,1984,1184.99,596,FALSE,0,0,0,0,0
7f7d5b32da0d9555032c08a10022e9ffb6f4f6ef,1383120270,1,1,1,0,1,1,1,1,0.05,2008,97,1983,1184,116,FALSE,0,0,0,0,0
52def444ab80742df3ea7f5dda1a730b808a2e19,1383120241,1,1,6,0.395721,188,195,0,1,0.05,3077.67,94.5,1982,1183,255,FALSE,0,0,0,196,410
7d52ab7c544c98641aa492dc6e5643a8cbde0d62,1383116320,1,1,1,0,36,26,0,1,1.02,1998,96,1981,1182.1,115,TRUE,0,0,0,0,1
852b324819ce3d965ced9928cd349ea8fcd00187,1383116296,2,2,7,0.794864,430,332,0,3,0.6,3614.14,140.71,1980,1181.1,849.5,FALSE,0,0,0,262,554
e019441ede78337eb5e2042d8ddf15b6d46e94ee,1383064434,1,1,1,0,0,2,0,3,0.34,126,8,1979,1181.35,595,FALSE,0,0,0,0,0
ac8f8d0dd623a1201c188bdeec4366b31f9d9f56,1383064360,3,3,8,0.642174,156,100,0,3,0.32,4129.62,143.25,1978,1180.35,763.667,TRUE,0,0,0,139,235
3fa2e7e12e76a6e7bb163b9b2824a6c460aff7ee,1383062184,1,1,1,0,8,3,1,1,0.32,7782,392,1977,1179.4,593,TRUE,0,0,0,0,0
5d099491dfff77cc9c9791e1e799b1ff75d80f7c,1383034970,1,1,1,0,12,12,0,3,0.03,126,7,1976,1179.06,592,FALSE,0,0,0,0,0
d7ca0f7734daa8f0c52d9a51d99ebeec29c39e49,1383034652,1,1,1,0,1,1,0,1,0.67,7782,391,1975,1178.06,591,FALSE,0,0,0,0,0
5d31338b027923017507a0afe972d2a73eef3f55,1383034452,2,2,5,0.629997,39,39,0,3,0.05,4078.8,189.8,1974,1177.07,847.5,FALSE,0,0,0,50,146
a44b81d2402e73aee169b49ba385274f5c10510d,1383032702,1,1,1,0,16,3,0,3,0.64,113,6,1973,1176.11,590,FALSE,0,0,0,0,0
742e499de0fdd80c6ba43b4783608055b56f57bd,1383030007,3,3,7,0.834434,343,338,0,3,2.98,3606.43,140.29,1972,1175.17,692.333,FALSE,0,0,0,249,541
eb395d6d2d5b540c63810396d54eeb1e9eb9949a,1383027951,1,1,1,0,9,9,0,1,10.63,1998,95,1971,1174.22,114,FALSE,0,0,0,0,0
a1383c34b5cbfdf4850f45c191f06c394ce99fa1,1382977797,2,2,2,0.0909524,99,95,0,4,0.79,145,25.5,1970,1174.42,1015,FALSE,0,0,0,4,0
e538da3959fd3d24d2b559acfcf0770013850a18,1382976637,0,0,0,0,0,0,0,0,0,0,0,1969,1173.45,0,FALSE,0,0,0,0,0
687a072dc8f4001736312519f2d780855b4bbd2b,1382976626,1,1,1,0,235,136,0,1,2.98,7683,390,1968,1172.45,588,TRUE,0,0,0,10,2
5dc988124137f6c0edc7b89b4518b3b528f8860f,1382973760,0,0,0,0,0,0,0,0,0,0,0,1967,1171.52,0,FALSE,0,0,0,0,0
0b3a7e2f0ff81962afaff39917cbee9e5d9193e6,1382917130,2,2,1,0,2,1,0,2,0.17,107,4,4,4,2,FALSE,0,0,0,4,0
123455a5bbd1a28fcb49f9e67917bba03831cdd2,1382911595,1,1,0,0,0,0,0,0,0,0,0,3,3,2,FALSE,0,0,0,0,0
34c8d8dd2e53cf07a630cdd8b8514d9597d9ef01,1382902242,1,1,1,0,53,36,0,2,0.19,90,3,2,2,1,FALSE,0,0,0,2,0
3f4c92d739e8971d49e00b1e982f23a6b7656d14,1382902190,1,1,1,0,7,0,0,2,24.12,175,45,1,1,0,FALSE,0,0,0,0,0
eb10245df1145e7aa4ff278d66404e0d2cedd7af,1382886023,1,1,1,0,48,25,0,1,3.7,67,2,0,0,0,FALSE,0,0,0,0,0
5d77cb0396e6af1c630a7828b7aee2be0b72733e,1382772383,1,1,2,0.164594,30,31,0,1,1.08,2429,167,1966,1175.33,250,FALSE,0,0,0,44,117
9972ea578b53cb573459338f1aaa0a3b7818e9ae,1382772342,1,1,4,0.270438,72,75,0,1,1.08,3374.25,130.5,1965,1174.34,249,FALSE,0,0,0,126,310
0bb37623971a0617410a0d98b4b45a34151a125b,1382772309,1,1,1,0,2,3,0,3,1.08,6895,788,1964,1173.34,1440,FALSE,0,0,0,0,0
fbd6e21152f96a940efe70b1eeda899aad862fd0,1382718987,1,1,1,0,161,7,0,1,0.42,7529,389,1963,1173.61,587,TRUE,0,0,0,3,0
bea62537dfa5b5ca593d5918533ecb55283c4c13,1382682796,1,1,1,0,4,0,1,1,0.04,7525,388,1962,1173.48,586,FALSE,0,0,0,0,0
fdbe4c5bd51f358042a430e7f7312dc9cac8d82f,1382678925,3,3,8,0.509868,161,116,0,3,0.96,4091.25,141.88,1961,1172.57,757.333,TRUE,0,0,0,178,388
91e779a52cafb6963f1b3114d21473aa71bc8bf9,1382678721,1,1,0,0,0,0,0,0,0,0,0,1960,1171.58,1438,FALSE,0,0,0,0,0
e2c5e92cd391ef916287c79e48480108af4c7d0c,1382630958,2,2,2,0.815895,17,20,1,1,5.64,3933.5,199.5,1959,1171.72,382,FALSE,0,0,0,6,0
5929676ea2e6e0575eecdad070b80d26fd462700,1382599082,1,1,1,0,75,8,1,1,0.02,7457,385,1958,1171.48,583,FALSE,0,0,0,0,0
36e180ab9152d1257559ca04515290545428be3d,1382597643,1,1,1,0,252,75,1,1,0.09,7280,384,1957,1170.52,582,TRUE,0,0,0,6,16
1e8fe22553d7ef83fa7377517a6e99699768a6fd,1382590505,3,3,7,0.720685,267,228,0,3,2.91,3595.29,139.57,1956,1169.69,689,TRUE,0,0,0,234,523
8e1bd2d8f3828c210a28839c334aaaff31115977,1382589496,1,1,1,0,222,9,0,1,1.39,7067,383,1955,1168.71,581,TRUE,0,0,1,0,2
2dbfcbb378bfedcc74c8b84eb2a2da236aa1a3fb,1382566946,1,1,0,0,0,0,0,0,0,0,0,2,2,2,FALSE,0,0,0,0,0
a717f5c03077e1a288e8595d3cb5fc92a6b7357b,1382566226,1,1,1,0,42,4,0,1,0.05,29,1,1,1,1,FALSE,0,0,0,0,0
3a711790c5eb2867eeaae643c3a3efc905c7c239,1382562223,1,1,1,0,29,0,0,0,0,0,0,0,0,0,FALSE,0,0,0,0,0
239ce262efaa9a7f3db6ed976d4603f5105b614e,1382505387,1,1,0,0,0,0,0,0,0,0,0,1954,1169.72,1436,FALSE,0,0,0,0,0
5be66e98c232a617983f9e6ed0dbf96379d96166,1382469752,1,1,1,0,1,1,1,1,0.12,7067,382,1953,1169.57,580,TRUE,0,0,0,0,0
cacd072c15df6d29087ed9b77036d133a15e81f0,1382459303,1,1,1,0,192,17,0,1,1.01,6892,381,1952,1168.82,579,FALSE,0,0,0,4,2
14c6a1bf2383c6376bface5125fa0504c6f34b48,1382459253,1,1,1,0,7,0,0,3,0.45,6880,785,1951,1167.82,1435,FALSE,0,0,0,0,0
b27dfd4c7794a3334513655b8c497a98bfaf92d2,1382420131,3,3,1,0,2,2,0,3,0.92,6880,784,1950,1167.76,665,FALSE,0,0,0,0,4
4622e9658d4a086a6150c957279a33d0996dd9d7,1382416268,2,2,0,0,0,0,1,0,0,0,0,1949,1166.85,279.5,FALSE,0,0,0,0,0
f8bda517c3a64720a1976558ad656b5f0f92a57e,1382372462,1,1,1,0,170,22,0,1,0.37,6744,380,1948,1166.89,578,TRUE,0,0,0,0,2
de3d9fdb8ba7cde1440bc9bcd006ef886657db7b,1382340901,2,2,2,0.186719,138,10,1,3,0.03,6748,470.5,1947,1166.65,1005,TRUE,0,0,0,0,0
c6291bea520ef1f07e0c52091127d07df3d6a876,1382338000,3,3,6,0.471835,32,26,1,3,1.09,4185.5,160.67,1946,1165.72,686,FALSE,0,0,0,6,3
a266e3c898e9ee1ced0f45199c92c08bd2ce8b27,1382337953,2,2,2,0.0628815,21,0,0,3,0.66,6737,469.5,1945,1164.72,1003.5,FALSE,0,0,0,0,0
f9c34d680893f8ba8091b20b1a4738327f6249ac,1382337342,1,1,1,0,81,4,0,1,0.25,6522,377,1944,1163.73,575,TRUE,0,0,0,0,0
10a91cac2fa56479b3a6d643115072e60c9c1774,1382315937,1,1,1,0,171,4,0,1,1.11,6355,376,1943,1163.24,574,TRUE,0,0,0,0,0
f7e25e9c63ee3ec3d0075da6ae1aa0fcfdcbb209,1382313752,1,1,0,0,0,0,0,0,0,0,0,1942,1162.29,1430,FALSE,0,0,0,0,0
5f821a58a300f591c9004c7e2abbf0a00f41007a,1382302624,1,1,0,0,0,0,0,0,0,0,0,1,1,1,FALSE,0,0,0,0,0
4a2ad4e6f9575c5d8116a0693e087b56f561ca27,1382300250,1,1,0,0,0,0,0,0,0,0,0,0,0,0,FALSE,0,0,0,0,0
4a2bbb52c185023688190a1d9ab6205a71449351,1382224815,3,3,7,0.833897,207,199,1,3,0.06,3591.71,138.71,1941,1163.4,684.333,TRUE,0,0,0,211,473
ed401199bde6de7b16f579ad60f8d48cea2e04ab,1382219832,4,4,8,0.485486,130,91,0,3,0.44,3932.25,139.75,1940,1162.52,655.75,TRUE,0,0,0,60,126
eee3a263f525d5634ecb01c53bb1bd8d6d3db49b,1382213739,1,1,1,0,11,10,0,3,0.51,6859,778,1939,1161.67,1427,FALSE,0,0,0,0,0
eca1d9aabdef8b92d73ad845f392a537e31e863c,1382196392,1,1,2,0.136139,15,16,0,1,0.3,2420,164,1938,1161.08,243,TRUE,0,0,0,16,39
33ff9cfbb6dc9564583203c228569e90a8e3cea3,1382170112,1,1,1,0,77,9,0,1,1.09,6267,374,1937,1160.7,572,FALSE,0,0,0,0,3
de8e6d717443f97bf72d6d404c7e69f2bb3ff3a7,1382170089,2,2,7,0.694623,364,255,0,3,0.62,3573.43,138.14,1936,1159.7,834,TRUE,0,0,0,156,328
cd9332cddf10c75f6bcdd5be27cd74244b27e6cb,1382159895,1,1,1,0,1,1,0,3,0.58,6831,776,1935,1158.94,1425,FALSE,0,0,0,0,0
fb4a861c0da96601a59a730566d799a9fa3f6b0d,1382109690,3,3,8,0.706039,56,58,0,3,4.18,3376.75,128.25,1934,1159.13,592.667,TRUE,0,0,0,50,102
c30460df4cc7d04327605835b33b3f5d3b528288,1382079542,2,2,7,0.590055,73,65,0,3,0.05,3576.29,137.71,1933,1158.85,831.5,TRUE,0,0,0,80,148
31e86a36f87822e1a3c72a79ede8d44a832ca0fb,1382075620,3,3,8,0.51221,124,94,0,3,3.85,3908.88,138.75,1932,1157.94,744,TRUE,0,0,0,66,143
0b4fe85b33bf99752d81ca2bc3ea92b528e494d2,1382025946,1,1,1,0,45,45,0,1,10.38,48,3,1931,1158.11,177,FALSE,0,0,12,24,40
99e7a1705a32eef52621fafebaeabe2acfbc87bb,1381991314,1,1,1,0,7,6,0,1,39.45,2053,13,1930,1157.93,176,FALSE,0,0,2,3,3
27c6259b53a93c3c4b72238a130ebeb9642edbab,1381901281,1,1,1,0,136,29,0,1,0.56,6143,372,1929,1159.07,570,TRUE,0,0,0,0,3
1ecae14baebf31cbe0b0e1aa8192ddd4d29d7413,1381853325,1,1,1,0,70,0,0,1,1,6073,371,1928,1159.21,569,FALSE,0,0,0,0,0
c56a09f3187480332c4df3155bae52adada166fe,1381819704,1,1,1,0,4,0,0,3,1.24,6832,772,1927,1159.01,1421,FALSE,0,0,0,0,0
ffec2699ea693c22e508dca3f75c9f13e7ae3893,1381816320,1,1,0,0,0,0,0,0,0,0,0,1926,1158.09,1420,FALSE,0,0,0,0,0
46faf0280c47296b11c8a26229c7a6aaf18de25b,1381767294,1,1,1,0,362,65,0,1,0.74,5776,370,1925,1158.25,568,TRUE,0,0,0,0,0
3b774ed507fe20091add10543b35117f7fdc3423,1381726652,1,1,0,0,0,0,0,0,0,0,0,1924,1158.22,1419,FALSE,0,0,0,0,0
9c62bbbc05fc1d15d7b787b367afbd2a12a85597,1381717148,1,1,0,0,0,0,0,0,0,0,0,1923,1157.44,1418,FALSE,0,0,0,0,0
dc6b1ef47b89995f0ad159f85a5b882d190ec251,1381712783,1,1,1,0,14,14,0,3,0.09,6832,771,1922,1156.54,1417,FALSE,0,0,0,2,0
1f8e1d2a29c3a53d29dcd8b8422be0b2cb47e1df,1381704825,2,2,4,1,4,4,1,3,0.02,6217.25,215.25,1921,1155.73,827,FALSE,0,0,0,0,0
b30a94860111f7b01946531c67f8b5944fe87795,1381703331,4,4,8,0.235329,1075,896,0,3,4.46,3826.75,137.88,1920,1154.77,649,TRUE,0,0,0,252,459
e90568e044591e5160f81e613c52ec57b243e588,1381691611,1,1,0,0,0,0,0,0,0,0,0,1919,1154.05,1414,FALSE,0,0,0,0,0
c74b5ba3a29026c7a61f1265d9aeaa0ebf58e63f,1381688782,1,1,1,0,12,6,1,1,14.06,337,17,1918,1153.11,175,TRUE,0,0,0,0,0
2085d6afad3ecf6cd6fdeb9b0449cfe2b5063e2f,1381687263,1,1,2,0.0570388,23,23,0,1,7.49,55,239.5,1917,1152.15,236,FALSE,0,0,0,52,96
8bfdbd0fed57816841373857a677d4be04e7e7f1,1381686248,1,1,0,0,0,0,1,0,0,0,0,1916,1151.17,1413,FALSE,0,0,0,0,0
cc3dc6aff09062bd14987ce2acd41e1f4815d845,1381636853,2,2,2,0.57938,76,86,1,3,0.89,6302,460,1915,1151.34,989,FALSE,0,0,0,0,0
d01284d1470d8acc5d212470e20412670879f04d,1381560464,1,1,1,0,303,222,0,3,3.18,6748,767,1914,1152.14,1411,FALSE,0,0,0,8,0
7b7d5118d638e1bf9614c73c0566755ece74a9e3,1381559967,1,1,1,0,109,4,0,1,2.07,5670,367,1913,1151.15,565,TRUE,0,0,0,0,0
a03a7dcb4ade472d9429b908d78fa328c25544ee,1381469252,1,2,9,0.311769,569,270,0,1,253.93,607,4,1912,1152.29,174,FALSE,0,0,36,17,8
dfae413afc5c97b7d619c30c76c93e8cf43616dd,1381380724,1,1,1,0,448,56,0,1,1.92,5278,366,1911,1153.39,564,TRUE,0,0,1,0,2
253642a85e710b193006d07e7d3b88552e0dea2b,1381286039,1,1,1,0,1,2,0,3,0.82,6749,766,1910,1154.64,1410,FALSE,0,0,0,0,0
ce64c8e7d1af122676f8cb1bde3312efb497237b,1381217865,1,1,0,0,0,0,0,0,0,0,0,1909,1155.26,1409,FALSE,0,0,0,0,0
d7ae0105c3886b4cf2567da88b68c5de3ef2f723,1381215135,1,1,1,0,1,1,1,1,0,5278,365,1908,1154.32,563,FALSE,0,0,0,0,0
e7320e7bd3878e84637319d3bd72ba746e148ce9,1381214998,1,1,1,0,8,8,1,3,3.02,6749,765,1907,1153.33,1408,FALSE,0,0,0,0,0
a21456580303f43f5d50094617fa2ecfa6d74ca7,1381214943,1,1,1,0,264,35,0,1,2.02,5049,364,1906,1152.33,562,TRUE,0,1,0,0,1
61f1290beac13c3b799f7deb3b472a946b658f57,1381129078,1,1,1,0,44,44,0,1,35.05,48,2,1905,1153.37,173,FALSE,0,0,12,24,34
ba5e512d10b241b35075edecb2f963ce78c1db25,1381040507,2,2,4,0.639618,9,4,0,1,1.04,1298,193.5,1904,1154.48,398,FALSE,0,0,0,4,0
624e4bca40effe1f52f932ff4759cbcd479ac14e,1380953826,2,2,5,0.32782,16,16,0,3,0.08,3990.4,184,1903,1155.55,820.5,FALSE,0,0,0,31,64
613237727d8710b3451cf271e8cb04465c4272cf,1380951403,1,1,1,0,1,1,0,1,163.56,82,22,1902,1154.6,112,FALSE,0,0,0,0,0
fd2ddca6f27c006627c19308410b86b0b82fe357,1380947050,3,3,8,0.405149,131,72,0,3,0.91,3719.25,136.38,1901,1153.71,733,FALSE,0,0,0,63,162
e114c180316d303551a96922b238ffd79cc2e446,1380868249,3,3,8,0.610272,18,11,0,3,0.91,3718.38,136.25,1900,1154.59,732,FALSE,0,0,0,4,0
4bce4721e5069c95381ac63978c6d67376071b69,1380818552,1,1,0,0,0,0,0,0,0,0,0,8,6.47,8,FALSE,0,0,0,0,0
49e22742de945160be16175e8cd61c1f6d84b1d2,1380818552,1,1,2,0.380052,33,5,0,2,1.6,2571.5,193,1899,1154.78,558,FALSE,0,0,0,0,1
422d7942efc06ab5d164dbea25684b53330758a3,1380785429,3,3,7,1,14,14,0,3,0.2,3535.86,135.57,1898,1154.57,670.333,FALSE,0,0,0,2,4
a63e7162bc4acd2715ff71713514679d49333493,1380781301,1,1,0,0,0,0,0,0,0,0,0,1897,1153.67,375,FALSE,0,0,0,0,0
1f973b72b8dd69d3389e505416bbe3675765c85a,1380768435,1,1,2,0.155254,57,44,0,1,0.01,3200.5,100.5,1896,1152.98,230,TRUE,0,0,0,76,190
d3dd97f167f36990c4b549fa0e21781eecbf588a,1380767449,4,4,8,0.372307,184,121,1,3,3.72,3706.5,135.75,1895,1152,640.75,FALSE,0,0,0,132,254
f0f17e0041cba91f85a2f3dd791dfec55d5c2f3f,1380691226,1,1,0,0,0,0,0,0,0,0,0,1894,1152.82,1402,FALSE,0,0,0,0,0
d6fa8bf233fb0b978aafd0db6d68c0708fcabe12,1380690283,1,1,1,0,2,1,0,1,1.13,47,22,1893,1151.84,556,FALSE,0,0,0,0,0
ec5e685a1cf584e98305a7db85fb15d91a335e56,1380641943,1,1,0,0,0,0,0,0,0,0,0,1892,1152,1401,FALSE,0,0,0,0,0
c88b95751cf6b4a3345faec75eaf63e969c3c6ec,1380597719,1,1,0,0,0,0,0,0,0,0,0,1891,1152.05,1400,FALSE,0,0,0,0,0
72ae25bc53bb5c1d59a8a48654d1c64c94673bcf,1380593151,1,1,1,0,50,50,0,1,0.01,4977,358,1890,1151.16,555,TRUE,0,0,2,4,6
02e5cc1da8e2573e5003e707f75f3c8cf3f9942d,1380592384,2,4,7,1,5,5,0,2,14.45,812,60.57,1889,1150.18,332.5,FALSE,8,4,40,0,8
3d092df56dceabd45f14d41ee5706541a409529d,1380511993,1,1,2,1,2,2,0,2,0.05,2575.5,187.5,1888,1151.1,553,TRUE,0,0,4,0,0
912d5c700c51446bc8141661679d65b9d3ff43df,1380511305,1,1,0,0,0,0,0,0,0,0,0,1887,1150.11,1399,FALSE,0,0,0,0,0
6d3c49251869110d948fddc47496b9c6a2d389c3,1380507542,1,1,2,0.00813266,204,91,0,2,0.53,2519,187,1886,1149.2,552,TRUE,0,0,4,0,36
5e29e3f1cb287a181ad027ca2196e0c6bce8b5dd,1380491212,2,2,1,0,1,1,0,1,0.09,4864,354,1885,1148.59,974.5,FALSE,0,0,0,0,0
23b00ebaac81e17ed5814ade020df897d5331a57,1380491212,1,1,0,0,0,0,0,0,0,0,0,7,5.53,7,FALSE,0,0,0,0,0
0558495760a9efcc5b77a523b09a441ae7e88194,1380483034,1,1,1,0,2,2,0,1,0.59,4864,353,1884,1147.79,550,FALSE,0,0,0,0,0
0471dfa2f8752e1c6225d68a69ec311117e6cf3f,1380473585,1,1,1,0,3,2,0,1,0.64,336,16,1883,1147.01,172,FALSE,0,0,0,0,2
7883e6544ef9be338667a1129639e69f43f794ab,1380431645,1,1,2,0.533969,7,9,1,2,3.52,2520,185.5,1882,1147.01,549,FALSE,0,0,4,0,0
6da87e4a790004c3bc448dcf340ce3b3b6b68036,1380425394,3,3,7,1,14,14,0,3,1,3525,135.14,1881,1146.16,666,FALSE,0,0,0,2,4
bafe4fff9330fade4f3d0fe8df215100bd31cc70,1380418027,2,2,2,0.0517727,436,395,0,1,1.24,2579,181,1880,1145.33,359.5,TRUE,0,2,0,0,1
da782398a26d4cf0f5e7f4ae655ab24296a3f1fd,1380413604,1,1,1,0,259,170,0,1,0.7,4766,350,1879,1144.44,547,TRUE,0,0,0,1,1
4b26b46f6af7ecac4e770ad88acf99287a8f4ad1,1380402132,3,3,4,0.17156,35,47,0,3,2.23,4561.75,216.75,1878,1143.71,665,TRUE,0,0,0,62,132
0f1e69a2dfe1efbcab3900445a9350e5801add39,1380353156,1,1,1,0,4,4,0,1,1.18,4766,349,1877,1143.87,546,TRUE,0,0,0,0,0
85f2bd464c6d33b814f7fed525bdee67c701051c,1380263671,1,1,0,0,0,0,0,0,0,0,0,1876,1145,1395,FALSE,0,0,0,0,0
8a4956b736a7496dd6d3bffed0dac9bd1bb705fb,1380257714,1,1,0,0,0,0,0,0,0,0,0,1875,1144.14,1394,FALSE,0,0,0,0,0
4a369af4c727bed4d2bdc6220588e0768352423d,1380254710,2,2,6,0.329199,55,73,0,3,0.38,4111.17,155.83,1874,1143.21,809.5,TRUE,0,0,0,4,17
9749305ecde72ac1dcc21b03213c81f90d05181c,1380251227,3,3,6,0.711114,201,164,0,3,2.47,4102.83,173.67,1873,1142.29,720.667,TRUE,0,0,0,47,125
639178dbdca326f3d4eb28fee253609b147e886a,1380208353,1,1,1,0,19,10,0,1,21.51,294,14,1872,1142.31,170,FALSE,0,0,0,0,0
62d038b547a3ddfe14d7cd2fd3753e73fd31eb6d,1380181962,1,1,0,0,0,0,1,0,0,0,0,1871,1141.93,1391,FALSE,0,0,0,0,0
9b80e3a33bd8639271e1543adc69f3c005eea405,1380176698,1,1,1,0,1,1,0,3,1.18,6724,755,1870,1141.06,1390,FALSE,0,0,0,0,0
0ea54f0458522753a287826d1f21833ee453c2c9,1380174695,1,1,0,0,0,0,0,0,0,0,0,1869,1140.11,1389,FALSE,0,0,0,0,0
374c52f71f3801fb32ec7d871bd13b7e24a0fd2a,1380125344,1,1,0,0,0,0,0,0,0,0,0,1868,1140.27,1388,FALSE,0,0,0,0,0
60f63e125aa8eccdade7f8ed95d4b46e993a609c,1380080866,1,1,0,0,0,0,0,0,0,0,0,1867,1140.33,1387,FALSE,0,0,0,0,0
7cfa7f3de4f120b52dbb3d008dea6484eb376294,1380075009,2,2,5,0.364211,93,91,0,3,1.07,3659.4,186.8,1866,1139.46,805,TRUE,0,0,0,148,300
92409831c2ff5b6e23bdf74df591ecdd278b96bd,1380006616,2,2,6,0.383621,210,192,0,3,1.4,3313.83,155.83,1865,1140.08,804,TRUE,0,0,0,192,431
e04790a628dc335cfa927928fe44b65de1cbe586,1379952770,2,2,0,0,0,0,0,0,0,0,0,1864,1140.36,270,FALSE,0,0,0,0,0
cd7bf405085c0854ff5a1121b2693c420a4f34ac,1379950732,1,1,0,0,0,0,0,0,0,0,0,1863,1139.41,1384,FALSE,0,0,0,0,0
04de328dbe43cfe3be6d3de20cd46322c783c048,1379885533,1,1,0,0,0,0,0,0,0,0,0,6,4.62,6,FALSE,0,0,0,0,0
dc378e9ce7902be492a53d31224a5336f5801962,1379885533,4,4,8,0.66547,31,22,0,3,1.65,3675.62,133.5,1862,1139.96,629.75,FALSE,0,0,0,2,4
5fcdcec1a8915bb5cca1af0b3cff571537c9f5e9,1379837750,1,1,1,0,1,1,0,2,5.05,177,28,1861,1140.09,543,TRUE,0,0,0,0,0
8773704c8bbdbe97240fb99fb9cdef27a6b57377,1379743313,3,3,8,0.376076,143,131,0,3,0.94,3674.12,133.38,1860,1141.34,715,FALSE,0,0,0,153,369
291fd1857e2ea886974574f827ad1e5d992f9ff4,1379736688,2,2,0,0,0,0,0,0,0,0,0,1859,1140.49,774.5,FALSE,0,0,0,0,0
0aa4aeaddc1a0982fb7fed025679d8705e22f19e,1379731969,1,1,0,0,0,0,0,0,0,0,0,1858,1139.61,1380,FALSE,0,0,0,0,0
ca81f1b2e8ec93cc38b842e12db78c846d042076,1379661702,4,4,8,0.401262,124,45,0,3,0.43,3664.25,133.25,1857,1140.28,627.25,FALSE,0,0,0,18,40
fca3a144103c243c871bb4cfba3172c7fc978c70,1379659784,1,1,0,0,0,0,0,0,0,0,0,1856,1139.32,1378,FALSE,0,0,0,0,0
d105e80ed855acfb52ff4030cacae26e3be99aa3,1379652530,1,1,0,0,0,0,0,0,0,0,0,1855,1138.49,1377,FALSE,0,0,0,0,0
ce63faa597339027dfa1da980fcda81445c8aa94,1379650337,1,1,0,0,0,0,0,0,0,0,0,1854,1137.55,1376,FALSE,0,0,0,0,0
25c1b63a00ac225390520bbf6bfd5ebdb9e808b4,1379641250,3,3,4,1,8,8,1,3,0.4,6108.75,209.75,1853,1136.76,654,FALSE,0,0,0,0,0
548728abba726568c82c5b863a584b634c4efb23,1379608413,1,1,0,0,0,0,1,0,0,0,0,1852,1136.54,1374,FALSE,0,0,0,0,0
2ebdbd565ac1f8c430df1d2baa830a13a41b971a,1379607642,3,3,5,0.539334,39,39,0,3,0.28,3641,206.4,1851,1135.56,710.333,TRUE,0,0,0,22,80
86376616ff2ac5fa36aef8ae60ce70a75142cce4,1379606035,1,1,0,0,0,0,0,0,0,0,0,1850,1134.6,1372,FALSE,0,0,0,0,0
7c6865f9480292305d730aafd8ea56e071f7e82e,1379605999,2,2,7,0.586068,131,93,0,3,1.3,3506.14,133.43,1849,1133.6,794,FALSE,0,0,0,138,328
c2da0070f5ff4d75bf09487dfdf606bf017e49e2,1379567178,1,1,0,0,0,0,0,0,0,0,0,1848,1133.51,1370,FALSE,0,0,0,0,0
bf2a2aed66eb185aea48b7039858c681c9479465,1379564014,1,1,1,0,2,2,1,3,0.93,6686,746,1847,1132.59,1369,FALSE,0,0,0,0,0
403ea0a0e14b03f999ba41ff246c59246b23ceb5,1379492408,1,1,1,0,3,8,1,1,0.24,4738,343,1846,1133.28,539,FALSE,0,0,0,0,0
27976cbe1ad2dec9a014a3ce3e7670c70d1b8bba,1379483682,3,3,6,0.412011,48,36,0,3,0.11,4082.17,153.83,1845,1132.49,650.333,FALSE,0,0,0,4,28
70147396a4fdc4ac586357e13c97999a05e4d859,1379483590,1,1,1,0,3,1,0,3,0.13,6682,744,1844,1131.49,1367,FALSE,0,0,0,0,5
d6aed16e7c41c79eae0f3e3048d807a72b77794f,1379471947,3,3,8,0.822407,13,8,0,3,0.01,3657.75,132.25,1843,1130.76,706.333,TRUE,0,0,0,0,5
0414bae820be375a09c8057ea946194c4db73c73,1379471401,1,1,1,0,8,5,0,2,0.8,163,42,1842,1129.78,537,FALSE,0,0,0,0,0
620866bc39489795f98652f27e85d51138dbb7aa,1379471349,3,3,8,0.806478,17,8,0,3,0.49,3656.62,132.12,1841,1128.78,705,FALSE,0,0,0,22,42
55f080e33ff853406b713bd7c88596a756561c3e,1379433498,3,3,8,0.606274,116,93,0,3,0.99,3309.25,123.62,1840,1128.67,562.333,TRUE,0,0,0,140,342
9f2b1b03d7cedeb274377acbbf2c40f52249b2f1,1379402200,1,1,1,0,17,7,0,2,0.01,153,41,1839,1128.4,535,FALSE,0,0,0,0,0
c0a0f3aaf527cee1e47db1b7dd608ef0e6ef97ec,1379401521,2,2,2,1,4,4,0,2,0.01,174.5,15.5,1838,1127.42,321.5,FALSE,0,0,0,0,0
7726b5c56b2d1929df867d2ea6ca901edef4b44c,1379401021,1,1,2,0.717117,47,9,0,2,2.88,2421.5,182,1837,1126.43,533,FALSE,0,0,0,0,0
3daff8ab8af7ef57b3625b4d3b4dbad68d298ff7,1379400986,2,2,2,1,12,12,0,2,17.09,174.5,15,1836,1125.43,320,FALSE,0,0,8,0,0
428c2097c764ca9d10f9eda364d3afd6394bf139,1379391614,2,2,7,0.2689,67,63,0,3,1,3501.29,132.43,1835,1124.65,787.5,TRUE,0,0,0,96,186
7786583ecf9316096090b889c049e821638301a9,1379341532,1,1,1,0,5,1,1,1,0.53,4704,339,1834,1124.82,531,FALSE,0,0,0,0,0
9b79ea7d303b7c907d67cba9dbafe6661d1f9f98,1379311924,3,3,4,0.762419,18,18,0,3,0.19,6091,207.25,1833,1124.52,646.333,FALSE,0,0,0,0,0
3dc843636233e6d3b375956e7118a3d4ed1658d6,1379295429,3,3,8,0.564898,123,71,0,3,2.96,3645.12,131.38,1832,1123.9,700.333,TRUE,0,0,0,136,274
9f1f2a4845e115fdc635162aca2b73e0e4cbb919,1379291358,1,1,2,0.0279946,45,45,0,1,3.39,3163,91,1831,1123,209,FALSE,0,0,0,84,196
40204e8133d033d91eba4d327426e610002d6909,1379290677,3,4,1,0,0,14,0,1,11.84,2873,23,1830,1122.01,630.667,FALSE,0,0,0,0,0
133b1067c556dedb827ca94a68c5263bd8854f6c,1379142596,1,1,0,0,0,0,0,0,0,0,0,1829,1124.48,1359,FALSE,0,0,0,0,0
5c8287203ee01e88eacf167eceedf305a301160a,1379133552,1,1,0,0,0,0,0,0,0,0,0,1828,1123.69,1358,FALSE,0,0,0,0,0
061bbb1914b5fae757b8a4138367c7935644f0cf,1379132321,1,1,0,0,0,0,0,0,0,0,0,1827,1122.72,1357,FALSE,0,0,0,0,0
f75a35b3b4f5afad66c798732ee586f92398ba09,1379132321,1,1,0,0,0,0,0,0,0,0,0,5,3.71,5,FALSE,0,0,0,0,0
572168ef2082bf5ba097cc23b341ffae6eab97d3,1379132284,1,1,0,0,0,0,0,0,0,0,0,1826,1121.72,1356,FALSE,0,0,0,0,0
1aa27f2da3ea9e9c009a6ab7bb0b30168af68bf9,1379132172,1,1,0,0,0,0,0,0,0,0,0,1825,1120.72,1355,FALSE,0,0,0,0,0
be76614c907e99c2d4c4a312298b1666edd5c476,1379097721,1,1,0,0,0,0,0,0,0,0,0,1824,1120.53,1354,FALSE,0,0,0,0,0
e26d355fb7193d00884b8a0041947816cfd966f7,1379089495,1,1,0,0,0,0,0,0,0,0,0,1823,1119.72,1353,FALSE,0,0,0,0,0
5d6a6590bf0b8454cac8b5d68414c0b3a04afcb9,1379045470,1,1,1,0,1,1,0,1,66.91,6,1,1822,1119.75,529,FALSE,0,0,0,0,0
7dfdfe5b509042134fa9fa205e34ddd2c9a5b6e7,1379039459,1,1,1,0,3,3,0,1,4.09,1961,92,1821,1118.89,107,FALSE,0,0,0,0,0
36fcc460f4bce69cf0db5f1f9bb0a314c9fdfceb,1379039439,2,2,7,0.431379,52,40,0,3,1.8,3493.86,131.71,1820,1117.89,780,FALSE,0,0,0,3,10
d8dbcef5ddb803f2fbb7bafd02c4fdafc1ec46d7,1378998786,3,3,7,1,14,14,0,3,-0.47,3495.57,131.86,1819,1117.83,640.667,FALSE,0,0,0,1,7
24b03d42d6e3e37bea6c45abaf3a5618a6ea8f2f,1378962982,1,1,2,1,6,6,1,2,8.54,138.5,28,1818,1117.67,528,FALSE,0,0,0,0,0
60275d36370bcfb49161254f1f1506ac2eeeb4de,1378912727,1,1,0,0,0,0,0,0,0,0,0,1817,1117.84,1350,FALSE,0,0,0,0,0
9b5b471802dd9e8204081257521557416ecc961d,1378883903,2,2,7,1,7,7,0,3,1.64,3493.86,131.57,1816,1117.51,777.5,FALSE,0,0,0,0,0
1edb96f52627a4febc0828380836540a1304b1c3,1378787109,1,1,0,0,0,0,0,0,0,0,0,1815,1118.77,1348,FALSE,0,0,0,0,0
f949bdcfe4f88212bfb501c40a2eb93e823a9a25,1378742079,3,3,6,0.883565,236,246,0,1,1.43,2967.17,86.17,1814,1118.83,638.333,FALSE,0,0,0,243,502
21a45a940e27b9cd3086f0856cb0fbde2bf9b3e0,1378740084,2,2,2,0.680512,60,38,0,3,0.4,5667,433.5,1813,1117.87,936.5,TRUE,0,0,0,0,8
fb61dfd39d6d9a14dda892391e39aeae472c3a4e,1378736817,1,1,1,0,7,5,0,3,0.72,6669,733,1812,1116.95,1345,FALSE,0,0,0,5,1
9b5940505bd10b71bd4e61a7291ea3d620270b4f,1378685688,1,1,1,0,24,12,0,1,12.8,1949,91,1811,1117.14,106,FALSE,0,0,0,4,0
8c07a67fe98ef0b632e01e3692f8c211a2fdaaae,1378674549,1,1,1,0,1,1,0,3,0.62,6669,732,1810,1116.4,1344,FALSE,0,0,0,0,0
0f9687ce6223fff0b28d8d4299cb6c85f83c14bb,1378674479,1,1,1,0,10,4,0,1,2.82,4657,336,1809,1115.41,526,TRUE,0,0,4,0,0
1460e46d1f1081cd7ac49b0f82a022925ee633b8,1378620882,1,1,1,0,6,3,0,3,0.35,6666,731,1808,1115.66,1343,FALSE,0,0,0,0,1
692521c49d3c48ba6aa58f6d3b63cadd867bfb5f,1378618134,3,3,6,0.385313,211,144,0,1,6.46,2956,86,1807,1114.72,636,FALSE,0,0,0,150,295
2f1d8cc196a84c8a277c44f23c0a724c2d934fb3,1378590550,1,1,1,0,6,4,0,3,0.61,6664,730,1806,1114.36,1341,FALSE,0,0,0,2,0
eeabb47fb6ce7ad9e5a081d19a54d9e6296d6e6b,1378582733,1,3,7,0.223794,143,76,0,1,19.3,712.86,9.29,1805,1113.54,166,FALSE,0,0,0,99,30
e078f584eb370f23c95a135af601671ce683eac8,1378538226,1,1,1,0,14,18,0,3,2.32,6668,729,1804,1113.58,1340,FALSE,0,0,0,2,0
f86322545a576a7fb70ff5b8d67d9a47d0229db8,1378448468,1,1,0,0,0,0,0,0,0,0,0,1803,1114.68,1339,FALSE,0,0,0,0,0
720e19a01f4e603becd4ff1fdf5924ab3bbfa5ac,1378431232,1,1,1,0,10,16,0,1,0.94,4663,335,1802,1114.08,525,TRUE,0,0,4,1,1
3560fed86e148f2eb9f01c94903497a2ab97a6d4,1378349914,2,2,3,0.468546,8,8,1,2,1.06,1697.33,122.33,1801,1114.98,344.5,FALSE,0,0,0,0,0
5f8f5a9f85c2383b879696d5e7486c4469b3c069,1378338654,1,1,1,0,2,1,1,1,0.01,4664,333,1800,1114.24,523,TRUE,0,0,0,0,0
1aae24b8318e155a4a0dea51b7e7369d12fdbdc1,1378337855,1,1,1,0,3,5,0,3,5.81,6670,728,1799,1113.26,1338,FALSE,0,0,0,0,0
b544b1c3d4ce75a4e8ccac31c51b2b227ab87f56,1378337774,1,1,1,0,27,27,0,1,0.79,4664,332,1798,1112.26,522,TRUE,0,0,25,2,2
f462f87183bc6b8061e7f5616ce64340ad53c844,1378269473,1,1,3,0.106082,35,14,0,2,1.69,1651.67,121.67,1797,1112.86,521,TRUE,0,0,2,0,3
6ed7ef25b24c7e8ad719656b988b643d4dd7c9f5,1378267942,1,1,0,0,0,0,0,0,0,0,0,1796,1111.89,1337,FALSE,0,0,0,0,0
bc79d09f2dbf11fe9b7b4cf3748d5656b448a21f,1378267894,3,4,6,0.558867,144,129,0,1,7.24,3584.5,47,1795,1110.89,242.667,FALSE,0,0,13,82,196
5b2becb87f4baa1675146af0495a5bad91479346,1378167560,2,2,2,0.107539,88,40,0,1,3.9,2443.5,170,1794,1112.23,341.5,TRUE,0,0,21,1,2
cd808fb5a53af3480fde43546adffe555d3b71f4,1378101007,1,1,3,0.372293,20,22,0,2,3.72,152,22.67,1793,1112.79,519,TRUE,0,0,0,0,0
c8a4e40bcffd2b6dcaa695604f82346eeaed21ce,1378100782,1,1,1,0,45,43,0,1,3.02,46,1,1792,1111.8,162,FALSE,0,0,10,23,37
911b6c9679b423a661de760b0eb89650eb7b91f8,1378081546,1,1,0,0,0,0,0,0,0,0,0,1791,1111.25,1336,FALSE,0,0,0,0,0
03041f87c33318cc347e890d7e0e0128efb77bf4,1378081519,1,1,1,0,1,1,0,1,1.18,4595,329,1790,1110.25,518,FALSE,0,0,0,0,1
360c53d6caf6375b1579c6ba7d912e6012729fee,1378017250,1,1,0,0,0,0,0,0,0,0,0,1789,1110.75,1335,FALSE,0,0,0,0,0
3f1d555c719157e3556395708c76d9edae07e430,1377979813,1,1,1,0,1,1,0,1,1.67,4595,328,1788,1110.62,517,FALSE,0,0,0,0,0
ae1d72265cdfacbaba3c1af1def62b1168905c23,1377978874,1,1,0,0,0,0,0,0,0,0,0,1787,1109.64,1334,FALSE,0,0,0,0,0
9570c65d887ee21d6d91620928700ea3fb7c71f3,1377878376,1,1,0,0,0,0,0,0,0,0,0,1786,1110.99,1333,FALSE,0,0,0,0,0
3e0b04509a08051c097a82c20b93bdb3340914f6,1377846748,0,0,0,0,0,0,0,0,0,0,0,1785,1110.73,0,FALSE,0,0,0,0,0
0884379e0bacb13c5e8a93ab8ff6b9fbe6b42cf2,1377840320,1,1,0,0,0,0,0,0,0,0,0,1784,1109.88,1332,FALSE,0,0,0,0,0
ec1653202852f0863e13a71f3bbe57ed2ab7124b,1377840264,1,1,0,0,0,0,0,0,0,0,0,1783,1108.89,1331,FALSE,0,0,0,0,0
c8f13544a8d6e46d4f8039efc17efac97606630d,1377840222,0,0,0,0,0,0,0,0,0,0,0,1782,1107.89,0,FALSE,0,0,0,0,0
44bfe554135001256ced82c19a13eece5a5dd02c,1377840149,2,3,3,0.201423,47,49,0,2,0.76,74,7.67,1781,1106.89,338.5,FALSE,0,0,10,23,37
b95c1adc86f4b9553160e3fae3fe7522bc3e3169,1377835567,2,2,2,0.097504,14,14,0,3,1.54,5632.5,425.5,1780,1106,922.5,FALSE,0,0,0,0,0
b3a94c26d9babbe6712eba06c6521a034ebcb4f5,1377835105,1,1,0,0,0,0,0,0,0,0,0,1779,1105.01,1329,FALSE,0,0,0,0,0
159c7238a88a5e9f011a4eea958a30e02acfb264,1377793901,1,1,0,0,0,0,0,0,0,0,0,1778,1104.96,1328,FALSE,0,0,0,0,0
70f40bab1d95aebf13c97b47c43440baae703703,1377792418,1,1,0,0,0,0,0,0,0,0,0,1777,1104,1327,FALSE,0,0,0,0,0
6c1a9dc14b1e71a9e6e184082e963eb5f1ba6a58,1377787385,1,1,1,0,11,6,0,3,0.49,6665,726,1776,1103.11,1326,FALSE,0,0,0,0,0
816381a6a83e23401c86bcfa0d29f4e6e260aee8,1377749050,1,1,2,1,8,6,0,2,0.05,140,26,1775,1103,514,FALSE,0,0,0,0,0
dd84bca638489177de091421d9d973c370a570ed,1377748083,1,1,1,0,15,11,0,2,0.95,140,27,6,5.22,5,FALSE,0,0,0,0,0
a5d2019a39cb2d967720f851dcd7ca112499425a,1377745069,1,1,1,0,2,2,0,3,0.9,6665,725,1774,1102.1,1325,FALSE,0,0,0,0,0
26cee564c97d5058af501346c995396166a2cd0f,1377744718,1,1,0,0,0,0,0,0,0,0,0,1773,1101.1,1324,FALSE,0,0,0,0,0
316b8a1375ec2b5ce989a0879aab4ae0fb9265c5,1377741989,2,4,5,0.0867749,60,1553,0,2,11.09,370.2,10,5,4.22,2.5,FALSE,0,2,7,16,25
618b25df081d86b15f189be6625bd3892ce80ee9,1377672453,1,1,0,0,0,0,0,0,0,0,0,1772,1101.78,1323,FALSE,0,0,0,0,0
8f9c4cd21732a50fdc6d9416a054e3d4ce39fc14,1377671325,3,4,6,0.266843,0,7869,0,2,0.87,1311.5,133.83,1771,1100.8,712.333,FALSE,0,16,3,21,60
c6e2e33e87194d414a3495ee4342e2b4c5d9d27f,1377667486,3,3,7,0.262328,166,111,0,4,0.64,3522.29,174.14,1770,1099.89,608,TRUE,0,0,0,188,375
db605ea7cac69059ac4235de999de7d857745635,1377665643,1,1,2,1,2,2,1,2,14.74,136.5,24.5,1769,1098.94,512,FALSE,0,0,0,0,0
a1507d484422898cc6f9efd80bbe0cf831da6c0c,1377619970,4,5,9,0.236453,83,124,0,2,5.86,1533.67,94.22,1768,1098.99,548,FALSE,0,0,0,102,32
c6340a64fe6b45481c5ad7bd93af1ac03b94ccaa,1377616924,1,1,1,0,12,0,0,1,0.41,4583,326,1767,1098.06,510,FALSE,0,0,0,0,0
265b440c3717c66ffbb1f84671fbb8577f4cf70e,1377616897,3,4,8,0.597067,17,23,0,3,0.42,3522.5,114.88,1766,1097.06,559.333,FALSE,0,0,0,4,20
ea8e6d978dd382ff4d76d0fd6e686f614ec90959,1377581540,3,3,7,0.530379,29,25,0,4,0.17,4115,186.14,1765,1096.88,675.333,FALSE,0,0,0,8,28
c3f5bc6bfb72bdd69dfa5916fcb9c2654c1434ca,1377579704,7,11,18,0.282419,1376,1362,0,4,1.2,2142.33,77.39,1764,1095.92,420.857,FALSE,0,0,0,206,409
e322f6dbe2ef4a623c4f3bd92d3fdb377229ff77,1377500700,2,4,4,0.127443,501,842,0,2,26.4,253.5,8,1763,1096.74,332,FALSE,0,1,3,46,36
83059a013c63a099d51a207b05da25fbc29e557b,1377495753,1,2,3,0.0686116,34,40,0,1,37.09,615.67,18.67,1762,1095.86,156,FALSE,0,0,0,96,30
e3743924500610dddcadfc3e898050af2695eeb5,1377488610,1,1,6,0.567514,218,139,0,1,0.4,2933,84.83,1761,1095.02,197,FALSE,0,0,0,240,484
72d505b2f11d9d9ab3b7da157fdab4d7ea019a55,1377488424,1,3,3,0.336275,227,227,0,1,66.44,1390.67,10.67,1760,1094.02,155,FALSE,0,0,2,0,0
a11bff0c7bae1efe762aa2d39d448ccb4728a0da,1377488383,1,1,1,0,3,3,0,1,0.32,4582,324,1759,1093.03,506,FALSE,0,0,0,0,0
a820ee4c82ad8de3b8f70cf909ab6f9116b99b43,1377488352,2,3,0,0,0,0,0,0,0,0,0,1758,1092.03,256.5,FALSE,0,0,0,0,0
a18be78bd3087661047ae425acb9c5e80e473809,1377474582,1,1,2,0.78257,19,12,0,4,0.16,5611,539,1757,1091.34,1316,FALSE,0,0,0,0,0
83b5806cec9c9a58b91fcf894f4b76d271fac802,1377460901,5,5,16,0.236723,2157,2184,0,4,20.95,2435.94,88.81,1756,1090.66,483.8,FALSE,0,0,0,138,286
4d7a1199ea381892a9f52e93c9a2798131572375,1377451253,1,1,1,0,13,5,0,2,0.45,4578,591,1755,1089.88,1314,FALSE,0,0,0,0,0
d47cac563a0d55c342242789b2fb54296c9c7cf9,1377419958,3,3,6,0.728135,27,16,0,3,0.76,4022.83,164.17,1754,1089.59,670.667,FALSE,0,0,0,8,24
2969290c639c00a41c267f1db4d1cde2af9b5b28,1377417030,1,1,0,0,0,0,0,0,0,0,0,1753,1088.66,1312,FALSE,0,0,0,0,0
277557cd995987178e60f6aa91c722edaf84b765,1377412324,2,2,8,0.569048,409,279,1,4,1.53,3588.62,148.62,1752,1087.77,752.5,TRUE,0,0,0,170,320
21db7d438bc394b6b23ef6feddbbfe1ce9b84a97,1377329396,1,1,1,0,25,21,0,3,0.66,6606,716,1751,1088.66,1310,TRUE,0,0,0,2,0
61ff2da15cfa6694a365f9b4471bf0c6350425a1,1377272673,4,4,9,0.471813,182,172,0,4,3.97,3392.56,137.33,1750,1088.96,590.75,TRUE,0,0,17,228,489
ad8296a5358357770b9e9a25b5f9e0576a6059fc,1377188551,1,1,1,0,5,7,0,2,1.45,4563,588,1749,1089.89,1308,FALSE,0,0,0,0,0
aec3318f4c26e765e478db8daeee965fc6a10f7e,1377147811,1,3,3,0.133087,120,107,0,1,34.32,2084.33,8.67,1748,1089.82,153,FALSE,0,0,0,0,6
3297c3a2e2566736f7de20df4a9b03fcbe354e75,1377063064,2,2,2,0.438746,11,4,0,2,0.77,4563.5,416.5,1747,1090.77,904.5,FALSE,0,0,0,0,0
84759de36fd76cb90d7a123495c1435894115a16,1377015782,1,1,2,0.112486,49,37,0,4,0.92,5575,534.5,1746,1090.86,1306,FALSE,0,0,0,0,0
a562126f2feaf26ada35c15c6c8ef213d0d619fb,1376977335,4,4,7,0.482196,66,10,1,3,2.43,4087.14,142.71,1745,1090.75,588.75,FALSE,0,0,0,5,8
19011346018181156540c190578763d994becf28,1376894776,1,1,1,0,91,38,0,2,1.45,4494,585,1744,1091.65,1304,FALSE,0,0,0,0,0
eecb6986eec52ee7954898e60fa08a04cfa3fbd8,1376769604,3,3,7,0.53356,23,23,0,4,1.52,4076.14,168.71,1743,1093.55,616.667,FALSE,0,0,0,4,8
508cada017cdd6829a9ed00d51d8864c374e2217,1376752542,1,1,1,0,11,0,0,1,0.36,4560,319,1742,1092.95,500,FALSE,0,0,0,0,0
2abae2f21a0970a18cd61c4e9ac29bca335018ee,1376721193,1,1,1,0,14,0,0,1,0.96,4546,318,1741,1092.67,499,FALSE,0,0,0,1,0
82c17dbde2b0d9be84789ac14923daf231554c01,1376638270,1,2,0,0,0,0,0,0,0,0,0,1740,1093.6,152,FALSE,0,0,0,0,0
425499b3aa5edfaa1a6b9b5e89b587ad530589a4,1376638001,5,5,11,0.320407,437,231,0,4,2.43,3200.64,122.64,1739,1092.6,528.6,TRUE,0,0,0,227,455
96605766bbed5050d9bbe2285e4502b31f508251,1376632156,1,1,0,0,0,0,0,0,0,0,0,1738,1091.74,1301,FALSE,0,0,0,0,0
161012b0a77a97299e0875020717d1b69e2faf36,1376552039,4,4,6,0.557676,62,17,0,3,0.04,3953.83,162.33,1737,1092.6,585,FALSE,0,0,0,25,19
0669a053dbc0969f3c5ad317e286846bda86e152,1376548229,3,3,7,0.449294,38,44,0,3,4.86,3428.29,127.14,1736,1091.69,613.333,TRUE,0,0,0,19,8
ab66e7774093ad8f0f0604f75442c9e49ffdcec0,1376548164,1,1,1,0,42,45,0,1,0.99,4388,315,1735,1090.69,496,TRUE,0,0,0,6,0
381cd535519278e3001fc41a40584b7727fe0ec1,1376462549,1,1,1,0,18,3,0,1,1.06,4373,314,1734,1091.68,495,TRUE,0,0,0,1,0
1f0e92a7526d8cbdb47cee84bfc9934d9e11bd1b,1376371069,1,1,1,0,22,1,0,1,2.96,4352,313,1733,1092.8,494,TRUE,0,0,0,0,0
98b34967170b0b83e6f9017613c44c46e96bc944,1376287447,1,1,1,0,1,1,1,1,16.57,1949,88,1732,1093.75,103,FALSE,0,0,0,0,0
4200e2e4e49073678d145e29bb4c412bdf120ed0,1376195089,1,1,1,0,1,3,0,3,0.89,6562,708,1731,1094.91,1298,FALSE,0,0,0,1,0
e239ae1abae300a371e64ce36045d74cd0f0b007,1376122795,1,1,1,0,0,1,0,2,1.13,1836,177,1730,1095.61,493,FALSE,0,0,0,0,0
2acfc307b77f33f7ca48402731ee5244bfd45905,1376119424,1,1,1,0,15,9,0,2,0.02,4485,582,1729,1094.69,1297,FALSE,0,0,0,0,0
186f1cf7149d73ddb5d48d27af6158d827eb99ac,1376117918,3,3,7,0.443214,133,120,0,4,0.03,4062.14,167.86,1728,1093.72,611.667,FALSE,0,0,0,100,186
a5cf42b7c858a621b27b75a87ec11d41c7a36eda,1376117180,1,1,1,0,1,1,0,2,0.04,4483,580,1727,1092.74,1295,FALSE,0,0,0,0,0
fd7dba88605574e30724252db1a6c70b0a2ca8c6,1376115163,2,2,7,0.230327,57,57,1,3,0.02,3427,126.71,1726,1091.79,740,FALSE,0,0,0,118,204
32d7e365d20773866476ed217a7e15e93ef16061,1376115110,1,1,1,0,2,1,0,1,0.02,4351,312,1725,1090.79,492,TRUE,0,0,0,0,0
1078cc1c91a19dd9ba16c69d465fcc80a2857fa4,1376113724,1,1,1,0,1,5,0,2,0.56,4487,579,1724,1089.82,1293,FALSE,0,0,0,0,0
c97fc370cd8c4aac2444b48de897fedda8664d47,1376113675,4,4,8,0.444034,141,131,0,3,0.06,3541.25,124.25,1723,1088.82,579.75,TRUE,0,0,0,136,230
fca8da118e98e6b18c06537289947da75a4a48cf,1376108583,3,3,8,0.368192,58,58,0,3,0.51,3541.25,124.12,1722,1087.94,655,FALSE,0,0,0,79,139
dda56405e6794f8febd0d02c23d9298c45f20872,1376065567,3,3,6,0.159719,43,38,0,4,0.04,4729.67,182.83,1721,1087.94,607.667,FALSE,0,0,0,62,136
f0f23d491cae12d6a1e361c3c3a64e8d36870b54,1376064503,2,2,2,0.431711,17,2,0,3,0.24,5443,408.5,1720,1086.97,889,FALSE,0,0,0,0,0
44c10d720a0363ed57f61fda8feceeb0252dce1d,1376061758,3,3,9,0.328815,72,64,0,4,0.35,3213.22,132,1719,1086.03,589,TRUE,0,0,0,90,155
690e5a7f9ca72049ae49712f31e56b05b76c90aa,1376033727,1,1,0,0,0,0,0,0,0,0,0,1718,1085.68,1287,FALSE,0,0,0,0,0
e4fdbc3cb4d465d8fe17180e337620a182809b30,1376033704,2,2,4,1,4,4,0,3,0.04,5959.25,196,1717,1084.68,733.5,FALSE,0,0,0,0,0
fe2b86ba832484095ebf48bbd167f948cda2264f,1376032479,2,2,5,0.52329,163,124,0,2,0.04,3130.4,178,1716,1083.71,732.5,TRUE,0,0,0,138,268
8fb95575209b363b22f512b5dd298aa3f7667c21,1376028673,3,3,8,0.524159,576,349,1,4,1.26,3524.38,145.5,1715,1082.8,604,TRUE,0,0,0,243,473
25c91b398a78d2b8649244ca3bc69841e1ec70a9,1376025797,2,2,2,0.507374,19,1,1,3,0.01,5416.5,406.5,1714,1081.86,885.5,FALSE,0,0,0,0,0
8a524dd98f2fbe4b3805be2655b36ee7872b2780,1376025063,3,3,5,0.139178,221,103,0,4,2.65,3497.2,244.8,1713,1080.88,688.333,TRUE,0,0,2,2,5
7371f8927c79bf52ce8e4c39ea10d74ccbf8b225,1375929532,2,2,4,0.51915,28,28,0,2,0.75,5382.5,175.5,1712,1082.08,729.5,FALSE,0,0,0,8,14
3d4f58d564832f7a94170b66ada01725691bac08,1375928905,1,1,1,0,5,2,0,1,0.42,4256,306,1711,1081.1,486,TRUE,0,0,0,0,2
f0e32c88ec9f0a6efe299b19f06246216f2370bf,1375892314,1,1,1,0,17,14,0,1,0.02,4253,305,1710,1080.94,485,FALSE,0,0,0,0,0
5ae3eccaf192202d7e3df779193c85eb19c8b9ec,1375890221,2,2,4,0.211557,76,14,0,4,0.95,4240.25,297.75,1709,1079.99,882,TRUE,0,0,0,1,1
093f12254f442643a6575fa056c8d8ac48172ca9,1375855940,3,3,6,0.334671,1302,1323,0,3,0.59,3940.67,144.17,1708,1079.78,601.333,TRUE,0,0,0,130,212
3a8afe2969572e03076cbc697a85a34bb0aa88bd,1375805293,1,1,0,0,0,0,0,0,0,0,0,1707,1079.95,1278,FALSE,0,0,0,0,0
fff5ae97f22e24949ddad8d99db74bd83e21081d,1375805265,4,4,9,0.376968,211,173,1,4,2.48,3327.78,134,1706,1078.95,570.75,TRUE,0,0,0,57,49
3c626e3ea5b17c697a11902fe3cd4dcf026325f4,1375772155,1,1,0,0,0,0,0,0,0,0,0,1705,1078.71,1276,FALSE,0,0,0,0,0
26f57141a19a291a5ab58d2d25c2f789ebfa55ea,1375765972,1,1,0,0,0,0,0,0,0,0,0,1704,1077.85,1275,FALSE,0,0,0,0,0
419aa9dcbaa3f1da9e99575ab7ef539d6761a739,1375765898,1,1,1,0,8,4,0,1,1.39,4186,303,1703,1076.86,482,FALSE,0,0,0,0,0
3f15456b9c451e21f265cffa047149bb758680d3,1375649425,1,1,1,0,27,6,0,2,0.77,1787,173,1702,1078.54,481,TRUE,0,0,0,0,0
f67a2fa865d026bec9b21063bbcae410ee20f206,1375645647,1,1,1,0,115,87,0,2,0.6,4428,570,1701,1077.63,1274,TRUE,0,0,0,2,2
0f6de542bf328654c2480e457ece0473fe1cda2c,1375645587,2,2,2,0.318801,53,40,1,3,0.96,5321.5,402.5,1700,1076.63,876.5,TRUE,0,0,0,2,0
1a529841e09e3000a84d02986338fe0fe24efd69,1375593802,1,1,1,0,15,12,1,2,0.03,4425,569,1699,1076.82,1272,FALSE,0,0,0,0,0
a9bf6a0e3ba85121b2ed3eb034ecbfb75c39ddd5,1375590838,1,2,4,0.367744,25,17,0,1,38.57,983,10.75,1698,1075.89,151,FALSE,0,0,0,0,0
76dcd7d96eef08883c65c24abf02922c0f0dfa39,1375590809,1,1,1,0,96,108,1,2,0.09,4437,568,1697,1074.89,1271,TRUE,0,0,0,4,2
6aa1361b1ad7e3e1d78a65d47a4b5b495b8ce009,1375583855,1,1,0,0,0,0,0,0,0,0,0,1696,1074.05,1270,FALSE,0,0,0,0,0
f623a4ecef4d37e22d9de052e3c43ffdca15bce9,1375583165,4,4,7,0.332978,177,159,1,2,1.09,3340.86,133.14,1695,1073.06,567.25,TRUE,0,0,0,86,164
aa465a12aa9a11efb7355d4cb277e5e046e46638,1375563031,2,2,4,0.451259,15,1,0,4,0.02,4211,295.25,1694,1072.53,873,TRUE,0,0,0,0,2
81ba623423c7ba81c47ee998b4bf7680566758d9,1375561960,0,0,0,0,0,0,0,0,0,0,0,1693,1071.55,0,FALSE,0,0,0,0,0
4f6f6cca0f81c1ff0009df54282c6e4dcdeae767,1375561952,2,2,2,0.548312,47,47,0,3,0.6,5318,401,1692,1070.55,872,FALSE,0,0,0,4,0
56346f2a52ace1ce8592fd5f90b905e31ffd2a76,1375560823,2,2,3,0.154626,189,115,0,2,2.55,3433.33,280.33,1691,1069.58,871,TRUE,0,0,0,0,1
edcd3f51454c88820e8d4c7aba2b73f8e1bf59f8,1375552589,0,0,0,0,0,0,0,0,0,0,0,1690,1068.76,0,FALSE,0,0,0,0,0
7acd3d52974cfa7ce6b70a84fff83724f985ae7a,1375518404,1,1,1,0,2,2,0,3,1.67,6468,689,0,0,0,FALSE,0,0,0,0,0
1732c1677893e656b248daaf324f10ea52068521,1375459318,3,3,7,0.485348,1090,901,0,3,3.88,3355.43,123.86,1689,1069.89,594.667,TRUE,0,0,0,252,510
913d440c6173bc0828667d8b6d079993fdfda822,1375427536,1,1,1,0,62,62,0,2,0.62,4368,564,1688,1069.62,1264,TRUE,0,0,0,0,0
8cdb4d48f207e7dc37b160b038175302e52266e8,1375427497,1,1,1,0,1,1,1,2,4.58,133,24,1687,1068.62,475,FALSE,0,0,0,0,0
907ac05c00d40fbed361fed3a416ec466b41b924,1375373911,1,1,1,0,6,16,1,3,0.38,6478,688,1686,1068.85,1263,TRUE,0,0,0,0,0
067558529ce4f50b7e84328d246380c34cdd3703,1375373865,1,1,1,0,41,30,0,2,0.38,4357,563,1685,1067.85,1262,TRUE,0,0,0,0,0
c97e653ba1aa8b0b350180dae781f393f0bd491c,1375341173,2,2,3,0.116839,157,132,1,4,0.9,3755.67,353,1684,1067.59,778,TRUE,0,0,0,8,15
9a935ba90c085e82bb4f1743776465ecc46c8db1,1375340302,1,1,1,0,45,23,0,1,0.65,4128,298,1683,1066.61,474,TRUE,0,0,0,0,0
134ed5151723068a033c26e0c7b9d403bfd09d56,1375283955,2,2,3,0.246083,86,75,0,3,6.64,2865.67,268,1682,1066.9,866.5,TRUE,0,0,0,0,3
993dd84af91d2f3919491241d9f0d6daf16156d3,1375253980,1,1,0,0,0,0,0,0,0,0,0,1681,1066.58,1259,FALSE,0,0,0,0,0
28e3ab73fadc66c4a15c176c23a7867e3efa3b04,1375253203,3,3,4,0.192244,159,52,1,4,2.29,3234.25,276.25,1680,1065.6,674.667,TRUE,0,0,0,2,0
70a5efa1d643f295b61383ff2c1fec61c9109b28,1375199636,1,1,1,0,31,28,0,2,0.37,4334,559,1679,1065.82,1257,TRUE,0,0,0,0,0
a51a355a53f557ae212381adf4640cce6e0bdd9e,1375167726,1,1,1,0,1618,1534,0,2,1.58,4250,558,1678,1065.55,1256,TRUE,0,2,0,24,48
fdd0a3357119a2f01204b3637c267b268d602306,1375082798,2,2,6,0.524388,857,260,0,1,2.35,2737.17,80.83,1677,1066.49,258.5,TRUE,0,0,0,228,476
6547d03b91f431a367ee2f10bc3493aae8fe2209,1375080477,1,1,1,0,16,5,0,3,0.57,6357,685,1676,1065.54,1255,FALSE,0,0,0,0,0
cc0c2f1b3c5b53475a52a5f0ff5ca200686189c0,1375031636,2,2,4,0.275718,93,93,0,4,0.76,4127.75,291.5,1675,1065.66,862.5,FALSE,0,0,0,0,12
c80c59c69208d781950b5c65a7c738c8ac217c33,1375031552,1,1,1,0,4,4,0,2,1.41,4326,556,1674,1064.66,1253,FALSE,0,0,0,0,0
10de191dd5a0b5b5da0ca3761b93292eab5a0fa8,1375031428,1,1,2,0.187793,3,28,0,2,41.1,102.5,14.5,1673,1063.66,470,TRUE,0,0,0,0,0
1626cec08949a05b7c3a26b9abbcc48624fb952a,1375031375,1,1,1,0,1,0,0,3,1.41,6294,683,1672,1062.66,1252,FALSE,0,0,0,0,0
0404776d87b1f389666a877955c7bbc0787c99ec,1374909683,3,3,4,0.124381,276,36,0,4,0.31,3152.75,274.5,1671,1064.44,671,TRUE,0,0,0,2,2
4398fca1bda4a74bfaa38a535f51ecae9f7a183a,1374893221,1,1,0,0,0,0,0,0,0,0,0,1670,1063.82,1250,FALSE,0,0,0,0,0
e94ca12f9f9f2881dd306ef470c34cecb661a655,1374892501,3,3,7,0.470107,43,32,0,4,0.43,3239.43,164.71,1669,1062.83,571,FALSE,0,0,0,4,16
036c2f6a1c46425d648083314d5f0c3c153250b8,1374891253,1,1,1,0,20,0,0,1,0.41,4093,295,1668,1061.86,468,FALSE,0,0,0,0,0
611304e257bc904aa6a50f5e1ca332434df52cdd,1374855707,3,3,4,0.305097,163,21,0,1,12.39,1792.5,104.25,1667,1061.67,239.667,TRUE,0,0,0,96,28
cf26447f7c72fe9c660605983311d983f7cdf987,1374855124,4,4,10,0.307006,498,292,0,4,1.79,2881.7,120,1666,1060.68,544,TRUE,0,0,0,206,448
e5b8e04dde0e9d1fc911c7bef75be6b5360d234a,1374769615,1,1,0,0,0,0,0,0,0,0,0,1665,1061.63,1247,FALSE,0,0,0,0,0
bb201e6ca4a8e5a3ea56ae83885961a9d3724df2,1374768837,1,1,0,0,0,0,0,0,0,0,0,1664,1060.65,1246,FALSE,0,0,0,0,0
bb58d633c054d158f4d335c17ea1a873ccb2933e,1374768343,1,1,2,0.465805,11,14,1,4,0.42,5154,508.5,1663,1059.66,1245,TRUE,0,0,0,2,2
56ff8755d480beb44d9201cb434fbc0ce6fb72d9,1374731695,3,3,6,0.730168,7,12,1,4,0.86,4487.83,180.5,1662,1059.5,568,TRUE,0,0,0,0,0
57fc027f774e515fbb5a7bb25c4bb6220b8f577a,1374679629,4,4,8,0.312018,212,240,0,4,1.7,2679.88,143.75,1661,1059.68,511,TRUE,0,0,0,98,212
bdb7c226f1ea91c73da1768a016812fe034e3d0b,1374553168,1,1,1,0,2,0,0,2,0.09,4277,549,1660,1061.57,1242,FALSE,0,0,0,0,0
17e32017a737fac59207f156b6d48aa01ac7eafb,1374545504,2,2,8,0.508974,272,277,0,4,0.77,3327.88,140.88,1659,1060.74,704.5,TRUE,0,0,0,205,432
2c772d0f4c770bb1550d477da43bda397270d4e6,1374502564,2,2,2,0.805983,4,3,0,2,2.13,3020,301.5,1658,1060.73,852.5,TRUE,0,0,0,0,0
769ff84a65a2d51bf9e26fbaad22f2b608f444dc,1374502342,1,1,1,0,1,1,1,1,0.31,4024,293,1657,1059.73,464,FALSE,0,0,0,0,0
fd1fbd48432ae46ad0752c851fb490a1f294d4eb,1374476048,2,2,3,0.163693,46,79,0,2,0,3448,283.33,1656,1059.33,703,FALSE,0,0,0,94,172
eaa9430e261b24e4f4350aca66577979ff93fae6,1374475834,2,2,6,0.404686,154,142,0,1,0.35,2721.33,79.67,1655,1058.34,254,TRUE,0,0,0,170,332
2e5de88445a32e2f124697e51cbe81d1a98987ac,1374475619,1,1,2,0.499585,45,36,0,4,0.41,5153.5,505,1654,1057.34,1238,TRUE,0,0,0,2,4
b4b9910203b219e8139b9473490f118f8784facf,1374475478,1,1,1,0,125,46,0,1,0.33,3945,292,1653,1056.35,463,FALSE,0,0,0,0,0
afeeadd665d4d44a8159624489260557f030082e,1374447050,1,1,1,0,4,4,0,1,0.14,3945,291,1652,1055.99,462,TRUE,0,0,0,0,0
fcbeb101593d28dd343f6987582969771eedda09,1374445630,3,3,7,0.300011,1518,1326,0,3,3.71,3167,121.29,1651,1055.02,581,TRUE,0,0,4,304,570
65227f601ee548a7926d82b389bcd0386c4a07d7,1374435122,3,3,4,0.0939134,645,622,0,4,3.5,3674,283.25,1650,1054.26,661.667,TRUE,0,0,0,21,34
56ae4dcd12821dcfb9faf5ff19564f74bd51f698,1374301366,2,2,1,0,30,28,0,3,1.59,5990,672,1649,1056.3,787.5,FALSE,0,0,0,0,0
2b2c8e6b82a84c9bea40908d8f702b478c53ec5a,1374163786,2,2,2,0.229363,12,1,0,3,0.02,4961.5,387.5,1648,1058.45,847,FALSE,0,0,0,0,0
49c032315c003373774d25bc9728db26b594267c,1374163120,1,1,2,0.805983,62,8,0,4,0.02,5112.5,502.5,1647,1057.46,1233,FALSE,0,0,0,0,3
15109f801e0ddc823ac8b17f7e45c337108e1d36,1374161639,1,1,1,0,4,0,0,2,3.97,1758,164,1646,1056.5,459,FALSE,0,0,0,0,0
3de0a16a9dd981145139a44873866626e452b55c,1374161405,1,1,2,0.768606,21,8,0,4,0.01,5106,502,1645,1055.5,1232,TRUE,0,0,0,5,0
bb49b0c16a73dd85362196d3bd7640584400d962,1374160334,2,2,3,0.358717,43,15,0,4,2.28,4705.67,366.33,1644,1054.53,844.5,TRUE,0,0,0,2,2
956141498500b3e3559eab3db9a793edca99d7f3,1374075273,1,1,1,0,4,3,0,2,0.36,4256,540,1643,1055.47,1230,TRUE,0,0,0,0,0
db7354ab722ddef6dac76efc4879090631f5b610,1374073666,3,3,7,0.474704,142,115,0,3,0.86,3151,120.29,1642,1054.51,577.333,FALSE,0,0,0,121,257
34396dbbecd5eb41c9b396fc720982a5d0c88eae,1374044243,1,1,2,0.734496,5,5,0,4,0.06,5097,500,1641,1054.18,1228,FALSE,0,0,0,0,0
d842a2f62e674787581f8b15e1e23ab6be1bd41a,1374043709,2,2,2,1,12,6,0,1,3.3,170,11.5,1640,1053.19,279,FALSE,0,0,4,0,0
a17c32bed0d3a55638c54dad57ed5f37ee743d11,1374039190,2,2,3,0.380863,37,20,1,4,19.68,4076.67,336.33,1639,1052.29,688,FALSE,0,0,4,0,0
fab0b91a79221c463779b4fe82b7de28073fcfd7,1374030503,1,1,1,0,10,10,0,3,0.45,5937,664,1638,1051.49,1226,FALSE,0,0,0,0,0
88974d552d7489bea94346a56edf23549e468ae6,1374028534,1,1,0,0,0,0,0,0,0,0,0,1637,1050.53,1225,FALSE,0,0,0,0,0
b90a38ce8b3f9b0148f43e7eb8f95b63fdd84f48,1373991460,1,1,6,0.483521,140,141,0,1,1.58,2686.67,79.17,1636,1050.38,163,FALSE,0,0,0,234,463
b3df27c3622e3d605356b28203c4250cea6f5b63,1373991432,2,2,1,0,2,0,0,3,0.01,5935,663,1635,1049.38,781,FALSE,0,0,0,0,0
854ea26ab7b98aca574f69b6336c4be10e9eedf0,1373990862,1,1,2,0.0128256,94,96,0,4,1.03,5092.5,498,1634,1048.39,1223,TRUE,0,0,0,0,0
e385b3499bd52dd13899131c9ca112c5c23ae056,1373901616,2,2,3,0.462963,38,40,0,4,0.71,3552.67,341.67,1633,1049.41,754.5,TRUE,0,0,0,0,0
77d323b38cf15d04c8152cccea6aceb67671ff80,1373854613,2,2,7,0.496274,140,135,1,2,0.52,2907.29,120.43,1632,1049.48,691.5,FALSE,0,0,0,220,424
64eeb091b8a34911c4cced63e186cedb9a7f002c,1373845637,1,1,2,0.959293,20,15,0,2,0.03,141,22,1631,1048.68,456,TRUE,0,0,0,0,0
65f5f8e8e29f332da7edadfd9225dad13c844c8e,1373843751,1,1,1,0,5,5,0,1,0.03,156,21,4,3.72,3,FALSE,0,0,0,0,0
6b3ee1aaaf65317c62ec185ae493924250913227,1373841496,1,1,2,0.908255,50,57,0,2,0.44,144.5,21,1630,1047.78,455,FALSE,0,0,0,0,0
27ca48c6bb554262d191fcb6ce5f1125ba602189,1373835061,1,1,1,0,20,6,0,2,0.03,124,29,3,2.72,2,FALSE,0,0,0,0,0
2786c776e36676696c3c3e14b5a9d8867a8e5ece,1373834443,0,0,0,0,0,0,0,0,0,0,0,2,1.72,0,FALSE,0,0,0,0,0
23cd5b906b89838dfcff35417864f9bd2505736b,1373834417,1,1,1,0,10,4,0,1,0.04,477,186,1629,1046.94,286,FALSE,0,0,0,0,0
0f9d20129dc43d36e45f818c77577fdcc1552eab,1373832646,2,2,2,0.181188,5,3,0,3,0.02,2176.5,278.5,1628,1045.98,837,TRUE,0,0,0,0,0
4649bd3906ea79cc9481bdd65be68d25b91c1c72,1373832646,2,2,2,0.251463,4,2,0,3,0.02,2176.5,278.5,1627,1044.98,836,FALSE,0,0,0,0,0
3048ac2f6dca7fa02c8d902cd1e96f85b2c02361,1373830790,3,3,4,0.272118,53,51,0,5,1.8,2691.75,260,1626,1044.02,651.667,TRUE,0,0,0,0,0
8679377fcf885066d60f6c260ed0746e0d8da4e7,1373827487,1,1,1,0,18,7,0,2,0.02,4217,532,1625,1043.1,1217,FALSE,0,0,0,0,4
db5264af3c5a609703976c6f8942df7186a7580b,1373826059,1,1,1,0,26,11,0,2,0.14,4202,531,1624,1042.13,1216,FALSE,0,0,0,0,0
059fbb9e5d60a5ca5d009508b3b169c6b4ca38be,1373818495,1,1,1,0,1,1,0,2,0.94,1758,163,1623,1041.3,451,FALSE,0,0,0,0,0
01303c1e31334c25939c1bcc233da18f1b1502de,1373818474,2,2,4,0.570591,20,20,0,3,0.32,5481.25,183.75,1622,1040.3,688,FALSE,0,0,0,0,0
a8aaa793a0c934e2447945fdb0049be613fa9341,1373814354,2,2,3,0.0801494,34,34,0,2,0.34,2917.33,222,1621,1039.39,687,TRUE,0,0,0,64,118
c5698e82da695c9ccabb4baf3c4c49dd304e161f,1373789538,1,1,1,0,27,15,0,2,0.07,4189,529,1620,1038.95,1213,FALSE,0,0,0,0,0
ec12f7a5e7c48949062577a9719e9ca0c4029465,1373784606,2,2,2,0.0490307,211,1,0,1,0.07,58.5,13,1,0.72,0.5,FALSE,0,1,1,0,1
b87fec554fe023007c9cea820c6b335eacefa4dd,1373783097,3,3,8,0.303026,46,46,0,4,0.21,3281.12,137.25,1619,1038.09,569.333,TRUE,0,0,0,72,125
740981376df5b9fc1107f06cd4ebba5da2d93749,1373772152,2,2,3,0.304745,415,232,1,1,3.93,745.67,15.33,1618,1037.34,299,FALSE,2,0,18,35,8
8694364aa3aea1460e74b1a4448603efd51676e6,1373764951,2,2,7,0.753964,390,384,0,3,0.32,3150.57,118.43,1617,1036.5,684.5,TRUE,0,0,0,271,485
f1b1fee6e44a4a3fb0b856ced2349f586dc22c14,1373764880,1,1,1,0,16,70,0,2,0.32,4243,527,1616,1035.5,1210,FALSE,0,0,0,0,4
915596b23e9d1114652d38178974d377b8d47ab2,1373763987,1,1,1,0,159,334,0,1,9.68,2152,8,1615,1034.52,147,TRUE,2,0,18,36,9
6d65cb77ecc0eb8f2cf79b2ed61165a3e71a1e4a,1373758758,2,2,3,0.408352,11,23,0,1,14.36,748.67,34.67,1614,1033.63,274.5,FALSE,0,0,2,0,0
51e2f8e49ba459c2364c1510c21356d9772fb0a3,1373740004,2,2,2,0.0270459,79,14,0,3,2.58,4898,380,1613,1033.05,828.5,TRUE,0,0,0,0,0
0a7fc356b674dadfb4a08235a86ca39ffc17586c,1373736948,3,3,4,0.133379,35,35,0,2,1.02,2631.5,178.25,1612,1032.12,604,FALSE,0,0,0,62,118
ff0f05a1c1bab53352d9554ec9ac8086d3b7aa67,1373736905,2,2,8,0.821775,222,218,0,4,3.45,3286.62,136.62,1611,1031.12,681.5,FALSE,0,0,0,216,430
0ea9362d0681d79b5ee7e06e82d4e320db67c183,1373439474,4,5,13,0.480678,77,45,0,4,5.17,1905.54,72,1610,1036.76,447.75,FALSE,0,0,0,96,28
9d3932bd82e3923715fee9269f5c9e596bddfacb,1373434711,1,1,1,0,41,30,0,2,0.56,4224,524,1609,1035.86,1205,FALSE,0,0,0,0,1
8c787fa7f73f1bd6204925ad530fecd41324b528,1373386242,2,2,2,0.181188,4,28,1,2,0.52,3003,288.5,1608,1035.95,825,TRUE,0,0,0,0,3
2508e713240f51cae2a7daadfd23477383b4a6b9,1373385884,3,3,7,0.429783,130,130,0,3,1.42,3151.57,117.71,1607,1034.96,564.333,FALSE,0,0,0,227,454
b2f4f96ef94229e43bff94bf7c2f738fb870a021,1373385653,1,1,1,0,77,106,0,2,1.02,4253,522,1606,1033.97,1202,TRUE,0,0,0,1,1
fdae297fca2bb323bf49afa7f78e1a03865e491d,1373297655,1,1,1,0,66,66,0,2,0,4253,521,1605,1034.94,1201,FALSE,0,0,0,0,0
36488fd8360cf6f5d812db08c5c8495fff9b40db,1373297358,3,3,5,0.483712,26,7,0,2,0.56,2878.6,179.4,1604,1033.94,599.333,FALSE,0,0,0,2,2
ee01c944b49dbe94708aa8739b96a59986bac837,1373296060,1,1,1,0,5,5,0,1,0.29,3850,285,1603,1032.97,444,TRUE,0,0,4,0,0
d7f4f392d2c8f635580c03fb86cdd0ae7df66f9e,1373271361,1,1,1,0,1,1,1,1,0.05,3850,284,1602,1032.53,443,FALSE,0,0,2,0,0
1756093618bed4a687d24d1db5fab7346975dc7d,1373271065,2,2,3,0.151482,36,37,1,1,2.8,192.33,177.33,1601,1031.53,217.5,FALSE,0,0,0,74,113
1734c6e6bfe921b52d6a65b17812f6316c22b1d2,1373267100,1,1,2,0.155783,87,32,0,1,24.04,102.5,18,1600,1030.62,442,TRUE,0,0,0,0,0
839f345fa3987335545cc170fcd7115ac5298197,1373267033,1,1,1,0,9,8,0,1,0.03,3849,283,1599,1029.62,441,TRUE,0,0,0,0,0
d69b5385e482ec75e41b02321fda83845010d6ef,1373266993,2,2,2,0.682469,24,13,0,1,0.17,164.5,10.5,1598,1028.62,269.5,FALSE,0,0,0,0,0
eb6b5755e7f98506009537dfe15502c1c9bd43d0,1373264576,1,1,4,0.34533,97,36,0,1,0.19,1015.75,74.75,1597,1027.68,439,TRUE,0,0,1,0,3
9c65d9f957daaac45e538e4355b6db342803d2f8,1373247442,1,1,0,0,0,0,1,0,0,0,0,1596,1027.06,1199,FALSE,0,0,0,0,0
cfa187f7d90e8586b2683734c3f4b0876f6dfa4f,1373243394,1,1,1,0,24,1,0,2,0.1,4215,519,1595,1026.15,1198,FALSE,0,0,0,0,0
30d0fbeae6f99adc4a749c4d480ae0094fe0ad2c,1373242187,1,1,3,0.267877,6,7,0,1,0.03,1354.67,99.33,1594,1025.17,438,TRUE,0,0,2,0,2
9b2165631462039e05ee47c7effc1f391a83093a,1373239466,2,2,4,0.308615,74,36,0,1,69.05,1047.25,75.25,1593,1024.23,267.5,TRUE,3,0,8,0,0
b1b06a38af08dfccd3f0084d905a4274b3426ecc,1373235506,2,2,6,0.395972,105,159,0,1,0.8,2694.83,77.17,1592,1023.32,243,TRUE,0,0,0,130,231
d2fffe5b884e6d12d6ce85184f24ef76dad481c6,1373235079,2,2,4,0.333254,77,102,0,4,0.63,3945,275.5,1591,1022.33,816.5,TRUE,0,0,0,0,0
09d560888efb6e988e3628a3ce380a2aa8197d4a,1373231578,1,1,0,0,0,0,0,0,0,0,0,1590,1021.41,1196,FALSE,0,0,0,0,0
fa28326ed6120bb6c64e6273ee1ea732ecc2ff7d,1373230888,1,1,1,0,29,17,1,2,0.52,4203,517,1589,1020.42,1195,FALSE,0,0,0,0,0
9ea4a6b7b6deee6f3ca4872935467d7c5343c358,1373185879,2,2,2,0.0620878,78,7,0,2,1.61,2958.5,285,1588,1020.41,814.5,FALSE,0,0,0,0,0
ffa6fafcc1c4fe6ad6ca90eada4f3953ce193237,1373167068,1,1,1,0,1,1,1,2,0.01,4203,515,1587,1019.83,1193,FALSE,0,0,0,0,0
4be5b80ff6eaccfe2017253be1b3684225f71b69,1373166646,1,1,0,0,0,0,0,0,0,0,0,1586,1018.84,1192,FALSE,0,0,0,0,0
5028b07aaad2356c48b88047cc77889fe28f77a9,1373166521,2,2,6,0.650298,437,373,0,1,3.74,2684.17,77,1585,1017.84,242,TRUE,0,0,0,226,446
7ce5dcdead794704513db663b2088ef953c09b06,1373166374,1,1,1,0,8,8,0,2,0.06,4203,514,1584,1016.84,1191,FALSE,0,0,0,0,0
7d8571b0e17ebf907c4a475a0d4ff26166094c8f,1373160824,1,2,8,0.489816,162,47,0,1,153.88,383.75,6.62,1583,1015.96,145,FALSE,0,0,0,102,37
fca2fe2c8ac69e62124df25c8aade5c0db855bad,1373160782,1,1,2,0.298908,92,120,0,4,0.16,5098,483.5,1582,1014.97,1190,TRUE,0,0,0,1,0
75576577e0c35dcc579dbfbdd2e6d482b709346a,1373147304,1,1,1,0,3,9,0,3,0.04,5972,650,1581,1014.26,1189,FALSE,0,0,0,0,0
eafc46f6c496802a1d4f6919f0d1a4d922cd36b5,1373147018,1,1,1,0,2,2,0,2,0,4230,512,1580,1013.27,1188,FALSE,0,0,0,0,1
c0c36d3338e3c4d8ced083d65d641deccf401291,1373146814,1,1,1,0,31,4,0,2,2.56,4203,511,1579,1012.27,1187,FALSE,0,0,0,0,1
6a73b0820e37769384bc0d352b67ca67214cdd8c,1373143707,2,2,2,0.0843225,95,65,0,3,6.32,4878.5,373,1578,1011.34,810,FALSE,0,0,0,4,1
bcb5eda7d8454c01bd2cdda1c02e5d6993c1ca67,1373143631,1,1,1,0,4,4,0,3,3.57,5948,648,1577,1010.34,1185,FALSE,0,0,0,0,6
2c833b50288672006707bbb14c68e5bba24641d4,1372928160,1,1,0,0,0,0,0,0,0,0,0,1576,1014.04,1184,FALSE,0,0,0,0,0
682160398010c46a9a4785cbb81c419fd5a38cdc,1372928102,1,1,0,0,0,0,0,0,0,0,0,1575,1013.04,1183,FALSE,0,0,0,0,0
8bec45cd5885baac1900e291310a0d162f2b63fa,1372927888,1,1,1,0,101,161,0,1,0.11,2212,7,1574,1012.04,144,FALSE,0,0,13,27,3
ce0f44fb47f23ec72d93c396b6a9515576f08eeb,1372925885,2,2,2,0.0588641,46,21,0,2,0.55,2946,282,1573,1011.09,807.5,FALSE,0,0,0,0,5
c740562dd8f21ed221a45d13e6e6f178c4eef1c2,1372920796,1,1,1,0,17,11,0,2,1.01,4173,509,1572,1010.2,1181,TRUE,0,0,0,0,0
63a1c8b63e7985215e58f27a0143cf688069ea79,1372918446,3,17,9,0.176982,3800,365,0,1,59.95,1725.22,49.33,1571,1009.25,208.333,FALSE,0,2,29,97,51
112cdb484298243289f203af8dc7956dee9a52a3,1372835597,3,3,3,0.86129,3,4,0,4,0.39,2818.33,271.33,1570,1010.05,631.333,FALSE,0,0,0,0,0
2d5f045c293ef170f0d666cd2633c89ea357ee0a,1372833591,2,2,2,0.045376,50,7,0,2,0.84,2922,280.5,1569,1009.09,805,FALSE,0,0,0,0,2
c43ff29f5d982e3ef13dfb603564c11d02968ddc,1372827997,2,2,2,1,2,2,0,2,17.65,2483,275,1568,1008.22,729.5,FALSE,0,0,0,0,0
4c0e3c4db933bb63838b5d594d1c2d46426d736a,1372770536,1,1,1,0,1,1,0,2,0.29,4173,506,1567,1008.47,1177,FALSE,0,0,0,0,0
7995a57f7777b230d659040171a8632bd70f934a,1372745837,1,1,1,0,30,29,0,2,0.02,4172,505,1566,1008,1176,FALSE,0,0,0,0,0
0a47378f7f782dc9879fb9b6c2fe0108b310b7df,1372743956,1,1,1,0,46,65,1,2,0.58,4191,504,1565,1007.04,1175,TRUE,0,0,0,0,0
8e9a244cddf1c35d125fbdbdac1f66c331b0dd08,1372743861,1,1,1,0,8,7,0,3,2.02,5947,646,1564,1006.05,1174,FALSE,0,0,0,1,2
5f1a4ea08da29a3f02d7f64dc42cc60c271e6953,1372693604,3,3,4,0.548938,71,69,1,2,0.65,2594,171.25,1563,1006.14,583.667,TRUE,0,0,0,46,112
034b19d85dcef65323c5a7bed8cc94a552302b98,1372692924,1,1,0,0,0,0,0,0,0,0,0,1562,1005.15,1172,FALSE,0,0,0,0,0
68cb7ea47102259bbc53ebbd30076f0fa75f6122,1372665523,1,1,1,0,20,14,0,2,0.03,4185,502,1561,1004.74,1171,FALSE,0,0,0,0,0
d9a3ba0dd1f3f10e902f5c76f3f006ab06aaf57e,1372662793,1,1,1,0,1,0,0,2,0,4184,501,1560,1003.8,1170,FALSE,0,0,0,0,0
663e1d83368c9f8cda1ef1ebbcf97b8a334fdd38,1372662655,1,1,1,0,135,2,0,2,0.09,4051,500,1559,1002.81,1169,TRUE,0,0,0,0,0
31332f4f534c7f4fdc27474b4ebf2ff7ffa034e3,1372661804,1,1,0,0,0,0,0,0,0,0,0,1558,1001.83,1168,FALSE,0,0,0,0,0
cb7163dd19d0725f749bb33eb182a1daec82449e,1372654959,1,1,1,0,70,43,0,2,0,4024,499,1557,1000.97,1167,TRUE,0,0,0,0,0
946029a3f7171330a3570445ff0d0f9c61e24333,1372654681,1,1,1,0,30,25,0,2,0.01,4019,498,1556,999.98,1166,TRUE,0,0,0,0,0
69cbb6e1097abf0503ee9594fd627257e7340b07,1372653590,2,2,2,0.310917,8,7,0,2,0.3,2843.5,275,1555,999,797,FALSE,0,0,0,0,0
6054f6bfe1ea27ed3e2f57b2c1b5eee5b93b1d7c,1372629153,1,1,1,0,6,7,0,2,0,4020,496,1554,998.53,1164,FALSE,0,0,0,0,0
ae7b9f5fcb48fcb26a795b87f43298562b4b7266,1372629117,1,1,1,0,17,17,1,2,0.01,4020,495,1553,997.53,1163,TRUE,0,0,0,0,0
68dc6b9527698d3aaf0d0d61365c6b22360d015c,1372628016,1,1,1,0,7,3,0,2,0,4016,494,1552,996.55,1162,FALSE,0,0,0,0,0
292cdfd5a09ad6a7f1d86844c47579d3cf096a2f,1372627966,1,1,1,0,43,43,0,2,0,4016,493,1551,995.55,1161,TRUE,0,0,0,0,0
28e2dee6057d97a00ce756564db6cee8d0556fd4,1372627887,1,1,1,0,23,22,1,2,0.02,4015,492,1550,994.55,1160,TRUE,0,0,0,0,0
6d79ab25526295bc1d24bf3ad1be644570f90aa7,1372626535,2,2,2,0.688671,555,592,0,2,3.15,2860,272,1549,993.58,793.5,TRUE,0,0,0,0,0
da17e424ea0282593eca318cb56e205b02970649,1372623477,1,1,1,0,120,129,0,2,0.1,4010,490,1548,992.65,1158,TRUE,0,0,0,4,2
028c25afd3faa610269e4da76eb0b47e95d9c52c,1372615406,1,1,1,0,1,1,0,1,0.54,478,183,1547,991.82,280,FALSE,0,0,0,0,0
9c2151dc37faa5c5d65a69a2178b53c6a80fef63,1372615387,2,2,6,0.381965,154,145,0,1,9.8,2682.33,76.5,1546,990.82,239.5,TRUE,0,0,0,216,438
9e9bd16b18d35bd5fc6ff6cc33581f0c70af9221,1372614849,1,1,1,0,5,4,0,2,0,4009,489,1545,989.83,1157,TRUE,0,0,0,0,0
3f138aec2298d041de0b6ff2fa76d0302c60d0fc,1372614806,1,1,1,0,49,5,0,2,0,3965,488,1544,988.83,1156,TRUE,0,0,0,0,0
e9f66e7c8926501a3b0959f6f193fb65e132d570,1372614720,1,1,1,0,21,28,0,2,0,3972,487,1543,987.84,1155,FALSE,0,0,0,0,0
6be64b363c728cccbedd5dd0eb9c17f7aca01f67,1372614595,1,1,1,0,6,4,0,2,0.43,3970,486,1542,986.84,1154,FALSE,0,0,0,0,1
51230f21f5928fd4cd07d03ca967348111b6a205,1372577448,1,1,1,0,31,8,0,2,0,3947,485,1541,986.62,1153,TRUE,0,0,0,0,0
e12540ba6612a5e34219c1ddb32ba2fe46f66c26,1372577343,1,1,1,0,2,2,0,2,0,3947,484,1540,985.62,1152,FALSE,0,0,0,0,0
a6b1bee2af4f90b233099a9c113d87547c1a51ef,1372577265,1,1,1,0,16,2,0,2,0,3933,483,1539,984.63,1151,FALSE,0,0,0,0,0
6187cdafe3ab8de656e3c02696d5300749c31239,1372577180,1,1,1,0,1,1,0,2,0,3933,482,1538,983.63,1150,FALSE,0,0,0,0,0
880f785d048cb74d7cf45c576cfb2fad66997356,1372576982,1,1,1,0,28,12,0,2,0,3917,481,1537,982.63,1149,TRUE,0,0,0,0,0
5aedcfd6a7348d1deb86e4895e8552aed0621b93,1372576840,1,1,1,0,6,6,0,2,0,3917,480,1536,981.63,1148,FALSE,0,0,0,0,0
6ff1a2c2363f22fd198e2e837ac5dfaa7f3eb412,1372576640,1,1,1,0,6,53,0,2,0,3964,479,1535,980.64,1147,FALSE,0,0,0,0,0
317f888383a9d169a92d80aa9492a4eea98bd678,1372576413,1,1,1,0,3,1,0,2,0,3962,478,1534,979.64,1146,FALSE,0,0,0,0,0
33f1f9abdefd22370fcab0304bff47864732e250,1372576296,1,1,1,0,35,21,0,2,1.03,3948,477,1533,978.65,1145,TRUE,0,0,0,0,0
913406b568f70c38c8b266c97ae172008fe768ec,1372569132,2,2,2,0.57938,18,9,0,3,6.23,3208,352,1532,977.8,711.5,TRUE,0,0,0,0,0
6a74d102a4c97bd915cbf2a4a0044762d403326e,1372487263,1,1,1,0,27,13,0,2,0.6,3934,476,1531,978.5,1143,FALSE,0,0,0,0,0
e9e36cebcb3b09a79354876e5513a864846618c8,1372435589,1,1,1,0,41,46,0,2,2.39,3939,475,1530,978.58,1142,FALSE,0,0,0,0,0
af6bf7a2322ae273d60d76a28a8e32985ee0c1fc,1372229089,1,1,1,0,167,71,0,2,1.66,3843,474,1529,981.92,1141,FALSE,0,0,0,0,0
5720a7a5e383f48c9223641672fcc842650bb92f,1372176479,3,3,4,1,48,8,0,3,8.35,5465.5,178,1528,982.03,539,FALSE,0,0,0,0,0
449c946423abfc0d779b52403c21959a32a80c76,1372086079,2,2,2,0.0480638,28,26,1,2,0.39,2780,263,1527,982.94,783,FALSE,0,0,0,0,0
54a2a0da486c7cc28c58d0bbcf3fddec89a0f28b,1372052045,2,2,3,0.39982,16,16,0,2,3.98,3123,243.33,1526,982.66,782,TRUE,0,0,0,0,0
e209fedb27159b216fd5502859d6d1802bca326e,1372041225,1,1,1,0,10,13,1,2,0.09,3846,471,1525,981.88,1137,FALSE,0,0,0,0,0
12494f3008b16709f4439f6d0cc25b197666606c,1372033402,1,1,1,0,4,4,1,2,0.01,3846,470,1524,981.05,1136,FALSE,0,0,0,0,0
7f60b4648890850cdb355fa0dae06a73df70c18a,1372032775,1,1,1,0,7,11,1,2,0.16,1721,149,1523,980.06,425,TRUE,0,0,0,0,0
1c9ecd96d43567fa65f0e3cbab018317c1f09987,1372032750,1,1,1,0,88,80,0,2,0.15,3838,469,1522,979.06,1135,TRUE,0,0,0,0,0
1f84803b9170fb58e5638647b4545ee2e6221dd0,1372019807,1,1,1,0,5,5,1,2,0.01,3838,468,1521,978.34,1134,FALSE,0,0,0,0,0
3f6116f28facb6477edcbed8aa886c639db3d593,1372019148,1,1,1,0,23,2,0,2,0.54,1700,148,1520,977.35,424,TRUE,0,0,0,0,0
4ea0eb94d411521d9236da54019066a0eaa414da,1372019089,1,1,1,0,153,141,0,2,0.54,3826,467,1519,976.35,1133,TRUE,0,0,0,0,0
e222bc631adcd8d8c9b6627e3c60815d5f9e11d5,1371972638,2,2,2,0.479529,68,82,1,2,3.25,2770,258.5,1518,976.32,777.5,TRUE,0,0,0,2,0
9c07c7fe4f4828c1cf82e4a665e24760abf909a9,1371949296,1,1,1,0,57,40,0,2,0.14,3804,465,1517,975.81,1131,FALSE,0,0,0,0,0
35d74e18de6278049af4fa4e556d50d7db514d4c,1371937402,1,1,1,0,20,8,0,2,0.22,3792,464,1516,975.06,1130,FALSE,0,0,0,0,0
266be2c25fda4f23a15f003e115205ddd00d06b9,1371918046,1,1,1,0,22,18,1,2,0.39,3788,463,1515,974.47,1129,FALSE,0,0,0,0,0
b7cb09014471de9d753534065ffdb9a2459cf4f5,1371884737,1,1,1,0,1,1,0,1,0.02,473,181,1514,974.16,278,FALSE,0,0,0,0,0
30e257bc2bc328ddb920c1b74d6d06c7ed60cf8d,1371884705,1,1,1,0,30,21,0,2,0.07,3779,462,1513,973.17,1128,TRUE,0,0,0,0,0
fbd5679fb1b1d969383316ce8130343035c7c626,1371882798,1,1,1,0,1,1,0,1,11.51,473,180,1512,972.2,277,FALSE,0,0,0,0,0
9db7234f2476a7028c72629103e864fd170dccd5,1371878731,1,1,1,0,49,51,0,2,0.08,3781,461,1511,971.29,1127,FALSE,0,0,0,0,0
220b2dc912a6087ef586ad45c87238c8617e506f,1371871464,1,1,1,0,50,44,0,2,1.82,3775,460,1510,970.44,1126,TRUE,0,0,0,0,0
83c242003808739212389ca478b5da4b8040b539,1371714135,1,1,1,0,31,16,0,2,0.08,3760,459,1509,972.72,1125,FALSE,0,0,0,0,0
73913f450b2d193dce686398da3dec85cc7915e4,1371707010,1,1,1,0,6,2,0,2,0.57,3756,458,1508,971.87,1124,FALSE,0,0,0,0,0
bb966e7e6ffb1d02a790c8bc68e69ef05571692c,1371657867,1,1,1,0,95,113,0,2,0.02,3774,457,1507,971.9,1123,FALSE,0,0,0,0,0
b4adc127a4f8be643b204f4850ff59f2c9ce20f9,1371656352,2,2,3,0.0403416,115,90,0,2,0.98,2751,195,1506,970.93,633.5,TRUE,0,0,0,2,0
2bc343b524e27c08fe699ff99ba966da40cc3180,1371571485,1,1,1,0,2,2,0,2,0,3749,455,1505,971.71,1121,FALSE,0,0,0,0,0
1f4d6eb0df2783274467b33e7038ae6591a965ec,1371571198,2,2,3,0.153411,38,34,0,2,1.09,2749.67,194.33,1504,970.71,632,FALSE,0,0,2,50,110
ee936fe1a1bf4a760581bae54cfc88e5bd3ee6f1,1371569622,1,1,1,0,10,6,0,2,0,3740,453,1503,969.75,1119,FALSE,0,0,0,0,0
f6d9239b37923302d3ff258f4afbecea01a60e8b,1371569206,1,1,1,0,73,67,0,2,0.38,3734,452,1502,968.75,1118,FALSE,0,0,0,0,0
512e5b0240561fb6df13cfb30081363b2c79b4fd,1371536494,1,1,1,0,107,40,0,2,1.13,3667,451,1501,968.44,1117,TRUE,0,0,0,0,0
600148f501db048ad78020e6a3c3571f9b9eccc4,1371439251,1,1,1,0,27,0,0,2,0.07,3640,450,1500,969.46,1116,TRUE,0,0,0,0,0
8791a4f69615c4f31ad4cdb9f7fc91bcad7292c2,1371433551,2,2,2,0.0789627,11,6,1,2,0.19,2677,250,1499,968.58,768.5,FALSE,0,0,0,0,0
ef40a8a925bc8931ad97cef77f03102679faed25,1371430095,2,2,3,0.148213,178,125,0,2,1.66,2695.33,192.33,1498,967.66,628.5,TRUE,0,0,0,50,110
2473e87947fc2a502b5a3a8387cdaafb66ca5c2a,1371418372,2,2,3,0.147746,63,67,0,2,0.17,4535.67,186,1497,966.9,627.5,TRUE,0,0,0,0,0
bbe1dfb53d993b52022a28da42e796dc1ee74521,1371403535,1,1,4,0.424216,17,43,0,1,4.4,4001.25,48.75,1496,966.21,141,FALSE,0,0,0,14,23
3bc27b1a02e653f6991747b4b00313910bac7af0,1371403452,1,1,1,0,4,3,0,2,4.06,1719,145,1495,965.21,421,FALSE,0,0,0,0,0
ec4c6e140bd450565cc17120f1804755ff778bb5,1371403419,1,1,1,0,5,6,0,2,0.39,3586,446,1494,964.21,1112,TRUE,0,0,0,0,0
545cc1074c0d18a079440a45fbc7e7654bad6a53,1371369544,1,1,1,0,3,3,0,2,0.04,3586,445,1493,963.91,1111,FALSE,0,0,0,0,0
9c0f4822bc0aa79679c80e56add340972b7cbad0,1371366321,1,1,1,0,8,2,0,2,0,3580,444,1492,962.98,1110,FALSE,0,0,0,0,0
5040ec109b1e302fb630ffd162005334ab2dcad2,1371366242,1,1,1,0,120,71,0,2,5.48,3531,443,1491,961.98,1109,FALSE,0,0,0,0,0
25b216d7ef343cdaf335a8b9f51097c095f07738,1371341879,1,1,0,0,0,0,1,0,0,0,0,1490,961.49,1108,FALSE,0,0,0,0,0
e475c847d754a6fc5e3d808219f275e2a37eda17,1371340963,1,1,0,0,0,0,0,0,0,0,0,1489,960.51,142,FALSE,0,0,0,0,0
e7c55c1ad6495e3be1ce02c6972caf227db56529,1371340950,1,1,1,0,2,2,0,3,3.68,5933,643,1488,959.51,1107,FALSE,0,0,0,0,0
cd8fcadd29ad0412a5b9c067aad4908c93467bbb,1371340575,1,1,0,0,0,0,0,0,0,0,0,1487,958.51,1106,FALSE,0,0,0,0,0
f78b6b30d9a99ed78a99331494cea52c43f1bc9f,1371221457,1,1,0,0,0,0,0,0,0,0,0,1486,959.97,1105,FALSE,0,0,0,0,0
cc6a9914648c7b0fdf6e54500af8dbe2dceba10c,1371103853,1,1,0,0,0,0,0,0,0,0,0,1485,961.4,1104,FALSE,0,0,0,0,0
81d487dd89791ed9f408fa472369efc2ce6da2d4,1371102742,1,1,0,0,0,0,0,0,0,0,0,1484,960.43,1103,FALSE,0,0,0,0,0
af2795c07f02b6a0a542d4ea70cba2be949019f3,1371052486,1,1,1,0,18,6,0,2,9.04,1707,144,1483,960.47,420,FALSE,0,0,0,0,4
178d9fb8d544dd0a543ee0bba105b40b48e918f9,1371049233,1,1,1,0,2,1,0,1,0.01,3808,276,1482,959.53,419,FALSE,0,0,0,0,0
ef666509972acc6d66957795f6e9343d8c140697,1371048473,1,1,1,0,5,2,0,1,1.86,3805,275,1481,958.55,418,FALSE,0,0,0,0,0
9bd12eb782d11db0d31266e7f4875342ee07a4f0,1371023326,3,3,7,1,14,14,0,3,0.2,3146.29,114.43,1480,958.07,524,FALSE,0,0,0,2,6
18a41de47a65f623ab2116955b1131749d214eb9,1371023326,1,1,0,0,0,0,0,0,0,0,0,4,3.58,4,FALSE,0,0,0,0,0
fcffcdde1b08248584ab1e8ccdff5b6953fb352b,1371022098,3,3,5,0.489698,60,63,0,3,0.66,3499.8,155.2,1479,957.1,523,FALSE,0,0,0,76,168
7de892ccacc0f21e9fbfd4e0fe1f44ecb545eb2e,1371021314,1,1,1,0,1,1,0,1,23.2,1906,85,1478,956.11,97,FALSE,0,0,0,0,0
7ac57c27859031433682bbf39633ab64814312f4,1370964815,1,1,0,0,0,0,0,0,0,0,0,3,2.59,3,FALSE,0,0,0,0,0
f90f2e051aea064855df53b06bcbf7cdb359f7ca,1370964815,3,3,7,1,14,14,0,3,0.25,3146.71,114.14,1477,956.28,522,FALSE,0,0,0,2,6
24f49c8d83d3af097de392a78e3694614d0c6c2b,1370963994,3,3,5,0.451463,81,45,0,3,0.85,3492.6,154.8,1476,955.29,521,TRUE,0,0,0,26,6
a4ebaf15ab40da7ae0bdf390da10f839c041698d,1370933713,1,1,0,0,0,0,0,0,0,0,0,1475,954.92,1098,FALSE,0,0,0,0,0
54a46dccc3c2aed8cef024338c66e9cabc1f7d75,1370893044,1,1,1,0,1,1,0,2,0.03,3531,442,1474,954.75,1097,TRUE,0,0,0,0,0
9747d5057d62b9517581992d5b4528d8f68bda1f,1370890551,2,2,6,0.711098,339,291,0,1,3.14,2670.17,74.67,1473,953.8,231,TRUE,0,0,0,224,456
7f5c97d0becf6e4802fa3307c38898d8227f8307,1370890449,1,1,2,0.447861,33,26,0,4,0.03,4723,441.5,1472,952.81,1096,FALSE,0,0,0,0,0
1933a766310997518ab09f591cf364bd71d30607,1370888174,3,3,4,0.140879,97,51,0,4,1.26,3419.5,248.5,1471,951.85,596,TRUE,0,0,0,2,0
c20d7f97549714b3de0c0084583a72042378c88d,1370881469,1,1,2,0.6973,23,16,0,4,3.53,4711,440.5,1470,950.99,1094,FALSE,0,0,0,8,14
6b46dc7e892705f1b99584e0e8ef5731b463f2a0,1370820798,1,1,1,0,28,14,0,1,3.33,458,178,1469,951.23,275,TRUE,0,0,0,0,3
0c1a26170cdbdb18bc3a54e9b6688ad4c2a54134,1370708600,1,1,0,0,0,0,0,0,0,0,0,1468,952.54,1093,FALSE,0,0,0,0,0
244ee08d7d55e8007c185555d88dd68c87712520,1370655855,1,1,0,0,0,0,1,0,0,0,0,1467,952.62,1092,FALSE,0,0,0,0,0
a3acbca24b73481420b8b44a8bed0c76820eb29e,1370637192,1,1,0,0,0,0,0,0,0,0,0,1466,952,416,FALSE,0,0,0,0,0
d77e4ed581191eb512512ecece5b4d649a6b31af,1370619548,2,2,6,0.424375,767,731,0,1,3,2664.17,74.5,1465,951.37,230,TRUE,0,0,0,224,454
b928abb95648eea179d347140b5f1e856266f2c4,1370618670,1,1,1,0,7,5,0,3,0.97,5901,635,1464,950.39,1091,FALSE,0,0,0,2,0
a46ef8d1a6b78c1fdaef978434c25c5c51489883,1370534834,2,2,2,0.932711,16,5,0,3,4.05,4833.5,364,1463,951.11,752.5,FALSE,0,0,0,5,2
a5d459749ffa69fc889fa53942be8e5c87001387,1370533460,2,2,2,0.123499,46,33,0,2,1.99,1982,259,1462,950.14,681.5,FALSE,0,0,0,0,0
7dfa3839680a8e1f6a79c8500ea3f62e366d85c0,1370533404,1,1,1,0,242,234,0,3,1.03,5893,633,1461,949.14,1088,TRUE,0,0,0,9,16
036483d19580b41dc6f73dde6326ccc0ca8fb5fc,1370444765,1,1,1,0,106,100,0,3,0.98,5887,632,1460,949.96,1087,FALSE,0,0,0,4,4
2c950f74bcc96091d6ed60ee8a4c58e96ab3c1fe,1370362331,1,1,1,0,23,10,0,2,0.02,3488,437,1459,950.65,1086,FALSE,0,0,0,0,0
2c59dcd9296232ddac8b72cb0dbbfd27a2c631f5,1370360232,2,2,6,0.47277,512,362,0,1,6.39,2639.17,74.33,1458,949.7,229,FALSE,0,0,0,178,406
658d14f31d197996a7c9be86e36f25326af61859,1370360205,2,2,3,0.225629,44,25,0,4,1.15,3273,299.33,1457,948.7,679,TRUE,0,0,0,4,0
819f4d2151dea49f2e58eb0320d4ad16f58f579a,1370274184,1,1,2,0.405639,12,0,0,4,0.47,4672,436.5,1456,949.47,1084,FALSE,0,0,0,0,0
9b214d75df67bae902c623d22bfbf3d87e79ca0f,1370271646,1,1,0,0,0,0,0,0,0,0,0,1455,948.52,141,FALSE,0,0,0,0,0
e0891a2d71bd6d5ea22f2370ba9b21fd72233fdf,1370271629,1,1,1,0,1,1,0,2,4.06,1707,143,1454,947.52,414,FALSE,0,0,0,0,0
34a4876761e5bc461f770c5b7dbe98121358aa8b,1370271584,1,1,0,0,0,0,0,0,0,0,0,1453,946.52,1083,FALSE,0,0,0,0,0
13ead0085dfe1d4c9fcbc0ad3eb1cf7feeb7094f,1370233557,2,2,3,0.397823,338,124,0,4,7.75,3197.67,298.67,1452,946.3,677,TRUE,0,0,0,0,7
9e63270fc5b1c98806bc337f69b87c52bc423ad1,1370219397,1,1,0,0,0,0,0,0,0,0,0,1451,945.59,1081,FALSE,0,0,0,0,0
eccab3cd578ce58b0228c4b4d77daf7900894cd4,1369921029,1,1,1,0,1,1,1,2,0.69,1707,142,1450,950.74,413,FALSE,0,0,0,0,0
6446daf1a6c68f1ab3c44a4e75bd24dd0c2e29f5,1369916588,1,1,0,0,0,0,0,0,0,0,0,1449,949.83,1080,FALSE,0,0,0,0,0
821602ef1c1ea20c8fc8f7df9b54ca423e947b78,1369903448,1,1,0,0,0,0,0,0,0,0,0,5,3.15,4,FALSE,0,0,0,0,0
dc3512de9f5b7b7a03b7b77cd091dcc80c2fdaf8,1369899535,3,4,4,0.0118657,0,17949,0,1,0.66,4487.25,0.25,1448,949.18,497,FALSE,0,0,12,41,6
36e9cb71087b37c92c187c6ca88795047ce97f7e,1369862709,0,0,0,0,0,0,0,0,0,0,0,1447,948.94,0,FALSE,0,0,0,0,0
42f45317207abcb131e5343b6a3fb75d59740298,1369861561,2,2,2,0.541048,32,25,1,2,0.32,2550.5,240,1446,947.97,744.5,TRUE,0,0,0,0,0
d1fb379a40bdb6b6027bdfbe047d3fa9eca1598c,1369842717,3,4,4,0.0118657,17949,0,0,0,0,0,0,4,2.16,1,FALSE,0,0,12,41,6
e27bdb965cec1e8e2a37ecab6455c38d0dc8d4d5,1369841458,3,3,4,1,8,4,0,3,0.23,5363.5,172,1445,947.38,511,FALSE,0,0,0,0,0
54fc6df3dacb893b40b7808dc385ccfa85c485d1,1369837305,3,3,3,1,18,15,0,3,0.73,5618,222,1444,946.47,510,FALSE,0,0,0,0,0
9dd8f62c8a3c84b9b6468be919171a947a370157,1369836321,1,1,1,0,14,3,0,1,2.51,3755,272,1443,945.49,410,TRUE,0,0,0,0,0
1db19148e76e7250ab4e9b6bc32b9c9b39356f43,1369835813,2,5,3,0.409223,8,6,0,2,8.14,682.67,38.33,1442,944.5,205.5,FALSE,0,0,0,92,28
93a01506e428edcbcd442f3a0ba101ef8cab94aa,1369834213,2,2,2,0.720577,146,29,1,2,0.7,2492,239.5,1441,943.53,742,TRUE,0,0,0,0,2
4767ed790cbe86a08009c69aa5259dde1e37ddb5,1369774094,3,3,9,0.432114,111,137,0,4,1.18,2954.33,112.11,1440,943.77,537.667,TRUE,0,0,0,79,214
e39211347c1322670c4234c0834b712ffc833467,1369724056,2,2,4,0.408317,29,20,1,1,0.56,1395.25,110.75,1439,943.8,200,FALSE,0,0,0,27,37
a8cdbb65feb4e296051a760043d4a79504f6d60d,1369722078,1,1,1,0,21,20,0,2,0.33,3380,430,1438,942.84,1073,FALSE,0,0,0,0,0
ff74ff4149a71df015257ca815698e79f9a9f451,1369719050,3,3,2,1,4,4,0,3,1.15,5736,324.5,1437,941.9,507.333,FALSE,0,0,0,0,0
96e47f3d275526b9ca0a0bc4ea428608934fedf3,1369693901,3,3,4,0.553896,12,7,0,2,0.23,894.25,178.25,1436,941.41,489.333,TRUE,0,0,0,12,27
be52c181eaff54ba905b89b2c1bed3151942abe6,1369687621,2,2,3,0.386253,10,8,0,1,0.03,62,145.33,1435,940.54,197.5,TRUE,0,0,0,16,4
507f2ec544ea84817b48733e3dffab7f2d3f32d3,1369685066,2,2,4,0.370988,31,18,0,1,1.36,54.25,110.25,1434,939.59,196.5,TRUE,0,0,0,67,91
fe00c628f4fcf0fb71e321934c6be8d549e46514,1369635550,1,1,1,0,1,1,1,2,0.18,3380,428,1433,939.61,1070,FALSE,0,0,0,0,0
e9387d322c3f1c86bf4290798b89cd935e08171f,1369619837,4,4,9,0.766747,297,155,0,4,1.9,3174.22,116.11,1432,938.93,480.25,FALSE,0,0,0,180,441
2e3b135fe94841672359024fadd93b3327961a8a,1369469318,2,2,4,0.262138,43,47,0,1,0.72,2791.75,101.5,1431,941.01,221.5,FALSE,0,0,0,22,42
d28cc15be291d9e8686989aee206e34097dea2f6,1369469288,2,2,3,0.315788,34,34,0,4,2.5,4264.67,316,1430,940.01,737,FALSE,0,0,0,4,3
d15bd2380002a3c63df6c86291525fc08cb53bfa,1369411894,1,1,0,0,0,0,0,0,0,0,0,1429,940.19,1067,FALSE,0,0,0,0,0
90fe45c52d693191b0a216b8bff0860d51309a05,1369411845,1,1,1,0,1,1,0,1,16.34,89,50,1428,939.19,266,FALSE,0,0,0,0,0
8f7be7190512a23107034eb78383cbb77f306f5e,1369410131,2,3,2,0.405639,6,2,0,2,1.75,1211,98.5,1427,938.23,335,FALSE,0,0,0,0,0
5d583637c4bf0d9a825c6a1dbc1fc5ef5a87e1f4,1369407183,3,3,7,0.362448,557,407,0,3,2.84,3051.43,110.43,1426,937.29,502.333,FALSE,0,0,0,198,469
0efb4285c1f113cf646d6f0a6b1840a2c9a54716,1369365828,1,1,1,0,4,2,0,2,3.46,1631,137,1425,937.13,404,TRUE,0,0,0,0,0
6dc543ca187651a4493b517691df83c7caf4bfdb,1369365790,1,1,1,0,154,136,0,3,2.9,5714,621,1424,936.14,1065,FALSE,0,0,0,7,15
e93e1ddeb9d7231bf21dfbedbe40033b3d4ebc41,1369365732,1,1,1,0,199,116,0,2,2.49,3294,425,1423,935.14,1064,TRUE,0,0,0,0,2
d5459f59967645c31fb810139cc8453dca603dec,1369158367,1,1,0,0,0,0,0,0,0,0,0,1422,938.38,1063,FALSE,0,0,0,0,0
c6420a910d7e2d3ced3e80485e351d6c2e0c90cb,1369152877,1,1,1,0,28,29,0,2,1.79,790,66,1421,937.5,264,FALSE,0,0,0,0,0
f8e67b8e68e590295c68fe54d639cf2246a0d6b4,1369150933,2,2,3,0.303141,54,35,0,2,0.38,2590,181,1420,936.53,592,TRUE,0,0,0,48,112
9ffcd382b4c102ae641f7b142775c0daf7214631,1369121449,1,1,1,0,19,18,0,2,0.06,3270,423,1419,936.14,1061,FALSE,0,0,0,0,0
725746badf03351a8b0b97cc67d5fc3cfa91f4f2,1369115902,0,0,0,0,0,0,0,0,0,0,0,1418,935.25,0,FALSE,0,0,0,0,0
9d5290de914023a762cd8da4d58994fc0565a67d,1369115888,2,2,6,0.683211,338,254,0,1,1.37,2591.33,72.17,1417,934.25,219,FALSE,0,0,0,200,448
1bb0b58ccec1f047ebaca2f7e58fd586abd3cfb3,1369115851,1,1,1,0,1,1,0,2,0,3270,422,1416,933.25,1060,FALSE,0,0,0,0,0
32f0ebbe6177040a846dc42e39cfb8e87f3427e3,1369115607,1,1,2,0.892647,8,5,0,4,0.3,4490.5,427,1415,932.26,1059,FALSE,0,0,0,0,0
25a1d74627967709d9ca2de7dc1dff3fa0864852,1369115554,1,1,2,0.35218,1,8,0,1,110.88,78,11.5,1414,931.26,403,FALSE,0,0,0,0,0
355b2f09bf6ca7a930c2c06345f253cb343fd17b,1369113011,1,1,1,0,10,8,0,2,0.53,3268,420,1413,930.31,1058,FALSE,0,0,0,0,0
01621f75b6dd285ac07bca88c5bf1edffc5525b5,1369066851,2,2,3,0.174081,116,35,0,4,0.73,3509.67,296.67,1412,930.25,729.5,TRUE,0,0,0,6,2
242e8a3bd682003a46cda0762b7f3f9593f07340,1369064652,1,1,1,0,1,1,1,2,0.76,3265,418,1411,929.29,1056,FALSE,0,0,0,0,0
010c26e7168d42ae4c7ea4b917809d46423150f4,1369016471,2,2,2,0.54382,122,42,0,3,12.55,3766.5,336.5,1410,929.27,575.5,FALSE,0,0,0,0,2
e7bad106632a8d5b1d40f8cbe85395be4fec47cc,1368998903,1,1,1,0,1,1,0,2,0,3265,417,1409,928.63,1054,FALSE,0,0,0,0,0
16242f98ce67315bc6a22e4bec1df7190fc47e0d,1368998615,2,2,6,0.737214,6,5,0,4,0.08,3332,157.5,1408,927.63,586.5,FALSE,0,0,0,0,2
14a447b3d8376169200d6c437330aa2a398a12b8,1368998073,1,1,1,0,72,54,0,2,0.04,772,65,0,0,0,FALSE,0,4,0,0,0
a2088fa500e6fe95ae964284399bf83cd8d80ffb,1368994317,4,8,11,0.305502,156,137,0,2,13.94,2043.45,48.09,1407,926.72,209.25,TRUE,0,0,1,230,372
87af68c0928d169f94e211c8fd069d27d1e29af4,1368989124,1,1,1,0,14,4,0,2,20.12,762,63,1406,925.83,262,FALSE,0,0,0,0,0
06daad87cabecbdf7ca999fca8720ec50824583f,1368988564,1,1,1,0,5,0,0,1,0.03,436,174,1405,924.84,261,FALSE,0,0,0,0,0
0b4b86f6c90ac2bf6ff395b94d9fcf253abb2165,1368986316,1,1,1,0,0,1,0,1,0.66,437,173,1404,923.88,260,FALSE,0,0,0,0,0
10626904afa676ccc2f900ad6ef0651789dcc7b5,1368986270,2,2,2,0.0312793,71,10,0,3,2.25,4649.5,354.5,1403,922.88,726.5,TRUE,0,0,0,0,1
90cca8a3ebf2469e73c1de53697f26681d51bc25,1368985976,1,1,2,0.747776,22,15,1,4,0.54,4466,423,1402,921.89,1051,TRUE,0,0,0,0,0
8da0141cac767c7ac2d1dfe224dbb0db55e025a2,1368949060,1,1,1,0,7,1,1,2,0.21,3250,414,1401,921.63,1050,TRUE,0,0,0,0,0
39e123aaf4dbba862c2398baabf2919fa54eff0d,1368930797,1,1,6,0.678875,281,126,0,1,2.45,2566.33,71.67,1400,921,118,TRUE,0,0,0,182,434
24fd17f0722727fb9c53320f45f17a6a16b9ea0f,1368930736,1,1,1,0,9,5,0,2,0.01,3246,413,1399,920,1049,TRUE,0,0,0,0,0
9270cc47b585174a6caf7a2d714602b26e18b5f3,1368929542,3,3,4,0.154566,130,24,0,4,2.12,2702.5,225.75,1398,919.02,569,TRUE,0,0,0,0,2
3721db34abfe271e8894c374c3715e8c2352ea2f,1368834279,2,2,2,0.47756,4,3,0,2,0.34,2384.5,228,1397,919.93,723,FALSE,0,0,0,0,0
e85ae351c7d075703796b33e44294990837628da,1368805315,2,2,2,0.15876,14,13,1,2,4.08,2384,227.5,1396,919.51,722,FALSE,0,0,0,0,0
a56ba245ea1afc01f11997edac354f365c248636,1368720776,1,1,1,0,1,0,1,3,0.85,5603,613,1395,920.21,1045,FALSE,0,0,0,0,0
d162eed4c79f6b59ec37121b2885372fc08b1d85,1368719308,1,1,6,0.677189,23,23,0,1,1.42,2566.33,71.5,1394,919.24,117,FALSE,0,0,0,22,20
43fea34f612aacb26aa5f72392fb0b6757f012fe,1368647155,1,1,2,0.19863,33,26,0,4,0.58,4406,419.5,1393,919.69,1044,TRUE,0,0,0,0,0
f7c960fc0d360887cf705853aed6267524840f63,1368596955,1,1,1,0,1,0,0,1,0.57,435,171,1392,919.7,258,FALSE,0,0,0,0,0
ee1933389ae5e931a03115a1c118537095c16cdf,1368596914,3,3,9,0.562228,51,24,0,4,0.6,3089.67,112.89,1391,918.7,518.667,FALSE,0,0,0,24,33
fdc9d5f1fdad92e3eb2e0ecee0dfd676845a58d9,1368548148,2,2,6,0.540592,152,122,0,1,3.34,2560,71.17,1390,918.68,215,FALSE,0,0,0,140,283
bad40b6125411111bf9cc3438053df9b185aff70,1368548098,2,2,2,0.105729,6,7,0,3,0.01,3018,331,1389,917.68,649.5,TRUE,0,0,0,0,0
d76ce85327d1b5efc3054795156c3eb89f0763e2,1368547455,2,2,3,0.296503,67,28,0,4,1.26,3069,285.67,1388,916.69,648.5,TRUE,0,2,0,8,4
d3df072a22874009762775e815d474037cf5ebce,1368544316,1,1,1,0,14,4,0,2,3.3,3176,406,1387,915.76,1040,TRUE,0,0,0,0,0
4b3009a1957ee00e07e506a444b1627541180051,1368517771,2,2,2,0.405639,19,5,0,3,1.38,4590,350.5,1386,915.29,717.5,TRUE,0,0,0,4,3
b72b0d60cb0bebac3cce453fdb7c8a0b80f1a7c5,1368398881,2,2,2,0.828997,15,1,0,3,1.65,4583,350,1385,916.67,716.5,FALSE,0,0,0,0,0
5841e62c664a3f51b01e44ddc56f9f59bbd51d64,1368259188,3,3,9,0.511116,56,28,0,4,3.64,2849.11,107,1384,918.48,515,TRUE,0,0,0,8,25
9bd0c01702ea8619f030f3490f86b45ab9abc94d,1368253210,3,3,3,0.241833,24,4,0,3,1.98,3192.67,249.33,1383,917.6,561.333,TRUE,0,0,0,0,0
6d86b3a95015fed80a9a0a49f6df266fe293b057,1368251828,1,1,1,0,12,0,0,1,3.89,3556,264,1382,916.63,392,FALSE,0,0,0,0,0
5ff9b02c897587dfafd9553ebbbc2d7cc7705597,1368000303,3,3,7,0.275245,273,262,0,1,7.56,2253.14,76.14,1381,920.72,227,TRUE,0,0,0,158,431
80934ea23253227d37d7e9b978c79733508258a8,1367999977,1,1,1,0,2,2,1,1,0.11,89,49,1380,919.72,253,FALSE,0,0,0,0,0
5acfa2bf3a2ef51c78f5423c2202451726bc08f5,1367995770,1,1,1,0,2,2,0,2,0.01,3160,404,1379,918.81,1035,FALSE,0,0,0,0,0
4fada52e045a2ad5e2a23cd452194e796c486e71,1367994857,1,1,1,0,5,1,0,2,0.59,3156,403,1378,917.83,1034,TRUE,0,0,0,0,0
e1c8e95e11e1acddccc1505503b0196a0ef01a72,1367994689,1,1,1,0,3,3,0,3,0.91,5577,604,1377,916.83,1033,FALSE,0,0,0,0,0
1dfebad790d9e4b9ad938bd8824cabd231f56f7d,1367990087,1,1,1,0,5,0,0,1,10.83,84,48,1376,915.92,252,TRUE,0,0,0,0,0
37ffe63d13d33c0a955ec8cfb8e99c07642be69a,1367943852,1,1,1,0,8,8,0,2,0,3156,402,1375,915.85,1032,FALSE,0,0,0,0,0
cc14c34dc2a234926028d9ef2fe0cd1ff69cc3a6,1367943751,1,1,1,0,558,513,0,2,7,3111,401,1374,914.86,1031,TRUE,0,0,0,12,24
e0cf4e644b268351d688776caa7ec1428cce077e,1367915893,3,3,3,0.301485,102,56,0,3,1.85,3173,248,1373,914.42,557.333,TRUE,0,0,0,9,0
aad55fc3dbaddeafb7b35d5b89c36070782c586b,1367848973,1,1,1,0,1,1,1,3,0.29,5569,602,1372,914.77,1029,FALSE,0,0,0,0,2
ba2b459220fa821bcb8e625fe11d6b7ebae3e404,1367823553,1,1,0,0,0,0,0,0,0,0,0,1371,914.28,1028,FALSE,0,0,0,0,0
086669fbe07cac3bdafdbe56787e08bb9afadda3,1367823513,2,2,2,0.197008,43,9,0,3,15.82,2981,326,1370,913.28,638.5,FALSE,0,0,0,4,0
4cc3fcb6e87a2835e48fae0d59e68fb326a8aa4b,1367822977,1,1,1,0,2,2,0,3,2.62,5542,600,1369,912.29,1026,TRUE,0,0,0,0,4
8781053dbeddb97ee0099f28978b55bf46ae6040,1367596270,1,1,1,0,2,4,0,3,0.01,5544,599,1368,915.87,1025,TRUE,0,0,0,0,0
bdac8974d8f43acb6ef6935a9092344ffc0b603d,1367595231,2,2,2,0.0570388,13,10,0,3,1.67,4532,345,1367,914.89,707,TRUE,0,0,0,0,0
9ae24141a3e166b2c4ad1f179a13293c2acff707,1367478415,1,1,1,0,5,9,0,3,0.63,5547,597,1366,916.26,1023,FALSE,0,0,0,0,0
e773efdc59c830e904375eec43ac23d95e17d9e7,1367424232,2,2,2,0.674494,18,6,0,3,1.78,4528,344,1365,916.36,705.5,FALSE,0,0,0,0,0
8f94bd1fbdf23e03326c1197c0bd029f3c1af1a2,1367338706,1,1,2,0.120965,5,18,0,4,0.5,4334,408.5,1364,917.11,1021,FALSE,0,0,0,0,0
d24d83d52abe7893edeae733547ddb0e1a774189,1367338377,1,1,1,0,45,33,0,2,1.68,3099,399,1363,916.11,1020,TRUE,0,0,0,4,0
ba364547f977b95f0cce474969a2041ca17ae96c,1367251851,1,1,0,0,0,0,0,0,0,0,0,2,1.88,2,FALSE,0,0,0,0,0
c938017baa42d4403b7d4bb601bc85bfcc2c1680,1367251851,3,3,7,1,14,14,0,3,0.69,2985.29,105.43,1362,916.88,481.333,FALSE,0,0,0,2,6
728eea3ae1c604f4148783d9ef9497abcb5e57ae,1367250907,1,1,1,0,2,2,0,2,2.92,762,62,1361,915.9,249,FALSE,0,0,0,0,0
88f9c1e539fc21549fa639e88762f805b4d689d9,1367250886,1,1,1,0,21,0,0,2,10.36,1531,131,1360,914.9,388,FALSE,0,0,0,0,0
76540c20f3877fbf981b9aa22d42a639d71c8a08,1367214959,1,1,0,0,0,0,0,0,0,0,0,1359,914.63,1018,FALSE,0,0,0,0,0
70761cf1d984f83dbd0a8d1352c9d9655f53553b,1367202520,1,1,1,0,11,3,1,1,0.11,3504,260,1358,913.88,387,TRUE,0,0,2,0,0
ace913a97d35cb83877a078a3d660802de0e833e,1367192993,2,5,0,0,0,0,0,0,0,0,0,1357,913.07,577.5,FALSE,0,0,0,0,0
d6e269c7f66ef57e604c269370353c4f1505f3b8,1367192934,1,1,1,0,1,1,0,1,1.6,3504,259,1356,912.08,386,FALSE,0,0,0,0,0
ec10550b3a58b5e3a2c11eafc06bf8740cf7b8a0,1367192882,2,2,6,0.758959,12,5,0,4,1.63,3113.5,151,1355,911.08,563.5,TRUE,0,0,0,8,17
86e2374b48749c4da26e6fa8d418a3fa7bc803ef,1367189616,2,2,3,0.192587,17,19,0,2,1.78,2800.67,151.67,1354,910.14,562.5,FALSE,0,0,0,22,41
d156dacbb9e9027f38d59e37cac80b8db9ef1602,1367187826,1,1,0,0,0,0,0,0,0,0,0,1353,909.18,1014,FALSE,0,0,0,0,0
1af5517da04589410e1b27a418a22cb530a981e8,1367133517,1,1,1,0,1,1,0,1,210.37,1,1,1352,909.28,1013,FALSE,0,0,0,0,0
e5d34890a99bdd00b0feeeacb069b562bf01be6c,1367054665,4,4,8,0.728459,17,10,1,3,2.33,2509.12,104.62,1351,909.87,438.5,FALSE,0,0,0,14,23
183b2548cf14ada448d3a6e273b9d0297c5f42ec,1366999129,4,4,7,0.463146,153,100,0,4,3.06,3285.71,140.43,1350,910,453.75,TRUE,0,0,0,116,334
d2de489e3a49aa3a9375745a44b62d0d8ddf90bf,1366998299,2,5,3,0.334671,11,8,0,2,11.17,672,36,1349,909.01,192,FALSE,0,0,0,0,0
90f8dbd86ea729717db42a705131e2bb96b6c076,1366994284,1,1,1,0,4,1,0,2,11.75,759,60,33,20.15,15,FALSE,0,0,0,0,0
3508ce19f3ce4d8068ee83bd9a012c23f6d30dac,1366906512,2,2,3,0.156992,26,34,0,2,2.1,2513.67,168.67,1348,909.87,558.5,TRUE,0,0,0,36,96
00188c9818c7f208afefcb60258c2055a38a43fb,1366872041,1,1,1,0,6,2,0,1,0.45,159,6,1347,909.57,95,FALSE,0,0,0,0,0
499232f0e6dd8baa2c91060b80aa57ed08bb6813,1366865284,1,1,1,0,1,1,0,1,0.37,1858,83,1346,908.71,94,FALSE,0,0,0,0,0
17471a12d2d6c112de83dc5d72e2fec1e8104233,1366833198,1,1,2,0.310917,6,4,0,1,0.16,1007.5,42,1345,908.36,93,FALSE,0,0,5,0,0
de4b5eeda79fe0ead918ea51c5c4d480b8c9f953,1366819726,1,1,3,0.295366,36,20,0,1,16.33,693.67,30.33,1344,907.63,92,FALSE,0,0,0,0,0
d0a019370760f9a0c7cc345a99a6b5561d76d104,1366774132,3,3,4,1,8,8,0,3,0.86,5184.25,159.75,1343,907.56,475.333,FALSE,0,0,0,0,0
5269a26b693d8bf53d646196db5de5790dba3a2a,1366773264,0,0,0,0,0,0,0,0,0,0,0,1342,906.57,0,FALSE,0,0,0,0,0
8dc6ad587fa8d32ed4acf536923a35e57cc6d544,1366772875,1,1,0,0,0,0,1,0,0,0,0,0,0,0,FALSE,0,0,0,0,0
757339c52d0c71db3ce42fdefe2d875efe7b977e,1366700737,2,2,2,0.835501,58,42,0,1,73.95,122,7,1341,907.04,237,FALSE,0,0,0,0,0
6e289339d7a623040d2fb6c0ed19b348441b3336,1366700196,2,2,8,0.493301,33,38,0,4,3.16,2994.88,112.62,1340,906.05,556.5,FALSE,0,0,0,26,84
3ff0a44a1c62b9d3eb11c5c061c1a0f2bbdcd724,1366644781,2,2,2,0.879759,154,135,0,1,10.15,2355.5,46.5,1339,906.18,113,TRUE,0,0,0,0,0
0562228e9a1f1715f6534093466eb224930351e9,1366512048,3,3,4,0.204426,67,53,0,2,1.71,2968.25,159,1338,907.87,497.667,TRUE,0,0,30,44,120
0b6993bb7c9a993aaf89bca09fa732d8c67115d0,1366387675,3,3,4,1,8,8,1,3,0.34,5183.75,159,1337,909.41,473,FALSE,0,0,0,0,0
4a19d90d4865cbef9829cbc8510eea25f1022537,1366358589,1,1,1,0,5,1,0,1,5.34,1850,79,1336,909,89,FALSE,0,0,0,0,0
038b1bcf7bfe9c97859279f933f66219e9dbc1f0,1366358556,3,3,7,0.493142,207,176,0,3,1.33,2975.71,104,1335,908,472,FALSE,0,0,0,160,446
a707c2fe8ea7599faf219fa3e3393d7e964b01b6,1366355542,2,2,4,0.349099,58,50,0,4,1.13,3409.25,229.75,1334,907.06,692.5,TRUE,0,0,0,0,12
3bb119f578506805acd9e35de227bc6c8252a69f,1366263649,3,3,4,1,48,24,0,3,0.82,5171.25,158.25,1333,907.94,470.667,FALSE,0,0,0,0,0
2a92600fa7bb6d928c43aa296565a9efe38fb4cd,1366259797,1,1,1,0,17,1,0,1,0.54,3457,254,1332,907.02,380,FALSE,0,0,0,0,0
e80e1dab4d93c2deba11baae7ce0a118b7418293,1366253594,1,1,1,0,5,0,0,2,2.94,1531,129,1331,906.14,379,FALSE,0,0,0,0,0
45d59d75ba9fc8776d487b0404c3221192bb8efe,1366253569,1,1,1,0,0,1,0,2,1.75,3092,391,1330,905.15,1002,FALSE,0,0,0,0,0
28cd4c3ee9971f99089cac926b2184a3360de2f6,1366214647,2,2,4,0.556545,18,18,0,1,1,2711,96,1329,904.94,203.5,FALSE,0,0,0,4,12
e7c44274b09e4a30fff29fcf50112f1e7fba8936,1366213398,2,2,2,0.794943,23,10,0,3,4.25,4487.5,336,1328,903.96,689.5,FALSE,0,0,0,0,0
3b2e0e34ef6db89346c9c7127fe2b0e6294820d1,1366182494,1,1,0,0,0,0,0,0,0,0,0,1327,903.59,1000,FALSE,0,0,0,0,0
dd5fda06903d10d88e3145f031b10f6c848e47c0,1366128033,1,1,0,0,0,0,0,0,0,0,0,1,0.95,1,FALSE,0,0,0,0,0
2276df07bdc7ba7cb3e40a3c4c5bc766250e578e,1366128033,4,6,7,1,14,14,0,3,0.34,2972.71,103.29,1326,903.7,384.75,FALSE,0,0,0,2,8
758ff03520f693e64df7560a0e5ff295abb81eb0,1366127937,1,1,0,0,0,0,0,0,0,0,0,1325,902.7,998,FALSE,0,0,0,0,0
c3ac17296078b94aa20bd00faf30d4e018c46d87,1366102367,2,2,3,0.810288,104,60,0,2,0.05,2494,165.33,1324,902.22,547.5,FALSE,0,0,0,52,108
562b4eb531e26ffa5f1b4e8d288660df1eb54fd3,1366099487,2,2,5,0.216789,35,35,0,3,0.05,3109.6,143.4,1323,901.28,546.5,FALSE,0,0,0,52,111
b1f8e845df8f3b8d126b49dfb420dc2ef99eaa9c,1366094957,3,3,8,0.751154,213,191,0,4,3.65,2979.38,111.12,1322,900.37,465.333,FALSE,0,0,0,152,412
bda869ea54d51efe43748a5d41bb8f377a160777,1365999845,3,5,3,0,7,2,0,2,100.61,10972.3,44,1321,901.3,501.667,FALSE,0,0,0,0,0
19cfbf082a45753900bea97deb6b04c2f99afb92,1365978980,2,2,1,0,2,2,1,2,0.6,759,59,1320,900.72,619.5,FALSE,0,0,0,0,0
07078bdd1f560d56f8f17dfa793198fad244f747,1365971037,1,1,1,0,48,27,1,2,0.53,2983,388,1319,899.88,992,TRUE,0,0,0,0,0
03657a98e1bbcfd093925dacba7d110c9e15dd22,1365959974,1,1,1,0,1,1,1,2,0.4,1526,127,1318,899.11,376,FALSE,0,0,0,0,0
b3f64abfae1c7a9d04a020b2fa17f83497a7b8ef,1365927304,2,6,3,0.661553,6,12,0,2,17.7,697,45.67,1317,898.77,189,TRUE,0,0,0,0,0
5d73c8f002ef9b9b9f4223d93fe836a62bed7959,1365925329,2,2,2,0.97726,52,11,0,2,0.23,2234,214,1316,897.81,683,TRUE,0,0,0,0,0
ba0882762dabd4a299cf788418ccad840bc2b7c4,1365922071,1,1,1,0,141,135,0,2,0.52,1492,125,1315,896.87,374,FALSE,0,0,0,4,12
bb8855b628a2bc47a2879aa08f17ac1820cac772,1365897508,1,1,1,0,23,15,0,1,7.65,1842,78,1314,896.37,88,FALSE,0,0,0,0,0
883d5917f591d687111ae12298276e8c938c317c,1365888149,2,2,2,0.190101,35,34,1,2,0.13,3696,228.5,1313,895.56,542.5,FALSE,0,0,0,2,0
0275e99fe2ad44bcf76f8941486c7604659af831,1365877184,4,4,6,0.723871,4,17,0,4,1.96,4196.67,140.83,1312,894.78,440,FALSE,0,0,0,0,0
5d109077e5a1b1c003dfdf2855291807d0eda0ed,1365876806,1,1,1,0,2,2,0,1,0.92,98,2,1311,893.78,244,FALSE,0,0,0,0,0
540851ab6acd7c9b562537b41cf3ffb29d5b2e74,1365876721,2,2,3,0.411241,328,400,0,2,3.71,2775.67,145,1310,892.79,540.5,TRUE,0,0,0,62,192
6b920fa5e6f4e3ddf0afb78a3764ff86134c5462,1365797744,1,1,1,0,8,2,1,1,3.01,92,1,1309,893.37,243,FALSE,0,0,0,0,0
d1498bb9fbc171a6636791ab6365bb66779e4914,1365651506,3,3,4,0.960765,95,15,0,3,1.99,5173.5,155.75,1308,895.32,460.667,FALSE,0,0,0,0,0
54eeef173a2f2538f6dba02e3a7e70b3ce1a8cd0,1365608315,1,1,0,0,0,0,0,0,0,0,0,1307,895.2,986,FALSE,0,0,0,0,0
723ddf8cdac6cf3c5552fe667298c6e7a217e699,1365565782,1,1,0,0,0,0,0,0,0,0,0,1306,895.06,985,FALSE,0,0,0,0,0
9f1255290736d907f4bc8af77cd41cdd7aea40e9,1365564238,1,1,1,0,35,0,0,1,0.97,3409,252,1305,894.09,372,TRUE,0,0,0,0,0
a8b6fa413e79c75cb90886831caa40eae5ecea34,1365537497,3,3,5,0.582798,125,80,0,2,0.43,1057,91,1304,893.63,532.333,TRUE,0,2,0,0,0
76aae8ce4235afbd2b79f99ee72698d75b40564f,1365521705,2,2,3,0.661553,3,6,0,2,20.46,1265.33,138.67,1303,892.95,612,FALSE,0,0,0,0,0
ad0c28705357bc41a98c48cd2ffed2831539be0b,1365480117,4,4,6,0.44399,40,16,0,3,0.52,3293.83,129.67,1302,892.79,436.25,FALSE,0,0,0,4,20
4a11a3559dbcef82ad9842bde08b547d0e703e2a,1365476473,3,3,4,0.69468,7,7,1,3,0.99,5172.75,155.25,1301,891.86,457.333,FALSE,0,0,0,0,0
1faa5a80e4e8fa79d25b69a859e04240e2f0dfef,1365400552,2,2,3,0.166185,98,80,0,2,0.41,2617.33,202.33,1300,892.39,674.5,TRUE,0,0,0,0,0
f1d3df1ec03cbe03b5ac165251a35d99fc1f31b2,1365390923,2,2,6,0.626025,137,108,0,1,1.78,2545.67,66.83,1299,891.59,194.5,FALSE,0,0,0,102,255
e7c94d3351d9f9e89580105eaca7285076d7848c,1365390369,1,1,1,0,4,4,0,3,0.21,5512,576,1298,890.6,979,FALSE,0,0,0,0,0
954f76dcf5d10260314a470e2c6ba1a99112be18,1365390044,1,1,0,0,0,0,0,0,0,0,0,1297,889.6,978,FALSE,0,0,0,0,0
43037c0ff98b06003289d108912a45bbfb7d2821,1365372603,2,2,3,0.389967,100,32,0,4,1.18,3939.33,288.67,1296,888.95,672.5,TRUE,0,0,0,0,0
93df901b715fb13ee8c1c2402fb4e6c96b745b44,1365350203,2,2,2,0.0648133,136,109,0,2,2.87,2218.5,209.5,1295,888.4,671.5,TRUE,0,0,0,4,0
e97e645eda8b1c849b5867762ce2e5578367f202,1365236781,4,4,9,0.71755,215,267,0,4,0.8,2848.78,102.44,1294,889.69,362.25,FALSE,0,0,0,166,432
4a03ba38747bc2c6c11fd3231a59c7a3248e07e8,1365225284,3,3,8,0.337036,192,84,0,3,0.55,3003.5,98.75,1293,888.92,475.667,TRUE,0,0,0,74,193
7f637e4acc680041b563c957c0acc0484d92e71f,1365177841,3,6,10,0.364755,242,168,0,1,4.32,1962.5,45.1,1292,888.87,172,TRUE,0,0,0,194,275
8f3eeefafd5b901246966fc269f1dcfa1f4bfa68,1365177549,2,2,2,0.906557,10,5,0,3,1.23,4363.5,329,1291,887.88,669,FALSE,0,0,0,0,2
5dc550a0ce17cc329124906092d040e5b4a133d3,1365176107,1,1,1,0,7,2,0,3,0.99,5516,571,1290,886.91,972,FALSE,0,0,0,0,0
6fe322da2781705156bf3ca07fb58f1610af2825,1365090762,2,2,2,0.0359483,50,21,0,3,1.43,2953.5,310.5,1289,887.63,605.5,TRUE,0,0,0,2,0
3cfe7c9a565cf3036fe473608ee3ec3a900a37b4,1365055487,1,1,0,0,0,0,0,0,0,0,0,1288,887.34,970,FALSE,0,0,0,0,0
be7d5917cb1b0476911428836a9cd7cef0e6dc4f,1364967528,1,1,2,0.0422211,46,15,0,1,35.39,615.5,22.5,1287,888.11,131,FALSE,0,0,0,92,28
ca28aa6ebdf2131708286fa8351590a793ca2657,1364967460,3,3,6,0.533414,134,63,0,3,0.79,3432,115.83,1286,887.11,450.333,FALSE,0,0,0,34,46
e76360c1b57fc55c49689847bd19f2fae18a374a,1364967255,4,4,6,0.305631,138,26,0,4,6.03,2550,158.33,1285,886.12,414.25,FALSE,0,0,0,0,1
265ca8ba672f2c756a9c32a8d04c511aad0aee49,1364885675,3,3,7,0.339219,145,140,0,3,4.85,2941.29,100.29,1284,886.76,449,TRUE,0,0,0,159,412
b0d942d0ece1ec7bb5bbe8ad54fb87b5db5a96c5,1364885375,2,2,2,0.707544,14,4,0,3,0.08,4300.5,326,1283,885.77,664.5,FALSE,0,0,0,0,2
6c25905ae47317208a4e348a6f44fa5330f04f7b,1364878482,2,2,2,0.819839,42,11,1,3,3.79,4285,325.5,1282,884.91,663.5,TRUE,0,0,0,0,0
80a39393fedea78edf111cb420fe0ecccab9005f,1364706444,1,1,1,0,1,1,0,3,1.15,5453,564,1281,887.38,964,FALSE,0,0,0,0,0
d4aed71abfb272d8a35b8d0e4b458949343881aa,1364606868,2,2,3,0.491133,4,3,0,4,3.6,2947.67,263.67,1280,888.4,600.5,FALSE,0,0,0,6,0
ebb72bb9924eedfac04de7a8e643aab27ba776ae,1364438617,1,1,1,0,11,13,0,2,0.96,2976,375,1279,890.83,962,FALSE,0,0,0,0,2
8ffcd30b4d538e24ceed6a6c9c0e0f9445a59b37,1364438263,1,1,0,0,0,0,0,0,0,0,0,1278,889.84,961,FALSE,0,0,0,0,0
06804c37e2522bba202f5d3ec758ed32b810e46b,1364402847,1,1,0,0,0,0,0,0,0,0,0,1277,889.56,960,FALSE,0,0,0,0,0
1acca0278cdee9ab3527141c235c47becacc8717,1364396589,3,3,7,1,14,14,0,3,0.85,2940.71,99.57,1276,888.69,445.667,FALSE,0,0,0,2,6
3bdc4f19d4cd54f89e472d54073d8edb366accde,1364396589,1,1,0,0,0,0,0,0,0,0,0,0,0,0,FALSE,0,0,0,0,0
639c8d4171bf8a7b98eda400e618aa63b71c72bb,1364396119,1,1,2,0.86606,20,11,0,2,0.94,2297,165,1275,887.7,361,TRUE,0,0,0,0,0
d77c9d3fca2925375bcb1d91355fe0244491e002,1364355962,3,3,6,0.582374,22,12,0,2,1.24,2350.83,86.67,1274,887.52,466.667,FALSE,0,0,0,11,36
2c7cc2c191a26498cd1d86ff28047a4412eb749f,1364354069,0,0,0,0,0,0,0,0,0,0,0,1273,886.55,0,FALSE,0,0,0,0,0
d7c74b8004a5e7c10600b1fa0ca19f56d19263fe,1364279675,3,3,7,1,14,14,0,3,0.48,2941,99.29,1272,887.07,444,FALSE,0,0,0,2,6
aaa800341853195fde76d44ba2e91fbd85f07f76,1364278995,1,1,1,0,1,1,0,1,14.95,2863,13,1271,886.08,130,FALSE,0,0,0,0,0
86890b13c61e69e4b19abd932a38bcb73f08fe88,1364274364,1,1,1,0,5,4,0,1,2.58,3102,242,1270,885.18,359,FALSE,0,0,0,0,0
39158b0eb6fec005203c8739fa68baf7134fe699,1364268725,2,2,3,0.389829,11,11,0,2,0.5,4183.33,148.67,1269,884.29,518,FALSE,0,0,0,0,0
87f1d55bc21c259f1f1d1b8dbd165c20a5baadf6,1364225720,2,2,6,0.323189,137,158,0,1,1.74,2525.83,65.17,1268,884.17,186,FALSE,0,0,0,82,272
14343b541098da6653d8c2821945459e7b8f339a,1364224960,1,1,1,0,40,39,0,3,2.01,5452,560,1267,883.18,955,FALSE,0,0,0,0,8
ffdac30b3c6693c32adbb01c032acf4040459a6a,1364224903,1,1,1,0,17,0,0,2,1.36,2959,372,1266,882.18,954,FALSE,0,0,0,0,1
244c8dc391604d9b6deef60596a552b8ff25af1d,1364109117,0,0,0,0,0,0,0,0,0,0,0,1265,883.53,0,FALSE,0,0,0,0,0
e593344461d6047f7a2686eb8d7eef6fa03c1a98,1364107894,1,1,1,0,4,0,0,1,14.23,1,41,1264,882.56,129,FALSE,0,0,0,0,0
74c46f6e93cd9beedbb2a592cc74a67bdf018e69,1364107600,2,2,3,0.256729,47,99,0,2,0.32,2470.67,155.33,1263,881.56,515.5,FALSE,0,0,0,47,114
bbfd8aa249edd3cb3a8ac99e5bc1eea60e98de5a,1364106265,2,2,2,1,8,0,0,2,0.02,2212,204.5,1262,880.59,655,FALSE,0,0,0,0,0
2705a488ad2e07dccd8625bf8653b5f8c0116e15,1364106237,2,6,8,0.148796,914,591,0,2,39.94,740.75,11.62,1261,879.59,182.5,FALSE,0,0,19,38,12
850c253e0888e103265d86c35d410c530f3a3467,1364104168,3,3,3,0.529236,52,50,0,2,8.4,1728,146,1260,878.63,514.667,FALSE,0,0,0,0,0
80e0e3fcd70deee6967fd6019b83c1493acf7ed4,1364066503,2,2,5,0.532116,103,63,0,2,0.17,2527.4,95,1259,878.39,513.5,FALSE,0,0,0,92,257
2cc2d696f1f2bf866e10fa15e27f5844cfcc8922,1364051394,5,5,10,0.332018,158,122,0,4,1.75,2705.4,93.7,1258,877.7,381.6,FALSE,0,0,0,146,414
8a83a6b5bebb9aea326b58813b9364ba1a9a8fc7,1364024406,1,1,2,0.775805,32,16,0,1,3.03,2213,94,1257,877.24,75,FALSE,0,0,1,15,44
002d5338a045c523b5634ba75869bdec934b5222,1364024172,3,3,4,0.578013,108,103,0,2,3.03,855,162.25,1256,876.24,418.667,FALSE,0,0,0,102,310
743aa472f048a4e8224a1619fa6ad3770eccf07c,1363762256,4,4,9,0.340155,715,712,0,4,2.08,2659.11,95.33,1255,880.54,386,FALSE,0,0,0,164,441
ba85d5d351af0138087f94a455b70fe7bb5510fd,1363597561,2,2,2,0.734496,3,2,0,2,0.18,3646,212,1254,882.91,509,FALSE,0,0,0,0,0
4e2ef908dcea9d561fa999bb19d0864496d888ae,1363595886,2,2,2,0.646269,72,52,0,2,0.34,2180.5,201,1253,881.94,650,TRUE,0,0,0,0,0
f5dd05ba8e92ecf828935acbff28cadbe484acb8,1363592976,3,3,3,1,3,9,1,3,0.3,5369,192.67,1252,881,435,FALSE,0,0,0,0,0
17eda2a4ccfbb9ed409c0081ea03b61e873fd6f7,1363567403,2,2,6,0.4312,332,175,0,1,2.69,2501,63.67,1251,880.52,179.5,FALSE,0,0,0,83,277
d219c6e019c203f7d1a21bbcb3192b458779a9a2,1363566697,1,1,1,0,15,15,0,3,0,5452,556,1250,879.54,943,TRUE,0,0,0,0,4
2dc539747b213525a904c027bb683763356df575,1363566526,3,3,5,0.22222,152,42,0,4,5.51,2643.4,175.6,1249,878.54,509.333,TRUE,0,0,0,0,0
e941de50e8af46ac723f38d45cea971af989ca11,1363354453,2,2,5,0.173391,43,43,0,2,1.18,2496.2,93,1248,881.87,505,FALSE,0,0,0,51,161
63052257a20d717a4f0d9e395f21846220b5098f,1363297128,4,4,7,0.272239,93,109,0,4,2.47,2955.57,126.57,1247,882.05,345.25,FALSE,0,0,0,102,300
ac5d2a714e33b4d0896733784bdc4c458a4015ff,1363194839,2,2,3,0.477416,13,10,0,2,0.1,2691.33,132.33,1246,883.16,503,TRUE,0,0,0,2,20
59f78c16b14dc15c4046d2b8be0156f6b9d7835f,1363186575,2,2,5,0.957576,134,145,0,2,1.02,2499,92.4,1245,882.33,502,TRUE,0,0,0,91,239
3f7f8133df48503f82637c3debb7b41224afc58a,1363186486,1,1,1,0,9,7,0,1,2.31,1812,74,1244,881.33,84,TRUE,0,0,0,0,0
fef5e1ce2cea363b69c12c828b9143a85ba58be5,1363098722,2,2,5,0.822538,166,110,0,2,2.35,2487.8,92.2,1243,882.13,501,TRUE,0,0,0,92,254
0b97b3864f678aaf29389d5525528418b9263cf5,1362987236,2,3,3,0.125413,67,31,0,1,0.75,1881.33,30,1242,883.44,105,FALSE,0,0,2,0,4
3d1330c85d26ace4717eb2cf2ed8511110eb76b3,1362984677,1,1,1,0,1,1,0,1,0.01,1781,72,1241,882.49,82,FALSE,0,0,0,0,0
041c0cc322a4d3a2ac795c591cba9c81df9b6ee8,1362984033,1,1,1,0,42,21,0,1,1.18,1760,71,1240,881.5,81,FALSE,0,0,6,0,1
e72712640c85e4272048e4e0ee48c0811d58948a,1362979977,2,2,2,0.0680959,26,13,0,2,1.16,2115.5,197.5,1239,880.59,644.5,FALSE,0,0,0,0,0
68301951279069c673a787bbd57f6c3f082a5c7b,1362938627,3,3,5,0.319001,43,45,0,4,0.32,2727,166.4,1238,880.44,428.667,FALSE,0,0,0,59,169
f9b5d6644d16ced3281d4593b5e50fc407664d31,1362914014,3,3,6,0.49726,31,16,0,4,0.09,4365.33,139.33,1237,879.95,449.667,TRUE,0,0,0,0,7
40f9eeda3607081965250daa0b321566b11e83bb,1362911339,2,2,2,1,2,4,0,2,0.21,3597,206,1236,879,497.5,FALSE,0,0,0,0,0
0fa0b0b1ea6bcf37a71c24632d565a165a191853,1362905750,2,2,3,0.86129,5,2,0,1,0.7,166,148.33,1235,878.12,146,FALSE,0,0,0,4,24
ff0b23f200b63a2ce6732093a2dcfe543639337b,1362905011,1,1,1,0,1,3,0,1,0.04,1007,8,1234,877.13,126,FALSE,0,0,0,0,0
5456d4081b01b955c443350c43f72adbc27e3f97,1362904258,3,3,6,0.532788,110,98,0,3,0.25,3400.5,110.33,1233,876.15,426,FALSE,0,0,0,102,302
8948fae78089f0c08b3d36fcf5e03e6d9e920a98,1362901940,2,3,2,0.405639,1,7,0,1,6.79,2047.5,122.5,1232,875.2,238,FALSE,0,0,4,0,0
ee4542a69939d4faaa4190f3437d646588fa47cd,1362882269,3,3,7,0.446571,43,38,0,4,0.23,3311.71,118.14,1231,874.6,425,FALSE,0,0,0,4,18
31e4e631f96d3d13c32823577552a24c846e46bb,1362881732,2,2,3,0.13716,35,39,0,1,48.6,1644.67,101.67,1230,873.61,215,TRUE,0,0,32,0,0
cbf20b327113d0066554739d9c1620e938f824d9,1362878135,1,4,2,0.000756514,2452,3558,0,1,32.24,1982.5,25,1229,872.68,124,TRUE,0,4,22,35,57
a65fd50723e75de794feafb7cc0a7c86f051d3b3,1362864735,3,3,4,1,12,0,0,3,0.06,5075,144.5,1228,871.96,424,FALSE,0,0,0,0,0
63a6aac2d829ba9fa9e5010a24486aaa01b4e7b6,1362859729,3,3,7,0.345717,150,89,0,4,0.54,3301.29,117.86,1227,871.06,423,TRUE,0,0,0,102,298
afde4804c9d83440201da4ec3312d2af7e463da3,1362821445,1,1,2,0.101454,24,3,1,2,0.86,2253.5,159,1226,870.84,349,FALSE,0,0,0,0,0
bc8ec9cd3e5e1dc085ddf79e6cf7463fe9aded68,1362821363,3,3,6,0.894902,230,160,0,3,0.68,3376,109.67,1225,869.84,422,FALSE,0,0,0,102,294
b63ab18e296c0970ddce0e7a038d1eac1e70adc1,1362762221,3,3,6,0.39478,104,107,0,3,0.42,3376.5,109.5,1224,870.04,421,FALSE,0,0,0,14,69
e7325f58c3c0d19fae928ee8e38bf7d0eec295f4,1362762020,1,1,1,0,2,2,0,1,0.34,3069,235,1223,869.05,348,FALSE,0,0,0,0,0
7b35bb8c96aa9fdf590ce99a5ad62fb7ead857b8,1362761790,1,1,2,0.805983,4,3,0,4,0.18,4063.5,368,1222,868.05,926,TRUE,0,0,0,0,0
e84671ce5d9ff21871c1390f55b6a07d2a5f0156,1362760370,1,1,1,0,8,11,0,3,0.98,5347,544,1221,867.08,925,FALSE,0,0,0,0,0
b01d50fe05414be7875fa4759331dfd73ebab80b,1362732807,3,3,5,0.212466,36,3,0,2,0.53,2332.6,126.8,1220,866.64,441.667,FALSE,0,0,0,2,2
3f163051b17b47bd997314dfb3cd050d5fe0be1a,1362730807,1,1,1,0,1,1,0,2,0.02,2780,348,1219,865.68,923,TRUE,0,0,0,0,0
4f1d03e1d42e73ba9d60686d5fb359861ed01a65,1362728673,2,2,4,0.255705,40,40,0,2,0.46,3320,147.75,1218,864.72,487.5,TRUE,0,0,0,0,6
fc39e4a225a5be6e44e6ca82ebe53444be84a4df,1362726602,2,2,2,0.310917,1,4,1,2,0.59,1596.5,208,1217,863.76,575.5,FALSE,0,0,0,0,0
bf88ad7fc895ae23e12c2091a6d86f6b957a1605,1362676071,2,2,6,0.586402,348,256,0,1,2.37,2476.17,60.67,1216,863.78,166,TRUE,0,0,0,156,398
11ba02067e734d33a2767e4618ce6fdb526aabd0,1362675927,2,2,4,0.297527,29,1,0,4,1.71,3144.25,208.25,1215,862.78,633,FALSE,0,0,0,0,0
952afa05ce966e2f4a3bdd40bc14c65422dd0ad0,1362675764,2,2,3,0.215516,419,316,0,4,2.81,2808,249.33,1214,861.79,574,TRUE,0,0,0,4,6
3131cc3160481e0b7a87379b357f00699f40cdb0,1362477944,3,3,4,0.434069,29,31,1,2,0.12,1798,111.25,1213,864.78,399,TRUE,0,0,0,31,67
792f768479c0890c2f198c7a6ea3beaa5a89ce24,1362471723,1,1,1,0,44,25,0,1,34.07,2000,8,1212,863.91,123,FALSE,0,0,0,0,0
ff312a15ddbef57cae05c20c1d70b5608cd26c68,1362471701,2,2,5,0.319497,112,106,1,2,3.6,192.4,81.6,1211,862.91,138.5,TRUE,0,0,0,152,394
36207c9a98ac8d9cb0a24362470c22af1695bebd,1362464129,1,1,0,0,0,0,0,0,0,0,0,1210,862.06,917,FALSE,0,0,0,0,0
b92105e888ffa12e820fa9b53abd2fa351532b6e,1362463414,3,3,8,0.795624,217,276,0,4,0.85,2867,101.38,1209,861.08,414.667,TRUE,0,0,0,152,412
35bd7c55d0e123632b2ccb413e39282e76274411,1362390055,3,3,9,0.652263,24,24,0,4,0.11,2744.33,94.89,1208,861.56,347.333,FALSE,0,0,0,12,36
9f19c302d8a0afcd0788942cb3ae8447e5004c7b,1362383887,1,1,1,0,43,6,0,1,7.36,1726,68,1207,860.68,78,FALSE,0,0,0,0,1
87b1ac776f93ffedf3a8468dbee6820c93f24a04,1362382194,2,2,4,0.205096,49,51,0,2,0.01,4376.5,101.25,1206,859.72,480.5,FALSE,0,0,0,0,0
41e401b05eaaf9834e94fd1ad1f61c4a23b8f86d,1362381133,4,4,9,0.560132,241,48,0,4,0.19,3019.22,100.67,1205,858.74,395.5,FALSE,0,0,0,22,66
d88da3589de709ea36aa3a360fabf608d8a6a100,1362370326,3,3,7,0.331141,358,340,0,3,0.24,2869,93.14,1204,857.96,411.333,TRUE,0,0,0,172,420
9638c393bbeed78702d7d1533222a3f6836eff72,1362356376,3,3,4,0.236171,150,125,0,4,0.4,2444.25,193,1203,857.24,493.667,TRUE,0,0,0,8,10
9961ddc2a82e7462987bb4c234ad08c3284d88f9,1362348411,3,3,9,0.386366,123,110,0,4,0.26,2859.56,97.44,1202,856.4,432.333,FALSE,0,0,0,152,416
2d40dfd8d4280f621fe903093c8ff808d5a93f4e,1362347217,0,0,0,0,0,0,0,0,0,0,0,1201,855.42,0,FALSE,0,0,0,0,0
99c9bdf71d44430b7421e8a0a020acee87a2b681,1362347205,3,3,4,0.973977,83,83,1,3,0.51,4989,139.5,1200,854.42,409.333,FALSE,0,0,0,0,0
4fcd25ec88518578021426cc147af0ef7381fe3d,1362347050,0,0,0,0,0,0,0,0,0,0,0,1199,853.42,0,FALSE,0,0,0,0,0
fefdb9fc8ddcfb6e149b92668017cfeb8d549d2d,1362344881,2,2,1,0,21,21,1,3,2.52,5237,532,0,0,0,FALSE,0,0,0,0,0
440218da672784726d530450ebd970d3a8c67530,1362334751,1,1,1,0,8,3,1,2,0.36,2683,336,1198,852.67,908,FALSE,0,0,0,0,0
21a0eff593212dc2bb02e14ce06d9f825381def3,1362303453,4,4,8,0.356961,232,141,1,2,0.18,2351.88,76.5,1197,852.29,391.5,TRUE,0,0,0,150,392
8825a094ae37b4816cfe265889bac7a57ef668c6,1362302344,2,2,3,0.457821,104,39,0,4,0.19,3620.67,264,1196,851.32,623.5,TRUE,0,0,0,0,8
aa49ce5c563e4bb9bfec2c9c62f687228e563d13,1362286122,1,1,2,0.181188,8,8,0,1,3.12,1529.5,120,1195,850.64,340,FALSE,0,0,4,0,0
1522d3385d6e42208a58c9d4dba31794e3607d5d,1362286084,5,5,10,0.324293,250,231,0,4,2.29,2441.2,84.2,1194,849.64,356.8,TRUE,0,0,0,98,290
510c41440abc16046aef8a19d82e4abc742bb928,1362127142,2,2,4,0.386765,67,64,0,1,0.88,2589.5,83,1193,851.81,156.5,FALSE,0,0,2,26,74
aa0c34ba1c027855630e11d8cbf4c36609d63e23,1362126979,1,1,1,0,17,19,0,3,0.01,5239,531,1192,850.81,904,FALSE,0,0,0,0,2
af87e6ef629ff1691579ea31444618f1b71c1964,1362126288,1,1,1,0,4,4,0,3,0.16,5239,530,1191,849.82,903,FALSE,0,0,0,0,0
30291ce6e644529aed680bfbe98426cb05624f93,1362112454,1,1,1,0,5,1,0,3,0.71,5235,529,1190,849.1,902,FALSE,0,0,1,0,0
890c2eb56430edb6ca400879b269018299f6081c,1362050762,2,2,5,0.246662,21,21,0,3,0.02,3118.6,125.2,1189,849.33,470,TRUE,0,0,0,24,70
67a269b89cd57f9ad7db06490b3b07fd1f835e53,1362048789,2,2,6,0.690925,124,150,0,1,0.86,2456,58.33,1188,848.37,155,TRUE,0,0,2,118,328
4b9ee81a7889b17f475e32f0a4006bf9bf382fcb,1362048703,2,2,2,0.213652,92,74,0,2,0.76,1517,201,1187,847.37,562,FALSE,0,0,0,0,0
4343f4d2294a1117d8721c6f4834f54f0250074f,1362048594,1,1,1,0,3,3,0,3,0,5235,527,1186,846.37,899,FALSE,0,0,0,0,0
2162baa6c0a942e0abbcc17a2f8144f403330998,1362048566,1,1,1,0,15,21,0,3,0.74,5241,526,1185,845.37,898,FALSE,0,0,0,0,0
7e7f7927108eb25f9710d54ed6cb4a8ab59326f6,1362048491,1,1,1,0,3,1,0,2,0.78,1408,105,1184,844.37,338,FALSE,0,0,0,0,0
1bbd9e24b0ab22ba91c09ed203d2f654a3dda627,1362048434,1,1,1,0,27,34,1,1,0.78,2970,228,1183,843.37,337,TRUE,0,0,0,0,0
6435aaa64f6290178029a6628e97d4f0e26bc312,1361985013,2,2,3,0.705321,12,6,0,4,9.48,2655.33,239.67,1182,843.63,616.5,FALSE,0,0,0,0,0
999aae0a33881f9064bfa291e6be659e8369a9b5,1361980988,5,5,10,0.334434,193,101,0,4,0.62,2726.3,89.6,1181,842.71,352.4,TRUE,0,0,0,102,298
ba795639b45526d2e91a471fe690139d4cbb696a,1361960239,1,1,1,0,2,2,1,2,0.21,1406,103,1180,842.12,334,FALSE,0,0,0,0,0
4c4b2057217f35c7d2717e8e5f3264691a2062df,1361956469,3,3,6,0.210059,80,70,0,4,0.01,3027.33,131.17,1179,841.19,400.333,FALSE,0,0,0,98,280
b3c550b7c0cc66048d54651ad0b3ba78cba204a6,1361955192,3,3,8,0.581867,183,129,0,4,1.43,3174.38,107,1178,840.22,420.667,FALSE,0,0,12,102,294
eb8953e784b88e0e8f31fe9722825365fea85152,1361941715,3,3,6,0.300631,44,41,0,2,2.82,3098.83,75.67,1177,839.48,419.667,TRUE,0,0,0,50,92
b88b292d5d04da70079892209446fc3b9f4ff8ad,1361858311,1,1,0,0,0,0,1,0,0,0,0,1176,840.12,892,FALSE,0,0,0,0,0
5f42c3b3192eeb96cbebc5311c7665d5f1c76a89,1361775071,1,1,0,0,0,0,0,0,0,0,0,1175,840.76,331,FALSE,0,0,0,0,0
5b27ae03712b034eecc8b4d43ba8962c07683465,1361775010,2,2,2,0.734496,3,2,0,3,0.65,4077.5,299,1174,839.77,610.5,FALSE,0,0,0,0,0
f26b1da1b5398bcfb9b71a018c68382b64f91bbb,1361754946,1,1,1,0,8,16,0,1,0.23,51,3,1173,839.16,222,FALSE,0,0,0,3,1
7a853e2dcb40baeab3cccc20b2eef87a0154c001,1361748956,2,3,3,0.234842,23,16,0,2,2.28,684.67,21.33,1172,838.28,171.5,TRUE,0,0,4,0,0
9b22748bd0cee6f7ab9358bdd0860853f2272edc,1361748356,2,2,2,0.457352,17,12,0,1,8.49,2335,141,1171,837.29,203,TRUE,0,0,8,0,0
c1e9dd337311f4f61833cf1e1307b5772cad76b5,1361734856,2,2,2,0.181188,68,36,0,2,0.08,710,51,1170,836.56,274,TRUE,0,0,0,2,0
8cbbc470432456ddc3d2e0e4b05f83cfbee4eaf9,1361728113,1,1,1,0,1,0,0,2,0.28,1371,100,1169,835.69,327,FALSE,0,0,0,0,0
81b356713392c1b02b928b7512ba1ce78a3fdf95,1361726963,2,2,3,0.822959,21,5,0,2,0.31,1137.67,118.33,1168,834.71,554.5,FALSE,0,0,0,0,0
fc6568f3900558d33dead6448ffede175c8756c9,1361703879,2,2,2,0.48257,30,29,0,2,0.05,1991.5,179.5,1167,834.16,607.5,FALSE,0,0,0,0,0
8e30fe294691c769c183c808433064beb9bbc78d,1361699675,2,2,2,0.149468,11,8,1,2,0.02,1990,179,1166,833.25,606.5,TRUE,0,0,0,0,0
6c811a32614057c1cf2c81f602a2f09d8739dea4,1361697887,3,3,4,0.723104,80,27,0,2,0.15,1181.75,96.25,1165,832.28,476.333,FALSE,0,1,0,3,1
afbe5aa5409e43dd29a49c4a15a37651ff6fb34d,1361688918,0,0,0,0,0,0,0,0,0,0,0,1164,831.46,0,FALSE,0,0,0,0,0
324afd2d6cfe5054b92664887288a80cc2436437,1361688741,4,4,6,0.78286,95,27,0,4,0.06,3939.5,122.33,1163,830.46,377.75,TRUE,0,0,0,0,1
58d94ef61eaca4294691e3a0f059e3b8b2c9d4fc,1361684942,3,3,4,1,68,56,0,3,0.25,4929.25,134.75,1162,829.53,395,FALSE,0,0,0,0,0
39974b0982a920913a2f61a28df6037f47d63eca,1361680214,1,1,1,0,1,1,0,2,0.06,2578,320,1161,828.62,884,FALSE,0,0,0,0,0
323d7306e29b1baa4e04ec9b79f35d57554f6569,1361680163,1,1,1,0,11,15,0,2,0.17,1334,94,1160,827.63,322,TRUE,0,0,0,1,0
251e228ce48f0b98ee5451a384ff624b98cc1ab0,1361675239,2,2,3,0.274191,54,46,0,2,0.16,2541,114.67,1159,826.72,457,TRUE,0,0,0,48,146
a99f3f217a9e79362f863c13ba3e9fb0ec4acb60,1361673466,2,2,2,0.6973,12,1,0,2,0.1,1948.5,176,0,0,0,FALSE,0,0,0,0,0
e2acbee113aaca858f418e9749e1c4278beea5ac,1361665070,1,1,1,0,11,5,0,2,1.54,1328,93,1158,825.92,321,TRUE,0,0,0,0,0
37b69eddf2ca04c4b9b205e04fa5d42b11b65649,1361663923,2,2,4,0.515631,13,7,0,2,5.37,947.5,107.25,1157,824.94,549.5,FALSE,0,0,0,0,0
f0322e6f2c5d3d98f3bbc6e05ac97e304669b985,1361660210,2,2,6,0.466259,64,55,0,1,1.52,2438.83,57,1156,824.01,148.5,FALSE,0,0,0,69,161
756587d080c45fd45d829d95f58f1da12a210fdb,1361657328,2,2,3,0.29868,17,14,0,4,2.98,2836.33,239,1155,823.07,548.5,FALSE,0,0,0,0,0
1ad2c92324c49bed3ccf385c55df6b67fcb78b2a,1361532409,3,3,4,0.224088,101,142,1,2,0.25,2069.25,107,1154,824.47,409.667,TRUE,0,0,0,52,101
e5433adf781c94494f230e5b7871f582c32eb49d,1361527364,2,2,6,0.141534,9511,9394,0,1,3.46,2426,56.67,1153,823.57,147,TRUE,0,0,22,304,725
ed765f75d85fb0d085bcd94cf488fc282dd0004c,1361527296,1,1,0,0,0,0,1,0,0,0,0,1152,822.57,879,FALSE,0,0,0,0,0
4136f1b377307ece83ebe56ea49be7d592b667c0,1361527242,2,2,2,0.0215404,393,358,1,2,0.46,1460.5,192.5,1151,821.57,546.5,TRUE,0,0,0,12,12
860339b90edbb27c8c80da1add4f1fe1bc5eaf4a,1361518403,1,1,1,0,2,2,1,3,0.01,5196,517,1150,820.74,877,FALSE,0,0,0,0,0
03254a0c0f593e9e96d708589368e2c069ab019c,1361517566,1,1,1,0,3,2,0,3,0.65,5195,516,1149,819.76,876,FALSE,0,0,0,0,0
a76081c9798b24886d7e3882c6a0cf53619d3a11,1361513289,1,1,1,0,2,1,0,2,0.6,2529,314,1148,818.84,875,FALSE,0,0,0,0,3
71a207079f3a06a3eced6ebf316a14ec64f2edd4,1361464809,1,2,2,0.172503,72,45,0,1,9.86,632.5,5.5,1147,818.77,121,TRUE,0,0,15,1,6
f6e724c4c59f0b751fb0e8c5233387b464218c24,1361461522,3,3,5,0.294613,125,63,0,4,2.87,2466,159.4,1146,817.83,469,TRUE,0,0,15,4,2
4251b36b25b18a50c5ad6ca216970eb624066568,1361436439,1,1,1,0,4693,4660,0,3,1.69,5162,514,1145,817.31,873,TRUE,0,0,9,78,164
b8f39cbfdf410be4b3585581084618da09bc6a90,1361290054,3,3,3,1,9,12,0,3,0.27,5099.33,173,1144,819.12,388,FALSE,0,0,0,0,0
088c621862d9cfcf6239a277e4c46ccd4a0aafce,1361266531,3,3,4,1,8,8,0,3,1.06,4901.25,132,1143,818.57,387,FALSE,0,0,0,0,0
7467a2a2eb8493acdba518e25afab3266560240f,1361182420,3,3,7,0.390741,57,56,0,3,0.09,2817.29,88.29,1142,819.19,386,FALSE,0,0,0,50,148
2459a53350d3929600e0027542a7f5b61e180629,1361174833,3,3,8,0.810588,26,23,0,4,0.06,2778.38,95.12,1141,818.34,385,FALSE,0,0,0,2,4
7093e9c0d427eb283b90a026902b3354a751816c,1361174059,1,1,0,0,0,0,0,0,0,0,0,1140,817.35,868,FALSE,0,0,0,0,0
4bc49978d1b040646ed2fa4b1d738d51346d5712,1361169657,3,3,8,0.630147,167,124,0,4,0.33,2773,95,1139,816.43,383.667,TRUE,0,0,4,153,408
96bac9c149302b9862b4b74242fcb2a066f22e93,1361162668,1,1,1,0,2,1,0,2,0.19,1323,90,1138,815.57,318,TRUE,0,0,0,0,0
8dcc15f4d3e36025a7c75579931cf996ec9c504d,1361153741,1,1,1,0,3,0,0,1,0.79,379,147,1137,814.74,213,FALSE,0,0,0,0,0
8183740c043a9d97652961eb6fb40ac295a6bf68,1361147903,2,3,5,0.237355,127,235,0,2,5.36,970.2,15.4,1136,813.85,166,FALSE,0,0,0,9,6
25e4231d7b9153945f165a111564f230a46713ce,1361146422,2,2,2,0.633007,9,5,0,2,0.01,1905,170.5,1135,812.88,591.5,TRUE,0,0,0,0,0
3ed9e0e905163383c4412b9552567da7c02d21c5,1361145773,3,3,3,0.463691,62,11,0,2,1.67,1504,122.33,1134,811.89,464,FALSE,0,0,0,0,0
45bec0c44066ca120858ddae173876e3aedd17aa,1361140222,1,1,1,0,12,7,0,2,0.63,2473,308,1133,811,864,FALSE,0,0,0,0,0
5133e39d459a33126e859c5d033622ba4e2379c8,1361140180,3,3,8,0.424017,99,86,0,3,0.95,2825,85.88,1132,810,400,FALSE,0,0,4,115,259
cb3b4e446eebc1475f50eb3da6eb2eb917508463,1361126465,1,1,1,0,10,0,0,1,1.42,2897,221,1131,809.26,314,FALSE,0,0,0,0,0
9829a2f3b4f910d769018e9d048b1888efe0a760,1361085485,1,1,5,1,5,5,0,1,1.35,2900.6,65,1130,809.04,21,FALSE,0,0,0,4,8
7eadf111456d1ba8587458e0c3e167ef7503d466,1361085437,2,2,3,1,3,3,0,4,1.83,2669.33,231,1129,808.04,536,FALSE,0,0,0,0,0
2a2bc44f43507e4aaa49cedfcfb2e0139216c079,1361003985,4,4,6,0.516964,88,47,0,3,0.69,3035.83,111.67,1128,808.58,363.5,FALSE,0,0,0,41,129
9ccfa5cec9244580403d4a791de3a5efaab36ad0,1360947500,1,1,1,0,5,6,0,2,0.64,716,45,1127,808.65,209,FALSE,0,0,0,0,0
02687f3c785f360add7b29ed59de5dbb912b9c08,1360944679,3,3,6,0.539245,32,41,0,3,1.04,3037.33,111.5,1126,807.71,397,FALSE,0,0,0,6,68
7ea7a6cbb191adeacb0aaf3511b95d53241f52ca,1360916583,2,2,2,0.131438,19,13,0,2,1.04,1893,168.5,1125,807.24,585,FALSE,0,0,0,0,0
a15a28fe5b26e64d7bd7f6c773c1440ab024e0f5,1360903643,1,1,1,0,45,3,0,2,1.04,1272,86,1124,806.48,310,FALSE,0,0,0,0,0
265dedfae1e50ad28506b7383005f91ea36b7724,1360892203,1,1,1,0,2,2,1,2,0.74,716,44,32,21.95,14,FALSE,0,0,0,0,0
5ddbb8bc568116777787502f9656c5e2c30b419b,1360862466,2,2,5,0.871049,6,6,0,3,0.17,3067.6,119.4,1123,806.27,438,FALSE,0,0,0,2,2
4101b8e937eeebfb7e6fb7f09ec81c45f8165a58,1360861427,1,1,1,0,1,1,0,1,1.32,379,145,1122,805.28,208,FALSE,0,0,0,0,0
56b6d5047956ac7be538ff43a1b0e914750c3918,1360861386,3,3,3,1,6,6,0,3,0.38,5085.33,169.67,1121,804.29,377.667,FALSE,0,0,0,0,0
506f585d78d236075f5d47b240518f3e1fdf5811,1360828176,4,4,8,0.966565,17,17,0,4,0.89,2548.5,79.88,1120,803.91,334.25,TRUE,0,0,0,4,8
577dfb72207fbf28395f9f40acb6eaddb14cd132,1360828093,1,1,0,0,0,0,0,0,0,0,0,1119,802.91,855,FALSE,0,0,0,0,0
7e4286adde0717748f9a00b89226853de6d3ced8,1360814160,1,2,1,0,6,2,0,2,0.71,1268,85,1118,802.18,309,FALSE,0,0,0,0,0
1090228628b00c3db87f57a0c1afab2134abf9d5,1360814079,1,1,1,0,11,0,0,1,0.75,2875,218,1117,801.18,308,FALSE,0,0,0,0,0
aeea861b73d7360528ec76cb96926045995a68a9,1360813850,3,3,4,1,168,152,0,3,0.75,4885,129.25,1116,800.18,375.333,FALSE,0,0,0,0,0
997c43bbdde068385bbf11d80210a7dc0adf36d9,1360752552,1,1,1,0,9,0,0,2,1.1,1259,84,1115,800.33,307,FALSE,0,0,0,0,0
958d4dbd2e7d4bdbdeaa55a51193ea66f6721006,1360749132,1,1,1,0,4,0,1,2,1.06,2468,305,1114,799.4,853,FALSE,0,0,0,0,0
f2b350eb62976cae7bc3cffb45744c1badd74290,1360749075,4,4,7,0.904931,130,135,0,3,0.02,3214.57,95.29,1113,798.4,357,TRUE,0,0,0,35,164
a3464780a1401d214fa6347b41644d5c94b44056,1360747071,5,5,8,0.303906,273,195,0,3,0.75,2850.38,87.38,1112,797.44,326,TRUE,0,0,0,98,280
fe1eb92196b93b9f5362d995ac2f6c7be2c0e59b,1360685794,3,3,8,0.485994,147,86,0,3,0.77,2799.75,84.25,1111,797.58,388.667,FALSE,0,0,0,102,292
0b2d26ec9264979ef1c604ec7fcbbe6c6fe15a15,1360657989,1,1,1,0,3,3,0,1,1.04,2783,214,1110,797.11,303,FALSE,0,0,9,0,0
8024a25f2b494b7455c2f4366c5ab2df20fd7084,1360657495,1,3,2,0.405639,4,4,0,1,41.26,2478,6.5,1109,796.11,119,FALSE,0,0,0,0,0
d287ecbb340956aa849e046eddd0d2f69df27c6e,1360657477,1,1,1,0,0,3,0,1,7.02,381,143,1108,795.11,205,FALSE,0,0,0,0,0
d9c95e77307d9abef213340e4f75bd75c4d92fe3,1360657437,4,4,8,0.714615,16,16,0,4,2.5,2913.5,95.25,1107,794.12,354,FALSE,0,0,0,4,8
c3b1af31ce88f2c4ccece2f77981889b5b54ca96,1360569848,1,1,0,0,0,0,0,0,0,0,0,1106,794.75,848,FALSE,0,0,0,0,0
465576b5cb69aee9fd94407aefa18b29aa5ff319,1360569106,2,3,5,0.238556,143,79,0,2,17.23,950,14.4,1105,793.76,161,FALSE,0,0,0,5,6
9ecbcd0075216043c0725737f30f42155292fe5b,1360568529,3,3,3,0.197511,286,303,0,1,45.86,1597.67,91.67,1104,792.77,164.667,TRUE,0,0,66,0,5
c1f62d72aee88a8c25b7bc0961a82b1bab33a610,1360487689,2,2,2,0.278129,20,2,0,2,0.99,1854.5,165.5,1103,793.28,573.5,FALSE,0,0,0,0,0
1b27834c41a652b456b1a8064a5ab5774682ef62,1360467370,1,1,1,0,6,6,0,2,1.11,2468,302,1102,792.66,846,FALSE,0,0,0,0,0
77804907b67a05fb651fa31f0320ada4e94aed29,1360433323,3,3,6,0.898226,7,7,0,3,0.5,3005.83,109.5,1101,792.29,384.667,FALSE,0,0,0,21,16
9dfa2609bed5a33b19e84db073cf53bf9be7b66c,1360392463,3,3,6,0.438909,42,44,0,3,0.38,3263.83,98.67,1100,792.06,368.667,FALSE,0,0,0,38,80
8ffb3ab3c4a064fdedfaa5e74239eb67223f8d3c,1360379042,1,1,1,0,2,2,0,1,0.3,2770,211,1099,791.31,298,FALSE,0,0,0,0,0
65e1da34faa0abdbd1e2108965fa5063108a3568,1360371466,2,2,3,0.636161,9,5,0,2,0.36,2540,172.33,1098,790.45,425.5,FALSE,0,0,0,0,0
282110807cfa9e6e072e0a7f82977dedffee6f1d,1360356409,0,0,0,0,0,0,0,0,0,0,0,1097,789.73,0,FALSE,0,0,0,0,0
25e5f43d1cff25626e56a048f8e4624250b524fb,1360356308,1,1,2,0.734496,5,5,0,1,0.17,2577,149,1,1,1,FALSE,0,0,0,2,12
ce0441694d5dd3a5c7447a7935e480df7964c54e,1360353252,3,3,6,0.853759,18,14,0,3,0.47,2871.17,100.17,0,0,0,FALSE,0,0,0,5,18
db29699927980ee536fa172c67d2e19e8e0efc18,1360341724,3,3,7,0.436605,109,113,0,3,0.66,2802.71,85.29,1096,789,367,FALSE,0,0,0,148,374
9a4e2d7617eb19d97e862a33442082173386e6d7,1360339656,1,1,0,0,0,0,0,0,0,0,0,1095,788.04,841,FALSE,0,0,0,0,0
fbf64585b7d17ab5612e851e863d2395b478b665,1360336735,1,1,1,0,3,2,1,2,5.25,1240,81,1094,787.09,297,FALSE,0,0,0,0,0
6d1c6dfd16fdc35efd455ff9cca3339298c39a3b,1360313906,3,3,2,0.0742324,21,15,0,1,61.08,914.5,33,1093,786.51,403.667,FALSE,0,0,2,0,0
e78df4d9818901d38a207624c766ae46f28726f5,1360308969,1,1,1,0,1,1,1,2,2.03,2466,300,1092,785.61,839,FALSE,0,0,0,0,0
a757b4d5dcbfa3051ae101777ef7c541fa29f63b,1360308934,4,4,7,0.0189449,5197,50,0,3,2.29,2077.29,86.71,1091,784.61,347.5,TRUE,0,0,9,91,224
d28036ee911f9b84ca79ea643918153d8fd87892,1360168942,1,1,1,0,10,4,0,1,1.54,2760,209,1090,786.19,294,FALSE,0,0,0,0,0
d2ba0d4e7a7524ed92f90c616a29554fda8d729d,1360139908,3,3,4,0.518352,12,8,0,3,1.03,2531.5,145.5,1089,785.73,364,FALSE,0,0,0,4,36
578743617794748a850c44ca57b7e3330248f27e,1360133658,2,2,2,0.775805,14,70,1,2,0.93,3415,167.5,1088,784.85,420,FALSE,0,0,0,0,0
f5ab24b8d2e305b2acf2a0eaade3299cb9bd9ac2,1360055145,1,1,1,0,6,2,1,2,0.05,2469,298,1087,785.3,835,FALSE,0,0,0,0,0
05c0f32a243e71d6b6ab4dba6d2566cfbe09860c,1360051017,3,3,5,0.548401,93,83,0,1,0.63,1878.8,62.8,1086,784.38,362,TRUE,0,0,0,115,293
7b918f77a99fdac982678ea43e6cec57b598c60a,1360050952,2,2,3,0.165833,44,34,0,4,1.99,2651,222,1085,783.38,518,FALSE,0,0,0,0,4
d87929d61cea82a84089f2266dd193fd86ebaa11,1360036135,2,2,3,0.729206,8,9,0,1,0.67,2576,69.67,1084,782.65,147.5,FALSE,0,4,0,8,17
a926829c33ca1878135000a65cf976464a4aebba,1359995775,1,1,1,0,19,0,0,1,1.54,2741,207,1083,782.4,292,TRUE,0,0,0,0,0
d58e366c409a364f494ba485bbb5677ac411d482,1359969682,3,3,6,0.331955,1083,236,0,3,1.35,2275.67,98.33,1082,781.88,360.333,FALSE,0,4,0,117,320
0fb4f7e1c43c07a3530de297824b7958681f6a93,1359956693,1,1,2,0.330299,14,5,0,4,0,3641,324,1081,781.12,831,FALSE,0,0,0,0,0
6ee606e3e26feea09f7c5b1c9396a67ab8bb6f0f,1359956597,1,1,2,0.674494,8,0,1,4,1.03,3637,323.5,1080,780.12,830,TRUE,0,0,0,2,0
22d4a7690f9931bffe1a9bf17e25e5d60fa16753,1359956526,1,1,1,0,1,1,1,1,4.86,79,42,1079,779.12,202,TRUE,0,0,0,0,0
f3a2f5018a3baa5af37eea75a6762eeb377f1196,1359884891,2,2,2,0.0628815,21,21,0,2,5.59,1583.5,159,1078,779.44,515,FALSE,0,0,0,0,0
d2a7589f7cdda36c4461d909e9f0210e7a02d27d,1359883420,2,2,2,0.405639,14,6,1,2,0.39,1841.5,160,1077,778.47,559.5,FALSE,0,0,0,0,0
f87b4e04f1733e7e3221edddb2d0b5b4f8493b82,1359862409,3,3,6,0.010679,4699,8,0,1,17.77,1157.5,54,1076,777.85,372.333,FALSE,0,4,29,179,354
b5aa4c1f0cef8928ed19c68bffa72efb5c759d94,1359849602,2,2,4,0.065506,261,195,0,4,1.35,3127.25,167,1075,777.09,557.5,TRUE,0,0,0,4,2
0c1eb6d2887f7c1b4e942b9b86df5ea2b13d36f2,1359796737,1,1,0,0,0,0,0,0,0,0,0,1074,777.06,825,FALSE,0,0,0,0,0
8a03c5f99886aba6dac0b420d21a9e0e334008fc,1359796446,2,2,1,0,12,5,0,2,0.06,1225,78,1073,776.06,556,FALSE,0,0,0,0,0
60aa50ae45d2bff1f6087bc916a2356908850586,1359792044,1,1,0,0,0,0,0,0,0,0,0,1072,775.14,823,FALSE,0,0,0,0,0
aae6bbbb66862ac98664776e6c43a97e40ce50b1,1359790904,2,2,1,0,3,1,0,2,0.91,1223,77,1071,774.16,554.5,FALSE,0,0,0,0,0
5ca903c428781f056f2c3126469a4a2cd43876f8,1359789616,1,1,1,0,9,87,0,1,2.6,1777,64,1070,773.19,74,TRUE,0,0,0,0,0
e86b07f760b8c76cb75d16b3f7c9eea32dff10cd,1359739834,1,1,0,0,0,0,1,0,0,0,0,1069,773.1,821,FALSE,0,0,0,0,0
d7fea5dc7801fbc3481b18d25d51c37fbd747a5d,1359712542,3,4,6,0.338872,81,47,0,2,1,1528,68.83,1068,772.59,407.333,TRUE,0,0,0,48,90
c1eff5aebb6f1e8fb11875df5669d7d8aab153d9,1359711376,2,2,1,0,2,9,1,3,0,4830,486,1067,771.62,533,FALSE,0,0,0,0,0
f2dc490d6f03e82dff31b66d9b1d29550677b97b,1359711068,2,2,4,0.748781,107,69,0,3,0.95,2236.5,145.75,1066,770.62,532,FALSE,0,0,0,64,181
b296e1b34040b2c633092547563c68dcfe198a88,1359710710,1,1,1,0,10,0,0,1,1.04,2731,205,1065,769.63,285,TRUE,0,0,0,0,0
8adb060edbb0896ddca88f60d1249ad8fd555066,1359710674,2,2,3,0.191678,33,15,1,4,1.59,2511,218.67,1064,768.63,508.5,FALSE,0,0,0,0,2
c3b984fea793195732ebc7fa39d96f440c4a4ddc,1359620927,3,3,4,0.511016,128,69,0,3,0.82,2892.75,159,1063,769.26,448.333,FALSE,0,0,0,44,128
afbb2c338b8d8ecfca55b008c66b41a1633562a0,1359565135,1,1,1,0,10,14,0,1,2.9,1781,63,1062,769.27,73,FALSE,0,0,0,0,0
6632241ab5a77e2b40b37047a75360289d7e1167,1359565048,3,3,5,0.479622,12,7,0,4,0.33,2480.4,134.2,1061,768.27,447.333,TRUE,0,0,0,4,8
be50df81dbae9a8af8f8b32accfeee058b54ef9e,1359536575,4,4,6,0.245554,189,74,0,4,2.57,1676.67,106.17,1060,767.79,384.5,FALSE,0,0,2,50,90
9763b6e2cf9ee8064974670c2d643cf536b2c7be,1359535173,2,2,2,0.190101,19,4,0,2,3.12,1356,177,1059,766.81,505.5,TRUE,0,0,0,0,0
812b848daf9b68f749ffe378533bd72fcfa15546,1359535111,2,2,6,0.0426836,46,1898,0,2,60.64,1003.33,45.83,1058,765.82,198,FALSE,2,0,59,84,30
4907a7389faf36f16aef2ce244b3b77d944a78ba,1359529149,1,1,1,0,2,8,1,1,0.98,2712,202,1057,764.92,280,FALSE,0,0,4,1,2
17dff36b65fb756b3079743bc6a323a278e4c83b,1359528236,1,7,9,0.206939,495,252,0,1,35.53,896.56,6,1056,763.94,114,TRUE,2,0,18,130,39
904921d8c4a1c2daffd0f737b499cc5a8350c222,1359444867,2,2,1,0,10,0,0,2,1,1181,72,1055,764.44,545.5,FALSE,0,0,0,0,0
ac4c075d3272518c7eec63d005e93920654652e9,1359444712,1,1,1,0,29,12,0,1,0.1,2695,201,1054,763.45,278,TRUE,0,0,7,1,2
ddde64ece9a070a6dcfb20ebecfa320247310ad9,1359436099,2,2,1,0,16,7,0,1,0.9,2686,200,1053,762.6,544,FALSE,0,0,4,0,0
91c097e88db245079d23ddb05f6f333663592aac,1359358458,1,1,2,0.329744,119,57,0,2,0.87,1902.5,123.5,1052,763,276,TRUE,0,0,0,0,0
894658a3f57a12e82285359f41b4c55d87a07904,1359358341,1,1,1,0,106,15,0,2,0.51,2241,287,1051,762,810,TRUE,0,0,0,3,4
a4454ea5f9be2c226e5aad7b8b4e483696f756b3,1359358093,2,2,4,0.372367,182,146,0,3,0.55,2185,144.5,1050,761.01,525.5,TRUE,0,0,0,66,131
8ea8fa3a8ace23c8bf0904a4c037e5744b874f43,1359328340,2,2,1,0,3,1,0,3,0.01,4673,479,1049,760.54,524.5,FALSE,0,0,0,0,0
748060329567e658f3640a6480762a694feaf94e,1359327452,1,1,1,0,1,1,0,3,0.51,4673,478,1048,759.56,807,FALSE,0,0,0,0,0
079b749d5df6b0fbf26f03b1a85ebd200c2b5c12,1359314695,1,1,1,0,32,10,0,1,3.48,1759,62,1047,758.79,72,FALSE,0,0,0,0,0
4815600e85e03d8180f3e15fd081c3bcbefd49c0,1359314582,1,1,3,0.460673,62,63,0,2,0.36,2089,116,1046,757.79,806,TRUE,0,0,0,42,92
1c63e2d295519656f09d416901f7d33ff2091e5a,1359283485,2,2,2,0.510265,128,91,0,2,3.65,1685,153,1045,757.35,540,TRUE,0,0,0,1,1
cf13eca58c337849e945331310198088350a27a2,1359283158,1,1,1,0,4,6,0,1,0.12,2643,198,1044,756.35,274,FALSE,0,0,0,0,0
3cf4607870377b69f065e87fbe36093b94731a62,1359283123,2,2,4,0.314477,32,26,0,3,0.12,2182.75,143.5,1043,755.35,522,FALSE,0,0,0,8,10
23c3ba6ad76fd1dedb0ff622ed0bbc14fecf9123,1359272867,3,3,6,0.418649,110,97,0,4,0.77,2264.33,126.33,1042,754.53,438.333,FALSE,0,0,0,62,154
17fc3c2317032a8512cda8284a1ab17e313be6ad,1359261446,2,2,4,0.764815,156,144,0,3,1.46,2176.5,143,1041,753.74,520,FALSE,0,0,0,80,186
af234cbe544430a5f4702027c995db7e4abfa649,1359173453,2,2,3,0.1732,38,38,0,2,1.17,2193,124.33,1040,754.3,499,TRUE,0,0,0,10,0
c8517c0ec9b5a8da363e35f9a1607856470b0686,1359171613,0,0,0,0,0,0,0,0,0,0,0,1039,753.34,0,FALSE,0,0,0,0,0
20b226454b49718a75cc0eb8d27bb86cc3e8e31f,1359163266,1,1,1,0,24,24,0,3,0.71,4660,474,0,0,0,FALSE,0,0,0,4,4
98eccf223afda8dcaf97d3bacd7696493120d511,1359102055,2,2,4,0.484686,11,11,0,3,0.98,2176.5,142.25,1038,753.58,518.5,FALSE,0,0,0,12,8
0fc2ab4d41c6531f51130f53884d618b6ebda361,1359101204,1,1,1,0,1,1,1,2,0.97,2225,282,1037,752.59,799,FALSE,0,0,0,0,0
641b6efe7f11d67aa2e3970c7d1c1f6f4f9081be,1359017048,3,3,6,0.531646,95,98,0,4,0.2,2262.83,125.33,1036,753.09,435.333,TRUE,0,0,0,86,213
4c83435b4b7613409705487f217d2d3a842b20c7,1359014932,1,1,1,0,2,2,0,2,0.01,2220,280,1035,752.13,797,FALSE,0,0,0,0,0
9f7319cff4200a6cf859a8c8696d0d9ffef99b3a,1359014314,4,4,7,0.403361,172,160,0,4,6.15,1867.29,106,1034,751.14,324.5,FALSE,0,0,4,66,194
dd9baa1502307ba97b2d318f76849d5bdb8411f9,1358929437,2,2,1,0,6,2,0,3,0.02,4678,470,1033,751.65,514.5,FALSE,0,0,0,0,0
41b4d0daa1bb848fcab866db9a7284b9606d5e47,1358927692,1,1,1,0,16,16,0,2,1.95,2219,278,1032,750.68,794,FALSE,0,0,0,0,0
e41b1811639ac629796fb7f9e09c5d55ce65b297,1358927649,3,3,5,0.62792,13,4,0,3,1.31,2266.6,124.6,1031,749.68,432.333,FALSE,0,0,0,4,10
288ac115d07fbb2eb0847e067fbf2764daebf0b5,1358922904,1,1,0,0,0,0,1,0,0,0,0,1030,748.76,792,FALSE,0,0,0,0,0
6774d46a6f98387a05c8e5f3bd8261070ab1a6e2,1358920270,2,2,5,0.357254,6,43,0,4,2.19,1969.6,111.4,1029,747.81,493,FALSE,0,0,0,0,0
607abf89f7d4e6979a8c9eae6dbb9814bc604655,1358759631,2,2,6,0.279726,53,43,1,2,0.61,1175.33,85,1028,749.66,492,TRUE,0,5,0,0,3
27f1e5e2f2d38845261580dbf769b14b736c9756,1358713317,2,2,1,0,2,2,1,3,0.35,4695,467,1027,749.49,510.5,FALSE,0,0,0,0,0
a457675ce1ea3332bd68432aaa24714280a1ac00,1358712584,1,1,1,0,15,8,0,1,0.58,2617,194,1026,748.5,270,FALSE,0,0,0,0,0
82049096e6a409b241989c09261ea1ce8c6e3490,1358712167,2,2,5,0.229457,63,49,1,2,0.78,612.6,101.2,1025,747.51,490.5,TRUE,0,7,0,48,131
6c965e0223416673fccd882f22790331b192a402,1358682884,2,2,2,0.405639,4,8,0,4,0.14,3458,306,1024,747.03,509,TRUE,0,9,0,0,0
8b4d952929fb482c8e344602b29f34c2c4ec2bf0,1358679163,2,2,5,0.687757,231,136,1,2,0.56,1371.4,99.4,1023,746.09,489,TRUE,0,0,0,90,223
873cc63f94da4812e7ba07b64f499cb5ad8293ef,1358662634,4,4,8,0.401584,277,269,0,4,2.36,1881.88,95.12,1022,745.39,368.75,TRUE,0,0,0,90,219
39fc839ff2cef1e9a009c2154935fff99cc505cc,1358642536,1,1,1,0,63,62,1,2,14.69,1141,68,1021,744.74,268,TRUE,0,0,0,0,0
4edef4c9595e2f2b7c9af236f8d6c67e7bc5d8fb,1358640435,1,1,1,0,4,4,0,3,2.7,4649,464,1020,743.78,784,FALSE,0,0,0,0,0
1d9ced80375da92b508e27533344cddebef3226d,1358586015,1,1,0,0,0,0,0,0,0,0,0,1019,743.74,783,FALSE,0,0,0,0,0
4cb77d142924bd804c2a6901d8b7cc1d663a2f94,1358584582,1,1,0,0,0,0,0,0,0,0,0,1018,742.76,782,FALSE,0,0,0,0,0
b52d9d1bdd4b2fd1c80a5358f9cf36a042a006db,1358505442,2,2,3,0.160679,126,43,0,2,2.51,950.33,104,1017,743.16,485.5,TRUE,0,2,0,0,0
5fe7ca5e7060bab83d6ba15f6266aee16469f5a8,1358412049,2,3,4,0.334278,68,30,0,1,11.64,734.5,11,1016,743.81,190,FALSE,0,0,0,9,3
62fb440de2f3d78a7918a4a9983c902cd7852a4e,1358410721,2,2,3,0.200623,44,44,0,2,0.03,216,104.67,1015,742.84,484.5,FALSE,0,0,0,60,143
96fbd7c7ba734eaeceaf6301a0758474f6ebdf62,1358409564,3,3,2,0.210758,15,13,1,1,5.8,62.5,149.5,1014,741.86,398.667,TRUE,0,0,0,2,30
c9bec8e6362ba0f4a0e57c206a7c80080a4e17c1,1358407327,1,1,1,0,1,1,1,1,0.9,2612,192,1013,740.9,266,FALSE,0,0,0,0,0
769e03e7f269f3d7dbbe916980881378534b3355,1358407268,2,2,5,0.808926,6,8,0,4,1.34,1856.2,116.4,1012,739.9,482.5,FALSE,0,0,0,4,9
ab83f2d5e2326da587eda2c5e37c02ad19503359,1358329198,3,3,3,0.16763,52,4,0,3,0.02,2418,200,1011,740.27,423.333,FALSE,0,0,0,0,8
b60d0cdb17639ba3d3e47a7bb8e4e5fa4940adb4,1358327499,3,3,3,0.518446,76,25,0,3,0.99,2401,199.67,1010,739.3,422.333,FALSE,0,0,0,16,42
677503dbf11bb490d1fabf09e793827e68ae9e0a,1358314094,1,1,0,0,0,0,0,0,0,0,0,1009,738.54,775,FALSE,0,0,0,0,0
25efa294708e3bf7aefbb6fdb8f05754d0817bf5,1358313288,1,1,1,0,2,2,0,2,12.9,575,33,1008,737.55,186,FALSE,0,0,0,0,0
21a90f8f8f5fcfad74c455501d22ac782e76fa25,1358268599,1,1,0,0,0,0,0,0,0,0,0,1007,737.34,774,FALSE,0,0,0,0,0
64e8d6ae99a1ecacfe904bad63f47c267a8c6a22,1358245120,1,1,0,0,0,0,0,0,0,0,0,1006,736.75,773,FALSE,0,0,0,0,0
16a204335ec1e7e1f1dee5ae37d10b675c9d6e48,1358242341,4,4,6,0.386196,92,111,0,3,1.01,1937.5,106.33,1005,735.8,361.5,TRUE,0,0,0,56,142
0a53f762fe6d85b4f2f690cf8549ab79e198b259,1358155719,1,1,0,0,0,0,0,0,0,0,0,1004,736.32,771,FALSE,0,0,0,0,0
6ba4778c1b1ef99edc2e0266958085c4a3994dac,1358154706,4,4,6,0.3265,198,121,0,3,0.58,1924.67,106.17,1003,735.34,360.25,TRUE,0,0,0,54,136
0404c2266c9d5dd57aea32a6c7769b41069e70f7,1358118722,1,1,1,0,13,13,0,1,0.01,2491,187,1002,734.97,261,FALSE,0,0,0,0,0
e5e914282f529c43edfc8ec7c6b41d573920e3da,1358117933,3,3,5,0.44397,507,170,0,3,0.78,2164.8,120.8,1001,733.98,417.667,TRUE,0,0,0,44,96
9867d4bdc36dc812b4633241a1fe9fc96420da00,1358052174,1,1,1,0,10,3,0,1,7.85,2325,185,1000,734.13,259,FALSE,0,0,0,0,0
e4cb7112cf4f567d1cf6c90d11e56caede118cf5,1358049736,3,5,11,0.451419,124,72,0,3,10.65,1286.55,53.27,999,733.17,367.667,FALSE,0,0,2,141,122
2d202e90b7f2c67772c6ea0e82b81ccfcf40d67d,1358046126,1,1,2,0.821958,37,32,0,4,0.16,3356,300,998,732.24,767,FALSE,0,0,0,2,2
016391e44298ddcdb96054b9a021f179ab4d6aab,1358038012,1,1,1,0,64,21,0,2,7.27,2145,270,997,731.38,766,FALSE,0,0,0,0,0
1eff48a429370a5875a423fac08c3e99fbb82497,1358035112,2,2,2,0.674494,47,49,0,1,6.99,214,178,996,730.43,474,FALSE,0,0,0,45,100
ce33af6bb5014039b33f36350b7c65aa76041762,1358027233,1,1,1,0,3,6,0,3,3.64,4527,455,995,729.57,764,FALSE,0,0,0,0,0
fb9d4303f1f72a51362f966ffe8bfdd34b9da83b,1357712498,2,2,2,1,6,6,0,3,3.26,4208,229,994,734.07,492.5,FALSE,0,0,0,0,0
4e631c9e8fd5b7c4c74f897f17f95c9966eb55cd,1357452588,2,2,2,0.57938,3,3,1,3,0.5,2283,267,993,737.68,491.5,FALSE,0,0,0,1,1
766d67d80dd75aec0fbd756d8efc6e05bcf853f9,1357409655,2,2,7,0.341667,61,67,0,4,3.09,1587.43,97.57,992,737.44,471.5,TRUE,0,0,4,49,106
e2c2a37221c46ea131f4c621890838dd8a75041c,1357373553,4,4,6,0.607509,21,11,0,4,5.75,2000.17,106.5,991,737.09,354.75,FALSE,0,0,0,2,7
2b23020695f5bafb2e598e994304a5a0c6dea834,1357309236,0,0,0,0,0,0,0,0,0,0,0,990,737.23,0,FALSE,0,0,0,0,0
8d43c6b1a8ad83a08263074c33df8518ea6959ad,1357308927,0,0,0,0,0,0,0,0,0,0,0,989,736.24,0,FALSE,0,0,0,0,0
7362dd1a7c054aaa280951e6f2560e94828d359c,1357294806,2,2,1,0,1,1,0,3,3.56,4531,450,1,0.83,1,FALSE,0,0,0,0,0
316caf7e8cb7ca2d000380b967f2f458f74fba36,1357198538,2,2,2,0.47756,5,2,0,2,10.34,2266,20.5,988,737.21,145.5,FALSE,0,0,0,0,0
87dc6631eee78d43bc66b03b727ec9a9fef8ec50,1356986805,2,2,4,0.360113,67,83,0,4,1.1,2656,166,987,740.01,489,FALSE,0,0,0,37,70
62246d7d439940ce7f793c7717943875c47ddfe1,1356986753,1,1,1,0,1,1,0,1,103.59,996,3,986,739.01,110,FALSE,0,0,0,0,0
a14be3a42c8acf6d6d8db80f4e18cba214eeac00,1356891512,4,4,7,0.30074,113,55,0,4,2.61,2058.43,105,985,739.73,353,TRUE,0,0,0,41,84
7fdf00d5e95432ecb470639152e82d048e056a8d,1356887650,1,1,1,0,1,1,1,2,3.06,575,31,984,738.8,178,FALSE,0,0,0,0,0
99e02f30fb41d66c37125a4f54f50430c0937980,1356818602,2,2,3,0.433129,34,31,0,4,3.94,2345.33,201.67,983,739.05,467,FALSE,0,4,0,3,4
716a5b9b5acfe38dcf789cdec065bed9ac2044d8,1356747724,3,3,2,0.278129,20,2,0,3,3.09,3398,251,982,739.33,409.667,FALSE,0,0,0,0,0
87f880ca526901bef1f301416d0f38f45cfa988a,1356745664,1,4,12,0.227005,497,379,0,1,14.41,614.75,4.08,981,738.37,109,FALSE,0,0,5,93,34
8ec7b84a7873f23e3a5c7546b941321e9d1e7631,1356623681,1,1,4,0.742098,6,6,0,3,0.91,2118.5,133.75,980,739.58,755,FALSE,0,0,0,0,2
05cf5bc8dbd4233f0ab813570972616b3c0a0f65,1356623594,2,2,2,0.903429,140,150,0,2,2.65,292.5,25,979,738.58,465,FALSE,0,1,8,1,0
ac25e21a0ccae784415f1e9f59b9539a1771e45e,1356590697,2,2,3,0.233783,48,47,0,2,2.18,173.33,98,978,738.17,464,FALSE,0,0,0,82,136
cc1e0daaa4be04b1fea2252b494b56c3d1c17a27,1356588499,1,1,2,0.15876,6,12,0,1,2.91,616.5,19,977,737.21,108,FALSE,0,0,0,89,31
f4120a9c8cf312205d76eb21faa1b4944630efca,1356498739,2,2,4,0.7558,95,85,0,3,0.25,2116,133.25,976,737.84,484,FALSE,0,0,0,116,160
e3b80a5e0972450544ae99590bed1291286001ac,1356476811,2,2,5,0.206446,42,45,0,4,2.23,2121.2,131.4,975,737.24,483,FALSE,0,0,0,62,98
ef7cb26b0122b09bb670561711c1ae83e38fd240,1356337182,2,3,4,0.119605,59,79,1,1,6.47,949.5,54.25,974,738.77,181,FALSE,0,0,0,89,30
408a5c168f5222602d51e1499337744d4546ae33,1356302940,2,2,4,0.353017,52,44,0,3,1.08,2115.25,132.75,973,738.4,482,FALSE,0,0,0,12,16
0ad6ac95b2add1a9d1506f92c32f0ba83183072f,1356279028,1,1,1,0,35,50,0,1,4.49,2300,180,972,737.83,254,FALSE,0,0,2,0,0
bda4747e9c14c7084ea4b92208681973c00e86e0,1356209488,5,5,9,0.393943,44,81,0,4,2.89,1410.11,77.44,971,738.1,299,TRUE,0,0,0,0,0
bd8f882c94bf4397db0278dc167948e1e8444929,1356199034,2,2,1,0,3,3,0,3,0.97,4505,440,970,737.29,480,FALSE,0,0,0,0,0
32b5b5b1c4ea986732333c6a97b62f4b7fb0d5f1,1356199012,1,1,1,0,38,22,0,2,0.74,119,23,969,736.29,173,FALSE,0,0,2,0,0
c1e543c9fef03dc41c5500d658c927aa65c6ef2c,1356141842,1,1,0,0,0,0,0,0,0,0,0,968,736.33,747,FALSE,0,0,0,0,0
3908fa5c57f73101fbfab56061b78e9cbc117f1f,1356134825,1,1,1,0,4,49,0,2,1.68,164,22,967,735.46,172,FALSE,0,0,2,1,0
1b347fc185cc47baa5b81b52af5b0bc749340271,1356115135,3,3,4,0.679122,9,4,1,3,4.7,1441.25,137,966,734.82,354,TRUE,0,0,0,86,27
282a5e0b01d58ea4540a47d858d78bc2aaab3dc2,1355989396,1,1,1,0,1,1,0,2,0.01,164,21,965,736.1,171,FALSE,0,0,0,0,0
e9d23cc1ea57c26ef122b393f72adebd9a9f74c6,1355988561,1,1,1,0,36,20,0,2,5.96,148,20,964,735.12,170,FALSE,0,0,4,0,0
34173fd60fa323192cdd3098eebd02d1f82dc361,1355987858,2,2,3,0.895914,92,90,0,2,14.49,171.67,96,963,734.13,457,TRUE,0,0,0,103,162
d0d3c8ef57ba3ded3fd865a161dee5beca6a3e7c,1355901171,2,2,2,1,2,4,0,3,0.06,4194.5,221,962,734.71,477,FALSE,0,0,0,0,0
11912008dd3b07e4d63e636d8d76748b5582cfc1,1355899310,1,1,1,0,1,0,0,2,0.09,1164,64,961,733.75,252,FALSE,0,0,0,0,0
c122007e17c4d798d352b43755ee2a1e388d8b3d,1355896410,2,2,3,0.583619,34,32,0,3,0.4,2810,172,960,732.8,476,FALSE,0,0,0,16,28
69dfa1a17577b4ab7d8ae7f34a318021944630b3,1355895343,2,2,1,0,3,3,0,3,0.05,4503,436,959,731.82,475,FALSE,0,0,0,0,0
bfea443e55911f3fabfd63c55d39a8c403632b50,1355891314,4,4,5,0.248453,82,46,0,4,1.65,2094,130.8,958,730.89,341.75,FALSE,0,0,0,0,0
680798c28fc2c370f6a902f302ee729e8c46412a,1355886855,0,0,0,0,0,0,0,0,0,0,0,957,729.97,0,FALSE,0,0,0,0,0
9f0cc45c4536a5b2829d7347020692d83d44ad69,1355886840,0,0,0,0,0,0,0,0,0,0,0,956,728.97,0,FALSE,0,0,0,0,0
0ac97f467f789910ac988db2b70bb78b8dc44800,1355886473,0,0,0,0,0,0,0,0,0,0,0,955,727.98,0,FALSE,0,0,0,0,0
897b85b6075bea9fad52ce266dcdd760131b4e70,1355886359,0,0,0,0,0,0,0,0,0,0,0,954,726.98,0,FALSE,0,0,0,0,0
5c55cf0efb75ea1bd925117e08cf47982bba8788,1355886339,1,1,0,0,0,0,0,0,0,0,0,953,725.98,740,FALSE,0,0,0,0,0
eccd6463f65607ed49f28af25162dccc08a6004b,1355873438,1,1,1,0,1,0,0,2,0.53,2121,262,4,3.84,4,FALSE,0,0,0,0,0
4a0897c73438534668cccb799e6a3c1da51cc06e,1355872197,2,2,2,0.450982,20,2,0,4,0.1,3387,244,3,2.84,2.5,FALSE,0,0,0,0,0
c86a16df7fc69e58e5ac01b13743c0ffc5da0ec5,1355863964,2,2,2,0.337292,28,28,0,4,0.12,3387,243.5,2,1.84,1.5,FALSE,0,0,0,0,0
2ae0e9d902fd6ba357696267d069e54f750aa817,1355853624,2,2,2,0.932711,42,0,0,3,0.69,3366,243,1,0.84,0.5,FALSE,0,0,0,0,0
bba18cd56b1477e5a622a865c2bb781e0b2982c1,1355845294,3,4,6,0.673752,193,126,0,1,2.51,1125.67,47.17,951,724.72,348.667,FALSE,0,0,0,84,149
647746ea72492c709eb75eb60c328c56ce779dec,1355845294,3,4,6,0.673752,193,126,0,1,2.51,1125.67,47.17,952,725.72,349.667,TRUE,0,0,0,84,149
2f20781e162253bbf8f978e162b8ad1f33098be9,1355827556,1,1,2,0.097504,49,35,0,4,1.1,3287.5,286.5,949,723.04,736,TRUE,0,0,0,0,2
7bea30b2e6b6a9589045ca3649ea2c68b4291fb3,1355827556,1,1,2,0.097504,49,35,0,4,1.1,3287.5,286.5,950,724.04,737,FALSE,0,0,0,0,2
12bc852c89888d2be0d1758b71720c09bb6eafb7,1355824190,1,1,0,0,0,0,0,0,0,0,0,948,722.1,735,FALSE,0,0,0,0,0
3bee212876ebac3e6e53c10abf4e4256f7c32580,1355824190,1,1,0,0,0,0,0,0,0,0,0,947,721.1,734,FALSE,0,0,0,0,0
0d42e840455ecff5e4aebbacd454f799c53a7cad,1355821735,1,1,1,0,16,1,0,1,5.07,1744,60,946,720.14,70,FALSE,0,0,0,0,0
6c8893a55078f836e43190449f46cc9156515308,1355821735,1,1,1,0,16,1,0,1,5.07,1744,60,945,719.14,69,FALSE,0,0,0,0,0
9c52ecc19b35660d8c694917ddb2c1ecb4ca9327,1355762162,1,1,1,0,1,1,0,1,0.33,82,32,944,719.2,167,FALSE,0,0,0,0,2
692c884ca203a6fcd214f95a8b2591ec68a78760,1355761273,1,1,1,0,1,0,0,1,3.33,2263,175,943,718.22,250,FALSE,0,0,0,0,0
3ef51d7faeb5f6b4a5dfae51ab18bb6bf21c6c37,1355733529,2,2,4,0.347131,59,61,0,2,0.77,570,112.75,942,717.71,449.5,FALSE,0,0,0,70,166
73d95de122e1276c037178b5360a31bc11b3970d,1355731619,2,2,5,0.359453,59,59,0,4,0.57,2105.2,128,941,716.74,468,FALSE,0,0,0,66,103
04a568ac9b9a7194d78d8498fe487bbe2238749f,1355722829,2,3,1,0,3,0,0,1,57.4,3954,8,940,715.9,152.5,FALSE,0,0,1,0,0
a45499cf0466f88525ba96f3c3dcb60fbbd3f76a,1355698020,1,1,1,0,2,6,0,2,0.55,2125,258,939,715.34,731,TRUE,0,0,0,0,0
b847d672ab9bbbd4dbebbb333cd0b637dfe1ba14,1355687644,2,2,3,0.286853,67,64,0,1,0.76,1315,86.67,938,714.52,466,FALSE,0,0,0,84,159
3ffefdf6b57a057ba65ff70ca05931118a1269de,1355650751,2,2,3,0.20115,48,24,0,4,1.38,2318.67,194.67,937,714.17,447,TRUE,0,0,0,0,2
cca4c4be8087a86e819b48aacbbfba57fdce956e,1355645640,2,2,2,0.605034,17,12,1,3,3.19,2276.5,219.5,936,713.26,488.5,FALSE,0,0,0,0,0
cb9e044cb3ed09e5db528bd56e2b75f7a6327b69,1355621643,3,4,6,0.647072,30,25,0,3,1.44,1812.83,88.67,935,712.69,343,FALSE,0,0,0,13,17
fd25dd83bd0cddb63600b5a0fd0b0e39855883a5,1355610719,1,1,1,0,8,6,0,3,0.06,4450,426,934,711.88,726,FALSE,0,0,0,0,0
584bb00cfc477a960ea8ad19994047c5fbc6d1d7,1355605303,1,1,1,0,4,4,0,3,1.5,4450,425,933,710.97,725,FALSE,0,0,0,0,0
5b9369d344eec3562b117ca5ecdd8c05d0d0b7fc,1355605222,1,1,0,0,0,0,0,0,0,0,0,932,709.97,724,FALSE,0,0,0,0,0
a64506a0de6c7f597ba2970ba6a9bf4ea8d695c4,1355478939,1,1,0,0,0,0,0,0,0,0,0,931,711.2,723,FALSE,0,0,0,0,0
2fc83ef80b834ddf63f83020947aa7e990901e72,1355475960,2,2,1,0,1,1,0,3,0.03,4450,424,930,710.25,461,FALSE,0,0,0,0,0
8bee3ebd65013cddc4c3b5652867da1d27216c92,1355475276,2,2,3,0.409223,7,0,0,2,1.68,1104.67,95.67,929,709.26,484.5,FALSE,0,0,0,0,0
99686fdd73fcdc9ee616d143b7b896b2409787ed,1355474516,2,2,4,0.55292,3,6,0,2,1.01,564.75,111,928,708.27,442,FALSE,0,0,0,0,0
33bc3d6a1eae844a900facb6aa8dfa1359cf761e,1355473867,4,6,11,0.255626,410,319,0,2,4.59,892.73,27.18,927,707.29,295.25,TRUE,0,0,0,124,54
90597530a47b1997b561961410248f8c282b92a0,1355473442,3,3,5,0.196942,46,22,0,4,2.25,2069.4,127.2,926,706.29,375.667,TRUE,0,0,0,1,0
b2af8da9a2882d3391ee8e6bc71f8a4ea892d569,1355471378,0,0,0,0,0,0,0,0,0,0,0,925,705.33,0,FALSE,0,0,0,0,0
05dbf41fdc9ca49a3059a2c91ded7c6b138a9f22,1355471299,1,1,1,0,17,9,0,3,1.02,4423,422,924,704.33,717,FALSE,0,0,0,0,0
4def1ea1dc09f0a69e325133e87a03ade0f99a23,1355423493,1,1,1,0,5,1,1,2,23.53,144,18,31,24.02,13,FALSE,0,0,0,0,0
c56bb56708c9dc4fbcbadd32b8c2c67a9ba637da,1355383453,2,2,3,0.0292308,78,150,0,4,2.84,2780,198.33,923,704.86,392,FALSE,0,0,0,0,0
0ba05e4de0c9797445e9ebf5afbb04c2360557e1,1355301476,3,3,5,0.619334,34,21,0,2,2.19,679.8,91,922,705.3,374,FALSE,0,0,0,16,24
24fce891559d399f8191943cf9b2b0d20a28d74b,1355247351,2,2,5,0.890371,54,42,0,4,0.36,2093.4,124.8,921,705.24,456,TRUE,0,0,0,28,38
1a3c20f91dfefb41336cb1efdddba743ec5be4a9,1355217052,1,1,1,0,2,2,0,1,1.13,2263,173,920,704.77,245,FALSE,0,0,0,0,0
fe3e78cc1cb0aaef664c7a09e5dacb017de6f9aa,1355216845,3,5,9,0.487862,505,168,0,1,17.55,925,30.89,919,703.78,336.333,TRUE,0,0,0,109,171
749f49b1a00f360c46521ad21a0d3020200de681,1355216049,1,1,1,0,2,0,0,3,0.01,4417,419,918,702.79,712,FALSE,0,0,0,0,2
f14010a09d4afb4f7700c435668df6d3fe832fd0,1355215442,1,1,2,0.534792,90,73,0,4,1.06,3248,277.5,917,701.8,711,TRUE,0,0,3,1,1
0b48b9c7d4c00d4b163942f17f189e57afdbeac3,1355127907,2,2,4,0.505495,42,41,0,3,0.38,2080,124.5,916,702.33,453,FALSE,0,0,0,40,63
13d62b01d1693fcdeba33c5b775ce6a4b6245d40,1355124359,2,2,1,0,40,40,0,1,23.05,215,2,915,701.39,403.5,FALSE,0,0,0,0,0
4e7b71db1d215e302b523018d56cc833c2c96613,1355121379,1,1,0,0,0,0,0,0,0,0,0,914,700.44,708,FALSE,0,0,0,0,0
069fc1f97bcfdf94e1d628f40f792173650e6865,1355119182,0,0,0,0,0,0,0,0,0,0,0,913,699.48,0,FALSE,0,0,0,0,0
8684f75254461a0933fcaeeba2f3b5d61c80c001,1355119145,1,1,2,0.302777,105,74,0,2,3.55,1689,107,912,698.48,244,TRUE,0,0,0,7,13
11cd924ce133049d54b984a027e1a03861014f8f,1355119111,2,2,5,0.335385,127,60,0,4,1.04,2082.8,125.8,911,697.48,475,TRUE,0,0,0,5,6
e2fd0cfc4edb211a4a5c48b368b1c3dea35fbb66,1355091375,1,1,0,0,0,0,0,0,0,0,0,30,23.22,22,FALSE,0,0,0,0,0
5eb3106706f2f2787fa42826f756fdd14bc646eb,1355041382,1,1,2,0.310917,53,2,1,1,26.3,46.5,8.5,910,697.83,242,TRUE,0,0,0,0,0
1831efbe9d8f8d92178d8600779c9ca8bc0bedc0,1355030680,2,2,2,0.0987866,131,118,0,4,0.11,3213,276,909,697.02,450.5,TRUE,0,0,0,0,0
38edbadca568c68e686aacae2356a7f02152784e,1355021625,1,1,0,0,0,0,0,0,0,0,0,908,696.17,705,FALSE,0,0,0,0,0
6fcd80b979fab248b3617dcaefa59e6ba2e393cd,1355021579,2,2,4,0.229775,135,89,0,3,2.78,2065,123.75,907,695.17,449,TRUE,0,0,0,71,112
cf5e5dbe554616aa4fa1c18cbedca789c8c0b8f0,1355021169,3,3,3,0.165823,176,73,0,2,4.64,1157.67,108.67,906,694.18,368,TRUE,0,0,0,4,6
a451861bf1a47eb77d8680e8dfb3999f44ea0d40,1355020968,1,1,1,0,37,65,0,3,1.8,4416,413,905,693.18,702,FALSE,0,0,0,1,0
7313dd74a6613bcfb24e3063bbb050b6586727f7,1354958768,1,1,1,0,2,1,0,2,0.24,1978,246,904,693.26,701,FALSE,0,0,0,0,0
32b9de05f2c0362675539cab9992354a1f655019,1354958665,1,1,1,0,17,25,0,2,0.24,1105,57,903,692.26,240,TRUE,0,0,0,0,0
c79bed22f87aab5f551f74d7f0bb0475e0648706,1354938071,2,2,2,0.0645302,26,15,0,2,1.81,1536,130.5,29,22.32,11.5,TRUE,0,0,0,0,0
cdeb50132d1e31fbb87aba3ebd8574726e2a9939,1354865292,1,1,2,0.0557412,36,11,0,4,0.97,3184.5,273,902,692.87,700,FALSE,0,0,0,0,0
090fb09955b63cfb186c7a78ce80dc49fff5396c,1354864181,2,2,2,0.210758,40,2,0,3,2.98,3084.5,223.5,901,691.89,383,FALSE,0,0,0,0,0
54b862bd790b783a2f11c1f8b27cccc8cf80dac7,1354701507,4,4,6,0.297248,48,49,0,3,11.33,1398,86.5,900,693.7,322.25,FALSE,0,0,0,32,36
e37e1c109ae139a52d9fb7a5b67cb3578a354e91,1354700248,1,1,1,0,7,7,0,3,0.01,4389,409,899,692.72,697,FALSE,0,0,0,0,0
939123785b2454aa9a3b468810704f947505e64b,1354699076,2,2,5,0.507529,298,250,0,4,0.83,2038.2,121.6,898,691.74,444,TRUE,0,0,0,54,76
221b347bd9f25495da5fc8431c7f8c86456a04b7,1354698190,3,3,4,0.518109,19,24,0,2,2.32,1070.75,72.25,897,690.75,343.333,TRUE,0,0,0,86,32
af9bf3e852f9b51dc5f4f438ae5a9aa773124e77,1354615711,2,2,2,0.47756,4,3,0,3,0.14,4079,203.5,896,691.18,442.5,FALSE,0,0,0,0,0
ed8746df7774418465930bc9c9b8d4aa98370b20,1354603228,4,5,9,0.417158,96,71,0,3,1.22,1350.56,62.78,895,690.39,304,TRUE,0,0,0,132,105
bb187db49d6afba416e08e209e9a014a8afbef58,1354602739,1,1,1,0,13,4,0,1,0.02,2228,170,894,689.4,236,TRUE,0,0,0,0,1
081e72b3ea0353c0463dcf28269795244b0cd0b8,1354601408,2,2,1,0,1,1,1,3,0,4385,405,893,688.42,440.5,FALSE,0,0,0,2,0
6188c38053f3d349692fcbc0c2dc900957e60955,1354601265,2,2,2,0.611798,7,16,0,3,0.86,3311,227,892,687.43,463,FALSE,0,0,0,0,2
12b0186f5a694f6663d354b2c18376c7e7145257,1354528486,2,2,4,0.00848235,3790,45,0,4,0.29,1603.5,150.5,891,687.68,439,TRUE,0,0,7,66,100
9bccc9c53c6e10661f552a580db28beb46734b11,1354525494,3,3,4,0.203917,47,23,0,3,0.15,1667.75,130.5,890,686.73,370,FALSE,0,0,0,8,12
351b2b320ee7ad7fd7b1320153d90a6dfc1e2279,1354512249,3,3,5,0.26178,83,51,0,3,6.58,1247.8,103.6,889,685.96,313.333,FALSE,0,0,0,83,131
94258feb093422dc99567b74a901815713bc8cea,1354511974,2,2,2,1,2,2,0,3,1.4,3298.5,225,888,684.96,460,FALSE,0,0,0,0,0
8b0f033a7874dfa985f6e4e4a1574bbbbe2d3d65,1354511926,1,1,3,0.576394,17,24,0,1,10.79,339,6.67,887,683.96,95,FALSE,0,0,1,0,0
f58f255fc8eac652d7f080f2182e877b88d6c162,1354436086,1,1,2,0.110372,10,15,1,4,0.02,3172,266,886,684.26,686,TRUE,0,0,0,0,0
e3eabcf6488d192ab767d8704e6401e57a9c4b77,1354435289,1,1,1,0,2,2,1,3,0.02,4384,398,885,683.27,685,FALSE,0,0,0,0,0
9aa506cbd708d1eb3972fc7948a2d7b6bcfcde9d,1354433546,1,1,1,0,12,15,0,2,0.2,1963,239,884,682.3,684,TRUE,0,0,0,0,0
d8cff7b90f6dbbc28720731a29241dc28b3941fe,1354433522,1,1,1,0,18,48,0,3,0.2,4414,397,883,681.3,683,TRUE,0,0,15,0,0
07e7bca9ebf17d76d22114e466c6166472ea4c49,1354416586,0,0,0,0,0,0,0,0,0,0,0,882,680.59,0,FALSE,0,0,0,0,0
e1f442be90fec7b4426257f06fd29afcab7af9de,1354416458,2,2,3,0.201591,63,47,0,4,0.26,2134.33,198,881,679.59,433.5,FALSE,0,0,3,46,90
c5d579e0e3311bd571f6a595d77c0148e37b908b,1354397080,3,7,12,0.356572,334,214,0,1,20.48,664.58,23.08,880,678.92,319.667,FALSE,0,0,1,174,181
5271c2e08f5ac96d699f4f0c1b3fea891b34b79c,1354397080,3,7,11,0.341528,301,206,0,1,18.52,675,25.18,879,677.92,318.667,FALSE,0,0,1,174,181
9010a7ddbc89d7bad10b8be2ef5dc05a6d5fe88e,1354396995,1,1,1,0,4,4,1,3,0.11,4399,395,878,676.92,679,FALSE,0,0,0,0,0
bb95fb7d079cea5d2c2cbc7f16d8072db16a341e,1354387620,1,1,2,0.405639,2,6,0,4,0.42,3182.5,263,877,676.08,678,FALSE,0,0,0,0,0
2edb11376d9cd0f0b99ebe1387192c6b45f0cbb7,1354351254,2,2,4,0.199383,66,65,0,4,0.06,1609.75,147.5,876,675.7,429.5,FALSE,0,0,0,78,141
e7f5ebf91206f5241f68fb4c88ba5939f1572bcd,1354346220,2,2,2,0.791984,66,64,0,1,0.99,36.5,120,875,674.78,428.5,FALSE,0,0,0,86,150
da9758c2f3e478ab311be61378647a89f44a22b4,1354346199,2,2,2,0.57938,16,8,0,3,0.02,3303.5,221,874,673.78,453.5,TRUE,0,0,0,0,2
3e11d58d733e92a611ddc0d4daadbbb5ce0839af,1354344675,2,2,3,0.181503,76,41,0,4,0.96,2844.67,190,873,672.81,452.5,TRUE,0,0,0,0,1
6b35c097d66cdb20f5fb64e58b190e29df43fa3d,1354264832,3,3,3,0.324099,53,33,0,3,0.1,2197.67,169.33,872,673.15,361,FALSE,0,0,0,38,65
619ba13265f26ac234fa260f56e4e3201f4b4867,1354256220,3,3,6,0.444947,76,48,0,4,0.58,1609.5,106.5,871,672.29,360,TRUE,0,0,0,50,87
529c5b8abfa6679b29671edb7e02656304dd873a,1354251433,1,1,1,0,14,9,0,3,0.79,4360,388,870,671.37,671,FALSE,0,0,0,0,0
3a5ed6e80034c42ee44c74ce92719a7d75711452,1354206061,2,2,3,0.295467,34,34,0,2,3.19,1026.67,92.33,869,671.13,449,FALSE,0,0,0,32,42
52cddc015b0ca6d632a36130a38f9c7e1f3f8f09,1354183456,3,3,5,0.347493,166,172,0,4,4.26,1713.4,125.4,868,670.51,358,TRUE,0,0,0,84,148
4a01f4f65f7c18bb2f3483cc283a24c8aca63ef6,1354073155,1,2,3,0.655459,7,3,0,1,28.58,486,10.33,867,671.37,92,FALSE,0,0,0,84,34
f9768cb5a3d9996ea70156b8f5b32c405e6626e5,1353943491,2,2,4,0.412711,54,55,0,3,1.43,1207,123.75,866,672.56,413,FALSE,0,0,0,75,101
221e0e550c37a8cb032c04f0bdb8d1632b039234,1353819764,3,3,5,0.43289,49,47,0,4,0.62,1358.4,118,865,673.65,333.667,FALSE,0,2,0,45,44
d2d1d42d0f1ea7b68c7a8561a0e9518afe34bd66,1353771980,1,1,4,0.214488,67,67,0,4,0.34,1598.5,144.75,864,673.46,666,FALSE,0,0,0,102,130
faf018a0979f3fab19658b6a6fc7138591279908,1353742677,2,2,3,0.212324,51,50,0,3,0.43,1476.33,153.67,863,672.96,420.5,FALSE,0,0,0,72,96
a2a71a107e2aa5cfb7ab9cfa8c10b41885334160,1353742578,1,1,1,0,1,1,1,3,0,4356,382,862,671.96,664,FALSE,0,0,0,0,0
fc9c937e67e8123ddcafab564e6277e6d5f95e33,1353742440,2,2,3,0.534562,37,36,0,4,0.74,2239,175.67,861,670.97,409.5,TRUE,0,8,0,4,8
b4f2e9b4423fe5448a560cdf09fa62f10197ad66,1353698772,1,1,1,0,7,2,1,2,0.56,1959,228,860,670.71,662,TRUE,0,0,0,0,0
1672645e73061967b1352f6da819cc7cae6fa7e5,1353687550,1,1,3,0.260973,45,45,0,3,1.01,1477.67,152.67,859,669.9,661,FALSE,0,0,0,80,99
4a42c44101a660ad65a3f825e5305eb451164292,1353686715,1,1,2,0.380575,55,42,0,3,0.42,2194,224.5,858,668.91,660,TRUE,0,0,9,54,84
383b1a5769f2f44d8aee24cbd782a15abfea468c,1353649996,2,2,4,0.380463,96,47,0,4,2.46,1672.75,145.5,857,668.53,407,FALSE,0,0,7,54,84
77bac4cf9efffc92158cc832bffeae2fb3c599a6,1353449321,2,2,2,0.00285106,238,171,0,2,0.99,1133.5,143.5,856,670.93,406,TRUE,0,2,0,2,4
e2b8e530c9758c69c73797ffda348819c2796e16,1353426731,0,0,0,0,0,0,0,0,0,0,0,855,670.32,0,FALSE,0,0,0,0,0
e9f752bd67da4bd04a3917f35b102ee0912e71a9,1353426384,0,0,0,0,0,0,0,0,0,0,0,854,669.32,0,FALSE,0,0,0,0,0
4b31921eb48e24dfaf1b9351517789f765b57ffa,1353426265,2,2,2,0.239918,25,25,0,1,0.46,36,113,853,668.32,416,FALSE,0,0,0,40,36
3df9fc6225b60f12b5258b7196a55990e5b67c12,1353426189,2,2,2,0.824842,31,8,0,3,0.46,3168.5,211,852,667.33,441,FALSE,0,0,0,0,0
b57fe466cef58b62eef5abb3b14d5bce11655e3a,1353425571,2,2,4,0.53134,60,20,0,4,0.35,2348.25,140.5,851,666.34,440,TRUE,0,0,0,4,8
bd4bff3b6b9ad88c915e50e467de786caef66079,1353394955,2,2,5,0.353918,107,41,0,4,0.29,1873.4,124.2,850,665.85,439,TRUE,0,0,0,58,86
9d4618a223fd328bed8c054e763c68a09566f53e,1353390745,0,0,0,0,0,0,0,0,0,0,0,849,664.92,0,FALSE,0,0,0,0,0
93636180dfd3870e6d116218b56d93b5d4375dd7,1353390174,1,1,1,0,13,7,1,2,1.91,138,17,848,663.93,153,TRUE,0,0,0,0,0
fcceaa168f18c7aa6da0b7355f4a5d5189ad8f56,1353388377,1,1,0,0,0,0,0,0,0,0,0,847,662.96,653,FALSE,0,0,0,0,0
2639cc61385f387933cc5fc4f7735768c3c99aaf,1353387263,1,4,6,0.443314,45,5,0,1,11.52,724.83,6,846,661.98,91,FALSE,0,0,0,84,34
4a99c2e928e74bdd6f13558d6b09c0907d7bc1be,1353386836,2,2,5,0.490192,76,54,0,4,2.15,1645.2,121.6,845,660.99,437.5,FALSE,0,0,2,52,77
c88b80d2a09c40106d74845c539d9013178fa427,1353306923,2,2,1,0,5,1,0,3,0.03,4280,373,844,661.33,412.5,FALSE,0,0,0,0,0
819d4abaa25a4cb2b4a8cc3e831d73ee30bfe9ef,1353304241,2,2,4,0.413709,48,1,0,4,0.03,2313.5,139.5,843,660.37,436,FALSE,0,0,0,2,2
20630aeb47e3625a144c58fc1860879f3c46199b,1353301584,3,3,6,0.296866,66,47,0,4,1.27,1610.67,104.5,842,659.42,340.667,FALSE,0,0,0,24,39
0c0db3babb4c630a9950a0ec0de1d2d640c1495f,1353281924,1,1,1,0,0,5,0,3,0.68,4282,370,840,657.75,647,FALSE,0,0,0,0,0
7d5af3df053bdf005520ff7446b27c9f8b7d9a89,1353281924,2,2,1,0,0,5,0,3,0.68,4282,370,841,658.75,410.5,FALSE,0,0,0,0,0
e7761f7e579dccfe81ac8632b6710b198b3d244a,1353277566,1,1,0,0,0,0,0,0,0,0,0,839,656.82,646,FALSE,0,0,0,0,0
064fd497ae6691aaab2c09012b06ccd60154ffc3,1353274783,1,1,0,0,0,0,0,0,0,0,0,838,655.86,645,FALSE,0,0,0,0,0
49c60b6b757494681d206fee7a064f234638646e,1353230576,1,1,0,0,0,0,0,0,0,0,0,837,655.6,644,FALSE,0,0,0,0,0
ca7f36506c770a82df5eccf40298735bad39a0cf,1353225015,4,5,4,0.880137,12,7,0,2,7.21,799.75,20.5,836,654.69,276,FALSE,0,0,1,0,0
155f0a97366c315324a48d68eb87aaa6dbd96197,1353222844,2,2,3,0.34518,54,50,0,3,2.53,1450,148.67,835,653.73,407,FALSE,0,0,0,52,88
25e1eb3ce9432ed0b2e29d426111dca02e21d2cb,1353139615,4,4,6,0.291699,80,80,0,4,3.59,1610.83,103.83,834,654.11,295.25,TRUE,0,0,0,14,12
f2f980928b6cea3aa5b8ab03dcdd3b81f12238d8,1353132581,1,2,2,0.163305,1878,1878,0,1,82.01,4827.5,1,833,653.22,89,FALSE,0,0,20,234,34
1d121a97a71ce6a4039ad207c96f7a41c60ac3ce,1353131976,1,1,1,0,1,1,0,2,0.04,138,15,832,652.23,149,TRUE,0,0,0,0,0
211d13da09e29e481e1b725e05c57ff61a481b7f,1353128808,1,1,1,0,39,30,0,2,0.95,129,14,831,651.29,148,TRUE,0,0,5,0,0
11343d469e4fb580471b31c93d596049e97259e1,1353052715,0,0,0,0,0,0,0,0,0,0,0,830,651.54,0,FALSE,0,0,0,0,0
d7c8041aa1553fcae2bd4211df18cbc98b2b75fe,1353052309,2,2,2,0.734496,13,2,0,2,2.83,1453.5,117,829,650.55,429,FALSE,0,0,0,0,0
9587e30af8a842c4d5ecd2c0958b3d210ad41140,1353046894,1,1,1,0,29,5,0,2,5.05,105,13,28,22.44,12,TRUE,0,0,0,0,0
76fa7affaf7af00a97688166920034f54315cf8b,1352966152,1,1,0,0,0,0,0,0,0,0,0,828,650.97,639,FALSE,0,0,0,0,0
2971dd8672f1cb147a2b020c47e9fe46d0eaebe4,1352960002,1,1,0,0,0,0,0,0,0,0,0,827,650.08,638,FALSE,0,0,0,0,0
2a33fe35642e2653240545b39e289740ef459820,1352959158,1,1,0,0,0,0,0,0,0,0,0,826,649.09,637,FALSE,0,0,0,0,0
46cdf5da705928ea9be290dde8afde5b61ba05b3,1352952220,1,1,0,0,0,0,0,0,0,0,0,27,21.49,20,FALSE,0,0,0,0,0
28c801bfd42f93e1738fab1e9a2f3027c6f288ef,1352909863,1,1,0,0,0,0,0,0,0,0,0,825,648.9,636,FALSE,0,0,0,0,0
c22cd402934605ae932dc6133da818498f89b497,1352881896,1,1,1,0,60,60,0,2,1.71,1830,218,824,648.37,635,FALSE,0,0,0,0,0
56bd43098314de9f2bec10eb2ce37320a76a4170,1352734891,1,1,2,0.310917,7,3,0,3,0,2157,218,823,649.8,634,FALSE,0,0,0,4,9
d873890e467c1ab3e4d7fbf525430dc307df72b1,1352734533,2,2,3,0.413099,3,28,0,2,0.44,988,85,822,648.8,425,FALSE,0,0,0,5,2
d29b8eca3cd13579b94668d19d0ba2cdd841f58a,1352734505,2,2,3,0.182264,42,34,0,3,0.43,2116,161,821,647.8,424,FALSE,0,0,0,56,78
6f258000fe0db4c257e4db40e4d7e8c572590ca5,1352698972,3,3,5,0.265877,50,7,0,4,0.8,1246.4,112.2,820,647.39,316,TRUE,0,0,0,4,10
255211cd07df0fd361e0687f99d4bb5b521c2ec5,1352692848,1,2,3,0.409223,8,6,0,1,13.24,545,9.67,819,646.49,88,FALSE,0,0,0,86,34
f6d28a90e3ee6dc0cc9e0f034ed00ad93c618686,1352692820,2,2,4,0.524137,37,15,0,4,0.16,2294,136.5,818,645.49,422.5,FALSE,0,0,0,1,0
ed66ff88a12edc537b783ed9c6ac838de8202cb8,1352679616,2,2,2,0.633007,42,42,0,1,0.14,35.5,109,817,644.71,399,FALSE,0,0,0,75,82
82e58f2bf9f16e14a70fa70053a09ef6de4d158f,1352679371,2,2,4,0.443909,41,2,0,4,0.02,2284.25,136.25,816,643.71,421,FALSE,0,0,0,0,0
797a87ca26ad38ec6c9513f38ecc8c473879853c,1352677963,2,2,4,0.316087,91,93,0,4,0.12,2284.75,136,815,642.74,420,TRUE,0,0,0,0,2
ec6a70939384b0f0d49357b19a3235cc3c29821a,1352667952,3,3,7,0.448486,117,67,0,4,1.64,1363.86,87.43,814,641.9,328,FALSE,0,0,0,64,68
07cbfdb424a52d713884c5fa4ce1b343aa1c8e22,1352617763,2,2,5,0.260807,74,62,0,4,0.06,1427.6,111.4,813,641.72,418,FALSE,0,0,0,71,81
3b9bd944fb3059114d7569b0c233383939d72913,1352616133,2,2,2,0.805983,12,2,0,2,0.77,1393,112.5,812,640.75,417,FALSE,0,0,0,0,0
934e585cb31e6d60e5f7683101ff985816102dde,1352610925,1,1,4,0.276083,65,52,0,4,1.85,1516.25,136.5,811,639.83,623,FALSE,0,0,0,61,65
3a68f4cf543716cff97c5a720791ba8501ed9d3f,1352610590,1,1,1,0,4,7,0,2,1.28,108,12,810,638.84,145,FALSE,0,0,0,0,0
bd00fcb8750815165f623a05ba7376122af0e308,1352499848,1,1,1,0,3,1,0,2,3.32,106,11,26,20.75,11,FALSE,0,0,0,0,0
905dd5a70f528cb01aab454ec131be092592e0ff,1352488426,1,2,1,0,5,3,0,1,0.97,1048,38,809,639.83,209,FALSE,0,0,0,0,0
c65250ec39a536e1044dfd970dd050144ac647a4,1352468459,2,2,1,0,14,9,0,3,0.03,4253,358,808,639.16,395,FALSE,0,0,0,0,0
607eec6ff051f884e6d0e122e3e248e3bad0a6e8,1352465921,2,2,3,0.167141,32,32,0,3,0.83,1441.33,144,807,638.2,394,FALSE,0,0,0,49,48
14fb3bde60c4c1f7195782d5d633f1b12cb823fc,1352465161,1,1,1,0,81,107,0,2,0.49,464,26,806,637.21,144,TRUE,0,0,0,0,3
6782bc8ca298bdc297d4b8c5d9cf2679371e80fd,1352423221,1,1,1,0,17,2,0,2,0.03,449,25,25,19.79,10,FALSE,0,0,0,0,0
3db6841305143e8c907065d3c3c906528af2fc90,1352420965,1,1,1,0,110,43,0,2,2.4,382,24,24,18.79,9,TRUE,0,0,0,0,3
f478fa8029114b5c629f0a8842c2730e66b1d51c,1352404676,3,3,3,0.226055,36,24,0,2,0.98,950,78,805,637.2,323.667,TRUE,0,0,0,0,0
d255f8400fad56ba67d3313b170cdab278e62960,1352394107,2,2,5,0.37384,58,67,1,3,3.57,959,93.6,804,636.37,380.5,TRUE,0,0,0,74,90
a1545c60d684c110e4399e0321a160c391d0735a,1352365534,1,1,4,0.383237,87,58,0,4,1.13,1506,135.25,803,635.84,618,TRUE,0,0,0,56,71
ed48603ab5db1db3df128c637f72b0e850cd796b,1352268001,1,2,3,0.379549,10,5,0,1,21.95,468.67,9.33,802,636.43,87,FALSE,0,0,0,84,34
23a0507439283f975f1aeb13d2c2f816e8b1f21e,1352267982,2,2,5,0.325712,78,84,0,4,3,1283.8,110,801,635.43,379,TRUE,0,0,0,102,128
482e0138878dc1d46f00baba6cd6eaaaa5701083,1352262178,2,2,3,0.231682,57,49,0,4,0.67,1997,179.67,800,634.52,391,FALSE,0,0,0,54,86
265727c30fa2553512628f5f053faf0081d19217,1352217604,1,1,0,0,0,0,0,0,0,0,0,799,634.25,615,FALSE,0,0,0,0,0
4d3f4e096b0a0f44bf06c9dec5476bc6e322d646,1352213297,3,4,4,0.41012,6,23,0,2,8.48,558.75,56,798,633.32,280,FALSE,0,0,0,17,13
7629bca62d7e255f622a0b078f59982c26532fda,1352200994,1,1,1,0,2,2,0,2,14.16,106,9,797,632.52,139,FALSE,0,0,0,0,0
2712f17262df10435d04f476964e74d74863cfd5,1352199876,1,1,2,0.842352,61,61,0,2,0.03,884.5,180.5,796,631.53,613,FALSE,0,0,0,54,84
86a37559ba71bf0cd3b52cffdf8ea167068e4877,1352199394,1,1,1,0,13,4,0,2,0.05,1721,202,795,630.54,612,FALSE,0,0,0,0,0
b504a557f49072cb1973e9683ff7346b95000e04,1352199374,2,2,3,0.38305,31,3,0,3,0.95,2416.33,142.33,794,629.54,409,FALSE,0,0,0,0,2
e849b46f6b778d9c987e354a9443fdcead26f997,1352195774,2,2,2,0.768606,29,29,0,1,1.3,34.5,104,793,628.6,387.5,FALSE,0,0,0,27,48
738dc50a6f47357e88d6657b97558ecd0b936feb,1352195723,1,1,1,0,2,2,0,3,0.01,4212,351,792,627.6,609,FALSE,0,0,0,0,0
3138523b5b15b6c8e6a4a553878c18c8dd7afdc4,1352195196,1,1,2,0.57938,6,6,0,4,1.28,2966.5,235.5,791,626.61,608,FALSE,0,0,0,0,2
537643a4c3d38487a356dda4202b67ce561b531b,1352085652,2,2,3,0.396721,34,26,0,2,0.76,927.33,77.33,790,627.37,406.5,FALSE,0,0,0,30,36
04bfe098edc921ca94ae95b285240da389af8775,1352082965,2,2,1,0,2,2,0,3,0.02,4212,349,789,626.41,385,FALSE,0,0,0,0,0
c507887bddac20af1b3f3ed07198cc16dc4cd55e,1352081148,3,3,3,0.148839,58,47,0,3,0.17,1759.33,146.33,788,625.44,324.333,FALSE,0,0,0,54,84
ee261313acdbdce0600910ba18b48c428df0b58b,1352072168,1,1,0,0,0,0,0,0,0,0,0,787,624.59,162,FALSE,0,0,0,0,0
c9c152bc8a89e5f603ed7e587288e02204aaf93e,1352071672,2,2,3,0.513354,28,14,0,3,0.17,2075,153.67,786,623.59,404,FALSE,0,0,0,12,20
6c8e19a3212e5bbc6f94ad377dc2fd6d7d8fff8d,1352068823,1,2,5,0.41357,72,22,0,1,22.7,617,3.8,785,622.64,85,FALSE,0,0,1,6,0
218e3b66f2ab2c3df91ef0b94e6caaa9599bcee0,1352057069,2,2,5,0.299071,67,23,0,4,3.39,1786.4,115.8,784,621.83,403,FALSE,0,0,0,19,24
1d3488fa8e4cf908b4c962918589fef7e4541cea,1352046406,1,1,0,0,0,0,0,0,0,0,0,783,621,602,FALSE,0,0,0,0,0
f4c16825925c2d98dfc1405695c629e6811c359c,1351981644,0,0,0,0,0,0,0,0,0,0,0,782,621.03,0,FALSE,0,0,0,0,0
28ac6623c710a54344edab1970a63502b5b16f1c,1351981468,1,1,0,0,0,0,1,0,0,0,0,0,0,0,FALSE,0,0,0,0,0
16ab179e1d9fc1cef0abf48e7672570ec5672654,1351922457,1,1,1,0,10,3,0,1,2.97,1958,146,781,620.97,202,FALSE,0,0,0,0,0
a8ff5385dcaf8be22c414396fb5c78c9ad4ad5a2,1351921845,1,1,2,0.251463,6,6,0,3,0.45,2112,205.5,780,619.98,601,FALSE,0,0,0,6,2
9dc33c6086fc8507f08092f8146d49d5cb10e89a,1351920664,1,1,2,0.96041,48,24,0,2,4.14,856.5,108.5,779,619,600,TRUE,0,0,0,21,25
b17c576705631f62d37afdec2ce5bb6384ecf1c3,1351882568,2,2,4,0.563666,89,43,0,3,1.87,1497.25,112.75,778,618.6,332,FALSE,0,0,0,46,66
96f8f2891b52fb3801269a468c3318351d80f9b2,1351882477,1,1,1,0,4,4,1,1,10.11,1744,55,777,617.61,64,FALSE,0,0,0,0,0
581d73afe05427acefac181dc683d9d1f6d5774a,1351669118,1,3,2,0.563428,31,15,0,1,21.08,1089,8.5,776,620,84,FALSE,0,0,0,0,2
1baefebe8f152bbaa0c5f5bb7e92b421d365ee23,1351667020,2,2,3,0.239619,56,56,0,3,2.02,1415,138,775,619.04,379.5,FALSE,0,0,0,76,118
39fb05033f8d7fc57b34d55c98d62a96df943144,1351666163,1,1,1,0,13,13,0,1,0.09,1958,145,774,618.05,201,FALSE,0,0,0,0,0
c6093c084c6f1766c9560ad92132168c5337ebad,1351658213,2,2,2,0.181188,23,1,0,3,0.77,3056,195,773,617.18,398.5,FALSE,0,0,1,0,0
dfec6d9a6d8ae87663423dcd412d59afa0a280ed,1351609840,1,1,1,0,4,4,0,1,2.32,1937,143,772,616.95,199,FALSE,0,0,0,0,0
08b1261c75abbe65b237b1fe3a017c591afaf361,1351573294,1,1,1,0,3,3,0,3,1.9,4175,341,771,616.53,596,FALSE,0,0,0,0,0
2ad6faae3a26bd1c9e358073fd51bcafb5c94062,1351409320,2,2,4,0.327514,25,4,0,3,2.46,1540,114,770,618.15,396.5,FALSE,0,0,0,2,8
4eff301db369499d1850c2565c8797648c8e4f58,1351243338,1,1,4,0.30698,41,46,0,4,1.69,1482.75,129.75,769,619.82,594,FALSE,0,0,0,34,40
447e43e8f409d267663c88c257610ef3c6b26649,1351133366,2,2,3,0.453251,17,10,0,2,1.2,914,74.67,768,620.6,395,FALSE,0,0,0,16,6
7457001275e80b77579192dd3a8915436466236b,1351091519,1,1,0,0,0,0,0,0,0,0,0,767,620.27,592,FALSE,0,0,0,0,0
fcabd5e79eca8dfb07071023c4209872ccfaac42,1351066182,1,1,0,0,0,0,0,0,0,0,0,766,619.68,591,FALSE,0,0,0,0,0
594002316c39e139059315126bc273554429a1df,1351062126,2,2,3,0.352953,39,39,0,3,0.44,1416.33,136,765,618.75,375,FALSE,0,0,0,39,62
eccf92ebaf684e95cc5fc9957d88d9fa9cb297c2,1351061693,2,2,4,0.629381,28,19,1,2,5.26,630.75,68.5,764,617.76,363.5,TRUE,0,0,0,0,0
ad9ddc5621b1dfd045f8076b958ba6a81da931d9,1351056019,1,1,0,0,0,0,0,0,0,0,0,763,616.85,588,FALSE,0,0,0,0,0
1825dd916e0518a3f5475491423eb735dbee423a,1351055813,2,2,2,0.114124,49,48,1,3,0.62,3047,192,762,615.85,391.5,TRUE,0,0,0,0,0
dfcde8171e96e3f8d41d4d43152abf7035dc000e,1351040889,1,1,1,0,4,10,0,3,0.38,4188,336,761,615.09,586,FALSE,0,0,0,0,2
b0361183dfcbe45c15deef7c1d555022df9e632e,1351008554,1,1,1,0,44,0,0,1,4.34,1700,54,760,614.61,63,FALSE,0,0,0,0,1
71fe13b2492c6578463d26aa9ad17ee79588ae97,1351008236,1,1,3,0.490969,47,49,0,3,0.38,1420,135,759,613.62,585,FALSE,0,0,0,45,72
442f51224d01b92b94fbc1828cafed311dcd8c21,1350977819,3,7,5,0.226161,129,71,0,2,8.6,1162.8,5.6,758,613.1,268,FALSE,0,0,8,11,0
974678f50088925d09d6ad0f7f4030447468d51f,1350977459,2,2,2,0.19991,5,17,0,2,0.12,1039,127,757,612.11,359.5,FALSE,0,0,0,0,0
8329409c03163d3205e881061a429b6d78e33985,1350975423,2,2,3,0.3789,127,128,0,3,0.06,1420.33,134.67,756,611.14,370.5,FALSE,0,0,0,70,115
06c2ac2724101cfa91025f66488f27d7cab14e43,1350974479,2,2,2,0.388821,42,45,0,3,0.05,2116.5,199.5,755,610.16,369.5,FALSE,0,0,0,44,84
04e9e8f9d83215e3413536cbfed2cefb4383711a,1350970962,1,1,2,1,2,4,0,4,0.04,2940,224,754,609.21,580,FALSE,0,0,0,0,0
7a3330cb8c587d9afd61d8477169face4c3c4917,1350969259,1,1,2,0.556852,27,38,0,3,0.07,2122.5,198.5,753,608.24,579,FALSE,0,0,0,38,66
cae29941ea810694953e5bf21d6620a499d53b31,1350966838,0,0,0,0,0,0,0,0,0,0,0,752,607.28,0,FALSE,0,0,0,0,0
15cf2ad076a17cfb595016f5d035b3c9e4a29d5b,1350966429,2,2,3,0.232418,30,35,1,2,3.85,942,71,751,606.28,386.5,FALSE,0,9,0,0,0
2f16f6dc23fc8295e81db67e8e21441657eaaa83,1350962865,1,1,1,0,0,2,0,1,0.77,1914,140,750,605.34,194,FALSE,0,0,0,0,0
528aebffe47147bf9f5952ded70b024111246976,1350962824,3,3,4,0.52064,64,75,0,3,1.09,1170.25,106.75,749,604.34,289.667,FALSE,0,3,0,53,86
e82b2f0cbeb39a726f4a552ef7a194d7189727c6,1350933277,0,0,0,0,0,0,0,0,0,0,0,23,18.54,0,FALSE,0,0,0,0,0
73e64f3e4a63de4748563db1f1ead38aa38b9177,1350932371,2,2,1,0,1,1,0,3,0.42,4211,329,0,0,0,FALSE,0,0,0,0,0
15f5b1f830667db0b96056d36b4115747b763d96,1350896210,2,2,4,0.27136,40,27,0,3,0.18,1545.5,110.5,748,604.39,384.5,TRUE,0,0,0,32,44
1b0a77f9a8fa151db806c77b0cb0f3c1acc38168,1350892881,3,3,6,0.442548,63,42,0,4,0.42,1074,86.5,747,603.44,288.333,FALSE,0,0,0,32,42
0f82ae36443a2e94e1bebd47e8475d9201e34a02,1350887082,1,1,2,0.107233,49,28,0,2,2.96,226.5,12.5,746,602.53,133,FALSE,0,0,0,0,0
de3b01b54b614916c051e09488265f39f084a052,1350865781,1,1,1,0,2,2,0,3,0.25,4206,326,745,601.87,574,FALSE,0,0,0,0,0
c17e3646d5da88eaaeedd72fdcea258c3c51e25f,1350845046,1,1,0,0,0,0,0,0,0,0,0,744,601.19,155,FALSE,0,0,0,0,0
26aed3e89ef5af168d5be2c9f9272986ad3cdbda,1350844336,2,2,4,0.496168,90,77,0,3,1.98,1541,109.75,743,600.21,382.5,FALSE,0,0,1,76,122
74caea8f8f85cf3dde1a8a19db58df1809e7b7b3,1350836610,3,5,8,0.0962404,41404,8264,1,1,2.73,1054.25,3.62,742,599.33,111.667,FALSE,365,0,501,1289,645
2cf07fa0720c5b60e2c2fae94ab0df47e6d34496,1350809318,1,1,4,0.69383,104,98,0,4,0.23,1491,125,741,598.75,572,TRUE,0,0,0,103,129
1181cd2fd7ef46be9cc4e0ff76a8b6ff85a90faf,1350789399,1,1,4,0.374911,45,40,0,4,0.05,1489.75,124.75,740,598.06,571,FALSE,0,0,0,50,63
850d55ab45aaf354c416525e09036d1fda16079d,1350785456,1,1,4,0.421914,73,69,0,4,0.01,1488.75,124.5,739,597.12,570,TRUE,0,0,0,106,120
a0c91b87544522edb521fd7ab5f8b1984c4a0781,1350784528,1,1,1,0,0,2,0,1,0.11,402,111,738,596.14,132,FALSE,0,0,0,0,0
937bdc05c808ce12a205412ecb1f669afad6670b,1350784474,1,1,4,0.646545,94,103,0,4,0.11,1491,124.25,737,595.14,569,FALSE,0,0,0,108,120
453755bfa137d8c4b0ea038c720bf36be737f4eb,1350775179,2,2,5,0.224711,60,61,1,4,0.27,1273.4,101,736,594.28,349.5,TRUE,0,6,0,69,97
400b6fbb610580e9ee09da473aabe6b7d2c01359,1350763334,2,6,11,0.407059,163,80,0,3,18.18,1177.64,38,735,593.47,324,TRUE,0,0,1,179,145
8c4e882fa3ab3fcf87b316e9771548744f595776,1350753612,1,1,4,0.64441,81,84,0,4,0.37,1491.75,123.5,734,592.62,566,TRUE,0,3,2,82,118
84eec237939b2e30062f663ffb224ac1d41b8d04,1350725939,2,2,3,0.437635,56,33,0,2,2.11,905.67,68.33,733,592.04,377.5,FALSE,0,0,0,50,44
7dfe69f6a5e775da2c3eb07184e79d0f7e7b0c1b,1350716898,2,2,5,0.450156,115,154,0,4,1.8,1277.4,100.2,732,591.18,347,TRUE,0,2,0,106,122
ada611507342d52e62b30f17c599b459c81eb712,1350659771,1,1,4,0.304454,45,40,0,4,0.29,1495,122.75,731,591.06,563,TRUE,0,2,0,48,36
e1643566f9d3a83fd81946d41a59aae34f52bfac,1350635586,1,1,1,0,1,1,0,2,0.09,78,5,730,590.44,129,FALSE,0,0,0,0,0
053a9a6317a6358eae858333fdb46f012716a3e7,1350635107,1,1,4,0.253103,79,73,0,4,0.02,1493.5,122.5,729,589.44,562,TRUE,0,0,0,111,106
425b976cc0fb0e3f3e8aeeaa09439e3fe67416b8,1350633228,2,2,5,0.398595,151,82,0,4,2.85,1521,104.6,728,588.47,311,FALSE,0,0,0,115,108
5f5f1b1e097d19cbce68fe7f718f64ea8321644e,1350628218,1,1,1,0,5,0,0,2,0.01,73,4,22,17.7,8,FALSE,0,0,0,0,0
e6f4935c7badc81dd190199bf4c093ad1adb233c,1350627235,2,2,2,0.0563827,41,52,0,2,0.8,229.5,11,727,587.57,344,FALSE,0,0,0,0,1
6452e5976b9af0e0675b6b47e7a62a5117fea765,1350624993,0,0,0,0,0,0,0,0,0,0,0,726,586.6,0,FALSE,0,0,0,0,0
2383dff317fca7adb04e4002758fc4bbb7910825,1350578615,2,2,1,0,18,22,0,1,0.48,88,1,21,16.72,13,FALSE,0,0,0,0,0
de3e5042fbb1a44da59b50977afeb51ade5da2a5,1350573661,0,0,0,0,0,0,0,0,0,0,0,725,586.38,0,FALSE,0,0,0,0,0
0dcc35152c37d8abc08bdc1d17604bace6a82c14,1350546686,1,1,1,0,58,2,0,2,3.46,1613,179,724,585.8,559,FALSE,0,0,0,0,0
8eecfcbfaf0d98feea88e436eb7bd0bb8a480941,1350545602,1,1,0,0,0,0,0,0,0,0,0,20,15.73,18,FALSE,0,0,0,0,0
782df659bcd939b5cd069e63609fb9ce4d2f8858,1350541576,1,1,1,0,1,1,1,3,3.19,4224,313,723,584.88,558,FALSE,0,0,0,0,0
efa3e60f89062e24600412d62f888d3f672d8d52,1350538273,1,1,0,0,0,0,0,0,0,0,0,19,14.74,17,FALSE,0,0,0,0,0
0aa158824f80f10a201dc7f02162110c27fa7a5e,1350538273,2,2,1,0,1,0,0,1,0.01,88,1,18,13.74,11,FALSE,0,0,0,0,0
da7fb44e5d8cb6d015b177069e59098b5c19193b,1350537062,1,1,1,0,88,0,0,0,0,0,0,17,12.74,5,FALSE,0,1,0,0,1
4b59ef802e7272a6cc80d262aba12b2f07b8e5a7,1350536894,2,2,1,0,8,82,0,2,0.03,449,18,16,11.74,9.5,FALSE,0,0,0,0,1
be5789cd567d84fb1ffa10c0a8a11ceeddf92856,1350534122,2,2,1,0,82,8,0,1,5.9,375,17,15,10.74,8.5,FALSE,0,0,0,0,1
9adf0e5d59198d6990b068916f57dbabf22b272b,1350488927,1,1,0,0,0,0,0,0,0,0,0,722,584.68,557,FALSE,0,0,0,0,0
e2de22470e9a4cf5f2a4d98e633a25d07ee2872b,1350459391,4,8,12,0.140757,8283,54590,0,1,34.94,4563.17,2.58,721,584.13,221.25,TRUE,405,0,707,2153,846
3b7ab2e5535182b5eee410fe2229c9916fe80618,1350314129,1,1,1,0,13,13,0,1,0.36,1640,52,720,585.35,59,FALSE,0,0,0,0,0
8617dedc460d58bcd2935b5e5c27c22e9b696076,1350282734,2,2,7,0.139975,270,236,0,1,0.17,301.29,12.14,719,584.84,123,TRUE,0,0,1,0,0
0b8f1a9a58f59d751ed0004d3c21520ffbc96930,1350278322,2,2,6,0.244529,187,31,0,1,20.11,56.33,7.33,718,583.9,122,FALSE,2,1,10,0,2
16748c0920f93047d4815a6ae8b3ffc4bf54fd02,1350265979,2,2,4,0.536995,20,15,0,3,0.32,1544.75,106.25,717,583.09,370.5,TRUE,0,0,0,8,6
01ec585a44637f50a41a3c4df287c6b521ae2c2a,1350253468,1,1,2,0.438746,8,7,0,3,0.02,2131,188.5,716,582.28,554,FALSE,0,0,0,6,0
b5f2295f37a7d534dd3d30bb56b2ae5c705113fd,1350251517,1,1,3,0.517795,52,55,0,3,0.04,1432.33,126.33,715,581.31,553,FALSE,0,0,0,88,59
d6ca0199b7ce0d89b6b282a208e8a2c69c51a454,1350247911,1,1,4,0.368548,77,82,0,4,0.42,1478.75,120.75,714,580.37,552,FALSE,0,0,0,115,80
2257c5e547a6b39003dcf69e7b107bf513fa0231,1350211667,1,1,4,0.474362,66,72,0,4,0.04,1480.25,120.5,713,579.92,551,FALSE,0,0,0,94,97
b5a3d39799c835c9aaa38b4da8ab8e8ebc8c6556,1350209185,1,1,3,0.870424,83,82,0,3,0.08,1435.33,125.33,712,578.96,550,FALSE,0,0,0,111,106
a26c3e9d3c20bbf22bfbb1514652a3989b1030c5,1350206245,1,1,1,0,2,2,1,2,0.02,1614,176,711,578,549,FALSE,0,0,0,0,0
98a09532eb341c617f3c16b367a6a24e872375f6,1350204768,1,1,2,0.113695,38,35,0,3,0.05,2135,186,710,577.02,548,FALSE,0,0,0,58,74
d736789bbcd8bd701b275b7d7e6e7017500ac6d5,1350204164,1,1,2,0.0354206,74,70,0,4,0.09,2920.5,208.5,709,576.03,547,FALSE,0,0,0,0,0
82a6cfc03a2088769eba8bd71d9254d4e050466c,1350204050,1,1,1,0,44,0,0,1,0.09,1571,50,708,575.04,56,FALSE,0,0,0,0,0
62e9c7c75a972d2eaa51a0ae6bf26ff29b1d8dd6,1350196741,1,1,1,0,2,2,0,1,0,1025,29,707,574.15,185,FALSE,0,0,0,2,0
eb32bd45e7225745cf7ba8d435e9737f8d8abe7c,1350196396,2,2,2,0.674494,40,40,0,1,0.35,36,84,706,573.15,350,FALSE,0,0,0,70,62
4b95f079234589b872990bdf164fc5f222a1d705,1350196337,2,2,3,0.183099,46,2,0,2,0.76,1493,99.33,705,572.15,364.5,TRUE,0,0,0,0,0
dea8ad4c49ce2de928b7c38e8c01b6a4001be095,1350196191,2,2,2,0.747776,33,4,0,3,7.54,2884.5,167.5,704,571.15,299.5,FALSE,0,0,0,3,0
96553b217c10a3147614e9f156d169edc1bb6dd1,1350187119,1,1,1,0,6,8,0,3,0.24,4222,303,703,570.29,543,FALSE,0,0,0,0,0
3f79ed5d91c4895493a5ae0d81a0d761a9d4a879,1350187088,2,2,2,0.877443,56,12,0,2,1.06,1275.5,92,702,569.29,362.5,TRUE,0,0,0,0,0
1e4283aad35e08f0a2cd3dba303100454d7f7c01,1350166341,2,2,5,0.505309,238,241,0,4,1.83,1251.8,96.2,701,568.6,334,FALSE,0,2,0,139,133
1dda31a28c658e56a8effdb44b3e5605dba840ee,1350111820,2,2,3,0.229419,145,171,0,4,1.03,2070,141.67,700,568.41,333,TRUE,0,0,0,0,6
10c87012bec17192318cb123a84ee25fe8530b41,1350111689,1,2,3,0.424259,12,7,0,1,4.13,542.33,8.67,699,567.41,79,FALSE,0,0,0,84,34
bda00bf51221f78343c713a222b8cfe4e322263d,1350029518,2,5,6,0.230368,787,1808,0,1,61.1,316.33,2,698,567.63,130,TRUE,4,0,28,44,35
c8f871ff2ab6e8b90c13fa5b8f4d97dd32abbbf6,1350024675,3,3,4,0.24609,32,12,0,2,5.84,837,61.5,697,566.71,281.667,TRUE,0,0,2,0,0
58dc0b1aef12ca0ee54d9b366ab1b5a7881ca652,1350018845,1,1,1,0,1,11,0,1,1.92,1894,135,696,565.79,180,FALSE,0,0,0,0,0
4cd4d8f31ab64345f1bdd16fd8156df307059f45,1350018822,1,1,1,0,14,9,0,3,1.89,4203,300,695,564.79,538,FALSE,0,0,0,0,0
b751fd738d3bbfaab9a61f152177e6abefcc5c7e,1349855212,1,1,1,0,2,2,0,3,0.03,4203,299,694,566.22,537,FALSE,0,0,0,0,0
f97c6fb94c058fb11fb760e9d0b18c3be121b965,1349854066,1,1,0,0,0,0,0,0,0,0,0,693,565.24,536,FALSE,0,0,0,0,0
219138ade64cf6cc80559e752de4e812774306ba,1349852619,3,3,6,0.540093,19,19,0,4,0.86,1447.17,85.5,692,564.26,289,FALSE,0,0,0,9,9
9086d189b9d5017a5a7f27ad30e70c703c5c9052,1349838717,1,6,5,0.0948942,344,462,0,1,18.72,1111.6,5.6,691,563.47,77,FALSE,0,0,8,104,38
d1178defe0ead747d5a70093273dcbed9d5f9378,1349821346,1,1,0,0,0,0,0,0,0,0,0,14,9.92,13,FALSE,0,0,0,0,0
691a561a95591ee1c78789909f4b623b258e28e1,1349816219,0,0,0,0,0,0,0,0,0,0,0,690,562.8,0,FALSE,0,0,0,0,0
aaaac93bd04c12ec3c3cf2f16cbe169f5f6ce059,1349816036,1,1,1,0,1,1,1,3,0.49,4203,297,0,0,0,FALSE,0,0,0,0,0
fd790566b25e278ae4107367d33cb5c2b17bd6ce,1349773901,2,2,2,0.0500365,26,0,0,3,0.05,3035.5,170,689,562.42,356,FALSE,0,0,0,0,0
db3b429784a896742f3b759bf79a7b6c17553770,1349772204,1,1,1,0,3,3,0,2,1.21,1543,168,688,561.45,533,FALSE,0,0,0,0,0
40ed3278d4c68d4e1550c3696412f457b64e37ef,1349769734,2,2,2,0.87387,55,55,0,1,1.18,37.5,82.5,687,560.49,342,FALSE,0,0,0,88,97
d174b13111aa8c2f1b0baa42a8e6aedc2764dcf1,1349769595,1,1,1,0,24,1,0,1,0.01,1846,132,686,559.49,177,FALSE,0,0,0,0,0
1708663b3218c7bcc25d2c305d3676b7fa74b067,1349768882,2,2,3,0.0258167,122,122,0,3,2.47,2338.67,118.67,685,558.5,353.5,FALSE,0,0,0,2,0
6fdce4ad0dbcb5295eb75bd2e2f4e3d40dfb305d,1349767030,1,1,1,0,42,19,0,3,1.15,4180,294,684,557.53,530,FALSE,0,0,0,0,0
fff8d5f07df9e258f6ac66a46c4d075ef6bae849,1349668038,2,2,4,0.309938,82,81,0,4,0.48,1449.25,115,683,557.98,340,TRUE,0,0,0,132,134
9c8e1f4706ed8ff9c812d8751001bf8d5ca106e9,1349660600,1,1,2,0.35218,5,4,0,4,0.04,2860.5,200,682,557.09,528,FALSE,0,0,0,0,0
0a1036c78f6622cc6839dae41b32a93fa89decd9,1349659100,1,1,1,0,20,2,0,1,3.69,1827,130,681,556.11,175,TRUE,0,0,0,0,0
0e881a7972dc06748afcbe1e3fc3513d16f199d2,1349657018,1,1,2,0.35218,4,5,0,4,0.75,2861,199.5,680,555.14,527,FALSE,0,0,0,0,0
839e52ba30bfd7f1d74ae0a36d24ea15a73588e5,1349601556,3,4,1,0,1,0,0,3,0.11,4178,290,679,554.95,250.667,FALSE,0,0,0,0,0
8f7d5dcb4d2d148a7c8682a49f868ca769718374,1349591981,1,1,3,0.611675,17,15,0,3,0.1,1417,118.67,678,554.09,525,FALSE,0,0,0,14,7
1104b28bc1ced111ce65e2f32ae9a744eb868e0c,1349591905,1,1,0,0,0,0,1,0,0,0,0,677,553.09,524,FALSE,0,0,0,0,0
48521cb1e4833dee06cae5406ba07c047a643726,1349587868,1,3,4,0.656266,13,1,0,1,0.07,453.75,6,676,552.15,75,FALSE,0,0,0,84,34
17e113dafb5a00ef762380f527ac1f9b70a057dc,1349583112,1,1,4,0.207044,19,19,0,4,0.01,1448.5,113.75,675,551.22,523,FALSE,0,0,0,54,24
c33825a904bdef40091070afdb04c30ceec08413,1349582301,2,2,5,0.238975,47,43,0,4,0.69,1173,92.2,674,550.23,323,FALSE,0,0,0,82,58
b07ef98c8f2c4170cbe44c093e1d67071d1316c3,1349582202,1,4,6,0.430693,53,9,0,1,4.72,596.83,4.17,673,549.23,74,FALSE,0,0,0,87,36
b3d68893df1af8291e1ae0da264b24f5558fb801,1349572189,1,1,3,0.178139,35,43,0,4,0.08,1920.67,151,672,548.38,521,FALSE,0,0,0,40,54
13295999871e899c07fd2bcd4096ce756d93a935,1349569938,1,1,2,0.35218,8,10,0,3,0.15,2113.5,174.5,671,547.41,520,FALSE,0,0,0,18,32
2adf3f364c36d8c826b6d2b7e24f021c35422d05,1349563519,1,1,0,0,0,0,0,0,0,0,0,670,546.5,519,FALSE,0,0,0,0,0
436ee34a02072eee86e92d5a3bedc7c53584569a,1349556969,1,1,4,0.253103,73,79,0,4,2.01,1451.5,112.75,669,545.59,518,FALSE,0,2,0,122,130
4a6e17b214d2adc2dbc8d02348d4e8e36cb40aee,1349399745,2,2,3,0.502585,25,32,0,3,0.69,1425.33,116.67,668,546.86,333,FALSE,0,2,0,25,36
6e9cbccde61077eb614a27f8db5e5cdd9439837c,1349340017,4,4,5,0.240816,51,51,0,3,1.1,1235.6,81,667,546.72,240.25,TRUE,0,2,0,65,93
a0cb8ec1240b0142134892fedd53d8234eae1415,1349335532,1,1,1,0,12,17,0,3,0.03,4206,281,666,545.78,515,FALSE,0,0,0,2,4
21217dfda3fd02c25f9046092da462266e4118fc,1349333299,3,3,4,0.122692,28,38,0,4,1.32,2010.5,110.25,665,544.81,269.667,TRUE,0,0,0,1,0
25ba18e570939f6a13213d3177225bc669a8aa46,1349331699,1,3,6,0.305638,178,60,0,1,13.26,707.67,4,664,543.84,73,FALSE,0,0,11,87,35
a210377f35b6cc6117a4c5ba50cf92b65ba8a114,1349320323,1,1,1,0,24,0,0,1,0.46,1803,127,663,543,172,FALSE,0,0,0,0,0
07b9ca457ffa3050b73dd6b5c4d99af92a59d7d7,1349280580,1,1,1,0,6,4,0,2,0.48,1537,159,662,542.57,513,FALSE,0,0,0,0,0
5f1372d39c4fd3972077abf3f7d68b65729c24da,1349280560,2,2,2,0.988499,63,62,0,1,1.31,37,77.5,661,541.57,329.5,FALSE,0,2,0,128,128
01b84c79f0db9feca0e6ea381020f6c01ef3a7ff,1349280531,2,2,2,0.592977,83,26,0,3,1.89,2979.5,160,660,540.57,341,TRUE,0,0,0,0,3
4017443b1e0cef8d4804c677c9c3a14adecb82ec,1349239158,2,2,2,0.756895,36,8,0,2,1.41,1238.5,84,659,540.16,340,TRUE,0,0,0,0,2
fd2a17d244b9976b340dd2c55b9840771467c1a6,1349167429,1,1,2,0.728235,101,55,0,2,0.92,758,78.5,658,540.18,509,TRUE,0,0,0,80,60
126804f7c3d89056759fe7b7117fda4beb0afa45,1349167401,2,2,2,0.6973,20,19,0,3,0.93,2115.5,170.5,657,539.18,327,FALSE,0,0,0,18,14
5167bbf59eb7fa9749c934d334d68e479fcd80e5,1349106817,2,2,1,0,3,2,1,3,0.46,4191,277,656,539.05,326,FALSE,0,0,0,0,0
8bcdfa279369b25bf92cc183e485dc176e929902,1349105483,1,1,1,0,8,8,0,2,0.4,1481,156,655,538.07,506,FALSE,0,0,0,0,0
2f9cb6a91e0ced0513ed756082a6feff4c79e282,1349072983,1,1,0,0,0,0,0,0,0,0,0,654,537.53,505,FALSE,0,0,0,0,0
662be145353cf302707281cd67bb2b4b7b98917b,1349071600,2,2,1,0,6,1,0,1,1.15,319,4,653,536.55,288,FALSE,0,0,0,0,0
d6d065cd616f58a3cabb5767ff1d64a0a376a8c1,1349070754,1,1,1,0,1,1,0,2,0.01,1481,155,652,535.56,503,TRUE,0,0,0,0,0
ac7f045708faae0a5802768f6ac649de0f5c794a,1349070379,1,1,0,0,0,0,0,0,0,0,0,651,534.57,502,FALSE,0,0,0,0,0
ffe02ad7bf4536c63af0d8130228a1bd15fdf32c,1349069817,1,1,2,0.239918,43,32,0,2,0.03,752.5,77,650,533.57,501,FALSE,0,0,0,80,58
db1a87d10ca2a6a95b976908f2ae233b37e98d17,1349066952,3,3,5,0.200025,42,40,0,4,0.74,1336.6,88.6,649,532.62,271,FALSE,0,0,0,66,71
4bae41ffd8fa5035d9683a8c7cb1bb847040228d,1349066371,1,1,1,0,1,1,0,1,1.21,1766,125,648,531.62,168,FALSE,0,1,0,2,0
be36fb979ffa98bfac7d757be2dbf83b022239cd,1349066340,1,1,0,0,0,0,0,0,0,0,0,647,530.62,499,FALSE,0,0,0,0,0
0f66d763e07906546b8340a4e8e2fc6845002278,1349042717,2,2,2,0.276181,29,54,0,2,0.54,934.5,80,646,529.95,309.5,FALSE,0,0,0,0,2
06f4743f5147156ee4d2ef5d6007824c69bf7d54,1348995856,2,2,3,0.201681,43,3,0,2,0,621.67,53,645,529.61,308.5,FALSE,0,0,0,40,28
9cc11b8774a9af83650c9cf4d83e45f26b7ef428,1348995326,2,2,4,0.36335,25,19,0,2,0.04,599.25,55.5,644,528.62,307.5,FALSE,0,0,0,0,0
de821e55ae48de984e79b6654ca227af1ec6f411,1348992223,3,3,3,0.227578,97,47,0,3,0.47,1709.33,118.33,643,527.66,268.333,TRUE,0,0,0,40,46
463b5c6e490ad9e4bf3c36cc12c5a1a235db72db,1348991829,3,3,4,0.520278,65,32,0,2,5.88,591,55.25,642,526.67,259.333,TRUE,0,0,0,0,0
65ab5fdb346bc67ac13dfdfb95c28f2b7c992850,1348972265,2,2,1,0,1,1,1,1,43.92,319,3,641,525.94,282,FALSE,0,0,0,0,0
d2f7a035b3a50057ea4acc22f7a75a909416bfe4,1348964451,1,1,0,0,0,0,0,0,0,0,0,640,525.05,492,FALSE,0,0,0,0,0
bc0b92428383481d32fb49d1bca03d418a3bb5bf,1348962133,1,1,1,0,16,10,0,1,1.66,1760,124,639,524.08,165,TRUE,0,0,0,0,0
56ad6af5b227a89deaff07c0328ccf3d2bea9273,1348958957,2,2,0,0,0,0,0,0,0,0,0,638,523.12,280.5,FALSE,0,0,0,0,0
c50bb3a5a91b7ed1e894e06a2020af225d569b2b,1348957907,1,1,1,0,1,0,0,0,0,0,0,637,522.14,490,FALSE,0,0,0,0,0
d993a62263c33f3147b102d27ec6a0594477d3ea,1348954583,2,2,3,0.500943,69,70,0,4,0.22,1898.33,143.33,636,521.18,315.5,FALSE,0,2,0,28,22
82bc52b909cd4707d530c8ba2d9a2e690cc0b2b9,1348945480,3,3,4,0.371276,37,16,0,4,0.61,1745,98.25,635,520.31,256.333,FALSE,0,2,0,4,6
f31598f9160aa077aa56676395b93f443f766a4e,1348915695,1,1,1,0,2,2,0,1,0.02,39,147,634,519.72,487,FALSE,0,0,0,0,6
6a9efd8ac6acb965c26572b7aa73a695b1cfb5a3,1348915260,2,2,3,0.525676,8,5,0,4,0.02,2028.67,128,633,518.72,301,TRUE,0,2,0,0,2
a9dddb60665e232158bc8453eae40254a9dacf2f,1348913643,1,3,4,0.393569,12,5,0,1,1.52,711.25,5.75,632,517.74,69,FALSE,0,0,0,86,36
40cf5c99ef7197b06b794e7f5f907373eb30ac2a,1348913625,3,3,4,0.140949,119,140,0,4,0.94,1536.5,108.75,631,516.75,247,FALSE,0,2,0,78,80
42f58cbbb32c1b552237e82939a6c4661f4a6f54,1348903047,1,1,1,0,6,6,1,1,6.35,1549,48,630,515.89,54,FALSE,0,0,0,0,0
fd9c780015389e5c590d7d3dcc7f58d571bfeff1,1348844213,2,2,2,0.941765,28,45,0,3,0.27,2136,166,629,515.69,312,FALSE,0,0,0,35,36
383b92b20784b5b0b6300f7741205c06afb5da57,1348823699,3,3,3,0.336018,47,52,0,2,0.78,792.67,92.67,628,514.97,261.667,TRUE,0,2,0,77,79
7036ed5e2fef3727f6705a6789bfc8f7c53d8a8c,1348818417,3,3,5,0.124716,80,232,0,4,4.18,1622.8,84.4,627,514.04,252.667,FALSE,0,0,0,9,3
30666aa11141d03949e509a54803e4c81d4b10bb,1348804429,1,2,4,0.325312,12,59,0,1,2.5,454.25,5,626,513.23,68,FALSE,0,0,0,89,36
9614d68baacf470e54e4dcab16bc801564e9cea6,1348726099,1,1,1,0,23,20,0,1,0.61,881,18,625,513.29,161,TRUE,0,0,0,0,0
c25fb4c743de079972bea37889bfb7f5ffdb3f4a,1348723878,0,0,0,0,0,0,0,0,0,0,0,624,512.32,0,FALSE,0,0,0,0,0
09d5222b1f5c3ca43ccf6894210d897ed32ff498,1348723815,2,2,4,0.212106,76,63,0,4,1.65,1569.25,107.75,623,511.32,297,TRUE,0,2,0,88,78
426ca78bf7f1e22ea2129f554fa6078a30c966cf,1348717372,1,4,5,0.241488,65,61,0,1,5.53,758.2,4.2,622,510.41,67,FALSE,0,0,0,85,38
a77a0945feaa22043e76064a948ada1a5f69160f,1348673200,1,1,1,0,34,0,0,1,2.46,847,17,13,9.19,1,FALSE,0,0,0,0,0
5311a0f903ef925cdd6ac869029d5e0a58a775c4,1348671573,1,1,1,0,1,1,0,2,0.37,1456,141,12,8.19,12,FALSE,0,0,0,0,0
d421656be8a042e166b2782687f8725a236b78a0,1348639590,1,1,1,0,27,17,0,2,0.87,1446,140,621,510.46,480,FALSE,0,0,0,0,4
04459eaa50ab205b15c75b75a17119199e7d1083,1348589109,3,3,3,0.68133,33,21,0,3,1.74,2052.33,121.67,620,510.14,259,FALSE,0,0,0,16,35
3beda8eea04cc30838fd9f423cbc95579ee56212,1348564235,1,1,1,0,11,7,0,2,1.09,1442,139,619,509.48,478,FALSE,0,0,1,0,5
5e894be06b9a4feb354f765aeeea3d888017609f,1348489375,1,1,1,0,2,2,1,2,0.17,4336,266,3,2.42,2,FALSE,0,0,0,0,0
bc8f93b5963a7a4fd8b40be0f83b477a62211649,1348474546,2,2,1,0,14,14,0,2,0.01,4336,265,618,509.69,307,FALSE,0,0,0,0,0
2fb93bac995ac0a98b3b3584cdf5ca0a11cd8c21,1348474018,3,3,3,0.257002,12,11,0,2,0.15,1608,116.33,617,508.69,241.333,FALSE,0,0,0,17,18
d0c94c1aefdb3d640c9df807b27558a36b1ea210,1348470221,1,1,1,0,54,23,0,2,0.11,1411,138,616,507.74,475,FALSE,0,0,0,0,6
77242bfb957d2c4374cafb2fcd6d62b112f6b3b2,1348461014,1,1,2,0.847128,69,48,0,2,2.12,2177.5,162,615,506.87,474,FALSE,0,2,0,51,50
5d2d86bffcb606859fded885d4d52583efd8a18f,1348460927,4,4,6,0.058536,421,322,0,2,4.04,652.33,38,614,505.87,202.25,TRUE,0,4,0,86,36
8492c13e728a6dcdcc32e71612f75cc167a2af37,1348372259,1,1,1,0,33,90,0,2,0.03,1368,136,613,506.06,472,TRUE,0,2,0,0,0
e4eb5dadda53c69c7d2ccdddcea35752e40c75f3,1348369423,1,1,1,0,1,9,0,2,0.17,1376,135,612,505.1,471,FALSE,0,0,0,0,0
8532dc4b756e8e1a7228b0a969bc54db1f4f56a5,1348354557,2,2,3,0.455438,16,16,0,3,1.52,2413.33,127.33,611,504.3,261.5,FALSE,0,0,0,0,0
1ca26ce6768dc947fb2321a9e8670dbbc25ec47b,1348353577,3,3,3,0.157694,72,16,0,2,3.07,2160.67,109.33,610,503.31,245.667,TRUE,0,1,0,12,0
d8e3e823a7cf567371248579e68a9ad916370e55,1348200683,2,2,0,0,0,0,1,0,0,0,0,609,504.36,301.5,FALSE,0,0,0,0,0
473dd7660ba8c5e051e129df0c5c301e2c3a10c4,1348200392,2,3,8,0.349048,130,120,0,3,2.94,1008.62,52.75,608,503.36,266,TRUE,0,0,0,134,75
5afeed56ef88a288ae8e8302ed7a09970d63e890,1348118115,1,1,1,0,4,4,0,2,0.91,4330,259,607,503.47,466,TRUE,0,0,0,0,0
b91b04f6528832262f0a5ab0cd6310e2f4a8cd06,1348116039,2,3,5,0.351715,160,35,0,1,5.78,713.6,12,606,502.49,58,FALSE,0,0,0,86,28
25de44a23d9fa7a05073a7ce80af17d10ae005ae,1348039772,2,2,3,0.277528,10,10,0,2,0.03,1605,114,605,502.52,287,FALSE,0,0,0,0,0
00cfb95971017e3f458c43a1f27a70bd26a766b4,1348036972,1,5,8,0.38679,176,115,0,1,9.94,670.75,2.25,604,501.56,63,FALSE,0,0,4,93,25
f4ba0e119163953d5868729b7fc8a6d70ec4ae56,1348036946,3,3,3,0.125578,72,199,0,2,2.4,1647.33,113.67,603,500.56,235.333,FALSE,0,2,0,56,73
6499643769aeb16980b0727e29e06923b656191f,1348025376,2,2,2,0.47756,5,9,0,2,0.9,3093.5,147.5,602,499.71,310,FALSE,0,0,0,2,0
f85287a4443d52068fcc0cdb3754d2d775e91a4c,1347956530,2,2,2,0.51657,59,33,0,2,1.4,1101.5,69.5,601,499.63,309,FALSE,0,0,0,0,0
483bc9ad872b8f0cfc338ce03c73e9d3ec1fe9cc,1347950714,1,1,1,0,7,0,0,1,0.08,1720,119,600,498.71,155,FALSE,0,0,0,0,0
93b89a93c1747a7acd81b6a0156679f2d0371af2,1347943694,3,3,3,0.169412,91,67,0,2,2.54,2065.67,117.33,599,497.8,249.333,FALSE,0,0,0,4,8
10064c046c9f7001653c3458263cb8b85b172e9b,1347844313,1,1,1,0,41,12,0,2,0.2,1343,131,598,498.12,460,TRUE,0,0,0,0,0
a5aecb9d0ed360a340cf9e375a0ac8ec4340b0b4,1347826946,2,2,2,0.358252,166,180,0,2,0.86,1094,68.5,597,497.36,306,TRUE,0,0,0,0,5
de1e889f1d82af4d0d5292306d7b2d7afc3c8e6d,1347752328,3,3,2,0.192806,43,10,0,2,1.11,1077.5,68,596,497.35,247.333,FALSE,0,0,0,2,0
16f89b40c33515af5b6d1876c80781e78b33b191,1347724042,1,1,0,0,0,0,0,0,0,0,0,595,496.73,457,FALSE,0,0,0,0,0
0e387d2cda56a43f297be3588344647aa774b292,1347724009,2,2,4,0.443597,27,75,0,3,1.64,1898.5,107.75,594,495.73,303.5,FALSE,0,2,0,32,30
837c15e4f92b82aa02551f7cfce0caebb53cf13e,1347722504,1,4,6,0.742366,106,60,0,1,5.41,647.83,2.67,593,494.75,62,TRUE,0,0,4,73,24
ae7e353169aecf2220422d3c95388ca906aae4dc,1347610068,1,1,1,0,31,22,0,2,0.05,1341,127,592,495.24,455,FALSE,0,0,0,0,2
6c1bbd2344bdaca4bb2be8ecf392a1e75e2956fc,1347605512,1,1,2,0.187793,14,17,0,3,0.57,2897,169,591,494.31,454,TRUE,0,0,0,0,0
27247e8e56ed3af5fb5873caea4fbd4f0a3b8640,1347589736,1,1,1,0,4,0,0,2,0.81,1340,125,590,493.51,453,FALSE,0,0,0,0,0
08249d78eacd0d1e48af8a7fc4eb199456e37cbf,1347588708,1,1,3,0.654487,38,2,0,1,1.94,871.67,44.33,589,492.53,150,TRUE,0,0,2,0,2
827091e522a61fb1beb915271e6b6daeb51b5b32,1347527423,1,1,0,0,0,0,0,0,0,0,0,588,492.34,452,FALSE,0,0,0,0,0
13d901bf8daf397901af4526a566d278a577dff5,1347525628,3,3,3,0.191263,64,45,0,1,1.11,293,53.67,587,491.36,235.667,TRUE,0,3,0,44,69
e69bdabc99faf80053569f9ea022ad26ee588eff,1347522407,1,1,1,0,84,84,0,2,0.03,4450,252,586,490.41,450,FALSE,0,0,0,6,4
e8d19265e48a00b15c0cfa329744ab3aff7838ee,1347520216,1,1,0,0,0,0,0,0,0,0,0,585,489.44,449,FALSE,0,0,0,0,0
49e3a49dc5ed5d43ecdfda3c399b7c305464d07c,1347520132,3,4,6,0.372204,198,229,0,2,0.8,1095.17,53.83,584,488.44,213.333,FALSE,0,2,3,120,106
82a7c01898257edb9d9399735bac823ace630b30,1347519893,1,1,1,0,6,13,0,2,0,1347,124,583,487.44,447,FALSE,0,0,0,0,2
c0d7dbf639dd880252d8205e319264ae701dbf6c,1347519840,3,3,4,0.31666,36,22,0,2,0.7,1073.25,66.75,582,486.44,233.333,FALSE,0,0,0,0,0
569caa0bf21116eb6055d4b4449bc008af3872e7,1347512423,3,3,3,0.301603,64,118,0,2,1.66,2224.33,104.67,581,485.54,232.333,FALSE,0,0,0,2,8
f88ea1ee7d7e7b1d73178de0d6699dff79cfa553,1347464401,1,1,1,0,99,100,0,1,0.42,767,9,580,485.16,146,TRUE,0,0,0,0,0
d5a8fa0b978ceafdc39a0fd35c5052b89b62ff91,1347464358,1,2,3,0.390591,29,38,0,1,0.79,597,4,579,484.16,60,FALSE,0,0,0,64,24
3f8f96edeaf2fd1d0e89142a68e49c4198463450,1347427823,1,1,1,0,39,2,0,1,0.98,730,8,578,483.64,145,TRUE,0,0,0,0,0
04fb4aff28df285474f44a205e19e96b31c1e49b,1347419713,1,2,3,0.614559,10,15,0,1,2.2,503,3.67,577,482.75,59,FALSE,0,0,1,28,6
83c6fb089e4612f85acabeec1f298e922f306808,1347380132,2,2,3,1,3,3,0,2,0.42,1650.67,110.33,576,482.26,274,FALSE,0,0,0,2,4
9d8d17b964df599fd4a9d488c0093bf44b19790c,1347374507,1,1,0,0,0,0,0,0,0,0,0,575,481.33,443,FALSE,0,0,0,0,0
39d4842ff5f2c0db3cefbddc222b0c13bcaedf39,1347349194,4,6,9,0.274348,221,146,0,3,10.1,886,44.67,574,480.66,193.5,FALSE,0,0,7,104,82
cad84739868d8408dbed7ff7ef16655f73cf812b,1347345680,1,1,1,0,9,4,0,1,1.49,1758,113,573,479.71,143,FALSE,0,0,0,0,0
5f085ccb52b9fcc00798f125f9d25c7037792779,1347343482,1,1,1,0,1,1,1,2,0.08,4460,247,572,478.73,441,FALSE,0,0,0,0,0
b406246689e79c0e3ca5c0f1b67edeee4495390d,1347342748,2,2,2,1,61,7,0,2,0.56,1010,62,571,477.74,291,FALSE,0,0,0,1,0
cbe46afdffcca28f65e2427952984f4a62c50343,1347336244,1,1,1,0,5,5,0,2,0.04,4460,246,570,476.83,439,FALSE,0,0,0,0,0
a59d6dc3c7e555ba7e5fec6097a9e1401079d486,1347334527,1,1,1,0,32,7,0,1,1,675,6,569,475.85,141,FALSE,0,0,0,0,0
2afb2dd5fd230f93fad93c9d80ec8e69fd8516fe,1347333162,2,2,2,0.521498,42,33,0,2,1.25,2450.5,137,568,474.87,270.5,TRUE,0,0,0,0,2
4fc3c969d35519d5b96aac877cadd4d54fbbc058,1347262975,1,1,0,0,0,0,0,0,0,0,0,567,474.76,437,FALSE,0,0,0,0,0
1796ce324be785b8f45fa64e256c2073e160cbe1,1347254922,1,1,1,0,137,154,0,2,0.08,1337,120,566,473.86,436,TRUE,0,4,0,0,0
5e04c7f827e4ebc9486f551457798a9ef4845e87,1347247988,3,3,3,0.32088,56,20,0,2,2.1,681.33,43.67,565,472.95,225.667,FALSE,0,0,0,0,0
20fcede4406ea29f29c8d2ad7b18180151231da5,1347236790,1,1,1,0,11,5,0,2,0.04,1326,118,564,472.1,434,FALSE,0,0,0,0,0
012c1833f28c1d8d3259ec6c91b282ac4cb92b50,1347233637,1,1,1,0,20,5,0,2,0.02,1311,117,563,471.14,433,FALSE,0,0,0,0,0
32e8e03256df23e4fadf5aea61fdaa5e94fdbf0a,1347231611,2,2,2,0.0110161,90,20,0,2,0.12,942.5,59,562,470.16,285.5,TRUE,0,0,0,2,0
dca653cb9286e1351ede004b8492e5cc4731abe6,1347225198,2,2,1,0,27,27,0,1,4.54,42,130,561,469.24,280,FALSE,0,2,0,38,64
0805eca97904ca25696f98ba9e38990644e1f814,1347225106,1,1,1,0,4,3,0,2,0.04,1311,115,560,468.24,430,FALSE,0,0,0,0,0
17935a78ffc9715ef217f1b82292f8967b4f714a,1347225067,2,2,2,0.330299,8,11,1,2,0.09,2452,136.5,559,467.24,265,FALSE,0,0,0,0,0
e16918ee329e1a3ca2698caeaae8e16e0cfab4b5,1347221564,1,1,1,0,88,49,0,2,0.74,1272,114,558,466.29,428,FALSE,0,0,0,0,2
78471b4595b319349d30a8819b4f44d2e0f9814e,1347216924,2,2,3,0.627308,6,9,0,1,1.8,347.33,8.67,557,465.35,119,FALSE,0,0,0,0,0
c30bcdd515da06d475bac9f3be933d2ed1aa3ffe,1347216872,3,3,3,0.255559,63,47,0,2,2.45,2215.33,102,556,464.35,221,TRUE,0,0,0,0,4
ac78c5f4e53cad8bb1a0f1bfa575c02047443a9c,1347172362,1,1,1,0,26,19,0,1,0.4,378,10,555,463.9,98,TRUE,0,0,0,0,0
57a990ce257402f79552cec141f2435e099e2233,1347157603,2,2,2,0.348632,71,47,0,2,0.22,910.5,57,554,463.08,281,FALSE,0,0,0,1,0
24825b42a284c93ee5b16e761425a568f3e1fdfb,1347139246,2,2,2,0.405639,3,5,0,2,0.31,2501,121.5,553,462.31,280,TRUE,0,0,0,0,0
4f7323f7fcbbf5277d9703e61845b088365f84a6,1347138201,3,3,3,0.0735426,600,19,0,2,1.09,540,39.33,552,461.33,218.333,TRUE,0,1,0,0,0
a228be85e2ca8d3135e3be0543c3095c37513769,1347087388,1,1,1,0,9,10,0,2,0.08,4452,241,551,460.96,423,FALSE,0,0,0,6,0
fa565bdbdfd9060f19f1fb57baa4f9bf09dae561,1347080427,1,1,1,0,2,2,0,2,0.03,4452,240,550,460.04,422,FALSE,0,0,0,0,0
2dc53223e5b12b7ef5d7702df1301fdb0c4e7227,1347077820,2,2,2,0.47756,6,1,0,2,0.01,3098.5,137,549,459.07,277,FALSE,0,0,0,0,4
958ac72805a8753555e90e82f1f4b9124ff9a3c0,1347077361,2,2,2,0.633007,9,5,0,2,0.94,3096.5,136.5,548,458.08,276,FALSE,0,0,0,0,0
f7297b84e7f6d9426cd6e63d7e7994c17452d629,1346999220,1,1,1,0,2,2,0,2,0.06,1242,111,547,458.04,419,FALSE,0,0,0,0,0
9a7d9e7bb844f49b694e017e2f96342386e3af63,1346996120,2,2,2,0.674494,7,1,0,2,0.07,3093.5,136,546,457.08,274.5,FALSE,0,0,0,1,0
fa9df75cf7514d025a325778b517af1677095534,1346994264,2,2,2,0.423935,76,32,0,2,0.48,788,58,545,456.1,256.5,TRUE,0,4,0,0,1
e3ec76418b97fe6bf644fcb3cb1f74297d32c678,1346990162,1,4,16,0.443798,265,236,0,1,20.64,427.06,0.69,544,455.15,57,TRUE,0,0,0,6,1
102d6d8c8436b7e9e2495618e7f9f460e3c16508,1346989746,2,2,2,0.405639,13,3,0,2,1.33,3088.5,135.5,543,454.16,273,FALSE,0,0,0,0,0
a742b5f3e2c42ed0f8d3957ace9cb7f2c5860838,1346988984,1,1,1,0,535,528,0,2,2.89,1223,109,542,453.17,415,TRUE,0,11,0,0,2
a2a3bb291f3848cba50622a8a70e80d657f7115a,1346917278,1,1,1,0,0,1,0,1,56.91,347,7,541,453.04,95,FALSE,0,0,0,0,0
b7c0ac7d67cc921b48fe83d1acf6dc40fb074fdc,1346917226,1,1,1,0,14,11,0,1,30.94,90,7,540,452.04,129,FALSE,1,0,4,0,0
13b1fc6b44643179bb242b6ed6099e4ab7457e00,1346917102,1,1,1,0,0,10,0,1,2.36,1737,107,539,451.04,128,FALSE,0,0,0,0,0
3939fcf6e724131d5b748c339d8ba0b932634229,1346854355,1,1,1,0,8,6,0,1,3.19,82,12,538,450.8,127,TRUE,0,0,0,0,0
13abbb81afaac8c60275071496e71c6f34dd1f48,1346832777,2,2,2,1,4,4,0,2,0.28,2246,147,537,450.06,271,FALSE,0,0,0,2,0
019f0153c830d8ea994d50aab6053f43a69c2d53,1346827647,2,2,0,0,0,0,0,0,0,0,0,536,449.13,91.5,FALSE,0,0,0,0,0
8abc2925e0d3943aa584f0fab420e8946bf13e05,1346822946,2,2,0,0,0,0,1,0,0,0,0,535,448.18,90.5,FALSE,0,0,0,0,0
996c9a032ade59def6ffffd81946c33d7b3da96d,1346820029,2,2,1,0,0,1,0,2,1.23,4451,234,534,447.22,269,FALSE,0,0,0,0,0
22d3794d226e0e1281a7d6331a7eaa447a167b61,1346818822,1,8,7,0.446996,401,140,0,1,20.09,1004.29,1.57,533,446.23,54,FALSE,0,0,46,103,25
ba948a38e95a34ec564f490b672672029c2f8213,1346797547,2,2,2,0.0164009,38,37,0,1,0.72,243,95.5,532,445.49,253,FALSE,0,2,0,54,72
e8a522c4dfa886f2b1af2e7659d9fe41143697cb,1346783243,1,1,0,0,0,0,0,0,0,0,0,531,444.66,411,FALSE,0,0,0,0,0
c60f3da32e74d8a5f5d329f86cec715b20ac902d,1346739618,1,1,2,0.221841,47,40,0,2,0.19,629,111,530,444.18,410,FALSE,0,2,0,54,72
0c92d3cbb29495793af22bf74dff3a61b77a6364,1346730499,2,2,3,0.592353,36,54,1,1,0.54,190.67,65,529,443.29,251,TRUE,0,0,0,26,28
e4fc8dd6fe29f5a2c8910fb32be2c2b2e34f4be6,1346715055,1,1,1,0,3,0,1,2,0.03,1213,107,528,442.47,408,FALSE,0,0,0,0,0
1a849e2de06b513c597f6a0fcf416505072c16f6,1346713623,2,2,1,0,15,15,0,1,1.56,42,125,527,441.49,265.5,TRUE,0,2,0,22,46
ffdd79f86bce6d24714cc579c08df325b7b43cb7,1346713512,2,2,2,0.507374,9,11,0,2,0.79,3095,133.5,526,440.49,266,FALSE,0,0,0,0,0
e87e46b1b61d5d955bac9067f13ce074e786c749,1346712122,1,1,1,0,45,19,1,2,0.11,1187,106,525,439.51,405,FALSE,0,0,0,0,1
3ca81a4ff726fe39481ac5776e79a65a09ff14ea,1346712047,1,1,1,0,1,1,1,1,1.01,70,15,524,438.51,92,TRUE,0,0,0,0,0
5477d3c29227ff4a9b0262a0ff892251191cc8e0,1346711778,1,1,1,0,10,11,0,2,1.11,4454,232,523,437.51,404,TRUE,0,0,0,0,2
08300183b3234216b38cc60ad1609b5a4fa71a94,1346702326,1,1,1,0,7,3,0,2,0.09,1183,105,522,436.62,403,FALSE,0,0,0,0,0
095c77f22cbb2240cb3de6583cfb0b15f50e2bcb,1346694625,1,1,1,0,42,15,0,2,1.34,1156,104,521,435.71,402,TRUE,0,0,0,0,0
09926e63a3391d3f8aaab1d7150228352a9c95b1,1346627756,1,1,0,0,0,0,0,0,0,0,0,520,435.5,401,FALSE,0,0,0,0,0
87d70f29a1ecc3f70fc77ad420ea0f1b5cbcc539,1346624670,1,1,2,0.734496,23,7,0,1,9.82,257,44.5,519,434.53,91,TRUE,0,0,0,0,0
3a7661b111bafc923e3c77df5816c7e3e41fcd38,1346615873,2,2,2,0.15876,18,18,0,2,1.01,2452,128.5,518,433.63,245,FALSE,0,0,0,0,0
ec976953cdd355a5709bfbbd2ceb4d242b68a60c,1346612675,1,1,1,0,3,6,0,2,0.4,4457,230,517,432.67,399,FALSE,0,0,0,0,0
1837562b504947a573f6e0f6a591688db8b18d11,1346579066,4,4,3,0.149259,75,34,0,1,18.76,27.33,43.33,516,432.06,174.75,TRUE,0,0,0,50,69
f3bec4fc3792b7fa1ba5edc5262350689a36df0b,1346578502,2,2,4,0.213227,74,70,0,3,12.73,1857,82.5,515,431.07,260.5,FALSE,0,0,6,4,13
c2117ef4fd3cf5b77f39d1b7e5a68543dc21a408,1346536715,1,1,1,0,1,0,0,2,0.91,1168,102,514,430.55,396,FALSE,0,0,0,0,0
910804ecd1adc46b0ab69f1e9e7147efe9fa3e16,1346461390,1,1,2,0.523683,13,13,0,2,0.04,2242,141,513,430.42,395,FALSE,0,0,0,7,9
ce5ae1dfddd045ce054bfcdb4abade4fe13806dd,1346457846,3,3,4,0.264246,42,57,0,3,0.09,1850.25,93,512,429.47,213,FALSE,0,0,0,11,12
2c31411ffbdaff2893de453f32e2c110bbd82edc,1346453127,2,2,3,0.231792,27,3,0,3,1.99,2357,106,511,428.52,222,FALSE,0,0,0,0,0
84d69fa2a130cdbee0f760e212443158edbdc579,1346446643,1,1,0,0,0,0,0,0,0,0,0,510,427.59,392,FALSE,0,0,0,0,0
2aea296d198cc54af3ae925ca718da2be30ef9f1,1346446384,2,2,1,0,36,36,0,1,2.57,41,121,509,426.6,256,FALSE,0,2,0,54,70
2b0bffc3626c09efd46acf1acd05a73d49102fc9,1346446210,2,2,2,0.533969,11,5,0,2,0.01,3093,129.5,508,425.6,256,FALSE,0,0,0,0,0
83356142c1658dcae61c57ef4ef7b19dc58fb9d3,1346445376,1,1,0,0,0,0,0,0,0,0,0,507,424.61,389,FALSE,0,0,0,0,0
24dcc6947cbc741e3eb7ec591c72fd2d79a64c04,1346445340,2,2,2,0.57938,9,0,0,2,0.03,804.5,72,506,423.61,238.5,FALSE,0,0,0,0,0
a7e3136a0bef01191a306a2c8369ae270edf5d21,1346445224,2,2,2,0.507374,65,5,0,2,0.02,3063,129,505,422.61,254,FALSE,0,0,0,0,0
71639cfea7d90f289320a13a60962efa1e884bd7,1346443512,1,1,1,0,4,4,0,2,0,4414,223,504,421.63,386,FALSE,0,0,0,0,0
8c2d39fb82731dab7e356f8c975b066c9aeb1405,1346443375,1,1,1,0,23,1,0,2,0,4392,222,503,420.63,385,FALSE,0,0,0,0,0
e060d2933780e2929c9ee18492500f5aec0213bc,1346443158,1,1,1,0,69,69,0,1,3.47,1712,101,502,419.63,120,FALSE,0,0,0,0,0
79e9156d2f7d1256e31dd6cfd9cd1e8585534f97,1346443072,2,2,3,0.0956949,115,92,0,3,2.19,1992.67,98,501,418.64,236,TRUE,0,0,0,0,2
9100db55b062585c076247473ab44979fcaf55bd,1346442475,1,5,12,0.47424,448,328,0,1,34.07,652.33,0.75,500,417.64,52,FALSE,0,0,17,97,17
141c10f6fe92464f3930f04f4818fee7a034eac2,1346313534,1,1,1,0,1,1,0,2,0.99,1163,97,499,418.09,383,FALSE,0,0,0,0,0
4613ab9dc39de6968ab5c4a28e3a4a64da7991d2,1346288583,1,1,0,0,0,0,0,0,0,0,0,498,417.37,382,FALSE,0,0,0,0,0
061ad41b51f90d38e9f9f7eda748d214e06b5b09,1346253220,2,3,0,0,0,0,0,0,0,0,0,497,416.76,85.5,FALSE,0,0,0,0,0
3a0007cd18b67b07678fd4101879010869a66e3f,1346228248,1,1,1,0,3,3,1,2,0.03,1163,96,496,416.04,381,FALSE,0,0,0,0,0
004491794326ec8193b38a4d357c3f90e4a2640e,1346225698,1,1,1,0,1,0,0,2,0.02,1162,95,495,415.07,380,FALSE,0,0,0,0,0
0337c042785f6a4a65fe0ce6bbb9d9a53a7d4a34,1346224480,2,2,2,0.0720699,37,37,0,2,0.47,2204.5,136.5,494,414.09,249,FALSE,0,0,0,50,68
4585acf70b32ff2c15a64e418201db003cd2275c,1346223902,2,2,3,0.106592,72,48,0,3,0.97,1984.33,96.33,493,413.09,232.5,FALSE,0,0,0,4,12
2ad9bbae25725d0a9ce91e38b7fc4dd7210e5820,1346223487,1,1,1,0,4,6,0,2,0.92,4362,218,492,412.1,377,FALSE,0,0,1,0,0
cf075df7d13c713f62030fbdd4ce8594d45f8581,1346169527,2,3,0,0,0,0,0,0,0,0,0,491,411.69,213,FALSE,0,0,0,0,0
11cd9905c4cfa1e27afffe8c58467029a7b61f9d,1346143642,3,3,3,0.491133,7,7,0,2,0.51,2038.33,100.33,490,410.98,204,FALSE,0,0,0,8,4
cf462542e9623f439bbcf2259f96bf2928032262,1346139052,1,1,2,0.6262,24,24,0,3,0.8,2754.5,137.5,489,410.03,374,TRUE,0,0,0,0,0
b63f25a1ae89f6502a832ef56a4bad42b82a1c2a,1346079243,3,3,3,0.532357,31,35,0,2,0.23,2041.33,99.67,488,409.69,202.667,TRUE,0,0,0,26,35
7de69a21c57f178363fdbbee09d92a46a690e18a,1346061295,1,1,1,0,2,2,0,2,0.03,4373,214,487,408.89,372,FALSE,0,0,0,0,0
21783e4ea0502bcb2970b655f436b98cc6398be1,1346060018,1,1,1,0,2,0,0,2,0.57,1140,92,486,407.9,371,FALSE,0,0,0,0,0
53e5a756d751944003fe5c60338c10820d485232,1346058544,3,3,1,0,36,36,0,1,0.55,41,117,485,406.92,178.333,FALSE,0,2,0,54,70
8c911a2fd031e1326d51fa5de014d844b5036bd0,1346058337,3,3,3,0.169709,90,18,0,2,0.89,2152.33,90,484,405.92,190.667,TRUE,0,0,0,0,0
ce440e9f438a26c17ec1e506cfc110d50679179a,1346010843,2,2,3,0.430861,77,53,1,3,0.36,1826,106.33,483,405.44,241.5,FALSE,0,2,0,55,56
6465f8d8e6bd5708a3e54e3574101481578983f1,1346006477,1,1,1,0,21,8,0,2,0.36,4286,211,482,404.49,367,FALSE,0,0,0,0,0
4bdf28059a050345b6e54ccc6cd75d96f69660c2,1345975759,3,3,2,0.485347,38,38,0,1,0.11,865.5,98,481,403.82,198.667,TRUE,0,2,0,48,42
21010c6540defdf0066084725f8b782d7c124da3,1345975603,2,2,2,0.979806,109,33,0,2,0.08,2950,121,480,402.82,240,FALSE,0,0,0,0,2
a5a6cabac6351f5124409f124cc37ffddcb658c6,1345968456,1,1,1,0,2,2,0,2,0,4274,209,479,401.9,364,FALSE,0,0,0,0,0
f460c77f2c07fa81c5925bc4475d50b6ff1e0951,1345968249,2,2,2,0.105729,25,1,0,2,0.57,2938,120,478,400.9,238.5,TRUE,0,0,0,0,0
1c69d9213e9485bb227c9934744ac89212658593,1345956652,2,2,1,0,37,37,0,1,1.56,41,114,477,400.03,237.5,TRUE,0,2,0,54,70
c02c2d3b2c090ad3d0490633b4e5f5df5e7de92e,1345956608,2,2,3,0.19819,20,15,0,3,1.33,1951,92,476,399.03,223,FALSE,0,0,0,0,0
7adf5e763b77de7fbea19f689e9a2a5197eb45de,1345950804,2,2,3,0.125143,5,71,0,1,0.8,887,16.33,475,398.09,49,FALSE,0,0,0,0,1
0e4afefc7f976241543255bbe7d862e4b1a064d8,1345881873,2,3,4,0.424751,89,19,0,1,0.69,791.75,12,474,397.83,48,FALSE,0,0,0,34,10
c7f290f42e3f59dde2a74529b23db96b137df25b,1345881619,2,2,1,0,4,4,0,1,3.94,1602,94,473,396.83,236.5,FALSE,0,0,0,0,0
bb553b8a6a875ddfa7cfe79479ba5c58958c57eb,1345881360,1,1,1,0,1,1,0,1,0.69,446,77,472,395.83,84,FALSE,0,2,0,0,2
21eda2a1a3e6e32ea464f2929bd8950a3ea39e33,1345822058,4,4,5,0.398999,20,3,0,3,2.49,1467,69,471,395.46,150.5,FALSE,0,0,0,2,6
48c13c990f2781b36af2359ece27715de1473e9a,1345821994,1,3,4,0.468349,50,38,0,1,15.76,791.25,1.5,470,394.46,46,FALSE,0,0,0,76,16
a2665529f619dee7f73c351fb972a2bac72d3d69,1345709822,2,2,3,0.424792,54,45,0,3,1.55,1811.67,103.33,469,394.66,234.5,TRUE,0,4,0,54,50
8d35d78effdc84afee13da2a3762cc77219fa2d6,1345652030,1,1,1,0,31,19,1,2,0.49,1119,87,468,394.27,357,FALSE,0,0,0,0,0
a82a364c2293f74fcb321113ed5947fb1e3c7acf,1345609284,1,1,1,0,31,17,0,2,7.78,1105,86,467,393.73,356,TRUE,0,0,0,0,0
cc150ff9d2e37d98bfe198e22570f4417c3a036b,1345541500,2,2,1,0,2,2,0,1,0.04,1602,93,466,393.45,233.5,FALSE,0,0,0,0,0
feeb38293d4c40fe1eefb102401c48f21f4f4f4b,1345540433,1,1,0,0,0,0,0,0,0,0,0,465,392.46,354,FALSE,0,0,0,0,0
5b9271ccfeffcb65981cb4fdc9f12eb46a36d1f9,1345539596,1,1,1,0,32,0,0,1,1.09,1414,41,464,391.47,47,FALSE,0,0,0,0,0
e60bbc2fb74c5f99f2bffa2c6f10defe6ff89f47,1345537961,2,2,2,0.47756,7,7,0,2,1.5,2152,127,463,390.48,231.5,FALSE,0,0,0,2,0
387cc184e6a37d0b947e19468b0e76b15632c2d8,1345537914,1,1,1,0,3,2,0,1,0.12,1601,92,462,389.48,111,FALSE,0,0,0,0,0
a830ddcb434634874a733900c006bf3849abdd4e,1345527995,1,1,1,0,9,13,0,1,0.96,63,15,461,388.59,46,FALSE,0,0,0,0,0
35fea30191c57cf34bae6fea55244b7847279e2d,1345527957,1,1,1,0,29,27,0,1,1.38,1599,91,460,387.59,110,TRUE,0,0,0,0,0
24b672b96899eee8a51c5ff589d4a9899853b921,1345527823,1,5,6,0.644951,91,43,0,1,18.43,926.67,1,459,386.59,45,FALSE,0,0,0,25,6
de6a3c5ab16c86e55d26751cebaf97e5f6d76e08,1345445116,1,1,2,0.00159871,648,793,0,1,11.14,811,22.5,458,386.45,45,TRUE,0,0,4,4,12
260ff6de3e4fa9638c5fbc968275d255788d7c2a,1345415738,1,1,1,0,17,11,0,1,2.76,57,13,457,385.76,44,FALSE,0,0,0,0,0
7cb37411c96eae388a8422d0da166ff6c5d3841c,1345408498,3,3,3,0.145161,49,46,0,2,0.54,1966.67,93.33,456,384.84,190,FALSE,0,0,0,44,64
e4e41e5ef8826e6fb17833212506dcdebcfd8c5b,1345367623,3,3,3,0.255954,36,32,0,2,0.83,1580.33,90.33,455,384.26,180.333,FALSE,0,0,0,6,5
985f4aafca73f5bb6584a03ae95fef1a69f947c3,1345351475,2,2,1,0,35,34,0,1,0.81,40,108,454,383.43,228.5,FALSE,0,0,0,49,68
0c25dd44b32f243e14d30b3668391e2322e33b8c,1345351289,2,2,2,0.149468,18,1,0,2,0.03,2917.5,114.5,453,382.43,228.5,FALSE,0,1,2,1,0
285f0bc6dd20f6e6e1870f9dd005b56759442e1f,1345348351,2,2,2,0.950662,147,141,0,2,0.72,2914.5,114,452,381.46,227.5,TRUE,0,0,2,0,23
07a370fd248fb5263e6b36ca128cd317bda6fac4,1345309358,1,1,0,0,0,0,0,0,0,0,0,451,380.86,347,FALSE,0,0,0,0,0
95f07ea38a5b1dc88fbf1ec5e8cd0934f150b8b6,1345286442,2,2,1,0,5,5,0,2,0.06,4245,199,450,380.1,226,FALSE,0,0,0,0,0
2890b92b21c3dad7b7a1cd64f710109b28c7b187,1345286263,1,1,1,0,1,1,0,1,0.12,1584,87,449,379.1,106,FALSE,0,0,0,0,0
8b80c5d0b50baea81826cf85086001a3b01e566b,1345281266,3,3,2,0.57938,6,6,0,2,0.4,2142.5,123.5,448,378.15,164.667,FALSE,0,0,0,4,10
04425786a124441ae073fa00c209939e76278ca9,1345276094,2,2,2,0.310917,9,1,0,2,0.82,2910.5,112,447,377.2,224.5,FALSE,0,0,0,0,0
15b14e12e2398f429497bd15a0c12ae5b81aa6ed,1345233872,1,5,0,0,0,0,0,0,0,0,0,446,376.63,43,FALSE,0,0,0,0,0
b328972c4d8faea6d68efb2ee74e553d52936acb,1345224663,2,2,0,0,0,0,0,0,0,0,0,2,1.64,0.5,FALSE,0,0,0,0,0
da3156047f85df6466e77b04e24e695e40689a71,1345216634,2,2,1,0,2,2,0,1,0.24,40,106,445,375.81,223.5,FALSE,0,0,0,6,8
f9f08ba54fbd02d90026d4aef84ec31aa3de7cc4,1345216591,1,1,1,0,7,4,0,2,0.17,4242,196,444,374.81,342,FALSE,0,0,0,0,2
b43684262f17c02086b5edc1aac7c5fcb2829f26,1345201550,1,1,1,0,3,3,0,2,0.07,4242,195,443,373.96,341,FALSE,0,0,0,0,0
2120f78bd74dcd437bf7e85492d27e9eb91c11e2,1345197259,1,1,0,0,0,0,1,0,0,0,0,442,373.01,340,FALSE,0,0,0,0,0
2d896f22d6d319d6c436868e853ded9c9be59b1c,1345195722,3,3,3,0.10086,42,40,0,2,3.47,2733,82.67,441,372.02,161.333,FALSE,0,4,0,52,71
9fa0aebfe948573e2912b4e16e46e87837928407,1345194650,1,1,1,0,20,0,1,1,0.07,1556,85,440,371.03,104,TRUE,0,0,0,0,0
2ddc3af5ffc9addd6faa451515b39d4f28cde54e,1345188352,1,1,1,0,2,2,1,1,0.01,1556,84,439,370.09,103,FALSE,0,0,0,0,0
fd80e096ea50bc296bff42c11fb6cdc361c034e9,1345187403,2,2,2,0.264142,19,4,0,2,0.03,2890.5,109,438,369.1,220,TRUE,0,0,0,0,2
fab2d69fce5c5d7c99d5a8b69e59af5e4661a062,1345184699,3,3,3,0.338493,36,6,0,2,0.07,2066.33,80,437,368.13,173,FALSE,0,0,0,0,2
83d08e3aba7b44141c8dea009bcb28ddb5c35a7d,1345180928,1,1,1,0,2,1,0,2,0.04,4232,191,436,367.17,336,FALSE,0,0,0,0,2
bfea6bcacf67b28e629c3d103387b38f8b317476,1345177308,2,2,2,0.0789627,33,1,0,1,16.91,28.5,6,435,366.2,42,FALSE,0,0,0,38,8
feff34b021c567b1b895aaf338d1079cad08e806,1345177254,1,4,2,0.0458033,81,32,0,1,19.71,2094.5,3,434,365.2,40,FALSE,0,2,0,3,10
79fbade92ad29dc3b56cfc49a0bce7290ea01ed7,1345177205,1,1,1,0,2,2,0,1,3.86,1519,81,433,364.2,100,FALSE,0,0,0,0,0
bf508e453eb8673fa1ea273b0f8d40b6a3146c1b,1345177187,2,2,2,0.0789627,9,8,0,2,2.92,2339,107,432,363.21,207.5,FALSE,0,0,0,0,0
47b51c22faf86e16f6c42be91e92005668881f32,1344937015,2,2,2,1,2,2,0,2,16.35,584.5,46,431,364.56,206.5,FALSE,0,0,0,0,4
ebd16105f264a982bae121ecbe4b429cfaad2283,1344928347,1,1,1,0,2,2,0,2,0.04,1105,84,430,363.65,333,FALSE,0,0,0,0,0
01fb1a5775bf5ad692f6f5ff8aeac99faba985b6,1344924661,2,2,3,0.011352,109,100,0,3,0.88,1924.67,84.33,429,362.68,205,TRUE,0,0,0,2,9
b8c2a05db93baa4fa476bd566b2b0970da85643d,1344868646,1,1,1,0,6,3,0,2,0.41,4218,188,428,362.23,331,FALSE,0,0,0,2,0
4087dc5fe4d6fd944630503780b8fd05b2db7b15,1344843938,1,1,1,0,2,2,0,1,0.13,1519,80,427,361.48,99,FALSE,0,0,0,0,0
408029e6e06c561386fe232951372210a3fff30c,1344843877,1,1,1,0,13,2,0,2,0.13,1095,82,426,360.48,330,FALSE,0,0,0,0,0
23ff403529a23c72c4901a14dcb34668e078aa2f,1344833829,1,6,5,0.205763,219,108,0,1,25.29,1702.4,1.2,425,359.57,39,TRUE,0,1,4,6,0
be4f81f584219fbab6a8bbf6fa5949724c6bce7c,1344832901,1,1,1,0,6,7,0,2,6.83,1096,81,424,358.58,329,FALSE,0,0,0,0,0
361c91e6100046eaf346e0960187c8e94191aee3,1344832846,3,3,3,0.22503,40,12,0,2,2.94,2052,77.67,423,357.58,167.667,TRUE,0,0,0,2,0
2aa2ea9675236f4942c0b82cbe3c42e63d58e788,1344746824,2,2,2,0.647965,8,3,1,2,3.9,2853,104.5,422,357.42,212,FALSE,0,0,0,6,0
e084225edfb697439b205cc51921e32b633f6156,1344746174,1,1,0,0,0,0,0,0,0,0,0,421,356.42,326,FALSE,0,0,0,0,0
9ce342205b01751ade7855c3d271ee29cab32a8e,1344746106,1,1,0,0,0,0,0,0,0,0,0,420,355.42,325,FALSE,0,0,0,0,0
0edf50e00efbb97f44e6f2fce22d921d8a5424d4,1344496899,1,1,0,0,0,0,0,0,0,0,0,419,356.83,324,FALSE,0,0,0,0,0
1ea19daad92f4de90447a10ed2ef0e205c1b94c1,1344496595,1,1,1,0,3,0,0,2,2,4202,185,418,355.84,323,FALSE,0,0,0,0,0
32b302314e894997db3287ccfa18f8ab0a662220,1344352800,1,1,0,0,0,0,0,0,0,0,0,417,356.23,322,FALSE,0,0,0,0,0
ee197e02a2f6480c4d35bdad67c7c0fd67bfbba3,1344329237,1,1,0,0,0,0,0,0,0,0,0,416,355.46,321,FALSE,0,0,0,0,0
7cd6ffec2a1a98f166eec22e0ca8a7f1ce8a046a,1344324224,2,2,2,0.0710344,38,37,0,2,2.5,2120.5,116,415,354.51,211,FALSE,0,4,0,48,68
0077580838e489b4331345f9bb85299d4a3f7a26,1344323824,2,2,2,0.293634,11,10,1,2,0.86,2851,103,414,353.51,207.5,FALSE,0,0,0,0,2
4d85a79fd16433a321cae03cf24e1148b411364b,1344265434,1,1,1,0,7,2,0,2,0.26,4198,182,413,353.08,318,FALSE,0,0,0,0,0
a35139bb61e47cdbf052276d6f85b14a8c7f3a8a,1344243743,1,1,1,0,2,2,1,1,20.65,90,6,412,352.29,95,FALSE,0,0,0,0,0
f72b833724758fcab81359194cba1e1e948636e5,1344243107,2,2,3,0.210706,60,39,0,3,1.07,1906,81,411,351.29,196.5,TRUE,0,0,0,0,2
0e16bac6e27978219b8d74b7a5990e2c570a3c05,1344235103,1,1,0,0,0,0,0,0,0,0,0,410,350.37,101,FALSE,0,0,0,0,0
e17564b3623d60d783f349dabb78ef68bb5060ca,1344233018,1,1,1,0,21,0,0,1,0.02,1478,76,409,349.39,94,TRUE,0,0,0,0,0
90b66eddf5d0846f2f3fd45553c5b073ed197d5d,1344230954,1,1,1,0,8,2,0,1,0.93,1472,75,408,348.41,93,FALSE,0,0,0,0,0
2862a5849fea097fb0f91ce73f8db83ed016ca51,1344151758,1,1,1,0,6,3,0,2,0.01,4177,180,407,348.16,316,FALSE,0,0,0,0,0
7e839231ed79d142d48f52bb80166ff85f78e0b9,1344150540,2,2,2,0.0613135,34,9,1,2,0.29,2812,100,406,347.17,203.5,TRUE,0,0,0,4,0
fa56a4bb732877e6bbbeeac584b678748fec9d40,1344150153,2,2,2,0.0382233,87,47,0,2,0.28,749,59,405,346.18,194.5,TRUE,0,2,0,0,0
dff950748c9ffff1097a6745f22dbb2ebf2cc7e6,1344125589,2,2,2,0.0628815,66,39,1,2,2.7,735.5,58.5,404,345.41,193.5,FALSE,0,0,0,0,0
b7374e3f8e28b6a97d94807375114f09b6fe1e54,1344125545,2,2,2,0.958111,110,26,0,2,4.41,2770,99.5,403,344.41,201.5,TRUE,0,0,0,8,6
4244b92b08703cf74534b6307431aecb26d940d8,1343892819,2,2,1,0,35,35,0,1,3.43,39,103,402,345.61,205.5,FALSE,0,4,0,45,66
4f688028ad55e84865ddd4da706e391618dac599,1343892735,1,3,3,0.235034,123,68,0,1,21.52,1882,1.33,401,344.61,38,FALSE,0,0,11,2,6
5a9a18501d75cc5181fe3f91095b2fb2e7789db4,1343892499,2,2,3,0.152775,119,55,0,3,3.02,1847,79,400,343.61,191.5,TRUE,0,0,0,1,12
896b8f7cf110666d90cf1879025a002f4e9dbef3,1343631292,2,2,2,0.229363,11,2,0,2,0.42,726,57.5,399,345.09,190.5,FALSE,0,0,0,0,0
95bd1b014f2e06bbcc52036a84dabb5341f68b4c,1343630887,1,1,1,0,16,7,0,2,0.4,4071,176,398,344.09,308,TRUE,0,2,2,0,1
dbdf8642bbe5f1615fffbeca36cf9c7bf514207a,1343596685,2,2,1,0,35,33,0,1,4.53,37,102,397,343.42,203,FALSE,0,4,0,43,56
c3cd9007d23eda205ec2fdd71cbf0f9727ffc3ec,1343596654,2,2,2,0.0500365,51,1,0,2,0.29,2713.5,98,396,342.42,198,TRUE,0,0,0,2,0
8079fb5bc5f2ae5bdd65ed56ca6bed759fbe1971,1343594963,1,1,1,0,1964,1964,0,2,0,4071,174,395,341.43,305,TRUE,0,0,2,46,46
80d0b5d4ed954270c2be2a42951b405161218523,1343594901,2,2,3,0.498826,65,16,0,3,0.53,1824.67,77.33,394,340.43,187.5,TRUE,0,0,0,1,0
86bd847bf9a6b22d6022f246c65661a1368c53ac,1343548703,4,4,5,0.255011,171,91,0,3,4.25,1661.8,55,393,339.87,126,TRUE,0,0,4,0,18
943004844a946d8a80862021af557dd717ad9953,1343370036,3,3,3,0.471445,59,30,0,2,2.24,1898.67,70.67,392,340.55,153,TRUE,0,0,0,2,0
4ff12e04261bf2a2a42c5ae526d9d66a1e0f357a,1343205196,2,2,2,0.310917,5,5,1,2,0.49,2013,108,391,341.11,199.5,FALSE,0,0,0,1,0
0d7bdb6fa80adc326a2a085a2a42e9e43b3e5636,1343205148,2,2,2,0.0833803,64,33,0,2,0.98,2637,95,390,340.12,193.5,FALSE,0,0,0,0,0
6d488b6a81ad579c5c52264724cacbc1260422f6,1343121320,2,2,1,0,32,30,0,1,4.08,35,100,389,339.91,198,TRUE,0,4,0,40,47
f1d0263ffa2063bc96ef565bec6481d166170caf,1343121211,1,1,1,0,5,1,0,2,0.02,1026,73,388,338.91,298,FALSE,0,0,0,0,0
24035caadb9cce57897ce097d7d2d3e24c6c1ccc,1343121187,1,1,1,0,0,2,0,2,0.02,3989,168,387,337.91,297,FALSE,0,0,0,0,0
ed89a3e0f8524754f1f9c8650bda2c9200233f1b,1343119534,2,2,2,0.763543,24,10,0,2,0,2631,94,386,336.93,191,TRUE,0,0,0,4,0
7088ab89f17a33d95f57b9600408e38b503061fa,1343119298,3,3,4,0.270956,235,17,0,3,4.09,1615.25,60.75,385,335.93,149.333,TRUE,0,0,2,10,7
d4688bd76bb9e7b72dc8fe8b385cfc59b71d496b,1342768878,2,2,2,0.263123,37,38,0,2,0.56,1954.5,105,384,338.24,195,FALSE,0,4,0,43,46
befe0fccaf0bec08d29060add699988b6c44e6d3,1342764373,3,3,4,0.356889,85,69,0,3,1.03,1611.5,60.25,383,337.28,148,TRUE,0,0,0,1,0
a192410498753735248aae04ea4e2f00d2032027,1342699264,2,3,0,0,0,0,0,0,0,0,0,382,336.9,164.5,FALSE,0,0,0,0,0
d43ede3a118e93e44461457f75dfed4dcd2318c4,1342675967,1,3,3,0.46233,62,37,0,1,16.42,946.33,0.33,381,336.12,36,FALSE,0,0,0,20,0
9848ffb77f44010cbcb6acc909ed8359e211087c,1342675791,5,5,6,0.31276,189,96,0,3,1.39,1323.67,50.67,380,335.12,115.2,FALSE,0,0,0,24,30
7487497d1fc40bd055fb3b24177cd3ddabd08c24,1342601533,2,2,1,0,20,20,0,1,0.12,35,97,379,334.82,192,FALSE,0,0,0,28,18
be11c848f4b2cf9f66026abde05236d9a2699337,1342601468,1,1,1,0,36,13,0,2,0.04,1007,69,378,333.82,289,FALSE,0,0,0,0,0
9836b274b9abf4818890cbf6543261876a968fe9,1342598116,3,3,4,0.180025,92,18,0,3,1.77,1575,59.5,377,332.85,145,TRUE,0,0,0,0,0
a96d14566fbb74185c20ecec60bff118de0d60bb,1342592116,1,1,0,0,0,0,1,0,0,0,0,376,331.91,287,FALSE,0,0,0,0,0
1c8cd8c168212fc305e664798e71d4abbe857900,1342590795,2,2,3,0.586199,35,23,0,2,1.16,1648,75,375,330.92,183.5,FALSE,0,2,0,20,16
5f5806a98ef16f0154ed7192548811de7b6e1dd5,1342503681,2,2,0,0,0,0,0,0,0,0,0,374,330.74,189,FALSE,0,0,0,0,0
624b045ac0b740cd5b546631bbe2b239b9d5a711,1342503591,2,2,2,0.900084,24,4,0,2,0.38,2444.5,90.5,373,329.74,182,TRUE,0,0,0,0,0
0f8bae950ea179694c40844990eec183fe3e2648,1342481735,1,1,1,0,4,2,0,1,0.21,3803,159,0,0,0,FALSE,0,0,0,0,0
fcede4290312d240660d0935f5ed188d1cb4dfa5,1342477390,1,1,1,0,1,1,0,2,1.47,1006,67,372,328.98,283,FALSE,0,0,0,0,0
5defe7d97543b79e40aeb2ce1f4492240aa5a581,1342463688,2,2,2,0.293634,24,18,0,1,1.45,1916,101,371,328.11,187,FALSE,0,4,0,6,6
7e79903fe893338640a1b88fb3573174dca2812e,1342459271,2,2,4,0.0172679,1892,5,1,1,3.13,308,16.75,370,327.15,57,TRUE,2,0,48,82,30
a2fa52504c9610372896638294535c3509049708,1342350104,1,1,1,0,19,19,0,2,0.92,1006,66,369,327.16,281,TRUE,0,0,0,0,0
2629f85e739e6203553a9aff4cc09f8e2ed2f65f,1342338742,2,2,1,0,31,31,0,1,1.97,35,94,368,326.26,185.5,FALSE,0,4,0,44,48
8577816234ac1d908eed8382c32b79db30884316,1342338688,3,3,3,0.23602,311,12,0,1,1.98,2028.67,67.33,367,325.26,132.333,TRUE,0,0,0,1,1
e58d47a3b27d813d5be63445dadc1f6f8c288da2,1342270790,1,1,1,0,43,22,0,2,1.69,985,65,366,324.89,278,TRUE,0,3,0,0,0
c9c83ee7e6ef9a11cdd85e05050ee579aa18a0ae,1342261319,2,2,1,0,35,2,0,1,0.06,1238,36,365,323.98,158,FALSE,0,0,0,0,0
139693dce6865e28a90ce67ff28ed136dd1a0179,1342255910,2,2,3,0.200525,1348,278,0,1,0.54,382.33,12.67,364,323.03,36,FALSE,0,1,18,1,22
f98193d822f6555fd26406c7886eaa5112e11fe4,1342204881,1,1,1,0,15,7,1,1,11.49,48,10,363,322.49,37,FALSE,0,0,0,0,0
8052f1ac9dba0576f2f62060e1f1e55605def832,1342168430,1,1,1,0,1,1,0,1,0.49,35,93,362,321.83,276,FALSE,0,0,0,6,0
4f78a06993806f5d2a375e85d668fd53658817f5,1342167458,2,2,2,0.269965,118,40,0,1,1.51,2443,18,361,320.84,34.5,FALSE,0,0,0,0,0
6c4b4b392bf51eb8035a72072d4ea499e0ebd551,1342128775,1,1,1,0,41,25,0,1,0.09,995,33,360,320.19,35,FALSE,0,0,0,0,1
268fe34238c2260f22cc74aeeb49bdfd0a90b01b,1342126457,1,1,1,0,1,1,0,1,0.06,35,92,359,319.21,275,FALSE,0,0,0,6,0
cc620205d678e6f859b008b80c2c065ce00b7e3d,1342124730,1,1,1,0,32,0,0,2,0.04,953,64,358,318.22,274,FALSE,0,3,0,0,0
f0d7c97b7b5135dcea879d8ae7f79ce7b1aa1b73,1342122532,1,1,1,0,10,10,0,1,1.74,90,4,357,317.24,77,TRUE,0,0,2,0,0
660a6e9e4ce4a83717a31dd90b5de91a7749a0c6,1342121245,2,2,1,0,29,29,0,1,0.64,35,91,356,316.26,181.5,FALSE,0,4,0,43,50
3386c2a7a5b04ee895974878314bcf1f77c3cb9f,1342121118,4,4,6,0.33908,137,63,0,2,0.65,1187.67,42,355,315.26,111.5,TRUE,0,5,0,1,0
9530efb4d429bd43dc5dcc57557b805120558063,1342114368,2,4,3,0.159079,134,59,0,1,6.8,1066.67,19.67,354,314.32,53.5,TRUE,0,1,3,3,3
4293515b3d9d527d9cf96a92c2663325f04c10a0,1342113974,1,1,1,0,45,1,0,2,0.56,915,62,353,313.32,271,FALSE,0,0,0,0,0
61105e0679a729a0736651eff6e95fa8d53a7a82,1342078035,2,2,1,0,18,27,0,1,0.14,3757,155,352,312.64,179.5,FALSE,0,0,0,0,0
79a289c7e2e7f0dd70eef17f886ab7e4ec977b5c,1342073215,1,1,0,0,0,0,0,0,0,0,0,351,311.68,269,FALSE,0,0,0,0,0
46781e761401634585044f93241d0b776ceed31c,1342065996,3,3,4,0.184575,40,37,0,2,0.15,1432.5,62.5,350,310.75,143.333,FALSE,0,4,0,40,46
1f3546a9f6bc45a8a537a4f28c4e3d8c81bf558c,1342064232,2,2,2,0.0370515,79,59,0,2,0.6,632,49,349,309.76,165,TRUE,0,0,0,0,0
0dc88bb4126c28e290455dd18b33b94cf77f66c1,1342061176,2,2,2,0.299636,61,68,1,1,0.64,2395,86,348,308.79,169.5,TRUE,0,0,0,0,0
971a26c12375a8545a919b28dc76e6f150865e85,1342024958,1,1,3,0.808636,12,7,0,2,0.05,1569.67,76.67,347,308.1,265,FALSE,0,2,0,8,8
0976a3b721e410dd9b783464ffd97ab33351e497,1342020775,2,2,2,0.0904452,30,30,0,1,0.71,1911,95.5,346,307.14,175.5,FALSE,0,4,0,35,47
d4963615556d13c6c3d5f0e7f6430cf98c34e48e,1342020409,2,2,3,0.283432,29,4,1,2,1.32,1867.67,70.67,345,306.14,148,FALSE,0,0,0,2,1
60ed65a73a4bd710040ebc7c85b00a2397c0f28a,1342000459,1,1,1,0,2,2,0,1,0.01,347,6,344,305.32,62,FALSE,0,0,0,0,0
d1407b3bd07bdcda5694232b6981b2adb9e88a65,1341999625,1,1,0,0,0,0,0,0,0,0,0,343,304.32,262,FALSE,0,0,0,0,0
5ca2da76df0d1ecf869b8a1fd4e8ad7a15d39d72,1341999570,2,2,4,0.292136,28,19,0,2,13.21,416,25.75,342,303.32,161,FALSE,0,0,0,0,0
2ac887ff74c7f485984e358f707d2001c844499f,1341985970,2,2,2,0.734496,14,1,1,1,0.03,2387,84,341,302.44,166,FALSE,0,0,0,0,0
cbdc9c0be10291f5034492355e019486ebc4da76,1341983485,3,3,4,0.365273,39,4,0,1,13.19,1294.5,47.25,340,301.46,130,TRUE,0,0,0,2,0
b9bade8d5a0192348c409ecdbb1c0e145d7d74ac,1341976921,0,0,0,0,0,0,0,0,0,0,0,339,300.52,0,FALSE,0,0,0,0,0
eb43786641c162b610e33933ed33a470021a6148,1341972280,1,1,2,0.318398,23,26,0,1,0.45,535,27,338,299.56,70,FALSE,0,0,0,0,0
0515db3d7ca55d30346d5cd961f756daf34cffdb,1341970898,1,1,1,0,26,8,0,1,0.86,962,52,337,298.57,69,FALSE,0,0,0,0,0
db257778c09c93cdfa39607c86994ba3bb20ff2e,1341944795,2,4,2,0.839851,79,41,0,1,7.95,2933.5,0.5,336,297.79,58.5,TRUE,0,0,0,0,2
3b37d7489f926995716879d86370235839bd750b,1341898027,2,2,1,0,30,30,0,1,1.3,35,87,335,297.18,171.5,FALSE,0,4,0,46,46
329c7e8e05dbc0f1a5c9b967d62ec017fdf159ff,1341896766,1,1,2,0.490884,76,13,1,1,0.8,494.5,26,334,296.19,68,TRUE,0,0,0,0,0
fad9b4fa72200716c2e85ce76f0af30aedc37987,1341896722,2,2,3,0.490021,174,143,0,2,1.47,1662.33,65.67,333,295.19,158,TRUE,0,0,0,10,12
c1a81279ed70ef803e33f57cf61a84d1640de8b0,1341834875,2,2,4,1,3,3,0,1,0.17,56.75,3.75,332,294.71,161.5,FALSE,0,2,16,0,0
8bb35a17d2cdd0a7dc665ca079e202ec7e4cb1af,1341820603,2,2,6,0.216507,139,40,0,2,3.92,318.33,18,331,293.83,160.5,TRUE,0,2,10,0,0
36415054ead30126aedf2b5d39e96a8b476d9194,1341785410,2,2,1,0,23,23,0,1,0.6,35,86,330,293.12,169,FALSE,0,2,0,38,26
3e84cbae69f49ba52a48137b21231dc963fe43a6,1341785321,1,1,1,0,52,11,0,2,0.61,831,54,329,292.12,253,TRUE,0,0,0,2,0
f5f2bf7f464610110910ca9a776e6a57d535bd2e,1341756304,1,1,1,0,29,30,0,1,0.31,3746,146,328,291.36,252,TRUE,0,0,0,0,0
acb6656958810a9ef818ed0ee2018964caffe6d5,1341733251,2,2,1,0,31,30,0,1,2.67,34,85,327,290.55,167,FALSE,0,4,0,50,44
9d70d7c27e56e75408980d82471f737911a43371,1341733178,1,1,1,0,5,4,1,1,0.01,368,53,326,289.55,58,TRUE,0,0,0,0,0
648a6afb25a973157ce722373198705a754422ae,1341732700,1,1,1,0,93,7,0,1,2.67,846,30,325,288.56,32,FALSE,0,0,0,0,0
57ae1925b14ef5be73b8247e6f49fa64387ab075,1341732616,1,1,1,0,9,1,1,1,0.03,360,52,324,287.56,57,TRUE,0,0,0,0,0
d49318582f13e1546d5de148c09649ef699d5cab,1341732498,1,1,1,0,97,29,0,2,2.65,763,53,323,286.56,250,FALSE,0,0,0,0,0
83e3f830e669572af1ba91412e7cf22444f13add,1341729639,2,2,2,0.47756,7,7,0,1,0.03,2053,81,322,285.58,152.5,FALSE,0,0,4,0,0
04d4353c0f228392acb2eb306f581d20941a00ca,1341726933,2,2,2,0.210758,43,13,0,1,2.05,2038,80.5,321,284.6,151.5,FALSE,0,0,1,0,2
6d217fc097c374b266eef2efb1790c1dbe65b323,1341598484,1,1,1,0,9,8,0,1,0.97,3721,143,320,284.64,247,TRUE,0,0,0,0,2
9d7136c63c7274259a734161fdf73adc4434cefb,1341514587,2,2,2,0.0765259,30,5,0,1,0.11,2302,78.5,319,284.32,155.5,TRUE,0,0,0,0,4
51a679d60a02b3fbea6eac89f52813aa3b123deb,1341508785,1,1,1,0,7,0,0,1,5.69,876,48,318,283.37,64,FALSE,0,0,0,0,0
7d4d28614ae688da3447655db3148ff080869f41,1341503500,1,1,1,0,4,1,0,2,0.02,760,52,317,282.41,245,FALSE,0,0,0,0,0
c75cfaf6927a47b8444d9ccbafabe1662023e3f2,1341502168,2,2,1,0,29,28,0,1,3.32,33,84,316,281.42,163,FALSE,0,4,0,48,40
fe6aa8a6fc0a2a5cd9412a8cc28cf65953314969,1341501977,3,3,4,0.156152,109,69,0,2,2.57,1410.25,51.25,315,280.42,109.333,TRUE,0,0,0,0,0
a5fe1eb5fb410c7aedd961c7830580d1271ff455,1341446845,1,1,1,0,65,35,0,1,2.68,3657,140,314,279.86,242,TRUE,0,0,0,0,0
5afd37c92ce55a8454cfcf9851f5bdd4cc6185f4,1341446795,1,1,0,0,0,0,0,0,0,0,0,313,278.86,241,FALSE,0,0,0,0,0
293d0409c6700580d8abf82a5c6c85c5bac30e02,1341331574,1,1,0,0,0,0,0,0,0,0,0,312,278.77,240,FALSE,0,0,0,0,0
4352f18dd3ae9b413406af0c34dd4eb0a1788f90,1341266349,1,1,1,0,23,7,0,1,0.62,830,28,311,278.29,30,FALSE,0,0,0,0,0
0ae7fe9df503ee29a8adae4c255978f6e3443919,1341257534,1,16,28,0.236169,70141,0,0,0,0,0,0,310,277.36,30,TRUE,239,2,700,1778,661
5048f0422d9428b9511182fc29518b097fc800f2,1341257487,1,4,3,0.00399055,0,31392,0,1,34.86,10464,5.67,309,276.36,29,FALSE,167,0,216,158,234
c46a36f8eda39a04be240e00ee40b8f76a37b30c,1341256968,2,2,3,1,3,3,0,1,33.63,43.33,4.33,308,275.37,151,FALSE,0,0,0,0,0
90e2bd0372382f748d71aec7dc68ec9192c4065b,1341214981,1,1,2,0.553262,28,28,0,1,0.03,1845,87.5,307,274.7,238,FALSE,0,2,2,40,24
10fbc8a04bf0a24a399fa0beb1337715fa24229c,1341212463,2,2,1,0,28,27,0,1,2,32,82,306,273.72,159,FALSE,0,4,0,48,40
fb818f377505f07b1cf397705375d44a7c9be1a5,1341212401,1,1,1,0,9,8,0,1,0.12,3656,138,305,272.72,236,FALSE,0,0,0,0,0
434e23c2096fc723364705d130dd19c32431e6e5,1341212373,1,1,2,0.0329957,152,2,0,1,15.42,364,14.5,304,271.72,29,FALSE,0,0,0,0,0
fe53bd6475b3012209ae778b7909ac26183a1e54,1341203176,1,1,1,0,1,0,1,2,0.01,758,50,303,270.79,235,FALSE,0,0,0,0,0
268ce91c65caed431fde71e2c8540d23381d68ab,1341202075,1,1,1,0,49,4,0,1,12.8,635,26,302,269.8,28,FALSE,0,0,0,0,0
3b4074bfc7d4a3e2600846b990608279fc7c7cde,1341202042,2,2,3,0.18626,113,73,0,2,1.96,1574.33,60,301,268.8,143.5,TRUE,0,0,8,0,1
6af46521619c8bf45b704d9592bfb3ac3b4ed4cc,1341039981,2,2,3,0.24948,99,51,0,2,0.27,365.67,47,300,269.04,142.5,TRUE,0,2,0,48,40
3717d301884f2655468d8ddde7b427fe4d743231,1341016911,1,1,0,0,0,0,0,0,0,0,0,299,268.22,28,FALSE,0,0,0,0,0
4cf2e83418e330f360978e9d87067dc62b607e7a,1341016872,4,4,5,0.370694,54,10,0,2,0.19,1107.8,44,298,267.22,106.25,FALSE,0,0,0,2,6
1228639103ff5edb58b6610ca589691f334cf922,1341012816,1,1,1,0,8,0,0,2,0.02,715,46,297,266.25,231,FALSE,0,0,0,0,0
e12d67de9473bd4e51e4080ad2eb7cd71ea24d16,1341011353,2,2,1,0,28,28,0,1,0.63,32,79,296,265.26,154.5,FALSE,0,4,0,50,42
10bcb37ca54d02d79ad3b1c0bfc78d92b2bd4c69,1341011225,2,2,2,0.097504,44,54,0,1,0.66,1964.5,75.5,295,264.26,139.5,TRUE,0,0,0,0,2
e973598bffd5623771b2822773648a4516edac33,1341011130,1,1,1,0,88,1,0,2,0.66,628,45,294,263.26,228,TRUE,0,0,0,0,0
3a5129694d4c5cb1a864ce32bda4da6814e669ba,1340956982,2,2,1,0,28,28,0,1,0.75,32,78,293,262.67,152.5,FALSE,0,4,0,50,42
a1e0fbea8bc36a345683a80bb1a6612c21147acc,1340956918,2,2,1,0,2,2,0,1,3.03,865,46,292,261.67,143.5,FALSE,0,0,0,0,0
0bf374454eb3a0a9f1f49a88b493d171f7d56112,1340956835,1,1,0,0,0,0,0,0,0,0,0,291,260.67,225,FALSE,0,0,0,0,0
5e592fbf29124c0116a864e53500ce995835d5f6,1340956734,0,0,0,0,0,0,0,0,0,0,0,290,259.67,0,FALSE,0,0,0,0,0
ad4101bc99394adc02d588f6fa2ecb3bed6fe0c4,1340953891,2,2,3,0.12017,73,34,0,2,6.57,1511,57.33,289,258.69,136.5,TRUE,0,0,0,4,0
2d057d92cf8004aa6625af32f38355d37a739b3e,1340947278,0,0,0,0,0,0,0,0,0,0,0,288,257.74,0,FALSE,0,0,0,0,0
00d1cc9bf84355f35268d24201e02feaec6a00b1,1340891770,1,1,2,0.828997,16,16,0,2,0.01,1796.5,82.5,1,1,1,FALSE,0,0,0,23,10
2c1ec5fe750eeae7535249675091e69529c8a0ee,1340891114,1,1,2,0.0872788,32,30,0,1,1.55,1795.5,82,0,0,0,FALSE,0,4,0,50,42
81b28d005d391877cb107be52b8c1ba65bafce14,1340819506,1,1,1,0,1,1,0,1,1.44,3559,131,287,257.68,223,FALSE,0,0,0,0,0
6a90616b9941eb311e7871431d4d7cea2bc10435,1340697976,1,1,0,0,0,0,0,0,0,0,0,286,257.58,222,FALSE,0,0,0,0,0
d5be43695a72fce063ffb70824bd16ca45e4a4a5,1340695903,0,0,0,0,0,0,0,0,0,0,0,285,256.59,0,FALSE,0,0,0,0,0
0a93b81ae7100f7ae6b482190d03db8b83107d0f,1340695688,2,2,1,0,17,17,0,1,6.94,32,75,284,255.6,149,FALSE,0,0,0,28,24
65f8da165455ac629d55c105d2898f531b15d7c5,1340695433,2,2,2,0.639571,20,5,0,1,0.04,2204.5,71.5,283,254.6,140,FALSE,0,0,0,1,0
911014db95075afc379a7978abceab9b6c8ed66f,1340692363,1,1,1,0,21,8,0,1,0.01,3545,129,282,253.62,219,TRUE,0,0,0,0,0
313ee13f18dd7ed8451dc05a1950d986eb3162e5,1340691524,2,2,3,0.0643952,115,112,0,2,10.32,1673.67,57.67,281,252.63,138.5,FALSE,0,0,0,4,4
addad04c441b81631929080d353fabf5aa189700,1340159668,1,1,0,0,0,0,0,0,0,0,0,3,3,3,FALSE,0,0,0,0,0
e3789e5b64947c0dd082b05923d83801da54bbfe,1340159569,1,1,0,0,0,0,0,0,0,0,0,2,2,2,FALSE,0,0,0,0,0
410315ce355387232a2e41c2db6d7057d31628d6,1340159038,1,1,0,0,0,0,0,0,0,0,0,1,1,1,FALSE,0,0,0,0,0
90998da30878173c22c4c342599661aed4628c12,1340157230,1,1,0,0,0,0,0,0,0,0,0,0,0,0,FALSE,0,0,0,0,0
6fa5b13e10921b0f4bf3d2c5ea92cf34b0967a23,1340098947,2,2,1,0,2,1,0,1,0.03,3557,127,280,255.98,146.5,FALSE,0,0,0,0,0
93067c2d523d326ad02ea13b7fb7e8dd08868485,1340096165,2,2,1,0,11,11,0,1,5.1,32,74,279,255,145.5,FALSE,0,0,0,20,14
b2079b7007c8a6a8f3e6ae7aeec9ac1fb05aec64,1340096063,2,2,2,0.310917,9,11,0,1,3.08,2097,71.5,278,254,121,FALSE,0,0,0,0,0
b643dd074c079ce5d76c24df2b13bf8e738d6f63,1339893355,1,1,1,0,36,36,0,1,2.75,635,24,277,254.51,26,TRUE,0,0,0,0,0
a3932c75e15f5f0213c01a8c0cca30cfcb02b0d9,1339853676,1,1,0,0,0,0,0,0,0,0,0,276,253.81,214,FALSE,0,0,0,0,0
1cd3b9ec47a285b3965ad3c2ba6d505f0ff65c6e,1339794941,1,1,0,0,0,0,0,0,0,0,0,275,253.24,213,FALSE,0,0,0,0,0
0c77f420800d7d182345bd70f933c7bd55ee67e2,1339765923,2,2,1,0,1,1,1,1,1.27,3559,125,274,252.46,143,FALSE,0,0,0,0,0
cea122db38a8478e85cac7572a2c82786aab02de,1339733526,1,1,1,0,1,1,0,1,1.99,1,15,273,251.7,27,FALSE,0,0,0,0,0
966f9fcd0718a1387c9b7655863f13dde4095ffc,1339702237,1,1,0,0,0,0,0,0,0,0,0,272,250.93,211,FALSE,0,0,0,0,0
6ce9df8504b4b9c628f10ecf89cb160b03166753,1339655922,5,5,4,0.204313,32,29,0,1,6.35,1065.25,42.75,271,250.27,78.4,FALSE,0,0,0,20,20
2a0b2238960617de5463959a0bcd01b888c058da,1339653660,1,1,1,0,19,20,0,2,0.45,629,42,270,249.29,209,FALSE,0,0,0,0,0
c2db18082923f30d8c2e630668c2c8e4dace59e9,1339650368,1,1,1,0,1,2,0,1,0.03,3556,123,269,248.31,208,FALSE,0,0,0,0,0
3223e4ffa5c2bbc6b2f261963350dc956849b620,1339648154,2,2,1,0,28,28,0,1,1.18,32,72,268,247.33,139.5,FALSE,0,4,0,48,42
24c9b6e211fa44ee5b4ffb6563c43b698dc7ac92,1339648116,3,3,3,0.146709,112,89,0,1,0.86,1571.33,50,267,246.33,103.667,TRUE,0,0,0,0,2
e5555dd26aa7fcb402d2c08923f22d202e69a1a8,1339615606,2,2,1,0,40,35,0,1,0.65,3554,121,266,245.56,138,FALSE,0,0,0,0,0
ee2d0ddf8a19d11b14ad609dc135921cd41a1c15,1339614920,1,1,1,0,1,4,0,2,0.79,632,41,265,244.57,204,FALSE,0,0,0,0,0
aef130b396d18f96b380ed332c91ef991b427a50,1339561263,1,1,1,0,1,1,0,1,2.02,1,14,264,243.95,25,FALSE,0,0,0,0,0
fbdadec5e59a92c57b57fe425d379ad59a3a7e1d,1339559106,3,3,2,0.438746,24,6,0,1,0.61,2174.5,66.5,263,242.97,109.667,FALSE,0,0,1,0,0
a0683390796b3c53bb37bc2c30002f76a336cc42,1339559061,1,1,1,0,4,4,0,1,2.42,635,22,262,241.97,24,FALSE,0,0,0,0,0
3f07d3ec55dced37e2d207dd26e6fe1b73fef275,1339546552,2,2,3,0.190773,32,29,0,2,1.26,334.33,41,261,241.06,124.5,FALSE,0,4,0,46,41
62e7da9d8a672cd26a1a75a4a7192950a42327ae,1339543741,2,2,1,0,26,26,0,1,0.86,32,70,260,240.08,135,FALSE,0,4,0,44,41
b60d43e5f6831a4d1c80702d9a87907b782ab84a,1339543727,2,2,2,0.110372,17,8,0,1,0.86,1942,67,259,239.08,123,FALSE,0,0,0,0,0
a5873a3158b94322c9457acaa0a18b579816e7da,1339469364,2,2,2,0.386149,29,21,0,1,0.48,1784.5,72.5,258,238.6,133.5,FALSE,0,2,0,36,26
3a698eb0ed1232ce3e322ad94b9e975e80abb4a9,1339468674,3,3,3,0.927184,9,4,0,1,2.76,1555.33,48,257,237.61,99.3333,FALSE,0,0,0,0,0
1e2ef542e4cda52e0692c67005185a5daf51e19a,1339387721,2,2,2,1,4,4,0,1,1.17,1784.5,71.5,256,237.17,132,FALSE,0,0,0,0,2
94e8af4d936febc96a40178ddd48459ce195ff2d,1339387123,1,1,1,0,1,1,0,1,6.99,1,13,255,236.18,24,FALSE,0,0,0,0,0
250a0ab5eb24e0d24c982d53b58b8788d7af57fb,1339350405,1,1,1,0,12,0,0,1,3.57,623,21,254,235.43,23,FALSE,0,0,0,0,0
2da05d88a0db9a80029265ee164555c43751c760,1339347254,2,2,1,0,4,1,0,1,1.52,3534,115,253,234.46,131,FALSE,0,0,0,0,0
7faa849a8990d54ff8e953bca2bbf66aaabb4c2e,1339226250,1,1,0,0,0,0,0,0,0,0,0,252,234.3,195,FALSE,0,0,0,0,0
c5bceb8fc8990b1bde14a37a5457c5c718f1ad52,1339225896,2,2,1,0,10,10,0,1,1.6,32,67,251,233.3,129.5,FALSE,0,0,0,12,15
1e94b93ce648007f62a0753e55fe763a2233369e,1339225857,1,1,1,0,148,53,0,2,1.99,537,39,250,232.3,193,FALSE,0,0,0,0,0
3f7bccf2e6955bfa355287a5d1c9243a7afaaf2f,1339216263,1,1,0,0,0,0,0,0,0,0,0,249,231.36,23,FALSE,0,0,0,0,0
181b869109518fec775d0e75bd870316439bacf3,1339216191,2,2,2,0.137367,24,17,0,1,2.01,1933,64.5,248,230.36,118,FALSE,0,0,0,0,0
2332245be1fed1dbb6c17c98e3c3b9d963eab6c3,1339087493,2,2,1,0,23,22,0,1,0.54,31,66,247,230.24,127.5,FALSE,0,0,0,43,36
3c6999f3a4c04bf8fbe944a9b72b2ae1ded2bdd2,1339087344,2,2,2,0.390099,227,87,0,1,1.69,2088.5,63,246,229.25,122,FALSE,0,0,0,4,4
5f2f15b9765d5f7eeff6a984955eb45bc8936e40,1339054021,1,1,1,0,18,7,0,2,0.21,526,38,245,228.47,189,TRUE,0,0,0,0,0
47dfb5b6b725a04a94e9d54a586b4a3af16bc688,1339042053,1,1,1,0,4,4,1,1,3.09,623,20,244,227.55,22,FALSE,0,0,0,0,0
c410c1293e8bd9151b0a913205cdbffcfa06e030,1339040921,2,2,1,0,27,28,0,1,0.33,32,65,243,226.56,125.5,FALSE,0,4,0,48,42
ca1c732f31eaa6c525ed4bb4dce9d0706fd1367d,1339040730,1,1,1,0,45,52,0,1,0.05,3470,112,242,225.56,187,FALSE,0,0,0,0,0
5e8c373bf439d7c678f79b7a1598995e2adbc9be,1339036097,1,1,2,0.0408002,33,30,0,2,0.35,1996.5,69,241,224.59,186,FALSE,0,0,0,0,0
51a459fe48c5c4d9a63a498426f68521146346b3,1339012600,2,2,2,0.82605,29,26,0,1,0.4,1748,67,240,223.75,123.5,FALSE,0,0,0,20,16
03c07abbc3bc9c1e30204851b9f0ed3b6489dc7c,1339000726,1,1,0,0,0,0,0,0,0,0,0,239,222.83,184,FALSE,0,0,0,0,0
5eabe1a172f618c4b8412ff291946c328c12bbb6,1338998509,3,3,3,0.49976,16,6,0,2,0.79,1439.67,48,238,221.84,95.6667,TRUE,0,2,0,0,4
5b6ea7afb29ee2b0dc00fa17d837cdc9d948640f,1338958377,2,2,3,0.331152,18,16,0,2,0.99,1337.67,52.67,237,221.11,121,FALSE,0,0,0,0,2
7c1c5e70ca7f11066f8d9bfd3a037c709ba4a68e,1338958231,1,1,0,0,0,0,0,0,0,0,0,236,220.11,22,FALSE,0,0,0,0,0
d475f8f965c33dd53af87f6150407fc92b16c879,1338873653,2,2,1,0,2,2,1,1,0.11,3456,107,235,219.66,120,FALSE,0,0,0,0,0
fd239076ddfcaae4352a78495668af3bd9cdb889,1338872866,2,2,2,0.0445446,29,29,1,1,0.27,184,42,234,218.67,111,FALSE,0,4,0,48,38
5f786bbe47a2cc6089372f3b64597aecdf07c4e2,1338871040,1,1,1,0,33,13,0,2,0.42,505,34,233,217.68,179,FALSE,0,0,0,0,0
f66dc6bed8bba9b65c2c0191fa1ad8763b8de096,1338864573,1,1,2,1,2,2,1,1,0.27,1744,64.5,232,216.72,178,TRUE,0,0,0,6,4
52c36ac445f5a32c561c490f5e11e00d0345cc5b,1338842718,2,2,1,0,2,2,1,1,0.04,3456,105,231,215.86,117.5,FALSE,0,0,0,0,0
8f6a78cba5cca14e28197829adda29024cb64af5,1338842317,1,1,0,0,0,0,0,0,0,0,0,230,214.86,176,FALSE,0,0,0,0,0
7053e9113f59247cb2df7d247ef84f1811871192,1338841103,1,1,1,0,11,0,0,1,0.04,703,39,229,213.87,53,TRUE,0,0,0,0,0
89f9ab99409f52a707c21316a9d089eb6d777d55,1338839094,2,2,2,0.0888343,31,30,0,1,0.29,1743.5,63.5,228,212.88,116,TRUE,0,4,0,45,42
240bc40b39ceb29b8eca71f64f2aedd7e918db77,1338837709,2,2,2,0.377073,29,5,0,1,0.03,2067.5,57.5,227,211.89,113,TRUE,0,0,0,3,4
74649b5f288048736cba23b6cb2071cfc60a016e,1338835176,3,3,4,0.150392,177,60,0,2,0.61,1214.75,36.5,226,210.91,88.3333,TRUE,0,0,0,0,0
b484d4b2dcf0d85fda99b6a8e6cff55b0fdc1e71,1338790392,2,2,2,0.187793,31,31,0,1,0.04,1716,62,225,210.19,114,FALSE,0,4,0,42,44
da1124dd378c6aa564ab83845983ad16c9dd4740,1338790361,2,2,2,0.0414987,59,34,0,1,0.21,1855,57,224,209.19,105.5,FALSE,0,0,0,0,0
210485d0be62a6b0c58de9d95ce1fe9eb43c7a3f,1338782906,2,2,2,0.0471338,28,27,0,1,6.28,15.5,34.5,223,208.24,95.5,FALSE,0,4,0,42,44
d9aee5ae605ecbaa8d11d9fb4b2a4569074085e3,1338775115,3,3,1,0,26,26,0,1,2.88,30,57,222,207.29,81.3333,FALSE,0,4,0,47,37
9ac64623fc6945bfd33a2037dfa2357ea90a7932,1338774996,3,3,4,0.271399,193,47,0,2,1.72,1245,37.5,221,206.29,79.6667,TRUE,0,0,0,0,1
6ea4226680e8ff737d269ec32ced10fa15b1b312,1338770191,1,1,1,0,3,0,0,1,3.39,328,34,220,205.32,39,FALSE,0,0,0,0,0
c1416bba39c669838d0fffa4b1db920d8474cc8c,1338770122,1,1,1,0,3,2,0,1,0.81,545,18,219,204.32,20,FALSE,0,0,0,0,0
ddb3ab32380977289c09efdbd5e40d12c969210e,1338699972,1,1,1,0,2,2,0,1,2.2,545,17,218,203.74,19,FALSE,0,0,0,0,0
5e7c9698c7d7ea354dc21101233c41b58a9a894a,1338699940,1,1,1,0,14,14,0,1,2.23,3342,98,217,202.74,167,FALSE,0,0,0,5,6
4c66b95516576aa2e49a24e2c718e9241d7a8fd2,1338558089,1,1,1,0,4,2,1,1,2.02,46,8,216,202.6,18,TRUE,0,0,0,0,0
2d03060a0d07568b6aab38cfc76b906727c42991,1338527924,1,1,1,0,2,2,0,2,0.02,503,31,215,201.78,166,FALSE,0,0,0,0,0
3313b0aa42ae31b07d8137bdb3ccc21a1de22895,1338526490,2,2,1,0,26,26,0,1,2.06,30,56,214,200.79,109.5,FALSE,0,4,0,50,29
5d2928d2b3f73af9c23bf87d3bcbec8e9f760ea8,1338526477,1,1,1,0,3,3,0,2,0.56,503,30,213,199.79,164,TRUE,0,0,0,0,0
f6e2ae41d6dc6f42c447b3c01a0568c70647206a,1338509686,1,1,1,0,142,23,0,1,1.46,426,16,212,198.89,17,FALSE,0,0,0,0,0
7ccb038b6d6ebcb306715406f0d3d20676968967,1338507647,1,1,1,0,10,0,0,1,0.01,579,35,211,197.9,49,FALSE,0,0,0,0,0
7d62bbf74f42ec3b05f0b180a15b850bb48fb155,1338506869,1,1,1,0,12,4,0,1,0,3334,97,210,196.91,163,FALSE,0,0,0,0,0
3d8cc32302d3f2e4e1fa85c9b2f0c9ddd412ba73,1338506625,2,2,2,0.868102,106,20,0,1,0.33,1913.5,53.5,209,195.91,105,TRUE,0,0,0,4,0
861eea51484df9b930c6be1f82f8f0b604b6ef42,1338478173,2,2,3,0.71232,43,19,1,2,0.69,1435.33,43.33,208,195.08,104,FALSE,0,0,0,2,3
b432721fe5ba28cd6db96ebe155eaf225fbaac4c,1338477241,2,2,3,0.227065,41,26,0,2,1.71,1374.33,41.33,207,194.08,99,FALSE,0,0,0,0,0
f13a0cc7e0a1f298d880500a8cd0c7f45c61bd94,1338383801,1,1,2,0.0570388,34,12,0,1,3.45,225,8,206,193.62,16,TRUE,0,0,2,0,0
1f7e37a1a35fc3410f172dd6d44cb173ca0f3b8e,1338364994,1,1,0,0,0,0,0,0,0,0,0,205,192.73,159,FALSE,0,0,0,0,0
548e9cac26bc28fc6f3d2d9cab59fcd3138b8d6f,1338364379,1,1,0,0,0,0,0,0,0,0,0,204,191.74,53,FALSE,0,0,0,0,0
0d2a1641c97b8d17477bb9aba82dc749194914cc,1338364304,2,2,1,0,10,4,0,1,4.16,398,14,203,190.74,86.5,FALSE,0,0,0,0,0
a67281f8e7a0143344a447c34df342847fed5ff5,1338355431,1,1,0,0,0,0,0,0,0,0,0,202,189.79,157,FALSE,0,0,0,0,0
281475e6ef721251545285fba629537c0fccd23a,1338348077,2,2,3,0.86129,7,7,0,2,0.39,1275,45.33,201,188.83,104,FALSE,0,0,0,2,2
a5712fc873a7a0e4af44e4f1d9823ff7f7bfb205,1338321122,1,1,2,0.0154351,88,71,1,2,1.87,261,40,200,187.98,155,TRUE,0,0,0,5,2
205ded45e276531fc7910c05c4bcf1e62f64531a,1338301112,3,3,1,0,13,13,0,1,0.02,30,53,199,187.09,74.6667,TRUE,0,0,0,24,11
8ef039b9dbff905431c9428cb3729e05f29ce2a7,1338301075,1,1,1,0,1,1,0,1,3.42,496,32,198,186.09,46,FALSE,0,0,0,0,0
3d2428b27877229feb5c30968e4626f998eb2b07,1338300894,0,0,0,0,0,0,0,0,0,0,0,197,185.1,0,FALSE,0,0,0,0,0
35d5704e3f192f91fd497ee2e447ca25bb807c1b,1338300880,1,1,1,0,1,1,0,1,3.42,3287,91,196,184.1,153,FALSE,0,0,0,0,0
c1860d30d648217b036c0e963d3442682077c094,1338299351,1,1,2,0.734496,2,3,0,1,3.33,1658.5,54.5,1,1,0,FALSE,0,0,0,0,1
e0fba5cb5148a7a2c96b4d22717ffc4063e8477c,1338291603,1,1,1,0,1,1,1,1,3.17,328,32,0,0,0,FALSE,0,0,0,0,0
570ba189ede87deaeaeb25439db098959c971138,1338017763,2,2,1,0,26,26,0,1,0.51,30,51,195,184.67,101,FALSE,0,4,0,48,28
e335e0fd72a393a2d3738ff88d068988940b31a2,1338017739,2,2,2,0.0124182,70,28,0,2,1.1,389,24.5,194,183.67,94,TRUE,0,0,0,0,2
74a2d8dcb1a0f3fcf31e8dc5ec77dc81276cf23d,1338005563,1,1,0,0,0,0,0,0,0,0,0,193,182.73,18,FALSE,0,0,0,0,0
43ea0c9072175db6711209ab9208edfa81dbe65f,1338005364,2,2,1,0,1,1,0,1,0.37,496,31,192,181.73,97.5,FALSE,0,0,0,0,0
dde3eb2e36200b405537e1956a5c1a48ed5f5929,1338005351,1,1,1,0,1,1,0,2,1.59,451,24,191,180.73,149,FALSE,0,0,0,0,0
2008bf90afcf02e189021acfbed76cd5345540ef,1338005270,2,2,2,0.752723,23,4,0,1,0.88,1833,49,190,179.74,81,FALSE,0,0,0,2,0
06ffa93bd04d953e5368bf886348016bb03cdc32,1337973483,2,2,1,0,26,26,0,1,1.03,30,50,189,178.91,98,FALSE,0,4,0,48,28
5da03cac79499e4f921b3768616bd55f968eae49,1337973399,1,1,1,0,2,1,0,1,0,3283,89,188,177.91,146,FALSE,0,0,0,0,0
8a5eb89aa879e977812570d251987af222a8a26e,1337973316,2,2,2,0.0789627,17,0,0,1,1.02,1881,48.5,187,176.91,94.5,FALSE,0,0,0,0,0
f81ede2fd627c5726fefd50ff7a15249937998c2,1337896955,1,1,0,0,0,0,0,0,0,0,0,186,176.32,144,FALSE,0,0,0,0,0
6f7df67ded34e3edaa5c270258dd836c05ea0026,1337894375,1,1,0,0,0,0,0,0,0,0,0,185,175.33,143,FALSE,0,0,0,0,0
bb9ad69219b9b93b8457c7872d4932e6f26a1d5d,1337884788,4,4,4,0.21613,39,33,0,1,0.27,1042,29.75,184,174.38,61.5,FALSE,0,4,0,50,28
8f7667a524433ea35a73bffa52fcf6038831692e,1337868152,3,3,4,0.299298,52,90,0,2,0.45,1156.75,31,183,173.47,65,FALSE,0,0,0,2,2
86e125a6f3a9267954c276d7da2e8ddb8cadb1ce,1337840680,2,2,1,0,26,27,0,1,0.03,31,48,182,172.61,93.5,FALSE,0,4,0,52,28
8b3ba13ff08a8c26c0075a3185ff3a18834832ff,1337840635,1,1,1,0,26,10,0,1,0.04,335,10,181,171.61,11,FALSE,0,0,2,0,0
82f062caf266543a62baa19b56491e027fe34ae2,1337839405,2,2,3,0.316756,1,10,0,2,1.39,1370,37,180,170.62,87.5,FALSE,0,0,0,0,2
67303eb9fbf45ba9462e0d11e50c37876b4d88e9,1337838081,3,3,2,0.15876,5,4,0,1,0.01,1677,49.5,179,169.62,67,FALSE,0,0,0,7,8
af3ded68c48373c2f9fd4b7eaf85d1ee2bedf56a,1337838024,1,1,1,0,2,6,0,1,0.01,3327,83,178,168.63,137,FALSE,0,0,0,0,0
b94eb44e184394c537039161dbf3ac87fa772074,1337837153,3,3,2,0.187793,31,31,0,1,0.35,42,25,177,167.63,74,FALSE,0,4,0,51,26
c62b24b024d799586840fd68ed89b6682a50de34,1337837108,2,2,2,0.901063,90,9,0,1,0.35,1790.5,44.5,176,166.63,72.5,FALSE,0,0,0,1,2
baa37450ccebeda149dfad834cdc8c314d64efe0,1337807181,2,2,3,0.369392,47,45,0,1,1.48,1127,32.33,175,165.78,87,FALSE,0,4,1,46,26
231fd46cd21617872fbc910cb840d5be5924defa,1337806834,1,1,2,1,6,2,0,1,0.36,162,4.5,174,164.78,9,FALSE,0,0,4,0,0
b2728d990231ccac2712d24e91b6d8c381f3f21b,1337799135,2,2,1,0,5,3,0,1,0.52,3295,80,173,163.82,88.5,FALSE,0,0,0,0,0
451a33f5262a3aa9a713ca24fd826152bb79a035,1337797845,1,1,1,0,37,2,0,1,0.51,247,7,172,162.83,8,FALSE,0,0,0,0,0
3670bce918b13567e044fc645fc9d0bf53d9de2f,1337797731,1,1,1,0,21,0,0,1,0.54,481,27,171,161.83,39,FALSE,0,0,0,0,0
afb041b23cd12324d72d53823509170721450508,1337754025,2,2,1,0,26,26,0,1,0.05,31,44,170,161.04,87.5,FALSE,0,4,0,50,24
5315058e2d9094276738076b61a193e21eba54f5,1337753975,2,2,3,0.187513,53,9,0,1,1.5,1180,28,169,160.04,69,FALSE,0,0,0,0,0
26d9cc972e8aef3254a9c509a20a0a1ae241a6dd,1337750734,1,1,1,0,9,0,0,1,2.09,472,26,168,159.06,38,FALSE,0,0,0,0,0
52ae87812e908a1a26930c603be3b6eb11d81aa7,1337749295,2,2,1,0,27,26,0,1,1.39,30,43,167,158.06,86,FALSE,0,4,0,50,24
f8af24b3839c09e46ff99904b62d3a27d5a68a77,1337748759,2,2,2,0.775805,7,17,0,1,1.52,1818,44.5,166,157.07,82,FALSE,0,0,0,0,0
b38947146e145a38ed588cdf81a86a44dad2ab7f,1337748203,1,1,1,0,249,256,0,1,1.38,3305,77,165,156.07,128,FALSE,0,0,0,4,0
5c48abff4b2b7f6a8af3528688d5c801b10a2250,1337706643,1,1,0,0,0,0,0,0,0,0,0,164,155.26,127,FALSE,0,0,0,0,0
3994c7fc2ba1d6b88426a2ae81dbe0b7f967b3e5,1337706074,3,3,1,0,1,1,0,1,1.74,1,11,163,154.27,61,FALSE,0,0,0,0,0
859f2b2f3baf5f063bd97aa8af124bde0e8a5aa6,1337659901,1,1,0,0,0,0,0,0,0,0,0,162,153.48,125,FALSE,0,0,0,0,0
f5040a7bec671059543bd4e4ff4428c8d74bf834,1337659887,1,1,0,0,0,0,0,0,0,0,0,161,152.48,124,FALSE,0,0,0,0,0
a604494aa9717a09e0f6dec9feec7f5134c8b7d3,1337628970,2,2,2,1,4,4,0,1,0.09,1667.5,44,160,151.62,81.5,FALSE,0,0,0,2,2
eaaef83ace326fedf7ce438c34faa92fa661f68c,1337628849,1,1,0,0,0,0,0,0,0,0,0,159,150.62,122,FALSE,0,0,0,0,0
9cf1424d8fce6f3c355690cb52485b4114d9b34d,1337628825,1,1,1,0,2,2,0,1,0.13,3305,75,158,149.62,121,FALSE,0,0,0,0,0
cb74e45b89fac9816994b2a5c6ba1f25bf64d6d2,1337617613,2,2,1,0,6,3,0,1,0.04,3302,74,157,148.67,79.5,FALSE,0,0,0,0,0
1da0498f7481317d06a023769f40a485408e439c,1337616096,2,2,0,0,0,0,0,0,0,0,0,156,147.68,78.5,FALSE,0,0,0,0,0
754b1de5979de8a89776237c808d38334d8dfbc2,1337614363,1,1,2,0.917275,33,18,0,1,0.51,1658.5,42.5,155,146.69,118,FALSE,0,4,0,18,16
7e39941ad3df3a71754bf27e100733f994b844ae,1337609108,1,1,0,0,0,0,0,0,0,0,0,154,145.71,6,FALSE,0,0,0,0,0
79a27b18cedec7ebc15572f6a62b9d2f79d8202a,1337608746,1,1,1,0,1,1,1,1,1.42,67,9,153,144.71,34,TRUE,0,0,0,0,0
194551fdbf59f294c97cec9632b0a4b80aa7d4da,1337571618,1,1,1,0,1,1,0,2,0.13,458,21,152,143.88,117,TRUE,0,0,0,0,0
5a82c8f89bf1e5e8c612e45eac4ec59aa9f9af4b,1337570289,3,3,2,0.0757461,28,25,0,1,0.54,182,22,151,142.88,62,FALSE,0,4,0,48,24
2e540368ebb52c37286b34cbebf9fc8f7a2b5544,1337569864,3,3,4,0.560206,16,4,1,1,0.15,958,20.75,150,141.88,52.3333,TRUE,0,0,0,0,0
d5966ae5db4075095d80f96284ed0dff6c0d627c,1337560781,2,2,1,0,17,17,0,1,0.86,26,39,149,140.92,75,FALSE,0,4,0,38,22
97f4dfc089edfac9acbdc4bc5cdd92b8af645ab3,1337560712,2,2,2,0.0545004,19,5,0,1,3.25,1657.5,36.5,148,139.92,74.5,FALSE,0,0,1,0,0
b03c2b3b8f53dfce38b1f793e2da645cc86d8416,1337560633,1,1,1,0,3,3,1,2,0.86,458,20,147,138.92,112,TRUE,0,0,0,0,0
9a81df6d77720e25789c5e79c3a1a2280b35df6a,1337555542,2,2,3,0.432932,8,8,0,1,2.3,92.67,2,146,137.94,19.5,TRUE,0,0,4,0,0
a9d55121bbf644dec5fab593a54fc31530efde8d,1337555496,2,2,2,0.35218,7,2,1,1,0.71,230,16.5,145,136.94,24.5,FALSE,0,0,0,0,0
88327aeba2279b38b8a9978c15a59fb5dc3fb4ec,1337505999,2,2,2,0.925787,15,4,0,1,0.04,115.5,2,144,136.15,18,FALSE,0,0,0,0,0
8e2d972281be17f93646336cd7fbc3afa7b2c218,1337503423,1,1,1,0,10,6,0,1,0.01,193,3,143,135.16,2,FALSE,0,0,0,0,0
7b44ef1664062f7993dd6dfe0d7715c210334d71,1337502777,1,1,1,0,5,4,0,1,0.01,192,2,142,134.16,1,FALSE,0,0,0,0,0
5204fac055a71896033e6f7713e2b5d23055c522,1337502319,2,2,2,1,4,4,0,1,0.01,113,0.5,141,133.16,0.5,FALSE,0,0,30,0,4
c2a1f50dc0ca4c4e0785f5664890bc0999608749,1337501696,4,6,7,0.012101,31619,152,1,2,0.7,555.14,11,140,132.17,39.25,TRUE,167,0,231,158,238
c8f3b128cb2edcb6529b691e8a3a5ac4482205b0,1337487069,0,0,0,0,0,0,0,0,0,0,0,139,131.22,0,FALSE,0,0,0,0,0
b32ed955979718b67a7fe35aa4eddd319d283040,1337486944,1,1,1,0,1,1,0,1,0.01,1,9,138,130.22,13,FALSE,0,0,0,0,0
57da1d30625ea8a3d21af8b5e957da9d8dc323fa,1337486189,2,2,1,0,26,30,0,1,6.25,30,38,137,129.23,72.5,FALSE,0,4,0,50,24
6dfe18fe18d7f26bd8ab79997673dcfb30392ef0,1337486047,1,1,1,0,143,95,0,2,4.95,410,19,136,128.23,109,TRUE,0,0,0,0,1
1dd9ee2397c11c34f2fcdf9a0bec70ba2e12c0f9,1337486015,1,1,1,0,1,1,0,1,4.99,338,3,135,127.23,32,FALSE,0,0,0,0,0
d31471c6a1bfd94a6c6cd7c3c87cba135280edcb,1337485980,1,1,1,0,20,2,0,1,5.21,49,8,134,126.23,31,TRUE,0,0,0,0,2
930f04951f6e24beb7461197b2c8a1623ba11060,1337485900,1,1,1,0,115,28,0,1,4.5,251,28,133,125.23,30,FALSE,0,0,0,0,0
8846835ab85e85870f7c07db5b16fb6f3f8071a6,1337485847,1,1,1,0,175,170,0,1,4.5,3272,69,132,124.23,108,TRUE,0,0,1,0,4
b080cc4d23f85e97ebc956c7a0e89258177f0b13,1337485720,2,2,3,0.516079,2,12,0,1,7.43,174.33,10.33,131,123.23,21.5,FALSE,0,0,1,0,0
c910a95ee452dec3d8e2145685f547cb62e5e921,1337111028,2,2,1,0,150,0,1,0,0,0,0,0,0,0,TRUE,0,0,0,0,0
4601129fc7b1ca3f7a49ad3ea51f5fff2ea8d54a,1337097142,2,2,2,0.0462385,15,13,0,1,0.43,1760.5,39,130,123.68,68,FALSE,0,0,0,0,0
9c79259e9c3c677ef1b6313b62527e50ad4735d4,1337095616,1,1,1,0,4,0,0,1,3.43,461,21,129,122.68,30,TRUE,0,0,0,0,0
bdca0cf66876440f269526a464106c47881f2848,1337095230,2,2,1,0,1,1,0,1,2.68,1,7,128,121.69,22.5,FALSE,0,0,0,0,0
628ad0fcb2dea232a78b635315833a38e58ccc79,1337062610,1,1,1,0,3,0,0,1,0.02,3266,67,127,120.81,106,FALSE,0,0,0,0,0
793332beb835836ade9ca2b8966cc12aeeb04c9c,1337061197,1,1,1,0,1,4,0,1,0.29,3269,66,126,119.81,105,FALSE,0,0,0,0,0
4e9688cc1855fc02d377c0c4b2c47f65e6432e9a,1337058108,2,2,2,0.0639713,24,38,0,2,0.26,338,19.5,125,118.82,66,TRUE,0,0,0,0,0
ef9a6a00272dd1ca534e8e9860e8766f7adfa895,1337058078,3,3,2,0.805983,47,16,0,1,10.33,21.5,0.5,124,117.82,47.3333,TRUE,0,0,0,0,0
9e9222c65d63ccd80ceb4afcbc693f6d3d4522eb,1337054971,1,1,1,0,3,3,0,1,0.23,338,2,123,116.83,27,FALSE,0,0,0,0,0
9ef0d9084fca58d16002d0f847442ff8e836b952,1337035733,1,1,1,0,41,33,0,1,1.04,3261,65,122,115.9,102,FALSE,0,0,0,0,0
36df8f78284a46cdd005287054288caa507688bd,1337035631,1,1,1,0,393,5,0,2,1.04,21,17,121,114.9,101,TRUE,0,0,0,0,0
8ee1cc8d277b222a69aff95dad6e49eac21e011a,1337035437,1,1,1,0,0,1,0,1,1.04,50,7,120,113.9,26,FALSE,0,0,0,0,0
e4e2658a3b410d6ad17fb6b3a5420074c3d5c190,1337035412,1,1,1,0,16,5,0,1,1.04,256,25,119,112.9,25,TRUE,0,0,0,0,0
ae8e7ae9924c0e8003bfd241a5a39d9138ef5e81,1337035122,1,1,1,0,19,8,0,1,1.05,327,1,118,111.9,24,FALSE,0,0,0,0,0
e0c936ba03b1966537e02ea64ddbbf8ee4523cf7,1336946022,2,2,1,0,26,26,0,1,1.7,30,37,117,111.21,66.5,FALSE,0,4,0,50,24
0297e31893f215ab588a379180b5439d13e0fa0d,1336945990,1,1,1,0,10,14,0,1,1.7,3265,64,116,110.21,99,FALSE,0,0,0,0,0
5b975adc8ea51f212ec8da11742d52baddfb7564,1336945964,2,2,3,0.661553,2,7,0,2,4.29,110.67,12.33,115,109.21,60.5,FALSE,0,0,0,0,0
12fc6b3a670535dcc466c902d138eaa270e53101,1336944082,2,2,3,0.135032,337,274,0,2,1.11,182,11.67,114,108.21,59.5,TRUE,0,1,0,0,4
cb4cc61c5b919e43a4f83d62b297504e7ae31bc1,1336863929,1,1,1,0,1,1,0,1,9.19,1,6,113,107.48,9,FALSE,0,0,0,0,0
9f4404628b3af3728c429ac61f2d4450480a38c7,1336801311,1,1,1,0,16,16,0,2,4.49,287,14,112,106.68,96,FALSE,0,0,0,0,0
5441f6b55b1fa4519eb41db9067d4f07cd073641,1336799573,2,2,1,0,26,25,0,1,0.03,29,36,111,105.68,63.5,FALSE,0,4,0,50,21
258fc518a6c75526dfc52c7bb3ccda50b5fe0147,1336799514,1,1,1,0,10,0,1,1,1.97,451,20,110,104.68,28,TRUE,0,0,0,0,0
6a06bf5efaf2a9d6b980fc186e5bf088d85ba509,1336799485,2,2,2,0.038837,24,9,0,1,1,1754.5,34.5,109,103.69,57.5,TRUE,0,0,0,6,3
ff93f7cbb5895352bc4bc7185492a517285f046e,1336797073,2,2,2,0.724335,27,21,0,1,1.94,1637,34.5,108,102.69,62,FALSE,0,4,0,23,8
2e291396bd1fd6919804802e0cbf234b5d7495fd,1336629148,1,1,0,0,0,0,0,0,0,0,0,107,102.22,92,FALSE,0,0,0,0,0
b779f8b02990836358daa0c060f62e24c6f3d599,1336629077,3,3,3,0.262992,46,43,0,1,0.67,1176.33,24,106,101.22,47,TRUE,0,4,0,52,18
04a05b4c02e59d1404d2316d75e49e6e8d9d12d0,1336628900,1,1,1,0,15,14,0,1,1,450,19,105,100.22,27,FALSE,0,0,0,0,0
90989a816df05f07cea2f873e1d0ab61aa7b8f41,1336628442,1,1,1,0,13,10,1,1,0.98,3239,60,104,99.22,90,FALSE,0,0,0,4,0
9b26b968364996997d3205a61ee7cc9ff654eea4,1336544043,1,1,1,0,3,1,0,1,0.01,3237,59,103,98.47,89,TRUE,0,0,0,0,0
972a71660034616fcd24a764774170010820f1c4,1336543349,1,1,1,0,1,1,0,1,0.04,3237,58,102,97.48,88,FALSE,0,0,0,0,0
b5c4a9241b14e75f9fd179a0c7f76eee73b6dbbf,1336542220,3,3,3,0.244178,18,13,0,1,0.13,244,16.33,101,96.48,44,TRUE,0,4,0,24,18
45f9d80a81d0fff8ea5cf9d2dd89b03c8165405e,1336539947,3,3,3,0.0945433,170,138,1,1,0.32,1164,22.33,100,95.49,44.3333,TRUE,0,4,0,58,18
98435d2d92f6981f349a5dfa14baa68b0e99c037,1336512853,2,2,2,0.0843225,15,17,1,1,0.02,1825.5,28.5,99,94.57,55,TRUE,0,0,0,2,2
ccbf965bd94095387e0b6d577204f5b591338692,1336511492,4,4,4,0.274929,112,79,1,1,0.6,976.5,16.5,98,93.57,38.25,TRUE,0,4,0,51,14
5c82104d7b9add02cd137e402ff1b6ff00f3bb12,1336493701,3,3,3,0.669126,138,98,0,1,0.64,1147,21.33,97,92.62,42,TRUE,0,6,0,48,18
4c29fbb36d64831b0f19b283f2034b7f05015586,1336487376,1,1,1,0,254,209,0,1,0.85,3147,53,96,91.64,82,TRUE,0,2,0,8,4
88e754850d92821811f834a3c1b0a18a5390e84e,1336413531,3,3,3,0.236773,94,63,1,1,0.58,1121.67,20.67,95,90.84,40.6667,FALSE,0,4,0,48,18
21b86980a711c417b3fc6332a79b85d6e4cb255d,1336413018,1,1,1,0,71,10,0,2,10.59,226,13,94,89.85,80,FALSE,0,0,0,0,2
98942c5e1a04b00216d64ee065e99654c10ccfab,1336366047,2,2,2,0.35218,3,6,0,1,0.1,1576,28.5,93,88.97,52,TRUE,0,0,0,0,4
9c54df2de5031293712fea05d5df843551ccdefa,1336358458,2,2,2,0.507374,34,6,1,1,0.02,1760,25.5,92,87.99,50.5,FALSE,0,0,0,0,0
f31c2d24f9150eb170de4d06e251d422100eca32,1336356963,4,4,4,0.373998,142,34,1,1,0.96,914.25,15,91,87,34.25,TRUE,0,6,0,46,19
52cf17b24af580456cd688bfd1d006189111672d,1336347495,3,3,3,0.269756,25,3,0,1,0.01,1141.33,18.33,90,86.02,40,TRUE,0,0,0,4,0
d26fc7154ccdf300bc05b1ad166db1effd12d572,1336346233,3,3,3,0.904006,111,30,0,1,1.17,1114.33,18,89,85.03,39,TRUE,0,4,2,46,16
14c8863657070a24256456afcc7460051bfdc165,1336341323,2,2,3,0.401104,59,9,0,1,5.35,1107.67,16,88,84.04,46.5,FALSE,0,0,2,0,0
6d3d5f77bc4fb3cfcf861766c5bf76297536e784,1336277104,1,1,1,0,35,7,0,1,2.4,2976,45,87,83.2,73,TRUE,0,0,0,2,0
293fc695a435cf16574e9e8d113bf32580264e46,1336069693,3,3,2,0.734496,3,2,0,1,0.36,1488,24.5,86,82.73,33.6667,FALSE,0,0,0,0,0
a317d2471f3e51a70ace5fbad488ddfb1f99e3f5,1336056568,1,1,1,0,5,6,0,1,0.01,2976,43,85,81.77,71,FALSE,0,0,0,0,0
afe7ff6d2c03c0fe60da396c9faf52f2a69f3773,1336056057,1,1,1,0,2,2,0,1,0.03,2976,42,84,80.77,70,FALSE,0,0,0,0,0
2f908870e713bab16b9ec01afa2f9ed65c8e09f6,1336053713,4,4,4,0.140355,163,104,0,1,0.39,857.5,13,83,79.77,30,TRUE,0,6,0,46,16
312f0310dc9e6840e7eea3c9a1234b27c4e7f974,1336020401,3,3,2,0.0545004,24,24,0,1,5.66,14,13.5,82,78.85,31.3333,FALSE,0,4,0,46,16
1a1bd5322c94429e7b7817beb157220c8770b863,1336020321,2,2,2,0.368404,11,2,0,1,0.58,1591.5,20.5,81,77.85,42,FALSE,0,0,0,0,0
04ca0ae309d94a556281b0e7d075f707141540f3,1336019485,2,2,2,0.0364917,35,35,0,1,0.01,1571,22,80,76.86,39,FALSE,0,0,0,0,0
221f70e609cbe6f9aaa890835bfbb27a46ecdbfe,1336019037,2,2,2,0.0242135,81,74,0,1,3.58,1567.5,21.5,79,75.86,38,FALSE,0,2,0,0,0
a426109c1c86bd4b354f011aecf2f1dc14d56a40,1335921248,3,3,1,0,23,23,0,1,0.86,27,22,78,75.09,29.3333,FALSE,0,4,0,46,16
d5e2489cadafa60feb2c012017597e864e9460bf,1335921182,2,2,2,0.619788,27,10,0,1,0,1580,19,77,74.09,39.5,FALSE,0,0,0,0,0
367f0bd6a943078ea4f14e32c2415cf95be3aa4d,1335921100,2,2,2,0.6973,46,19,0,1,0.65,1566.5,18.5,76,73.09,38.5,FALSE,0,0,0,0,0
8396ed31676cbfdec2e805ade46773226f164257,1335883635,1,1,1,0,9,7,0,1,0.43,2917,35,75,72.17,61,FALSE,0,0,0,0,0
6cc360d6133de147c5705be84788e86b27c709f9,1335847045,1,1,0,0,0,0,0,0,0,0,0,74,71.25,60,FALSE,0,0,0,0,0
e86eef59055023df38c228a15b2d0b260467a052,1335846950,2,2,1,0,23,23,0,1,3.98,27,21,73,70.25,38,FALSE,0,4,0,46,16
24d5fbb5954972db7afde1d65c3115045cd1da01,1335846880,2,2,2,0.651308,57,6,0,1,3.02,1540,17.5,72,69.25,36,FALSE,0,0,0,0,0
6fb7681a2d822232ba8e4d19b9764289a7e64e98,1335845126,1,1,1,0,30,22,0,1,0.03,2881,33,71,68.26,57,FALSE,0,0,0,0,0
0b404d4bb122a60728be6652bdbb28b40a396df5,1335842772,1,1,1,0,1,1,0,1,0,2881,32,70,67.26,56,FALSE,0,0,0,0,0
464826e81d77c86246e7ff6aae2a77a6e8725cf0,1335842569,1,1,1,0,45,44,0,1,0.02,2880,31,69,66.26,55,FALSE,0,0,0,0,0
e871ffeff0b11838756d333d5ec754b0433671ca,1335840674,1,1,1,0,7,5,0,1,0,2878,30,68,65.26,54,FALSE,0,0,0,0,0
2847b1f08ecb95cf61fc618ce776159c45ab48d6,1335840569,1,1,1,0,28,26,0,1,0.01,2876,29,67,64.26,53,FALSE,0,0,0,0,0
d702e00446bdd3ca7336be65b8f0edd92c48589f,1335839527,1,1,1,0,14,6,0,1,3.89,2868,28,66,63.27,52,FALSE,0,0,0,0,0
142ee20bcaf7b9b045f360afc0a95799ecfd1a90,1335838581,1,1,1,0,1,1,1,1,7.15,50,5,65,62.27,10,FALSE,0,0,0,0,0
e3f03fa2ce7e9ee59694c36c9e92bee2c6c76d62,1335838528,1,1,0,0,0,0,0,0,0,0,0,64,61.27,5,FALSE,0,0,0,0,0
8dc3fb86dbf98d6a7e7a2e616d41c9cf9e6f9d9e,1335503508,2,2,2,0.734496,2,3,0,1,0.02,1448,15,63,60.9,33.5,FALSE,0,0,0,2,0
358ec3fb39d020038501a746c6a63aafdd06f8cd,1335501822,1,1,2,0.47756,32,31,0,1,0.05,1447.5,14.5,62,59.9,50,FALSE,0,4,0,46,16
f4a38a25c8702a91f2aa8b2c1271fe934a4f7b65,1335497922,1,1,1,0,2,1,0,2,0.06,225,12,61,58.91,49,FALSE,0,0,0,0,0
dcb62a3df5f981228fe79ac55dbe82ae2a1bea33,1335497650,0,0,0,0,0,0,0,0,0,0,0,60,57.91,0,FALSE,0,0,0,0,0
59c26957bbf9c29ead71fdabbf78782b9910524f,1335497633,3,3,3,0.220374,114,78,0,1,0.53,1023,10.67,59,56.91,24,FALSE,0,4,0,48,16
09d8561b3c20cd785d2774b825b5dda1b366de94,1335492407,1,1,1,0,13,39,0,2,0.01,251,11,11,10.47,11,FALSE,0,0,0,0,1
6246e71c872ca51967a8397c0dae85e7a812514c,1335491791,1,1,1,0,8,11,0,2,2.4,254,10,10,9.47,10,FALSE,0,0,0,0,0
adcc2dd8d26c19f2ec0c2730d69c3fac46449f00,1335469607,2,2,2,0.201393,24,27,0,1,0.18,1429,13.5,58,55.96,30.5,FALSE,0,4,0,46,16
947fc9ce973c4ea4c14eaf3691ba2d452409fbd6,1335454153,2,2,2,0.115431,25,23,1,1,0.1,1428,13,57,54.99,29.5,FALSE,0,4,0,46,16
5caca9175d4f5f5cbd5cbe5f2c0f6b311a7aa16d,1335446291,1,1,0,0,0,0,0,0,0,0,0,56,54,12,FALSE,0,0,0,0,0
520d09e81e7bc67a0e638da261cce97109180ae7,1335445545,1,1,2,0.431711,11,8,0,1,0.32,1426.5,12.5,55,53,45,TRUE,0,0,0,16,8
7fa4304097d0d53b901c8f9a2504219899fd1e9b,1335418070,2,2,2,0.626802,38,41,0,1,0.01,1428,12,54,52.05,27.5,TRUE,0,4,0,28,8
ceed6417308bebfd144df9ff87f68774343c0f13,1335417147,1,1,0,0,0,0,0,0,0,0,0,53,51.05,10,FALSE,0,0,0,0,0
1d4ce28b625215d75aef95169cd0052368b39539,1335417045,2,2,3,0.157631,73,74,0,1,0.45,1023.67,9,52,50.05,25.5,TRUE,0,4,0,48,16
a551992c3f2db27704b11be023b92a458c3004ec,1335378152,1,1,2,0.186435,20,19,0,1,0,1428,11,51,49.11,42,FALSE,0,4,0,40,16
23b8d083a409c84e58c916c84beac74896811a80,1335377984,2,2,3,0.241127,98,83,0,1,0.59,1018.33,8.33,50,48.11,24,TRUE,0,1,0,26,2
b3d249f2ef947d19889fa523909636ebb9fdec9f,1335377147,1,1,0,0,0,0,1,0,0,0,0,49,47.11,40,FALSE,0,0,0,0,0
647633a1a0ffafe724291217d5e4f5d17d9ddd64,1335326948,1,1,0,0,0,0,0,0,0,0,0,48,46.18,9,FALSE,0,0,0,0,0
313ffb8821f463f419f48a281d5884b17a62750b,1335326926,3,3,4,0.29332,66,31,0,1,0.09,802.75,6.25,47,45.18,19.3333,FALSE,0,4,0,46,16
774f159e67f920996a563071882653e8a73d003f,1335323528,2,2,3,0.280549,49,54,0,1,0.53,1017.67,7.67,46,44.19,21.5,TRUE,0,4,0,46,16
f9358531ad71cb18840c708d8367f91ea346e9f9,1335305747,2,2,4,0.346222,33,23,0,1,2.45,760,5,45,43.21,24.5,FALSE,0,0,2,0,10
bb09d77eb59674a47ea802869256132e9285877b,1335284792,1,1,1,0,3,3,1,2,0.42,254,9,44,42.24,36,FALSE,0,0,0,0,3
ba8cc970d0f444a3d8c040af15280b10c56a997a,1335272583,3,5,12,0.34731,43,3944,0,15,5.64,328.67,18.17,43,41.26,16.6667,FALSE,24,0,122,299,98
89c986d50fbf840e2fd80b88d6e7641c4d41d627,1335251608,1,1,0,0,0,0,0,0,0,0,0,42,40.28,34,FALSE,0,0,0,0,0
e0971cd02cde517b4be70cf7ec3b198a98cdb608,1335248838,1,1,2,0.00989593,174,70,0,2,0.21,1485,11,41,39.29,33,TRUE,0,0,0,0,0
2d6b90f4762f7e30a1d47226e7fb2ea8822e8222,1335239694,1,1,1,0,9,9,0,1,0,2820,13,40,38.3,32,FALSE,0,0,0,0,0
f1c9b622ba76a13f8d663ad860874cdfe45338dc,1335239266,1,1,1,0,29,2,0,1,0.19,2793,12,39,37.3,31,FALSE,0,0,0,0,0
a56a7e82bd95e122f72f32efab8191155e44b499,1335238814,1,1,1,0,4,4,0,4,1.24,299,61,38,36.3,10,FALSE,0,0,0,0,0
aebc8bda4dc074b74d845f7427ba4abb5966d84e,1335237526,0,0,0,0,0,0,0,0,0,0,0,37,35.3,0,FALSE,0,0,0,0,0
efff2a63c3214b0e8b3c5c184c5631dbec8b2740,1335222600,2,2,3,0.124981,21,21,1,1,0.49,1009.67,5.67,36,34.32,17,FALSE,0,4,2,38,16
0d77d292e50a153f5b5c5f7da8fc025a5223b7b6,1335221220,2,2,3,0.75,8,8,0,2,0.5,136.67,3.33,9,8.55,5.5,FALSE,0,0,0,0,0
2f91764f80388c20296abed791ab74bec575e4a6,1335220864,1,1,1,0,77,112,0,2,0.13,185,6,8,7.55,8,TRUE,0,0,0,0,2
7838ad5eb74c99a65db29ee7ef44d13c26ce3876,1335215602,1,1,0,0,0,0,0,0,0,0,0,35,33.32,29,FALSE,0,0,0,0,0
807bd08352f0dd7e01f4ca22f0a35ef42c88c72f,1335210303,1,1,0,0,0,0,0,0,0,0,0,34,32.33,28,FALSE,0,0,0,0,0
bd70d31a7236bc476bafa1033983b9aba58f2150,1335209678,1,1,1,0,8,0,0,2,0,177,5,7,6.55,7,FALSE,0,0,0,0,0
292b0bbe490ac71d80bd6ac616d35beb7f6ea1e3,1335209383,1,1,1,0,46,47,0,2,0.61,178,4,6,5.55,6,FALSE,0,0,0,0,0
24382101872542a20df097f1929cb840075ee870,1335199084,1,1,0,0,0,0,0,0,0,0,0,33,31.34,27,FALSE,0,0,0,0,0
1f9e66016d08f8b3ffa524aa28173b3bd4a8793e,1335198237,2,2,1,0,1,1,0,1,0.07,155,3,32,30.34,17.5,FALSE,0,0,0,0,0
f58386b3911abaa9a9e92f914892f7704e484d46,1335192488,3,3,3,0.659445,65,34,0,1,0.61,981,4.33,31,29.35,13.6667,TRUE,0,4,0,48,16
916903997447c7519049107d9b6b4d22adab0640,1335156475,2,2,3,0.454176,296,246,0,2,0.06,129.33,2,30,28.38,13.5,TRUE,0,4,0,0,0
588c6b978bafc8619d18f077cbfdc220cba0502f,1335152090,0,0,0,0,0,0,0,0,0,0,0,29,27.38,0,FALSE,0,0,0,0,0
4c7989743a15d09861dc651a461ea72c0a08ca3b,1335151718,1,1,1,0,3,3,0,1,0,136,2,5,4.56,5,FALSE,0,0,0,0,0
786c434a29a487fd076245c66cebd2c63d7573be,1335151292,2,2,3,0.351961,291,251,0,1,0.01,116,0.33,4,3.56,2.5,TRUE,0,7,0,0,4
e5520e356e7630e428e23ffe078619e90746bbb9,1335149301,2,2,3,0.295751,348,238,0,1,0.18,79.33,1,3,2.56,1.5,FALSE,0,6,0,0,4
faf91688516e04122ee55aaeaaa960f5a3d2043a,1335145814,2,2,2,0.47756,4,3,0,1,0.1,1403.5,6,28,26.39,15,FALSE,0,0,0,8,0
48add6a4862555a49ea7a10ed0143b0f0db3c978,1335141517,2,2,1,0,1,1,0,1,0.28,1,3,27,25.39,12.5,FALSE,0,0,0,0,0
216c105170138083dc3eb0806363eab1e6001ae2,1335140598,1,1,1,0,1,1,0,1,0.1,26,4,26,24.39,21,FALSE,0,0,0,0,6
18fa8acdc3193dc1e03257c7cd9d6763611702a2,1335133766,1,1,0,0,0,0,0,0,0,0,0,25,23.4,20,FALSE,0,0,0,0,0
38c0b375ec36973c8bbab9eb0888b69673540670,1335133672,1,1,1,0,20,10,0,1,0.02,2771,8,24,22.4,19,FALSE,0,0,0,0,4
9af078eb3a245def68ff2d4703f4cfbac5a8fed5,1335132002,3,3,4,0.392159,45,14,0,9,2.9,822,29.25,23,21.4,10.3333,FALSE,0,0,0,6,6
56b2d76eec81247d02cf36a16d1a163e681a9e05,1335128414,3,3,3,0.337212,85,27,0,1,1.67,958,2.67,22,20.4,9.33333,TRUE,0,4,0,44,16
89f82359c10458826d9473a50c5dd87e6235a172,1335126390,3,3,3,0.0106815,176,131,0,1,0.1,988.67,2.33,21,19.4,7.33333,TRUE,0,0,4,2,0
3f6b2d6e759316fe93e22b87090c362648e650e3,1335118587,2,2,2,1,2,2,1,1,0.02,115.5,1,20,18.41,8,FALSE,0,4,0,2,2
c3b124660ee4fd050d79eb450cf62f88798091e9,1335117173,1,1,1,0,26,0,0,0,0,0,0,19,17.41,14,TRUE,0,2,0,22,8
26744a202bab6578ffca99777089eb22f22f3818,1335117157,1,1,1,0,446,420,0,1,3.95,2701,4,18,16.41,13,TRUE,0,1,4,19,3
4de87fe7660c539bd56c37a4d5575a2ee9e95b33,1335117065,2,2,2,0.209755,239,0,0,0,0,0,0,17,15.41,6,TRUE,0,4,0,0,2
10fc7aa83cd1ad61df055cf59ab19a491626afd2,1335116993,2,2,1,0,1,1,0,1,4.74,1,2,16,14.41,6.5,FALSE,0,0,0,0,0
78cc8f8b6e7d8deab9ab3d26a057970b169b9987,1334776246,2,2,1,0,7,6,0,1,0.02,2700,3,15,13.55,6.5,FALSE,0,0,0,0,0
9fc5044cf985f1d8f020c20f4e96541cef431825,1334774663,2,2,1,0,294,264,0,1,0.62,2670,2,14,12.55,5.5,TRUE,0,0,0,26,7
37cdb762f9b68dd963e6e8d9b09c78f68739f4de,1334720847,1,1,1,0,191,117,0,1,0.15,2596,1,13,11.57,8,TRUE,0,0,0,12,1
27f37295082c0891374cecca8ad60b5fc034fe9b,1334707746,1,1,0,0,0,0,1,0,0,0,0,12,10.57,7,FALSE,0,0,0,0,0
8e65243edf23ba7c3de286c11b4d7a30871586e2,1334707559,3,4,5,0.095155,2680,1068,0,18,1.78,228.4,79.2,11,9.57,4,TRUE,0,1,18,76,19
c499d81633a67c6c32cefd91d9728154f87b0b18,1334707514,1,1,1,0,1,1,0,1,0.84,1,1,10,8.57,1,FALSE,0,0,0,0,0
a7667902f3c1a0ff29daa44f781e30e7d34178df,1334641611,1,2,4,0.302644,40,47,0,3,0.06,22.5,4.5,9,7.59,4,TRUE,0,0,0,0,0
3619b04b06d56fa564fcd6ef6074c90d4eefaac1,1334634533,5,9,18,0.0772743,1,2810,0,17,239.2,376.06,19.33,8,6.59,1.6,FALSE,48,0,244,637,204
9a65fa200d49ba5ab95a8ac0b49ac26ed279910e,1334432940,0,0,0,0,0,0,0,0,0,0,0,7,5.63,0,FALSE,0,0,0,0,0
599d31101b7a7b896ff73e338d26ae698833f878,1334069006,2,2,4,0.757902,12,12,1,21,0.75,967,118,422,226.23,155.5,FALSE,0,0,0,4,4
d17834aeb01c01fa340a931636f43dfef084d149,1334026152,2,2,2,0.405639,7,1,1,18,2.91,624,200.5,23,21.5,14,FALSE,0,0,0,0,0
e80bbe6d03193743a8d3e3d2d8bb365451382de8,1333996669,2,2,4,0.183946,278,172,0,20,31.25,940.5,117.5,421,225.55,154.5,TRUE,0,0,0,74,16
2f4e926e34630556a72a6e487440fad46abf9f96,1333995095,0,0,0,0,0,0,0,0,0,0,0,420,224.56,0,FALSE,0,0,0,0,0
93ecbe6ab863b1ee2074877927b381dff3cefbc0,1333772193,0,0,0,0,0,0,0,0,0,0,0,6,4.73,0,FALSE,0,0,0,0,0
159830ed630beb3f629ff063dfadf96fe1101f44,1333772069,1,1,0,0,0,0,0,0,0,0,0,5,3.73,4,FALSE,0,0,0,0,0
c33e1506f48c6a37b27daa5fa6bc3edb7c19609c,1333745669,0,0,0,0,0,0,0,0,0,0,0,419,224.67,0,FALSE,0,0,0,0,0
f081bf6f11447b31e6e905f45cfbd208f6ab590f,1333745649,1,1,1,0,2,2,1,5,4.08,2028,162,418,223.67,285,FALSE,0,0,0,0,0
f27aa2ff5427a2d6a4986a1d389e30fcfcac5c3b,1333721572,0,0,0,0,0,0,0,0,0,0,0,417,222.78,0,FALSE,0,0,0,0,0
9392d3df186c753cfaf5b31fb4c6f25294fcc8ed,1333720799,1,1,1,0,2,2,0,19,0.06,1059,386,22,20.69,18,FALSE,0,0,0,0,0
57bb74bee7a778752d62e2975fb44b03977cb86c,1333715280,1,1,1,0,8,7,0,18,1.88,1058,385,21,19.7,17,FALSE,0,0,0,0,0
1ca3e6b073392563a0c63fbec6fb114a7bf31ee9,1333553015,0,0,0,0,0,0,0,0,0,0,0,20,18.79,0,FALSE,0,0,0,0,0
f50690f67e6f333f7c213b7f646a30ddeba07348,1333552549,2,2,3,0.507877,21,22,0,21,0.7,1096,157.67,19,17.79,12,FALSE,0,0,0,0,0
89c50e1a9598296f795fd70dcecfebc19ae81ec2,1333499919,2,2,2,0.57938,9,6,0,19,0.28,622,198,18,16.82,11,TRUE,0,0,0,0,0
b04b813f025913fb13a91419062a4279bab80335,1333475859,2,2,3,0.452285,60,25,0,20,4.82,1083.33,157,17,15.83,10,FALSE,0,0,0,0,0
8cfb076c9b47c18d15c5cefc5652ccb9eb6119b4,1333468171,1,1,1,0,0,4,0,1,0.1,74,8,416,222.9,119,FALSE,0,0,0,0,0
d40574ef48b66498611ad5545d7f84498007121f,1333468117,0,0,0,0,0,0,0,0,0,0,0,415,221.9,0,FALSE,0,0,0,0,0
a40001a358a185b4da8a2836381ce5a5a5d29eb6,1333459418,2,2,2,0.47756,7,7,0,18,423.26,559.5,191.5,0,0,0,FALSE,0,0,0,0,0
73e6e87858fdbfa32fe8a41684be3ab6d01ae4d4,1333398773,2,2,2,0.533969,10,6,1,18,5.39,630,193,414,221.21,201,FALSE,0,0,0,0,0
1366d903332fc2af1560c2c45b4fac5e6c75719b,1333397511,1,1,1,0,1,1,1,18,0.03,1048,379,413,220.21,283,FALSE,0,0,0,0,0
b52908f78fc6b51a6c5ec28b7dc61092cfd0a4df,1333396231,1,1,1,0,5,6,1,7,0.03,559,72,412,219.22,117,FALSE,0,0,0,0,0
110523f9cf80606eb740f1219e752cce1757613a,1333395786,0,0,0,0,0,0,0,0,0,0,0,411,218.22,0,FALSE,0,0,0,0,0
4620eb7b617d3be2de3917e8e0c8ca78be0fab36,1333395012,1,1,1,0,6,6,0,18,0.02,1048,377,410,217.22,282,FALSE,0,0,0,0,0
62114126d96cbd18b4bbc81cfc87f888be30e1d3,1333394858,0,0,0,0,0,0,0,0,0,0,0,409,216.22,0,FALSE,0,0,0,0,0
6f5489fcabd510ca5b0e62ae04e549775da32e2d,1333393676,1,1,1,0,1,1,0,18,0,1048,375,408,215.23,281,FALSE,0,0,0,0,0
18ba865009f651227f700c8720da69f6acc75121,1333393648,0,0,0,0,0,0,0,0,0,0,0,407,214.23,0,FALSE,0,0,0,0,0
719cd24aa9c40990294d607ce2f5bad65b7aac7c,1333393286,2,2,3,0.952488,18,20,0,20,3.05,1206,152.33,406,213.23,198,FALSE,0,0,0,1,0
4fa0a9f4d53b44bfde27d8022d791f28abff62c9,1333392716,0,0,0,0,0,0,0,0,0,0,0,405,212.23,0,FALSE,0,0,0,0,0
180b8b0c833dd8b81c024b2a59402706a5a74894,1333388809,0,0,0,0,0,0,0,0,0,0,0,404,211.25,0,FALSE,0,0,0,0,0
d60489501843515e714a21153a579471e370bbfb,1333387018,2,2,2,0.805983,5,2,0,18,7.73,657,189.5,403,210.25,197,FALSE,0,0,0,2,0
60adb34d0c1738782c3dc44eeea29504a6ef13dd,1333386784,0,0,0,0,0,0,0,0,0,0,0,402,209.26,0,FALSE,0,0,0,0,0
dc55088cd6d7b160c67214bbab9bd5d6e02ef93d,1333386445,0,0,0,0,0,0,0,0,0,0,0,401,208.26,0,FALSE,0,0,0,0,0
548baddd31ad9c9df04fc3dbf776825157ba73ca,1333386404,0,0,0,0,0,0,0,0,0,0,0,400,207.26,0,FALSE,0,0,0,0,0
db7d198a55c2af27785ee0b80d1ea5b84581b11f,1333386352,1,1,1,0,3,3,1,5,35.03,1991,153,398,205.26,277,FALSE,0,0,0,0,0
6f50830b25c41a22c1d5a165bc13a71a65b9d934,1333386352,1,1,1,0,3,3,1,6,7.22,1977,148,399,206.26,278,FALSE,0,0,0,0,0
e4c4300a064b9bf21bfcf112088fe9cd0f46a049,1333184747,1,1,1,0,2,0,0,19,4.64,1031,367,0,0,0,FALSE,0,0,0,0,0
6b8a99ba395c6b53fdec24c8d134861b47a09d65,1333128469,2,2,2,0.805983,6,1,0,19,7.06,656,189,0,0,0,FALSE,0,0,0,0,0
ee86820473b355af0a7fede78d7d948083a4ea46,1332784960,1,1,1,0,1,1,0,20,1.08,1034,367,8,7.94,5,FALSE,0,0,0,1,0
4266d9180578f027a48655d8966fc771db6192e1,1332784825,1,1,1,0,2,0,0,8,0.95,547,69,7,6.94,4,FALSE,0,0,0,0,0
00ed5d70c8142556530c8459f3af0ddffc0e7875,1332784106,0,0,0,0,0,0,0,0,0,0,0,397,206.62,0,FALSE,0,0,0,0,0
2c0ccf03ef1b5d0d54b267341f57fd7f8161b75c,1332783426,1,1,2,0.181188,14,2,0,21,4.97,1517.5,220,16,15.17,13,FALSE,0,0,0,0,0
5d468b9622319db642c557cb73ea78710f133734,1332768518,0,0,0,0,0,0,0,0,0,0,0,396,205.68,0,FALSE,0,0,0,0,0
0d935b0427be9dc30804aceb29938ba29c91472e,1332762158,1,1,1,0,1,0,0,6,27.8,1976,147,0,0,0,FALSE,0,0,0,0,0
bf6cb03519b1237c5d48039299bc3a6aa0134435,1332702635,1,1,1,0,1,0,0,8,0.12,546,68,6,5.95,3,FALSE,0,0,0,0,0
55b68fdabaa28688ac037530b842dcf4ccf19d2e,1332692457,1,1,1,0,1,1,0,8,0.01,546,67,5,4.96,2,FALSE,0,0,0,0,0
e27423586528b0947407b36dba6916cc33c61e9b,1332691703,2,2,2,0.229363,12,1,1,20,27.52,784.5,188,4,3.96,2.5,FALSE,0,0,0,2,0
705eff4826660d11ec2af4fa7aafd4bed92e66a1,1332690210,1,1,1,0,5,0,0,19,4.22,1029,365,3,2.96,3,TRUE,0,0,0,1,0
7c9523784555f10d65f894a66e03f71b71ce96a0,1332617163,2,2,3,0.913432,33,0,0,21,16.77,1194,150.33,0,0,0,FALSE,0,0,0,1,0
2055d745db5ee91e99476e837754d9bc052c3ab7,1332521570,1,1,1,0,15,13,0,19,2.26,1029,365,15,14.29,12,FALSE,0,0,0,0,0
c46cd354c2660600dc3e5394f63da94c52a64b62,1332505592,0,0,0,0,0,0,0,0,0,0,0,14,13.29,0,FALSE,0,0,0,0,0
85672298d9f90f7aea038aa3d439227412e3ac53,1332469283,1,1,1,0,5,5,0,3,52.44,212,32,1,0.87,0,TRUE,0,0,0,0,0
ebb9db4e8e62a8760d8d24cbda6b7c66dc211d0e,1332326017,2,2,2,0.57938,3,3,0,19,1.25,603,188.5,13,12.37,8,FALSE,0,0,0,0,0
594f1e201635d4a136571962705d68bf2eeb32fe,1332256579,0,0,0,0,0,0,0,0,0,0,0,395,206.7,0,FALSE,0,0,0,0,0
4c2a85f9c5f38ce466e9b827c2f7e3024196b579,1332253910,2,2,2,0.210758,2,5,0,20,16.25,656.5,187,2,2,1,FALSE,0,0,0,0,0
5827e4a40a5a30f7a00b2bd1ab01111510e8a2d4,1332202259,1,1,1,0,5,5,0,20,0,1033,362,1,1,1,FALSE,0,0,0,0,0
2d3edb88f0bfda175082a2f55cf3cda980e5e489,1332202116,1,1,1,0,5,1,0,19,0.18,1029,361,0,0,0,FALSE,0,0,0,0,0
33be5c62b8fe39b185024ea7d4e8b0e196f29d6b,1332186344,1,1,2,0.805983,3,4,0,20,0.03,1517,217,12,11.42,10,FALSE,0,0,0,0,0
384f38b193168bf43acf6efef09f58757027483d,1332184422,0,0,0,0,0,0,0,0,0,0,0,394,205.98,0,FALSE,0,0,0,0,0
9a27b1b083f8651e95f3622bfe5a338f36f7511a,1332184053,1,1,2,1,4,2,0,20,0.02,1516,216.5,11,10.42,9,FALSE,0,0,0,0,0
a2a35c10cec12fac562ca39b692b0eaec225e20e,1332182786,0,0,0,0,0,0,0,0,0,0,0,10,9.42,0,FALSE,0,0,0,0,0
5545a3b68da905b7cc956c1070f45cf9127ec045,1332182600,1,1,1,0,2,2,0,19,0.01,1023,357,9,8.42,8,FALSE,0,0,0,0,0
5c7ccb21ef5404dbbf4d925d03f35e49967e9a3a,1332182018,2,2,3,0.369603,12,12,0,21,1.38,1068,147.67,8,7.42,5.5,FALSE,0,0,0,0,0
d0e7b397c1427bf69f2c03d45c5ce31dc60f8612,1332181499,1,1,1,0,2,1,0,19,2.06,1022,355,7,6.42,6,FALSE,0,0,0,0,0
984f29ad5800737642a72c1d756b5435fee698fe,1332174248,0,0,0,0,0,0,0,0,0,0,0,393,205.02,0,FALSE,0,0,0,0,0
666049ac5db5634ba8694e64684b31ab2d1f1549,1332003737,2,2,3,0.0858962,119,91,0,20,9.5,1058.33,147,6,5.46,4,FALSE,0,0,0,0,0
f5eb4b09157384c69f28e5cda38c620af8200c41,1331727901,1,1,1,0,32,27,0,18,1.55,1016,354,5,4.5,4,FALSE,0,0,0,0,0
ba3e31b53ef5752b40cfb2d71f594536fefbe916,1331595678,0,0,0,0,0,0,0,0,0,0,0,392,206.31,0,FALSE,0,0,0,0,0
826e743262792c8cca93c38d2c774a34c81c7cdd,1331594118,2,2,2,0.87387,10,1,0,18,1.28,587.5,183,4,3.52,2.5,FALSE,0,0,0,0,0
144dcb18283d0810f9e952139971ec37c538e9eb,1331562443,0,0,0,0,0,0,0,0,0,0,0,391,205.45,0,FALSE,0,0,0,0,0
414fafb1f4e5daf4d22bfaa1f4e50ee190cf24c4,1331483953,2,2,3,0.285284,26,8,0,18,106.8,400.33,123,3,2.53,1.5,FALSE,0,0,0,0,0
c8ec654e6bbd4ea15872c6f65681f5a469330019,1331395223,2,2,2,0.210758,11,3,0,18,19.95,642,181.5,0,0,0,FALSE,0,0,0,0,0
b3eb4a5fcbc22c4bf4e15a09229edf6221676a2a,1330967139,2,2,2,0.405639,5,3,0,18,13.44,596,179,0,0,0,FALSE,0,0,0,0,0
34305bc85d76abf1291ae12bc601f6ea4a443dc2,1330360305,0,0,0,0,0,0,0,0,0,0,0,390,209.32,0,FALSE,0,0,0,0,0
d84410bbe6f6f07d2c359f3f449561bcfda61d2e,1330359986,2,2,2,0.57938,2,1,0,6,34.38,1303,76,1,1,1,FALSE,0,0,0,0,0
5677a0c6ebcae6e3f7915dcfed43175618629a5e,1330359986,2,2,2,0.57938,2,1,0,6,27.93,1310.5,79,0,0,0,FALSE,0,0,0,0,0
c99cfca75e850702ceeadd65ccd2ae543f58f4ab,1329846234,0,0,0,0,0,0,0,0,0,0,0,389,210.47,0,FALSE,0,0,0,0,0
8808f7d531733a0e88d31f122ffc3568d1dfce96,1329845755,1,1,1,0,5,2,0,19,0.92,1001,351,2,1.99,2,FALSE,0,0,0,2,0
0285f47f7835fd62919d72cf2d399756f86a8044,1329766608,1,1,1,0,2,2,0,19,0.01,1001,350,1,1,1,FALSE,0,0,0,0,0
c8d4025621e9e471a9584e01118ce31b47600f86,1329765696,2,2,2,0.666107,28,7,0,18,12.54,584,177.5,0,0,0,FALSE,0,0,0,2,0
23931b27163573f37292ff8849e38be62ab24a4d,1329502044,0,0,0,0,0,0,0,0,0,0,0,388,210.93,0,FALSE,0,0,0,0,0
7c7c38decf811953dc97cad12b3bbe5d2f102d73,1329496847,1,1,1,0,4,0,0,3,18.05,276,54,1,1,0,FALSE,0,0,0,4,0
90431601ccdc61c7b3c79124c3e56fd55306b1e3,1329428016,0,0,0,0,0,0,0,0,0,0,0,387,210.24,0,FALSE,0,0,0,0,0
c2a58725bee234dd54128ac93a58f996110fd3eb,1329427878,1,1,1,0,1,1,1,18,10.17,1002,348,0,0,0,FALSE,0,0,0,0,0
bb63be51671b44356a3f9f964007ae479e63ed29,1328549321,0,0,0,0,0,0,0,0,0,0,0,386,213.02,0,FALSE,0,0,0,0,0
ff544ae997b9f600f43c39c932f45fad533667cd,1328549053,1,1,1,0,1,1,0,18,7.06,1002,347,1,0.77,1,FALSE,0,0,0,0,0
f4359d9684913112734793262bad7dca839f8837,1328540171,0,0,0,0,0,0,0,0,0,0,0,385,212.06,0,FALSE,0,0,0,0,0
64ed34f94962679bb305bf67a6b9897c62d1ea87,1328534090,1,1,1,0,5,4,0,5,2.91,1989,151,0,0,0,FALSE,0,0,0,0,0
af4b86e0a6c4504bb8f402872498b99400fcf481,1328282324,1,1,1,0,2,2,0,5,4.01,1989,150,384,212.18,276,FALSE,0,0,0,0,0
5533c12033a02e1e32fdcf236a792fad73ade29f,1327938826,2,2,2,0.647965,19,3,1,18,0.02,599,175.5,383,212.68,194.5,FALSE,0,0,0,0,0
1bb750508d3db07e894a1e4062aa528e0c72f436,1327938289,0,0,0,0,0,0,0,0,0,0,0,382,211.68,0,FALSE,0,0,0,0,0
458e604eee649aa0ee18cadfe96cd0e2b2739cb5,1327937406,1,2,7,0.120194,762,1525,0,14,65.89,535.57,25.43,2,1.8,0,FALSE,10,0,72,116,45
59761cedcfb120a981e7f29130422fa635161992,1327936863,0,0,0,0,0,0,0,0,0,0,0,381,210.69,0,FALSE,0,0,0,0,0
5c6abc4453f3bdf9470bd98ec79d7f22105f87e3,1327936504,1,1,1,0,1,0,0,18,5.98,999,345,1,0.8,1,FALSE,0,0,0,0,0
bdb3cb21f9aacf7de53169c99563b471f985b82d,1327935668,1,1,1,0,13,13,1,5,3.75,1989,149,380,209.69,274,FALSE,0,0,0,0,0
018efa56f28fdc3bae7900ad6fa70e7a5fb89d17,1327935508,0,0,0,0,0,0,0,0,0,0,0,379,208.69,0,FALSE,0,0,0,0,0
53829cbd5c51e3319b843130890fbef0abd951c9,1327611898,1,1,1,0,2,0,0,6,0,1987,148,1,1,1,TRUE,0,0,0,0,0
7a2e45eb3a47506004b1d4d864106645fd7e7740,1327611472,1,1,1,0,12,1,0,5,0.67,1976,147,0,0,0,TRUE,0,0,0,0,0
4540feaa1f672eb32fd5e8579b34fc21a7e9d565,1327587849,0,0,0,0,0,0,0,0,0,0,0,378,209.19,0,FALSE,0,0,0,0,0
ae3720d2001c2d6b70a9759ec46fb4233aca6812,1327553776,1,1,1,0,1,0,0,5,1.56,1975,146,0,0,0,FALSE,0,0,0,0,0
3512e7fc5c1164a5f6d1f4dc450d0e3895770255,1327419620,2,2,2,0.57938,9,3,1,18,5.92,634.5,176.5,377,208.91,193,FALSE,0,0,0,2,0
107c432439486dfb6df144ae81126931b4846c02,1327419202,0,0,0,0,0,0,0,0,0,0,0,376,207.91,0,FALSE,0,0,0,0,0
908c0156312576433732f4a6f8db0ae229b9efdd,1327419194,1,1,1,0,3,3,1,5,0.69,1975,145,375,206.91,272,FALSE,0,0,0,0,0
61e21c5dbbb886391cab575d2a203c72812ed3e8,1327359451,0,0,0,0,0,0,0,0,0,0,0,374,206.16,0,FALSE,0,0,0,0,0
eeea70c457db3aebaef5b9251661f779844758fe,1327359389,2,2,4,0.313456,100,63,0,20,6.14,899.75,103.5,373,205.16,146.5,FALSE,0,0,0,71,16
cdf43ea742271d9f612e639d76e5ed86ebb7c3fa,1327358028,2,2,2,0.431711,13,6,1,18,9.56,573.5,177,372,204.17,191,FALSE,0,0,0,0,0
a8c956fe6ae16a22d11a48cd77a956c2ad7125d6,1327356199,1,1,1,0,7,3,1,5,0.04,1937,143,371,203.18,269,FALSE,0,0,0,0,0
d959c019f8a8dcfb7ed68a4fd6dfc43bda516931,1327353049,1,1,1,0,2,2,0,5,12.19,1937,142,370,202.19,268,FALSE,0,0,0,0,0
5ed8b6e6ce0d0d724ce3fc8fd5a516fd1e535970,1327352756,1,1,1,0,3,2,0,18,0.01,994,341,369,201.19,267,FALSE,0,0,0,0,0
f1ecedf64aad46d3cebbafb8b438fe6e699432b6,1327352636,0,0,0,0,0,0,0,0,0,0,0,368,200.19,0,FALSE,0,0,0,0,0
f6a1b97426398b54bf42163fb4d1c57f2084a20f,1327351733,0,0,0,0,0,0,0,0,0,0,0,367,199.2,0,FALSE,0,0,0,0,0
99c17c4a0daa23371a1fd69ad6519da5b77b8c4b,1327351715,2,2,2,1,2,2,0,18,30.05,762.5,173.5,366,198.2,188.5,FALSE,0,0,0,1,0
3898597b12fc80a70e5585d5a99c66ce8b52b6d8,1326947694,1,1,1,0,14,10,0,18,5.68,990,339,0,0,0,FALSE,0,0,0,0,0
9c88b723629b8a225f79ca788d92536b1ce04e1d,1326474083,0,0,0,0,0,0,0,0,0,0,0,365,200.74,0,FALSE,0,0,0,0,0
978255b7780952f7603d24f78485b1d90a6e2dfa,1326456590,2,2,2,0.734496,4,1,0,18,11.76,628.5,173.5,0,0,0,FALSE,0,0,0,0,0
ef5a61567a40f8bee68a16895253c3c0f794a00c,1326300086,0,0,0,0,0,0,0,0,0,0,0,364,200.45,0,FALSE,0,0,0,0,0
dd09162b8c216f3fd09dfc85446df420962c7376,1326300074,2,2,4,0.179753,155,138,0,20,5.09,892.25,101.5,363,199.45,143,FALSE,0,0,0,67,12
0d4b1247c45083c695cab4242c084a97aa600221,1326298660,1,1,1,0,4,9,0,18,6.79,995,336,362,198.46,264,FALSE,0,0,0,1,1
0b74f2d665278c431a49271d0863a0caad5e1b81,1326141643,1,1,0,0,0,0,0,0,0,0,0,361,198.09,20,FALSE,0,0,0,0,0
c1b62d7ea11347bc1057e05dcb7f62a77183e47b,1326141550,1,1,0,0,0,0,0,0,0,0,0,360,197.09,19,FALSE,0,0,0,0,0
8905ac64f9893367ec69c9abb4eea2278ee17c76,1326129710,0,0,0,0,0,0,0,0,0,0,0,359,196.14,0,FALSE,0,0,0,0,0
38b78e4e5235844e01b5e1d7a623423040b12abc,1326129560,1,1,0,0,0,0,1,0,0,0,0,358,195.14,263,FALSE,0,0,0,0,0
ce01895ab17ae8d31fd7647225371206cbee1dc3,1325910624,1,1,0,0,0,0,0,0,0,0,0,0,0,0,FALSE,0,0,0,0,0
d85490fbbbeee82a806f0a665ba6a33afe1918a5,1325794631,1,1,0,0,0,0,0,0,0,0,0,357,195.47,262,FALSE,0,0,0,0,0
0ee09ff97ff2fdee6e2d375ca47cfa52785abafe,1325718240,1,1,1,0,2,1,1,5,0,1918,140,356,194.77,261,FALSE,0,0,0,0,0
c84968ba6af0333d07e37ea022a45494eed7a1b8,1325717954,1,1,0,0,0,0,0,0,0,0,0,355,193.77,18,FALSE,0,0,0,0,0
2d5db78c8663875689fd69dbe40fde8f99b56767,1325717922,2,2,1,0,269,153,0,5,0.07,1802,139,354,192.77,138.5,TRUE,0,0,0,0,0
4946c549b2f236245aa619109b44308a6641ada5,1325711820,2,2,4,0.386313,87,56,0,20,14.13,856.5,100.5,353,191.8,137.5,TRUE,0,0,0,66,13
f79c5ab3e19b0ca4b77ff0281136d234faac2eb3,1325710840,0,0,0,0,0,0,0,0,0,0,0,352,190.8,0,FALSE,0,0,0,0,0
69ed6177ab27382ccac35ffdb596f2f2d117e323,1325710836,2,2,3,0.483874,16,7,1,20,10.71,972.67,135.67,351,189.8,184,FALSE,0,0,0,0,0
f7292c1566bc2f719f1a15caea64703bb5368a33,1325708884,0,0,0,0,0,0,0,0,0,0,0,350,188.81,0,FALSE,0,0,0,0,0
7157d0187f46d274804d88469b1c7479da6bc80b,1325708553,1,1,1,0,7,23,0,5,11.82,1795,135,349,187.81,257,FALSE,0,0,0,0,0
ecef23c1cba0a4876c54dac850e941ab21a3fb42,1325707856,0,0,0,0,0,0,0,0,0,0,0,348,186.81,0,FALSE,0,0,0,0,0
62c814d9fee214c19cf29695ded2eaab6bbaf0f8,1325275642,2,2,2,0.495023,17,0,1,18,47.52,516,167,347,187.42,182.5,FALSE,0,0,0,0,0
3a225eada5f06fd7c3e146225d61c860a8db0a82,1324687736,1,1,1,0,1,1,0,6,0.95,1795,134,1,1,1,FALSE,0,0,0,0,0
0d463de74adad6538bbff14997b8ba560b736301,1324605783,1,1,1,0,19,1,0,5,6.46,1777,133,0,0,0,FALSE,0,0,0,0,0
66bb646be76425a2012fd75cc144520286c4e4d9,1324583032,0,0,0,0,0,0,0,0,0,0,0,346,189.04,0,FALSE,0,0,0,0,0
6baf8e877b94046cefb0b1bb514f38511dd47719,1324582004,1,1,1,0,1,1,0,5,6.18,1777,133,0,0,0,FALSE,0,0,0,0,0
2206092e25f66f3a0dbb05c24509a7831b1863fe,1324581688,2,2,2,0.194885,14,1,1,18,4.23,619.5,170.5,0,0,0,TRUE,0,0,0,0,0
e58af520608517fed93c12c7fe9d38eda8b4a7b7,1324385249,0,0,0,0,0,0,0,0,0,0,0,345,188.8,0,FALSE,0,0,0,0,0
5ca27ffed139bb14aad12040c05f9b88a7ab8597,1324374711,2,2,2,0.674494,6,2,1,18,3.67,589.5,167.5,0,0,0,FALSE,0,0,0,0,0
b4a38439ce53ea80fbf008b2f44814349a135697,1324058988,0,0,0,0,0,0,0,0,0,0,0,344,189.06,0,FALSE,0,0,0,0,0
b27ed66d77375accd845ec85c31a6f405f4cdb24,1324057652,1,1,1,0,5,2,1,18,0,982,329,343,188.06,255,FALSE,0,0,0,1,0
3c5686f7842a2f52e1692348a848124d3578b993,1324057280,2,2,3,0.329339,9,6,1,18,18.09,475.33,113.33,342,187.06,181,FALSE,0,0,0,1,0
eb42c856c4ab57df0d57dac750aa3f81286f1c7d,1324047932,1,1,1,0,1,1,1,5,9,1777,132,341,186.1,253,FALSE,0,0,0,0,0
c8ecb47765b06c8ba39176f77162c4180352d33d,1323372980,1,1,1,0,2,1,1,18,1.18,981,328,1,1,0,TRUE,0,0,0,0,0
81cb0d3a8617b47cbef86c500bad19bddecd7c46,1323372811,1,1,1,0,4,0,1,8,15.16,145,41,0,0,0,TRUE,0,0,0,0,0
813bb57bf07d507790c6d0957dd113f0cbff0f5e,1323270728,3,3,5,0.389053,85,76,0,20,12.95,713.2,78.8,340,188.07,124.667,FALSE,0,0,0,72,14
770f0876b360c69f519c726dc4c55b4821067c6a,1323268507,2,2,2,0.674494,21,11,0,18,0.34,615,167.5,339,187.07,178.5,TRUE,0,0,0,2,0
cf1d69227b3a7ccba6cea46a9a5b8e4b3cb10f6e,1323268255,1,1,1,0,1,0,0,18,0,986,325,338,186.07,250,TRUE,0,0,0,0,0
c67eaf672b57ce60625837131d7ac925cfc9d835,1323268151,1,1,1,0,13,16,0,18,0.66,989,324,337,185.08,249,TRUE,0,0,0,0,0
9e4192729375c8eab68913d36de9fbb8ffbbdfcc,1323210823,2,2,4,0.272772,116,255,0,18,1.81,519.25,85.5,336,184.29,176.5,TRUE,0,0,0,14,3
b3290c127afa939b70075735fdf714c0abb2be1c,1323198527,1,1,1,0,30,32,0,18,0.54,1061,322,335,183.34,247,FALSE,0,0,0,2,0
e801de0e6c69986a36ee4b1335a1a4d9a5c9caea,1323174635,0,0,0,0,0,0,0,0,0,0,0,334,182.43,0,FALSE,0,0,0,0,0
2c5661ebb30461d7a004372318617ded7a332ae7,1323152216,2,2,2,0.194885,8,7,0,18,1.35,826.5,165,4,3.97,2.5,FALSE,0,0,0,0,0
d8d1bd0259c4c2a2130ec3b48d132b3ebbac3bba,1323151469,0,0,0,0,0,0,0,0,0,0,0,3,2.97,0,FALSE,0,0,0,0,0
4aef322079f04c85e7147f388fd3a5fca0809a0d,1323103511,0,0,0,0,0,0,0,0,0,0,0,333,181.69,0,FALSE,0,0,0,0,0
3df51e7004de9de948421ed4f253f13f98f4fb86,1323103503,1,1,1,0,1,1,1,18,2.71,1056,318,332,180.69,246,FALSE,0,0,0,0,0
835f959d2dadbb4f31b9e5c32ea7fcada95d866a,1323102403,0,0,0,0,0,0,0,0,0,0,0,331,179.69,0,FALSE,0,0,0,0,0
649f629bb172f73f771b4716ef9a469199a5d531,1322968014,2,2,3,0.728266,28,22,0,18,23.23,611.33,111.33,2,1.99,1.5,FALSE,0,0,0,2,0
4a5c2ac818ed856813a7e7633f203cf186b942af,1322898547,2,2,4,0.340447,91,24,0,18,19.21,501.25,84.25,1,1,0.5,FALSE,0,0,0,3,0
ed4826ca19bafb2b9ec6aba3f34ec7edafc05d40,1322868945,1,1,1,0,37,39,0,18,1.2,1058,317,330,179.54,245,FALSE,0,0,0,2,0
3c6a8ccd73c88e0329df094d210c03620c21e8e2,1322765470,1,1,1,0,144,75,1,17,8.05,989,316,0,0,0,FALSE,0,0,0,9,3
bfa4fe8a4fc178b252d11c56d7851b105763b720,1322070728,0,0,0,0,0,0,0,0,0,0,0,329,181.47,0,FALSE,0,0,0,0,0
7653c5fe09f3cd6929698ca6dea5deb7bc0b537b,1322070142,2,2,2,0.611798,20,3,0,17,7.72,571.5,159,328,180.47,174,FALSE,0,0,0,0,0
65ab040a7b21053b08fce1b551407c61649fbcbc,1322062930,0,0,0,0,0,0,0,0,0,0,0,327,179.5,0,FALSE,0,0,0,0,0
65d5d60bfa2878b7d30ef4e32c310fa0a87ba1d6,1322062808,2,2,2,0.87387,10,1,1,17,8.83,558,160.5,326,178.5,173,FALSE,0,0,0,0,0
866be70a7a15b36155f5d1636e2e520538dd151e,1321675523,0,0,0,0,0,0,0,0,0,0,0,325,178.91,0,FALSE,0,0,0,0,0
55cddd94752a9ce965f92614e395559b223c6934,1321674755,1,1,1,0,1,1,0,5,4.31,1759,130,0,0,0,FALSE,0,0,0,0,0
7c9516321cfaa6dafe23c43db0886a8c7ad58f69,1321633155,1,1,1,0,1,1,0,17,0,977,311,324,178.06,242,FALSE,0,0,0,0,0
aafc832a7789947087c046ed3d15e14ef99c06a9,1321633131,0,0,0,0,0,0,0,0,0,0,0,323,177.07,0,FALSE,0,0,0,0,0
5e7d75d6f63c94b84007f67ea34889616065b396,1321632773,1,1,1,0,1,1,1,17,3.82,977,310,0,0,0,FALSE,0,0,0,0,0
bf7a351fd6048f096ce2de6b6a2d486c496d940c,1321397704,1,1,1,0,2,2,0,18,0.05,977,311,1,1,1,FALSE,0,0,0,4,0
5c00abcf8786974ece0d6d01cfb4ba9740fa05a4,1321393578,1,1,1,0,2,2,0,17,1.05,977,310,0,0,0,FALSE,0,0,0,4,0
8c346141dc9687c5952991195eefe1988cf92124,1321302499,2,2,4,0.219895,145,101,0,19,10.56,834.75,92.5,322,177.26,127.5,FALSE,0,0,0,76,18
2a697e4bf528e2cc7f2634c0f879d795f00561f8,1321300889,0,0,0,0,0,0,0,0,0,0,0,321,176.27,0,FALSE,0,0,0,0,0
135f93e520f4dfb10aa7b5fe9178c3178449e773,1321299559,1,1,1,0,11,1,1,5,21.05,1726,128,320,175.27,240,FALSE,0,0,0,0,0
e4c4d920a95923bda030baeb8f5f8d44c8c6d639,1321298954,0,0,0,0,0,0,0,0,0,0,0,319,174.27,0,FALSE,0,0,0,0,0
f29785a0b7871ddbc6dd86da233ae9031d57c857,1321298864,1,1,1,0,5,1,0,17,0.01,963,302,318,173.28,239,FALSE,0,0,0,0,2
a7f14435b137ddb559cf1119e48c84eb5895c21f,1321298498,0,0,0,0,0,0,0,0,0,0,0,317,172.28,0,FALSE,0,0,0,0,0
51b8293ceed3e2db6e81f927e1f68f0ecdccae30,1321298070,1,1,1,0,3,2,0,17,0.01,962,300,316,171.28,238,FALSE,0,0,0,0,0
a64cc1d979ba4114fd38a1430c2727fb1adb7996,1321298007,0,0,0,0,0,0,0,0,0,0,0,315,170.28,0,FALSE,0,0,0,0,0
6804754cf428b0b2952c0cf20e29f5a3ba38cf07,1321297473,0,0,0,0,0,0,0,0,0,0,0,314,169.28,0,FALSE,0,0,0,0,0
0acab3dcd316c71de50cd10932c77df3a74a57e4,1321297453,2,2,2,0.734496,4,1,1,17,14.11,549,154,313,168.28,169.5,TRUE,0,0,0,0,0
f04c6bf779b288cf7a2bcd68840d28fb253c3438,1320944121,2,2,2,0.310917,3,2,0,17,13.38,577.5,151,0,0,0,FALSE,0,0,0,0,0
05c107576b0bf9ce8e0bdb4433987f70e7e82aa3,1320743588,2,2,2,1,3,1,1,17,13.57,561.5,151.5,0,0,0,FALSE,0,0,0,0,2
5d21f2f6019341fbd2aa330312005b6ed4aac640,1320380207,1,1,1,0,1,1,0,18,0.19,962,299,1,1,1,FALSE,0,0,0,0,0
aedab9c7dd7c737445acc306db8f274c4423862c,1320364027,2,2,2,1,3,1,1,17,8.2,601.5,153.5,0,0,0,FALSE,0,0,0,0,0
053554503805bc0a31f313a65f2cb6a0ffc5dbea,1320089451,0,0,0,0,0,0,0,0,0,0,0,312,171.42,0,FALSE,0,0,0,0,0
aa916b8cfe565dc206d85c4cb74fbb6c499067a7,1320088457,1,1,1,0,1,1,0,17,0.19,962,296,0,0,0,FALSE,0,0,0,0,0
ba96d168ec08436d01a97871bb7d2fcaefe79186,1320078662,2,2,2,0.47756,6,1,1,17,12.96,546.5,153.5,311,170.46,168.5,FALSE,0,0,0,0,0
64b69c0cfa120a20be8343c5356d185cf760e7d3,1320072059,0,0,0,0,0,0,0,0,0,0,0,310,169.48,0,FALSE,0,0,0,0,0
7f23d279a8704c51791375b636ff532b9d476e45,1320072045,1,1,1,0,1,1,1,17,6.37,962,294,309,168.48,235,FALSE,0,0,0,0,0
efd29e12cdf9208f8ee59ed67b67efc38633d71b,1320029156,1,1,1,0,1,1,0,17,4.38,972,296,9,8.17,6,TRUE,0,0,0,0,0
75cda30f39505c2db8973e48efaf76e1c1fbad4f,1319835907,0,0,0,0,0,0,0,0,0,0,0,308,168.28,0,FALSE,0,0,0,0,0
81bad47bc0067728a9f0014436ab3919578b3e83,1319835740,1,1,1,0,1,1,0,17,3.64,962,294,0,0,0,FALSE,0,0,0,2,0
b5a058ba3929f646010f1d945dc4d06f1ce327f2,1319751237,0,0,0,0,0,0,0,0,0,0,0,307,167.57,0,FALSE,0,0,0,0,0
3d1605f241775d9a976a174f60175ed1c4e4ee06,1319650549,2,2,2,0.210758,9,5,0,17,0.52,751.5,152,8,7.26,4,TRUE,0,0,0,0,0
ed3c05e74c4e332929b00e1613fcdd88988721a3,1319606431,1,1,1,0,1,1,1,17,0.02,970,294,7,6.27,4,TRUE,0,0,0,0,0
a0b3feca858db697efbfe4a5d6e9a03cc5adefe1,1319604348,2,2,2,0.194885,64,56,0,17,1.42,747.5,151,6,5.27,2.5,TRUE,0,0,0,4,4
ad65e8cb03a9191203cd280290c13b49ebcd86c9,1319521250,1,1,1,0,2,2,1,17,0.39,962,293,0,0,0,TRUE,0,0,0,0,0
29f4478a86c0dfcdb92ef0ef76e1fc19f18f293d,1319487378,2,2,2,0.805983,24,4,1,17,0.1,567.5,148,306,167.47,167,TRUE,0,0,0,0,0
e8ec62c89409376aebf84c512da64a44a33caa34,1319482010,0,0,0,0,0,0,0,0,0,0,0,305,166.49,0,FALSE,0,0,0,0,0
9fcaac97b6d4d5e243c5fc9eab27979f8f5fbf59,1319481554,1,1,1,0,8,8,0,17,0.01,958,291,304,165.49,233,TRUE,0,0,0,0,0
b8322d22181a55b4255a0b50a3370cdfe2feaafa,1319480630,0,0,0,0,0,0,0,0,0,0,0,303,164.49,0,FALSE,0,0,0,0,0
bffdb50f9bb1f44252c5d5e53c48afef5065ad4a,1319480616,2,2,4,0.179799,235,185,0,19,9.47,815,87,302,163.49,122.5,FALSE,0,0,0,79,15
3c54f7911339261f0e54dc3451d8ae981ca42df9,1319476755,2,2,2,0.310917,5,0,1,17,2.79,743,149,301,162.51,165,FALSE,0,0,0,0,0
b4d950334052ee5e03f697122f7554ebfba9aeb3,1319476404,2,2,2,0.663631,39,15,1,17,0.05,555,146,300,161.51,164,TRUE,0,0,0,0,0
cfec39fd4e1dd790a92c348ff98dee1252c851b4,1319472415,2,2,2,0.112009,17,20,1,17,0,556.5,145.5,299,160.52,163,TRUE,0,0,0,0,0
bceb77e325839277b2a03b34d1247e7d555cd0ac,1319472359,2,2,2,0.112009,20,17,1,17,2.41,555,145,298,159.52,162,TRUE,0,0,0,0,0
456a69c559f65330d6a3c981b5b99c8a1ca538f2,1319471507,1,1,1,0,6,5,1,5,4.82,1701,125,297,158.52,227,FALSE,0,0,0,0,0
43878e8ef0d4370054cd9aab297b3f0a55ac0722,1319470106,1,1,1,0,7,8,0,17,0.05,950,285,296,157.53,226,TRUE,0,0,0,0,0
58c88ccc59039a65d12104964039dea8f902f672,1319469364,0,0,0,0,0,0,0,0,0,0,0,295,156.53,0,FALSE,0,0,0,0,0
38b1fe0dd385df94016b4275743d8be7a69891b1,1319465563,1,1,1,0,2,2,1,17,2.81,942,282,294,155.54,225,FALSE,0,0,0,2,0
9b7154878f9d1d3fd47370658e098cabef05d975,1319222695,0,0,0,0,0,0,0,0,0,0,0,293,155.28,0,FALSE,0,0,0,0,0
96fdf6fbac96b47c127c5908c96d3c1e640a31ad,1319222678,2,2,2,1,10,2,0,17,9.4,587.5,144.5,292,154.28,159.5,FALSE,0,0,0,0,0
08db9c256f2014480d9d7c9208fd1fbbd6e06dc4,1319145308,0,0,0,0,0,0,0,0,0,0,0,291,153.51,0,FALSE,0,0,0,0,0
4d6e2c6ed4b3b5c91d4cc4170f67e71dc948ae13,1319144888,1,1,1,0,2,2,0,17,1.01,940,280,0,0,0,FALSE,0,0,0,1,0
42e04ecc7a4c7cef44ce42076141c38dacdce6ab,1319082780,1,1,1,0,10,3,0,17,15.06,915,262,4,3.26,3,TRUE,0,0,0,0,0
00cd88cfa64cb81fac1a383842c172b7c180d783,1319057513,2,2,2,0.465805,21,4,0,17,7.54,542,141.5,290,152.77,158.5,TRUE,0,0,0,1,1
3fbb9bb0dd0ae5340642ed5ba4ab46465a63e1c6,1319055340,1,1,1,0,2,3,1,5,1.05,1702,124,289,151.78,222,FALSE,0,0,0,0,0
f1ba2057317cac2a7d396ac2ac330d40f8481175,1319054473,1,1,1,0,1,4,0,17,0,933,278,288,150.78,221,FALSE,0,0,0,0,0
196c8066f78dea04dcc93a9fdf54166274d798e3,1319054394,0,0,0,0,0,0,0,0,0,0,0,287,149.78,0,FALSE,0,0,0,0,0
4b2de2e107465a1916d762fbfebede68a9c55fc9,1319054393,2,2,2,0.507374,13,7,1,17,7.03,540,140,286,148.78,156.5,FALSE,0,0,1,0,0
ebca7f2a2d8c865fde4a805e417b0b17cd33aa7f,1319051937,0,0,0,0,0,0,0,0,0,0,0,285,147.79,0,FALSE,0,0,0,0,0
3587febd8e45aa53a8eeeae61f5e04899031dfb3,1319050040,1,1,1,0,4,4,0,17,0.64,925,274,284,146.79,219,FALSE,0,0,0,0,0
6241343b33959ced28eb7744f85168ef9106c544,1319044059,1,1,1,0,8,13,0,18,0.84,936,274,2,1.99,1,FALSE,0,0,0,2,2
7fc616943e6ecc43662cb5595f2e839a2ed0172e,1318994819,2,2,2,1,3,1,0,17,0.29,725.5,141,283,145.95,155,FALSE,0,0,0,1,0
e68d95dcaa66734fbc5a1c4142e278e3da43f634,1318980508,0,0,0,0,0,0,0,0,0,0,0,1,1,0,FALSE,0,0,0,0,0
86eedd2a7b2d02c282ce130c508b0c4f4e494789,1318971105,1,1,1,0,7,7,1,17,0.03,923,272,282,145.01,217,FALSE,0,0,0,4,4
c30be2137c692ced5c667d64c76f5c900a79563d,1318970690,0,0,0,0,0,0,0,0,0,0,0,281,144.01,0,FALSE,0,0,0,0,0
e79586515c5f635650afc32976826e01463dcd1d,1318968443,2,2,2,0.360114,21,32,0,17,12.2,730,139,280,143.02,153.5,TRUE,0,0,0,3,0
6123870dabb2b1ff8dc52be66c76de0248d78ddc,1318964526,1,1,1,0,11,10,1,5,3.37,1701,123,279,142.03,215,FALSE,0,0,0,0,0
1054e24c4fe417f98adc3caeb8ec9cce7b39cdd1,1318955238,1,1,1,0,1,1,0,18,0.07,934,270,1,1,1,TRUE,0,0,0,2,1
0513f60b63f08636dc0908730c7d4334aa322773,1318949446,1,1,1,0,2,0,0,17,11.92,932,269,0,0,0,FALSE,0,0,0,1,0
e6381d8ee7c82f838bfcba6cdeccfca924e65041,1318899483,1,1,1,0,13,0,0,17,11.34,932,269,0,0,0,FALSE,0,0,0,1,1
89cf32f37af59a038458b2715a061e81c10cfabc,1318673553,0,0,0,0,0,0,0,0,0,0,0,278,141.79,0,FALSE,0,0,0,0,0
2085963d190b7d69331a99fb25a93d31d002bd4c,1318673389,1,1,1,0,1,1,1,4,364.53,1432,84,4,2.11,3,FALSE,0,0,0,0,0
407b6b4916aed55dde4720190a59b170afccd5ee,1317920311,0,0,0,0,0,0,0,0,0,0,0,277,142.79,0,FALSE,0,0,0,0,0
69bb2e03fab1dae907a64b275204074e20f165f3,1317919884,1,1,1,0,0,2,0,18,0.02,934,268,2,2,2,FALSE,0,0,0,2,0
81c9dc2f1fdd324846ddaa0c0fe255be114f91e6,1317918222,1,1,1,0,3,5,0,18,0.11,936,267,1,1,1,TRUE,0,0,0,0,0
f2a64227fdd72a5ad8aaee03e1cab81f13ae130e,1317909051,2,2,2,0.310917,61,4,0,17,1.21,703.5,137.5,0,0,0,FALSE,0,0,0,5,2
518d650279f3215f215bba87875351491e6cbde2,1317850558,0,0,0,0,0,0,0,0,0,0,0,276,141.97,0,FALSE,0,0,0,0,0
0ed3b65df163381f7d14184f399799985b77bcb0,1317850554,1,1,1,0,5,2,1,5,0,1698,121,275,140.97,214,FALSE,0,0,0,0,0
ab84e23ab27caff9cbc041524c20a74b64ce2f87,1317850379,0,0,0,0,0,0,0,0,0,0,0,274,139.97,0,FALSE,0,0,0,0,0
dc9ec7ed389f355aced5de53d248c4599f72f192,1317850374,1,1,1,0,2,2,0,5,0,1698,120,273,138.97,213,FALSE,0,0,0,0,0
254e93cb2289fd1d95200d7a1a8261e9adfa699c,1317850232,0,0,0,0,0,0,0,0,0,0,0,272,137.97,0,FALSE,0,0,0,0,0
7304084e94841832ff00a3b4c4a7d3a79eb35e04,1317850220,2,2,4,0.357999,246,129,0,19,52.26,778,78.75,271,136.97,112,TRUE,0,0,0,83,11
cc6a9d494d77ff910064d17719848445c05642ee,1317845940,2,2,2,0.734496,7,3,0,17,0.52,529,137.5,270,135.98,150.5,TRUE,0,0,0,0,0
b501ba49e96f15bde4e54fb47cd391f91eaf30a1,1317845235,0,0,0,0,0,0,0,0,0,0,0,269,134.98,0,FALSE,0,0,0,0,0
ac191a28a54302613d706af1f04236af8f195e5b,1317843154,2,2,2,0.181188,8,8,0,17,0.31,538.5,133.5,268,133.99,149.5,FALSE,0,0,0,0,0
dcda142655619b92ba2f3cc8b904d473ad426e29,1317816891,1,1,1,0,9,0,0,2,0.68,146,21,1,1,0,FALSE,0,0,0,0,0
6d9d071b2f3c0d375517163005ff27a04383c4d6,1317816378,1,1,1,0,8,0,0,16,0.61,914,261,0,0,0,FALSE,0,0,0,0,0
221161ceccd224f9b0f871426ddd656f358a2f5b,1317781476,2,2,2,0.361743,12,10,0,16,0.24,695,135,3,2.37,2.5,FALSE,0,0,0,4,0
348c93515cf56263828c683ebab055e6c800b63b,1317763435,2,2,2,0.405639,8,0,0,16,0.06,570.5,134.5,267,133.18,148.5,FALSE,0,0,0,0,0
921b592cd72611b72923f539b1e849d567eee7cf,1317762690,0,0,0,0,0,0,0,0,0,0,0,266,132.18,0,FALSE,0,0,0,0,0
d79cd48bc507e2599d722ba22b78690d4114b0c5,1317758767,0,0,0,0,0,0,0,0,0,0,0,265,131.19,0,FALSE,0,0,0,0,0
7d0e4169a9453da3c664f82327840a861244c574,1317758192,1,1,6,1,6,6,0,13,175.94,194.67,22,264,130.19,87,FALSE,0,0,0,0,0
1facc0e4fee98df915d0ecd8f20ce56482ba6875,1317758186,1,1,1,0,4,5,0,16,28.92,897,256,263,129.19,208,FALSE,0,0,0,4,3
7760e6aa528fc60a66def3ec66e987b0b38b0f02,1315266645,0,0,0,0,0,0,0,0,0,0,0,5,5,0,FALSE,0,0,0,0,0
4fa97eb2fa7c387913bead871767912ab22d5ee2,1315259469,2,2,2,0.734496,5,5,0,16,0.14,679.5,124.5,4,4,1.5,FALSE,0,0,0,4,1
54245bc679d448427bebd71a8608283476b2d752,1315247649,1,1,1,0,5,3,0,16,0.01,885,240,3,3,1,FALSE,0,0,0,0,0
e9faa401082034b5ac6ce6dc3855db714451b747,1315247223,1,1,1,0,224,70,0,6,0.79,318,49,2,2,0,FALSE,0,0,0,1,0
6f62f258cb4c1c45248c30c56cfd0ceea7051086,1315247159,1,1,1,0,49,26,0,15,0.79,862,239,1,1,0,FALSE,0,0,0,3,2
d447165ed4510d97d1efa8c15ac8ed68447d76d6,1315179425,0,0,0,0,0,0,0,0,0,0,0,0,0,0,FALSE,0,0,0,0,0
bf3aa97c3614f032983afe0740813021e70a06dd,1315179259,2,2,2,0.293634,12,9,0,16,51.05,588.5,122.5,2,1.54,1.5,FALSE,0,0,0,0,1
e449b00a26d0bfc29c0be42f1ea98c7d8f5493b9,1314796210,2,2,2,0.405639,5,3,0,17,0.1,495,124,1,1,1,TRUE,0,0,0,0,2
a8f0445192aeac118b3f347a3abfc7bf5af51fd3,1314787145,2,2,2,0.35218,6,3,0,16,49.07,493.5,123.5,0,0,0,FALSE,0,0,0,0,1
9996ecae5c69eb4ba153edb271ca44a039c9f159,1314310391,1,1,1,0,3,13,0,6,0.02,1653,118,21,11.6,19,FALSE,0,0,0,0,0
f4cba513b96a12367cbf6f5e704b6bfbcfdb492e,1314308669,2,2,3,0.536716,44,1,0,18,33.5,899.67,99.67,20,10.6,11.5,FALSE,0,0,0,0,0
791ac804732eaf9c12158054f11e6fd0df455d37,1313074409,1,1,1,0,7,0,0,6,6.84,1616,114,262,139.68,207,FALSE,0,0,0,0,0
610b3471742db0ee117e5d6117875277cc396aba,1313074409,1,1,1,0,7,0,0,5,6.84,1625,116,261,138.68,206,FALSE,0,0,0,0,0
f43a7907bbf354435e700cae81b34907070e875f,1312484472,0,0,0,0,0,0,0,0,0,0,0,260,139.25,0,FALSE,0,0,0,0,0
eda751a2a43da386f87e92792df196b71e7252eb,1312483349,1,1,1,0,8,0,0,5,21.9,1608,113,1,1,1,FALSE,0,0,0,0,0
6cf647505fba5b0dc182d41cba1342cefe3acd35,1312483349,1,1,1,0,8,0,0,5,1.14,1617,115,0,0,0,FALSE,0,0,0,0,0
03b341d0635b86124413a631c40e57d3b350cbeb,1312385551,0,0,0,0,0,0,0,0,0,0,0,259,138.51,0,FALSE,0,0,0,0,0
75b21957c750fef21e2e24ad6bf902b06137a619,1312384617,1,1,1,0,7,0,0,5,20.76,1608,113,258,137.52,205,FALSE,0,0,0,0,0
34f10467b3f6c476da14bf293359f58089b2067e,1311158487,1,1,1,0,10,1,0,16,6.57,839,243,0,0,0,TRUE,0,0,0,0,0
c7c57ca6ff0a7d175913e4c040450f5a15a9bdaa,1310768110,2,2,2,0.487111,17,14,0,15,2.08,587,122,1,0.73,0.5,FALSE,0,0,0,2,1
c7d4810ed63cb3defd02839e8438f44f47d775a9,1310591125,0,0,0,0,0,0,0,0,0,0,0,257,141.4,0,FALSE,0,0,0,0,0
9e8fc8304046bdaa46d597e4260133464ebab19f,1310591120,1,1,1,0,1,1,1,5,0,1608,112,256,140.4,204,FALSE,0,0,0,0,0
2462717424bd28a955181ddcdc7f5d8c9392e68b,1310590979,0,0,0,0,0,0,0,0,0,0,0,255,139.4,0,FALSE,0,0,0,0,0
39b07d7b2cdbcf2f37b1239772ba58617f7c3650,1310590932,2,2,4,0.20552,184,131,0,18,52.65,733,71.75,254,138.4,107,TRUE,0,0,0,75,10
a12d0035cb33e01c6a4eb9f8507c6f4f6cffb777,1310588668,2,2,2,0.187793,20,11,0,15,0.15,582.5,121.5,8,7.51,6.5,FALSE,0,0,0,1,0
c1a556216ed41b1adaeb65dc10efbf7a21569018,1310587072,1,1,1,0,1,2,0,16,0,840,241,253,137.41,202,FALSE,0,0,0,2,0
a6cba6885e8494e205cf0eaa1c788033ad02e1d8,1310587062,1,1,1,0,3,2,0,16,0.03,839,240,252,136.41,201,FALSE,0,0,0,2,0
f099038a9d85116ea71c5c8914eb7eaa21a56e80,1310584370,1,1,1,0,2,3,0,16,0.04,840,239,251,135.42,200,FALSE,0,0,0,2,0
47fb3d7f9c2e9e743ce05fb073105e15ca15bfc3,1310581174,1,1,1,0,2,1,0,15,0.06,839,238,0,0,0,FALSE,0,0,0,2,0
7eb7b08f7127d8fd4239312ae7c23b675484e8d3,1310576316,1,1,1,0,0,2,0,3,0.02,224,39,250,134.44,86,FALSE,0,0,0,0,0
19beb29283cf5cdcf1c4f4ff2140378a01d31ceb,1310576271,1,1,1,0,1,1,0,15,0.01,839,237,249,133.44,199,FALSE,0,0,0,1,0
365eea6aa7570b738850a1652fdd51b13208fef9,1310575696,2,2,2,0.47756,16,5,0,15,0.51,577,121,7,6.51,5.5,FALSE,0,0,0,0,0
347d7297f33107a25e892bd2e67b18d0d33c2454,1310575277,1,1,1,0,2,2,0,15,0.01,839,236,248,132.44,198,FALSE,0,0,0,0,0
779a28d59a463938fd4e6f37a980b921720b5354,1310575208,0,0,0,0,0,0,0,0,0,0,0,247,131.44,0,FALSE,0,0,0,0,0
7573ac775110f333a344d41f3d6a485c90207261,1310574987,1,1,1,0,9,0,0,3,18.4,212,37,246,130.44,85,FALSE,0,0,0,0,0
5edc3761c683e0f64688fa9f8dc3a156702b7241,1310574431,1,1,1,0,1,1,1,15,0,839,232,245,129.44,197,FALSE,0,0,0,1,0
174c897fced7bdfd4841103dcb53c468c79ffe37,1310574068,1,1,1,0,1,1,0,15,0.05,839,231,244,128.44,196,FALSE,0,0,0,1,0
cd236d4c47d296d20ae606e8a33ccc25ccd1188e,1310569791,2,2,2,0.734496,9,1,0,15,18.7,549,118.5,243,127.45,139.5,TRUE,0,0,0,0,0
b6a02fa6bb08545bd21c24f823f4c541371689ed,1310531829,1,1,1,0,1,1,0,15,0.01,851,234,6,5.52,6,FALSE,0,0,0,3,0
cf812e77bc271dab9f6987466dc0e84ff88b5198,1310530572,2,2,2,0.210758,7,7,0,15,0.09,577,120,5,4.52,4,FALSE,0,0,0,2,0
9d0b43221acd394d201d44a74d005e1d471b6bce,1310523725,1,1,1,0,55,56,0,15,0.02,852,232,4,3.52,4,FALSE,0,0,0,6,4
e21b346cbf265278145c253d4f5c784858ccfc3e,1310522096,1,1,1,0,4,4,0,15,0.01,852,231,3,2.52,3,FALSE,0,0,0,0,3
5c2c3ce464474cd0db58796c908ebc16198ab9cb,1310521356,2,2,2,0.490542,97,40,0,15,18.14,549,118.5,2,1.52,2,FALSE,0,0,0,11,3
727db393d5ad2584d96941d8b69e0b651308b694,1310504464,1,1,1,0,1,1,0,15,0.01,835,229,242,126.61,194,TRUE,0,0,0,2,0
0ec859a142d2eb255b561c18f9d2598c589d95e6,1310503710,2,2,2,0.961468,29,8,0,15,83.11,474,115.5,241,125.61,138,TRUE,0,0,0,0,0
942d63129b5e7490bdcd53ae1172938ca5764ec9,1310498862,1,1,1,0,1,1,1,15,0,824,227,240,124.62,192,FALSE,0,0,0,1,0
fbae682e8fa29c7e4e2fb2c74ed98e81ac11284b,1310498603,1,1,1,0,1,1,1,15,0,824,226,239,123.62,191,FALSE,0,0,0,0,0
5eaf71f1013a554b08e6b7cd540fa5be7f594835,1310498559,1,1,1,0,1,1,0,15,21.12,824,225,238,122.62,190,TRUE,0,0,0,0,0
0b52dfbbef79247a30ffeb607be052e8eb2bbdfe,1309984554,0,0,0,0,0,0,0,0,0,0,0,237,122.77,0,FALSE,0,0,0,0,0
9ab3ac44bbb39d21bb0ec1334fe9901e5b3f42bc,1308985311,1,1,2,0.0720699,19,18,0,4,49.98,126.5,23.5,1,0.99,1,FALSE,0,0,1,0,0
0202f9f79b882723e3aa19598cc31492c07c3096,1308673900,2,2,2,0.734496,4,1,1,15,27.89,516.5,114.5,0,0,0,TRUE,0,0,0,1,0
96dbdaf9295f5598b631411d1553b04b43594152,1308610254,0,0,0,0,0,0,0,0,0,0,0,236,124.9,0,FALSE,0,0,0,0,0
dd31d36ec270203ef5d5007fdabd8510d3874fbb,1308609802,0,0,0,0,0,0,0,0,0,0,0,235,123.9,0,FALSE,0,0,0,0,0
b949d0345f11f67310cc06ff72a926f7814942a3,1308580235,1,1,1,0,2,2,0,3,65.69,154,20,0,0,0,FALSE,0,0,0,0,0
42487bf47dff4b0732977af2c6297b67ecec70af,1307404114,2,2,2,0.427141,23,0,1,15,39.18,532,115,0,0,0,FALSE,0,0,0,1,0
40af1652ebb1b07ae1dc7e754e9872b1db5a5a5f,1305875638,2,2,2,0.805983,5,2,1,16,13.62,515,113,3,2.9,1.5,TRUE,0,0,0,0,0
cf6cc16f4308a7055bff8140f3fe33518c01ffd7,1305320955,1,1,1,0,5,0,0,5,2.26,1569,110,234,130.95,189,FALSE,0,0,0,0,0
bf6098f986450dad312a8ceacd3c02415e93f722,1305133739,1,1,1,0,3,2,0,15,0.11,817,222,233,130.43,188,FALSE,0,0,0,0,0
379d177a7eb3b1741e06199cb62d942207fced24,1305133605,0,0,0,0,0,0,0,0,0,0,0,232,129.43,0,FALSE,0,0,0,0,0
1331d814f9f27e45feefd8ca4f5ca4fd09391160,1305126171,1,1,1,0,26,0,0,0,0,0,0,231,128.45,187,FALSE,0,0,0,42,5
910af6797ffd9197f54bce2c41735e88023f3dfd,1305126015,1,1,1,0,2,2,1,5,5.87,1569,109,230,127.45,186,FALSE,0,0,0,0,0
7bc1c9fb0d18fd6cacd392833f1fb857bf502a57,1305124967,0,0,0,0,0,0,0,0,0,0,0,229,126.46,0,FALSE,0,0,0,0,0
057da5bc82f823562f7642f19bd8d2dce58c2907,1305124072,2,2,2,1,4,8,0,15,5,515,112.5,228,125.46,133.5,TRUE,0,0,0,2,0
72c5558471000615d17a9e744684ac20453ab77e,1305094166,1,1,1,0,2,2,0,15,5.48,817,220,0,0,0,FALSE,0,0,0,0,0
5951d354afe0c4f42600e968f4bc4ff0eda99a66,1304908867,0,0,0,0,0,0,0,0,0,0,0,227,124.98,0,FALSE,0,0,0,0,0
5141a51298c0c4ef02219ec404736a425ebf3da9,1304778583,1,1,1,0,6,9,1,16,0.21,820,221,2,2,1,TRUE,0,0,0,0,0
899000c21771120933e914da14ab8b2279a0d424,1304762582,1,1,1,0,2,2,1,3,1.67,213,33,1,1,0,FALSE,0,0,0,0,0
6846d71f88417905ab0284e89f15e0b0a140ad2c,1304760245,1,1,1,0,4,1,1,15,1.61,817,220,0,0,0,TRUE,0,0,0,0,0
961f554767a184658060ebea5e4a959d07705284,1304621128,0,0,0,0,0,0,0,0,0,0,0,226,124.68,0,FALSE,0,0,0,0,0
1681d250635d099fe2d7d88e275322eecb0699af,1304621008,1,1,1,0,2,2,0,16,0.01,817,219,2,2,2,FALSE,0,0,0,0,0
b75e48c0575184680b545927775c200c84557b3e,1304620300,1,1,1,0,1,6,0,16,0.02,822,218,1,1,1,FALSE,0,0,0,0,0
f8a4b78a86660fe0e030d9bd7f7350fbb788cb01,1304618440,2,2,3,0.59652,33,1,0,17,16.05,857.33,87,0,0,0,TRUE,0,0,0,0,0
b9307163b974991885b50e3ac09b54bd00a06153,1304478594,2,2,3,0.721461,22,4,0,17,40.5,829.67,86.67,0,0,0,FALSE,0,0,0,2,0
efa717b09ef63f4ed5ccf18de9d0ef44aa947be1,1304468961,1,1,1,0,1,1,0,5,9.37,1558,107,0,0,0,FALSE,0,0,0,0,0
a3b8f9edb140e5fa3ce2cd094893343ae51bdf92,1303659705,0,0,0,0,0,0,0,0,0,0,0,225,126.05,0,FALSE,0,0,0,0,0
c174663ea3b7d18d9df4f94dfb69eddc35686522,1303659691,1,1,1,0,3,5,1,5,6.11,1560,106,224,125.05,184,FALSE,0,0,0,0,0
bf87d8997c0011030171c4b4b0d7bd8e84723129,1303132165,1,1,1,0,26,0,0,0,0,0,0,223,125.36,183,FALSE,0,0,0,42,5
b6176158199acfbb400e712b6333941c130f371a,1303132132,2,2,3,0.186932,90,55,0,17,6.43,941.67,85.33,222,124.36,96,FALSE,0,0,0,0,0
13d4e626a8de2e73f370119dd4d9905f008e4e48,1302904971,1,1,1,0,0,1,0,3,0.07,155,19,221,123.92,81,FALSE,0,0,0,0,0
6f25ccae31be7464a4069e0ccbb612502caa06da,1302904913,1,1,1,0,1,1,0,15,0.01,807,215,220,122.92,181,FALSE,0,0,0,1,0
ea44179d810ee8e551d783056d989c2b29de0ad2,1302903976,2,2,2,0.310917,8,2,0,15,13,523.5,110.5,219,121.92,130,TRUE,0,0,0,1,0
bf214d2c8dfcf252e358eec4f47c68af431a7e23,1302902274,2,2,2,0.15876,4,5,0,15,4.69,505.5,108.5,218,120.92,129,FALSE,0,0,0,0,0
3df562f07eab75692d89fbfc11154ff36a5f52d5,1302901237,0,0,0,0,0,0,0,0,0,0,0,217,119.92,0,TRUE,0,0,0,0,0
8f67aa3f183bcfa3e180cd6b8554aea76841acb3,1302898678,2,2,2,0.0872788,14,17,1,15,1.96,481,106,216,118.93,128,FALSE,0,0,0,0,0
c7b47edd2f02bea44200eaf66b6bb93cbbcaf762,1302898431,0,0,0,0,0,0,0,0,0,0,0,215,117.93,0,FALSE,0,0,0,0,0
b6c39fec74b02fc40ebc02381e8283b43f66a9ab,1302898194,0,0,0,0,0,0,0,0,0,0,0,214,116.93,0,FALSE,0,0,0,0,0
5e051fb0ed7c53fae4c4a0ffc7d4870059e2b928,1302898184,1,1,1,0,0,26,0,5,25.83,26,50,213,115.93,177,FALSE,0,0,0,41,5
217a6a6a63103b35f2290134ff5bd3416a18b6e4,1302729545,3,3,4,0.353922,94,63,0,15,19.75,361.75,54,0,0,0,TRUE,0,0,0,84,10
1fc7d4b04982b7afa221e3f5b2c81fc5547353a5,1302095020,2,2,3,0.556401,6,34,0,17,0.62,852.33,83.67,6,4.77,4.5,FALSE,0,0,0,0,0
54575225822e7b68926d68b84b832c65690f76a4,1302041480,1,1,1,0,5,5,0,15,0,806,208,5,3.77,4,TRUE,0,0,0,0,0
c8e3c04076c2e5310c31db0810977f517a39ee6b,1302041387,2,2,3,0.556401,34,6,0,17,44.9,843,83,4,2.77,3,FALSE,0,0,0,0,0
3f512c2495c7d47e588d224771433770c54d9952,1301081711,1,1,2,0.066266,20,20,0,15,3.9,411,105.5,1,1,0,FALSE,0,0,0,84,12
de50fc460760efa34bccb74b2c8a65005e567fd2,1301079970,1,1,1,0,7,0,0,3,98.13,200,28,0,0,0,FALSE,0,0,0,0,0
a9ac8b11f8ba1193a08d166695d151b595423a00,1301060788,1,1,1,0,2,0,0,5,4.56,1531,102,212,119.1,176,FALSE,0,0,0,0,0
6d4b76705d656009e814823aca3f681ca0a56d6f,1300823289,1,1,1,0,1,1,0,15,0.21,796,206,211,118.66,175,FALSE,0,0,0,2,0
2498bccb500f34b7549e52fb268177d6794d9b60,1300805047,1,1,1,0,2,1,0,15,1.6,795,205,210,117.7,174,FALSE,0,0,0,2,0
c5ba70254280eb5656e26607ebf5b6bd8c54047d,1300666808,2,2,4,0.224383,119,86,0,17,35.12,701,61.25,209,117.02,91,FALSE,0,0,0,80,9
065dcbb27ba35e56f6d32529aacd4772468f178c,1300665772,1,1,1,0,16,1,0,5,0.04,1503,100,208,116.02,172,FALSE,0,0,0,0,0
39119065dc942680cf7f3b972ebc28aeaf3daf29,1300663940,2,2,2,0.719738,16,17,0,15,0.32,468,102,207,115.03,124,FALSE,0,0,0,0,0
52916aad87d5e91a51cbe71f133219c9dfa07920,1300663612,0,0,0,0,0,0,0,0,0,0,0,206,114.03,0,FALSE,0,0,0,0,0
dfaf6a3c650ebd8a5d50548c8ba3686a61297dae,1300662416,1,1,1,0,1,1,0,5,0,1503,99,205,113.03,170,FALSE,0,0,0,0,0
d71f4808c19f8c2331c4e52da573f97715845b5f,1300662303,1,1,1,0,3,1,0,5,20.27,1501,98,204,112.03,169,FALSE,0,0,0,0,0
866cd352363bbdb9a28d87c46a62d5795ee0617e,1300661456,0,0,0,0,0,0,0,0,0,0,0,203,111.03,0,FALSE,0,0,0,0,0
25457982a86f22ceeaaf7a86964ba315de1ea797,1300659709,1,2,3,0.015915,1404,60,1,7,206.83,432.67,16.33,202,110.04,76,FALSE,6,0,35,59,34
48abcd84c536e5ce7778308cef2de78cae8c9f24,1300637312,2,2,2,0.0500365,26,0,0,15,23.3,509,103,1,1,1,TRUE,0,0,0,1,3
4869b4c6cab74a52024d013cf8203a831a31386c,1300635360,2,2,2,0.35218,7,2,0,14,23.9,455,100.5,0,0,0,FALSE,0,0,0,0,0
1f2c9c5fc18b5a1db5a0014eda42becbd703afab,1299251748,1,1,1,0,3,0,0,5,30.54,235,38,0,0,0,FALSE,0,0,0,0,0
59ef91ee8013e4193f56aefec972461d428c8aef,1298910974,1,1,1,0,3,1,0,5,0.04,1499,97,201,112.76,168,TRUE,0,0,0,0,0
513d322525c2cec2910d1a70236f9adb183bc9da,1298908452,1,1,1,0,1,1,0,14,6.13,783,199,200,111.76,167,FALSE,0,0,0,2,0
85460fef613a2cd88e1674a31c87a67c9146a5c8,1298908376,0,0,0,0,0,0,0,0,0,0,0,199,110.76,0,FALSE,0,0,0,0,0
78596866ab2dd17b6c7dd4ef1fa99879da48d553,1298907885,1,1,1,0,3,3,0,5,19.74,1499,96,198,109.76,166,FALSE,0,0,0,0,0
095400d094aadac0f86e84a41fe894adfe331881,1298378619,1,1,1,0,1,1,0,15,1.64,783,198,4,3.98,4,FALSE,0,0,0,2,0
b65d647de8405d314268092a9086a25771d575f2,1298237069,1,1,1,0,1,1,0,15,0.05,783,197,3,3,3,FALSE,0,0,0,0,0
ebde2daa4a73bb0570e59ce3423e3e0bff96aff0,1298232434,1,1,1,0,1,0,0,15,0,782,196,1,1,1,FALSE,0,0,0,0,0
468160204dc7dc8772202b505ea6327f00419c5e,1298232434,1,1,1,0,1,1,0,15,0,783,197,2,2,2,FALSE,0,0,0,0,0
9c9731e08e3876afae912bf09acf816430fdeb39,1298232232,2,2,2,0.734496,8,2,0,14,26.64,451.5,98,0,0,0,TRUE,0,0,0,1,0
ee9df31b175e374e2dbcd4b387a6194704f193a1,1297202319,1,1,1,0,10,0,0,4,6.82,1489,95,1,0.71,0,FALSE,0,0,0,0,0
b39205b3598a6533cbf0b9876432baa7f6af2473,1297196925,2,2,2,0.861781,20,0,0,14,14.66,451.5,98,0,0,0,FALSE,0,0,0,0,0
226b7d93448468f7d2133e89c438fdcd283d24be,1296613198,2,2,3,0.681499,37,1,0,15,22,822.67,77,197,113.77,120,TRUE,0,0,0,0,0
d0faeb53c10873a1c2ff3bc0ad18a5ed4930ba91,1296609767,0,0,0,0,0,0,0,0,0,0,0,196,112.78,0,FALSE,0,0,0,0,0
bdfd71021d53279ce801cd6e1580cf7e2f659ad6,1296609765,1,1,1,0,1,1,0,4,14.15,1476,93,195,111.78,164,FALSE,0,0,0,0,0
7aaf3616df5734bec62886faa6909b07a5d3c931,1296146286,2,2,2,0.57938,4,2,1,14,24.91,447,98,3,2.2,2,FALSE,0,0,0,0,1
6b4fe66f0925b90db6afd7a5fade1f940179c36a,1295387371,0,0,0,0,0,0,0,0,0,0,0,194,113.53,0,FALSE,0,0,0,0,0
659ec2c16c35f4582f4221e4756d6ba1b7d0b953,1295387177,1,1,1,0,1,1,1,4,9.11,1476,92,193,112.53,163,FALSE,0,0,0,0,0
2f369f8eca4add2e901ddc8f344c70665ba0a414,1295386473,1,1,1,0,0,1,1,14,0.03,773,192,192,111.53,162,FALSE,0,0,0,0,0
49787c212df119f2a6ac074fb1af9bae7afa9b2c,1295383693,1,1,1,0,1,1,0,14,0.78,773,191,191,110.54,161,FALSE,0,0,0,0,0
6c2693a5ea9cf9802563b8c394ddb5000e55a1fa,1295316096,1,1,1,0,9,7,0,14,0.79,771,190,2,2,2,FALSE,0,0,0,0,0
840f19c102e63f5c440650da073fb3cce3181ca2,1295247422,2,2,2,0.35218,8,1,1,14,17.2,443.5,95,1,1,0.5,FALSE,0,0,0,0,0
52f66a807c8e28ffa6faec8c2dc24dba3025adc4,1295246923,1,1,1,0,12,11,0,13,7.49,770,188,0,0,0,FALSE,0,0,0,2,0
f03d5fa57c7ff2375af149803058053c046b4230,1294599825,2,2,4,0.296276,100,70,0,14,29.39,676.75,55,190,111.28,84,FALSE,0,0,0,76,7
fad002de5355f6788f3c300e97942b6799c9759d,1292909185,1,1,1,0,1,1,0,13,0.28,770,186,189,114.2,159,FALSE,0,0,0,0,0
b3a373a7166716bacef4643ad35254bd1993b3d5,1292884797,1,1,1,0,1,1,0,13,0.03,770,185,188,113.26,158,FALSE,0,0,0,1,0
a890afec1876423175e8cf08f5abe5de51d2391a,1292882784,1,1,1,0,1,1,0,4,3.26,1466,90,187,112.26,157,FALSE,0,0,0,0,0
422d35438c93d02b363d71af340beddbd86c036c,1292881944,1,1,1,0,2,2,0,13,0.01,770,184,186,111.27,156,FALSE,0,0,0,0,0
2dff99d518a7fc3024334b9c517338e9c2557157,1292881374,1,1,1,0,1,1,0,13,3.24,770,183,185,110.27,155,FALSE,0,0,0,2,0
d2d6cfe6675d18b058e52785c438a3c1a7502208,1292601432,2,2,4,0.816371,23,41,0,14,2.63,644,54,184,109.9,114,FALSE,0,0,0,2,0
8c2570b0baef1ba3fe9d9983e4b4d2b27d268b86,1292600153,2,2,3,0.779436,39,1,0,14,9.59,809.33,71,183,108.9,113,FALSE,0,0,0,1,0
3a113d2d886ade3f83e8e49bb144a877a939062e,1292275555,2,2,2,0.47756,6,1,0,13,8.49,437.5,90.5,182,108.63,112,FALSE,0,0,0,0,0
9a9f2a85da85321d008b4cd246271645f9d65db7,1292254265,0,0,0,0,0,0,0,0,0,0,0,181,107.68,0,FALSE,0,0,0,0,0
cdcf18b79c8572ace463d0c5b2f35c63f0508b50,1291696243,2,2,3,0.253655,47,5,0,13,23.72,344,61,19,16.13,10.5,FALSE,0,0,0,13,2
8f86e3eb67a68bc3ac675d0d7ce4d6c2067f7871,1291696243,2,2,3,0.253655,47,5,0,13,23.66,344,61.33,18,15.13,9.5,FALSE,0,0,0,13,2
ebe0cc6f4586ebf3dd011aac7c2b21f25b079675,1291404865,1,1,1,0,2,2,0,13,0.19,751,178,17,14.25,15,FALSE,0,0,0,0,0
e63f44f798636bab9b67707b3183532f9a2bf62f,1291388630,1,1,1,0,1,1,0,13,0,751,177,180,108.61,151,FALSE,0,0,0,0,0
70d760f4f5855d2540ee498e332dc50a26fb1466,1291388610,2,2,2,0.674494,8,8,0,13,1.03,431,88.5,179,107.61,110.5,TRUE,0,0,0,0,0
85f1c770df1a6558105c28dd79e5e315577d34f3,1291381474,0,0,0,0,0,0,0,0,0,0,0,3,2.88,0,FALSE,0,0,0,0,0
2120b27b22efd58622c4d2919ee5a9241bc233d3,1291381318,2,2,2,0.450982,8,3,1,13,1.85,483,90,2,1.88,1.5,FALSE,0,0,0,2,0
3b916a2cf788a4588f08323c39786b6fb5ddbca6,1291342984,1,1,1,0,2,0,0,4,1.36,1462,87,178,106.71,149,FALSE,0,0,0,0,0
c714175cf17f59a60b848a1f3bdaa1e3076fc1c1,1291225785,2,2,4,0.189518,204,148,0,14,14.97,656.25,51.25,177,105.96,77.5,TRUE,0,0,0,69,8
2d06e1d5262ca2e17aa71955c7780d15acc18d5d,1291219714,2,2,3,0.414731,23,41,0,13,17.46,355.33,62,176,104.98,108.5,TRUE,0,0,0,7,1
6b8bb0cacd315ffa9bb2008cc61fa3137e77eb6b,1291217155,2,2,3,0.304709,24,11,0,13,0.64,356.33,59.33,175,103.98,107.5,FALSE,0,0,1,5,1
00237103fc344588e5bdb6e67ce8a1e547535213,1291214985,1,1,1,0,1,1,0,2,56.74,41,11,174,102.99,68,FALSE,0,0,0,0,0
c86a2fe3a86c2b84467d7454d1330c33c5e13ad9,1291214651,1,1,1,0,1,1,0,13,0.91,753,171,173,101.99,145,TRUE,0,0,0,2,2
2badecf038be9513e5bca532f8e3b85a9afcee05,1291136562,1,1,0,0,0,0,0,0,0,0,0,172,101.15,144,FALSE,0,0,0,0,0
71439c35ac46960915d6231757e5d3ae4ac6b661,1291136385,1,1,1,0,3,4,0,13,0.01,754,170,171,100.15,143,FALSE,0,0,0,0,0
a3106a99a61b59742de6f38d178ae1e7daa9ca57,1291136041,0,0,0,0,0,0,0,0,0,0,0,170,99.15,0,FALSE,0,0,0,0,0
9e3e067f5025dbe5e93ed784f93b233882ca0ffe,1291135308,2,2,3,0.50516,54,11,0,13,75.22,340.67,58,169,98.15,104.5,TRUE,0,0,0,0,0
538fea377edaf09deaf5fab8a31b1dfc7c96c634,1291133390,1,1,1,0,10,5,0,13,18.7,722,168,0,0,0,TRUE,0,0,0,2,2
6763b0619277943d406d4f7a9a99f80248f2460e,1289517931,2,2,2,1,2,2,1,13,14.55,569.5,84,1,0.99,0.5,FALSE,0,0,0,0,0
e0a3d696be44637248a445ffde6963f42e1c59eb,1289496621,1,1,2,1,6,2,0,8,8.27,728,48.5,168,100.4,141,FALSE,0,0,0,0,1
47eb154ccff6562d463fee8168228050a4bf1eaa,1289343543,2,2,2,1,5,1,0,12,17.65,427,88,0,0,0,FALSE,0,0,0,0,0
44d09ae1c6287a2bd117551754fbd38ce6ca5500,1289174425,1,1,2,0.0301032,25,17,0,12,14.79,368.5,84,167,100.05,140,FALSE,0,0,0,67,10
13993f466ad2c17db8b3675e37ca8463397f9fc9,1289089694,1,1,1,0,1,0,0,0,0,0,0,0,0,0,FALSE,0,0,0,0,0
da3edddef998ce7b5a6f19c21ab80e113d3d7f13,1288615471,1,1,1,0,1,3,0,12,0,722,164,166,100.2,139,FALSE,0,0,0,2,0
a08c3dbd6b578608770bb802e39bef5bcafda483,1288615339,0,0,0,0,0,0,0,0,0,0,0,165,99.2,0,FALSE,0,0,0,0,0
51e327f8e52511be1bb8ad434f58a7aed367f2b7,1288615241,1,1,1,0,3,4,0,12,0.49,721,162,164,98.2,138,TRUE,0,0,0,4,0
974ae99e8785a28ee6540bd532b6a46fdece56cb,1288614653,0,0,0,0,0,0,0,0,0,0,0,163,97.2,0,FALSE,0,0,0,0,0
c5959747713133a78651cb05f4d842b3591eb1e6,1288614501,0,0,0,0,0,0,0,0,0,0,0,162,96.2,0,FALSE,0,0,0,0,0
f729769d85390217c2be02697c195b2bb71e6967,1288573221,2,2,2,0.47756,11,3,1,12,14.58,441.5,82,1,1,1,FALSE,0,0,0,1,0
c21e7b24c66af270853d8ffefa9a424d99e21a75,1288572690,2,2,2,0.368404,11,2,1,12,14.58,441.5,82,0,0,0,FALSE,0,0,0,2,0
339ae67c019fe083c8ddea0e0a0b3b896f517eb1,1288389385,1,1,1,0,1,1,1,4,14.02,1432,84,0,0,0,TRUE,0,0,0,0,0
31efd854f8ec754d663d87c7bcb329e5bc90b8ad,1287449118,1,1,1,0,4,5,0,12,3.14,716,160,161,97.48,137,TRUE,0,0,0,0,0
8fe19f20238658015a9a1e1def12c0e4af172e5f,1287177701,3,3,5,0.351783,36,25,0,13,7.26,557,38.6,160,97.02,69.3333,FALSE,0,0,0,64,10
8aeb2832eb35b97e2da11b39d65ea1b62c890b67,1287177386,0,0,0,0,0,0,0,0,0,0,0,159,96.02,0,FALSE,0,0,0,0,0
74d282ccc82fe9dfb340aaeef22c3d656f2e2ad4,1287177326,2,2,2,0.35218,5,4,1,12,50.28,441,80,158,95.02,100,FALSE,0,0,0,1,0
c994dec4c0541df91ed8d6263b3a15d4dee02a46,1286761126,1,1,1,0,1,1,0,12,3.45,714,157,16,15.27,14,FALSE,0,0,0,0,0
b07c802766354976a1e112c9298d225c817ed2a4,1286462950,2,2,2,1,6,6,0,12,0,564.5,78.5,157,95.4,69.5,FALSE,0,0,0,0,0
5b4b308c91afff1566df8c0e48757dccf991d133,1286462689,3,3,4,0.4537,14,14,1,12,22,369,42.75,156,94.4,67,FALSE,0,0,0,0,0
0fb9a951820eb898cf3e15f73ffc3d71bb5659aa,1286376919,1,1,1,0,103,106,0,1,0.71,418,3,155,93.57,3,TRUE,0,0,0,0,0
18e85b813fa994435b01f55cdb56daccdcd96de7,1286333275,1,1,1,0,1,1,0,12,0.01,714,154,15,14.47,13,FALSE,0,0,0,0,0
4d901fbc3cf6a084fae8ddbd7d326c6eba39e3f3,1286333047,1,1,1,0,17,18,0,5,0.2,18,43,14,13.47,12,FALSE,0,0,0,64,10
1c6e01173ac5e35307ac84b07223ad7d5f3dedb4,1286332575,1,1,1,0,12,9,0,12,0.05,711,153,13,12.47,11,FALSE,0,0,0,0,0
81ce3ee0bdd3b83b79c97a48ec1895729624d4ce,1286332464,1,1,1,0,4,4,0,6,0.2,133,32,12,11.47,2,TRUE,0,0,0,0,0
2de76e065e7ba55066884ca06f84cb4ed2a077f7,1286332396,1,1,1,0,5,5,0,1,26.13,108,12,11,10.47,1,FALSE,0,0,0,0,0
2dc203332bf67ff2d5ac369c15d9a18805b7e6ed,1286328157,1,1,1,0,1,1,0,12,0.01,711,152,10,9.47,10,FALSE,0,0,0,0,0
2aec074acaeb2f83394b3167ce0156de336428ba,1286327414,1,1,1,0,16,26,0,12,0.03,721,151,9,8.47,9,TRUE,0,0,0,0,0
644c5aa2ce6af135379bc896c07e1b3a33205eb2,1286325177,1,1,1,0,3,0,0,12,0,718,150,8,7.47,8,FALSE,0,0,0,0,0
4484002f7e0f0b31dde48bf162ef4d5216d32bcf,1286325057,1,1,1,0,0,3,0,12,0,721,149,7,6.47,7,FALSE,0,0,0,0,0
cd7c9ee9646bcee3d484f636e5203ba7ea453a4c,1286324903,1,1,1,0,1,2,0,12,0.11,722,148,6,5.47,6,FALSE,0,0,0,0,0
faa672ecd9613cbc467510e684826fd071983ae7,1286315556,3,3,5,0.393457,27,18,0,13,0.42,541.2,36.6,154,92.68,65.6667,FALSE,0,0,0,48,10
a80550ccd253f4617c2fe5cbe339086da407cde2,1286314871,2,2,3,0.178223,160,154,0,13,2.69,850.33,57.33,153,91.68,66,FALSE,0,0,0,2,0
348147d8fbd53619ee4951df4bc0c3d5df6faea5,1286313044,2,2,3,0.671625,12,2,0,12,102.9,294.33,51.67,152,90.69,96,FALSE,0,0,0,0,0
5984be70c1225f9165b5392d73f14be3ca6b5145,1286312703,2,2,2,1,5,3,0,12,4,423.5,76.5,151,89.69,95,FALSE,0,0,0,0,0
7b25bbef4f997f32b330a5fb2c17005dc76e7839,1286312276,0,0,0,0,0,0,0,0,0,0,0,150,88.69,0,FALSE,0,0,0,0,0
17e21da7156ea61cb31b94ed51b4e18198fcd3c4,1286312259,1,1,0,0,0,0,0,0,0,0,0,149,87.69,128,FALSE,0,0,0,0,0
3f49d1df3029ab0d3df44ccfa70f7de386bcae49,1286311496,2,2,2,0.182473,451,26,0,12,3.89,356.5,71,148,86.69,63.5,TRUE,0,0,0,0,0
79600d6e9c6dab514d1713da1137009937963641,1286137292,1,1,2,1,32,32,0,12,5.77,365.5,72,5,4.5,5,TRUE,0,0,0,50,10
3ce6f9a93b50b7c287ddafb9aad546d1b7200c06,1285682102,0,0,0,0,0,0,0,0,0,0,0,147,86.75,0,FALSE,0,0,0,0,0
3505f795661139c898a66567f5b3e063df0e8591,1285638949,1,1,2,0.105729,13,13,0,12,20.35,365.5,71.5,4,3.57,4,FALSE,0,0,0,28,4
fbd682d9ec4b9e4bf836de5a055e0913d0e8cb1b,1285623343,2,2,3,0.535571,22,26,1,13,10.5,752,58.33,146,85.85,93,TRUE,0,0,0,0,0
902f1192e062f384856dd529d49bb9fb2288557f,1285616708,1,1,1,0,3,3,1,6,4.13,128,27,145,84.86,59,FALSE,0,0,0,0,0
4c35fc80dc00f2e347eb874d32f37a391cfd254c,1285259862,1,1,1,0,2,2,0,6,0,128,26,2,1.94,1,TRUE,0,0,0,0,0
2068f0819d0d77d8aff769c683c3d469c1410401,1285259725,2,2,2,0.786857,15,4,1,11,43.4,415,73,1,0.94,0.5,TRUE,0,0,0,0,0
83c7a006cbf38c493bf1f112d59a715297f6a876,1284074387,1,1,1,0,1,1,1,1,197.23,108,11,0,0,0,FALSE,0,0,0,0,0
cd93790282cadf4da59b8b7d52d518aa8f8da963,1283517718,1,1,0,0,0,0,0,0,0,0,0,144,87.38,125,FALSE,0,0,0,0,0
7df67bcc4d2bbe7deb09c0371dde9602479fc6a9,1283372302,1,1,1,0,2,2,0,11,0.97,713,138,3,2.81,3,FALSE,0,0,0,0,0
19acc63374299828e25d5e55d5004f562fc6b20f,1283288552,1,1,1,0,9,9,0,11,0.09,713,137,2,1.82,2,TRUE,0,0,0,2,0
116ff91bec2873e0d841427a9f27c8ff16425aec,1283280792,1,1,1,0,1,1,0,11,5.54,713,136,1,0.82,1,FALSE,0,0,0,0,0
3588d11adce38ff64e41f92155cfb3c9c4e545ec,1283271983,1,1,1,0,10,5,1,3,13.12,1410,79,0,0,0,FALSE,0,0,0,0,0
7a4ddca64d88350a5d8610154f00a02516b6675a,1282802484,1,1,1,0,2,2,0,11,0.04,713,135,143,87.63,124,TRUE,0,0,0,0,0
7973d7263ce93ef7f4e4d4850afefc5bfefad26e,1282798929,1,1,1,0,2,2,0,11,7.65,713,134,142,86.64,123,FALSE,0,0,0,0,0
fc90d57e36266b9b68efcda461aa4bf0425242cd,1282137996,1,1,3,0.300722,23,13,0,12,39.93,710.33,53,141,86.78,122,FALSE,0,0,0,24,4
b2b5a5390bed8682cb78562deb42d69c8170978f,1279647447,2,2,2,0.368404,9,4,1,11,5.72,412.5,69.5,140,90.31,89.5,TRUE,0,0,0,0,0
ef396a9e1300ac8e0b95c8f7d14f028fab155621,1279203491,2,2,4,0.742098,4,2,0,12,5.77,623,40.75,139,90.15,88.5,TRUE,0,0,0,0,0
9827f876112c6ee189e3e7655d50900f6f44334f,1279201855,2,2,4,0.482538,28,22,0,12,99.94,579.75,39.5,138,89.15,87.5,TRUE,0,0,0,4,0
e81a2ec5160787d9021ca6aa6876d5c04597d52c,1279102145,2,2,2,0.57938,5,1,0,10,80.75,407,68,0,0,0,TRUE,0,0,0,0,0
868c5c8d85b47f90502f4e470ea62740ec20b1f3,1278358511,1,1,1,0,7,0,0,3,13.11,1393,75,137,89.74,118,TRUE,0,0,0,0,0
1a67c8d3a7fead4fe5bc146eb91282b6833ce46d,1277225399,1,1,1,0,5,3,0,3,0.15,1391,74,136,90.94,117,FALSE,0,0,0,0,0
29e2c832bcfc673f1638afcf238787cc7e914dd3,1277212863,2,2,5,0.316981,67,28,0,11,46.04,474.6,31.6,135,89.96,85.5,TRUE,0,0,0,38,10
d62906672b62c0e1c7817d74d3f1971cc3f132bc,1276546402,1,1,0,0,0,0,0,0,0,0,0,134,90.26,115,FALSE,0,0,0,0,0
bce016fc7271c2074b68996e7c169ddc6f676f52,1276545564,1,1,3,0.241099,28,21,0,11,24.96,691.67,50.33,133,89.26,114,FALSE,0,0,0,64,10
0e8ca3cb978f4fe0205a25ba94dd0564b5c2fc83,1276377048,2,2,3,0.75,5,3,1,9,71.87,307.67,44.33,0,0,0,TRUE,0,0,0,17,0
79f65b440ad5e14ff2c624a836a3eff33465be9f,1270573305,2,2,2,1,3,1,0,9,16.1,452,65,132,101.41,83.5,TRUE,0,0,0,2,0
f0427da9cf24e46b57530c357b54c73fb1a39115,1270412822,1,1,1,0,1,1,1,2,12.22,1364,71,0,0,0,FALSE,0,0,0,0,0
c8858f4c8fd6afd6905bf77d9ae7272936d53c91,1269356771,1,1,3,0.395503,28,22,1,9,4.04,689.67,49,131,103.54,112,TRUE,0,0,0,64,10
a6578068d212e51aa1988eb7b454ab4a55fd6217,1269007641,2,2,4,0.390176,13,6,1,9,14.16,568,37.75,130,103.46,82,TRUE,0,0,0,20,0
1d787815af896dd8b8241d09da867f22dda10cad,1268926862,1,1,3,0.340351,18,10,0,9,15.8,685,48.33,129,102.68,110,TRUE,0,0,0,36,6
78245c206fddcca91f0a2345dd026e46d2bd5f55,1268586702,1,1,0,0,0,0,0,0,0,0,0,128,102.57,109,FALSE,0,0,0,0,0
d69c5ae83b2ec54c40138db772e029eb41fda985,1267820972,1,1,2,1,7,7,0,9,23.38,1019,71.5,127,103.63,108,TRUE,0,0,0,0,0
8c6694c2426b11ccbf7ae9ddc1cacefe45545454,1267820693,1,1,1,0,2,2,0,9,6.64,692,119,126,102.63,107,FALSE,0,0,0,0,0
9903905175b1178e1c6dcf05c1ee569cee087240,1267247016,2,2,3,0.386253,15,3,0,9,0.8,742.33,48.33,125,103.19,79,FALSE,0,0,0,3,0
bd271e4794c4ffa0fe5716f77a54bdef99a6af05,1267246018,2,2,2,0.461259,18,0,0,8,1.5,438,61,0,0,0,FALSE,0,0,0,1,0
d1ccc1e841ca982037d2207fb283f674caa9e22a,1267195656,1,1,1,0,0,1,0,7,1.78,688,116,21,20.6,21,FALSE,0,0,0,0,0
c519889a45f1c014a793c14d9d16cf482e458858,1267042580,1,1,1,0,3,2,0,2,0,1332,65,124,102.75,105,FALSE,0,0,0,0,0
b8a633a5fd0e40a9897db57fcb04c92be7baee46,1267042240,1,1,3,0.23504,31,21,0,7,0.19,675.67,45.67,123,101.75,104,TRUE,0,0,0,49,10
71b6e4f55504375caf2ac3ce29ebb3042cd72419,1267041711,1,1,1,0,24,20,1,7,0.05,684,114,122,100.76,103,TRUE,0,0,0,22,0
8d632ada0b114f908496df8e0fb4deaecb6245ba,1267038273,1,1,1,0,19,2,0,2,0.04,1305,63,121,99.77,102,FALSE,0,0,0,0,0
513f878482a2213919cf10ef2965a82e423fa465,1267037896,1,1,0,0,0,0,0,0,0,0,0,120,98.77,101,FALSE,0,0,0,0,0
85d8f90bca46a7f1d79f60211198602f6dc86001,1267037397,1,1,1,0,14,14,0,7,0,684,113,119,97.77,100,FALSE,0,0,0,0,0
d855def4386f2b54d97997d4e8880bdf5834fff8,1267037086,2,2,3,0.246476,32,13,0,7,0.18,321.33,41.33,118,96.77,75,TRUE,0,0,0,0,0
c23b2ce717ea053ea15ed173ae47b5c2d6726702,1267034948,1,1,1,0,60,49,0,2,0.02,1294,62,117,95.77,98,TRUE,0,0,0,0,0
65d2c30312b9525f323d47ae6bab6bc3204b0230,1267034246,1,1,1,0,1,1,0,7,0,674,111,116,94.78,97,FALSE,0,0,0,0,0
d7acbca2ce84d76549b7a23d510238ea1812d75d,1267034015,2,2,4,0.35818,7,28,0,7,21.41,290,29.25,115,93.78,73,TRUE,0,0,0,1,0
412d2e4486a85f29fe2747f4e6a1da3ac0e182d6,1267033660,1,1,1,0,1,1,0,7,0,692,109,114,92.78,95,TRUE,0,0,0,1,0
7824d63ce8dc8d76d038b0e6da8691469cdc91fd,1267033437,2,2,3,0.118503,90,90,0,7,2.62,725,44,113,91.78,71.5,TRUE,0,0,0,2,0
2c8fbe78757e80d88b3b50db3a5ba67dd09c42e5,1267031805,1,1,1,0,42,57,0,7,0,710,107,112,90.78,93,TRUE,0,0,0,0,0
69bb3490b38be941fdc95cbc5adceae344c2ce16,1267031407,1,1,1,0,22,22,0,7,0,710,106,111,89.78,92,TRUE,0,0,0,18,0
39024c35a62c1e8045f064447409f226f759647f,1267030988,1,1,1,0,48,50,0,7,0.04,712,105,110,88.78,91,FALSE,0,0,0,0,0
2ec05e758bd0b2adfa8fc90574907e713de1aa93,1267029905,0,0,0,0,0,0,0,0,0,0,0,109,87.79,0,FALSE,0,0,0,0,0
a2aab7c6996835d453972b22999b80dbfe125db5,1267029507,0,0,0,0,0,0,0,0,0,0,0,108,86.79,0,FALSE,0,0,0,0,0
875633141a9344ceb69bbb494aec77129ef34abf,1267027427,1,1,1,0,4,1,0,7,0.34,646,85,107,85.79,90,TRUE,0,0,0,0,0
3482ec1259005c175c9e7147cd0ebe8ee4b73581,1266997648,1,1,2,0.405639,4,4,0,6,27.08,331.5,43,2,2,0,FALSE,0,0,0,0,0
38a82591b1ef8185a8768361f07363e3cdf08d62,1266997465,1,1,1,0,9,0,1,4,0,81,20,1,1,1,FALSE,0,0,0,0,0
625adb81a33a4333d24c442fe818d029cd319cf6,1266997311,1,1,1,0,13,0,0,3,36.58,68,19,0,0,0,TRUE,0,0,0,0,0
b8fd129130f0956b43d5336452b1a5f709685b55,1266970842,1,1,1,0,7,0,0,7,0,702,102,20,19.74,20,FALSE,0,0,0,0,0
c9b41a4996aae51b9fc5108f523cca26f02e9047,1266970426,1,1,1,0,1,0,0,7,0.01,701,101,19,18.74,19,FALSE,0,0,0,0,0
f591f685466bc04d52b932b021e8d72b7225a6ea,1266969887,1,1,1,0,56,46,0,7,0.02,691,100,18,17.74,18,FALSE,0,0,0,0,0
1cf73c5474c7ba6fc9ee99aa42d5116ea2527b49,1266968074,1,1,1,0,17,17,0,7,0.01,691,99,17,16.74,17,FALSE,0,0,0,2,2
59d383c15179fe740c9a6e236ab156d7bedad0e3,1266967592,2,2,2,0.52104,11,51,0,7,3.15,459.5,51.5,16,15.74,10.5,FALSE,0,0,0,1,1
164e19c121b617b53734d313e44b9f386b994100,1266966798,1,1,1,0,28,31,0,7,0.02,719,97,15,14.74,15,FALSE,0,0,0,18,0
b5449ca89a6defbe78196b2686a2131bf18eb751,1266964850,1,1,1,0,3,2,0,7,1.03,718,96,14,13.75,14,FALSE,0,0,0,0,0
31f0f8c54cb5211cc48f6a1ee92fcedc4ed89a20,1266875843,1,1,1,0,17,16,0,7,0.01,717,95,13,12.78,13,FALSE,0,0,0,0,0
bb250e7205b9e0b481233ae2bcf542d2e288dfd7,1266875401,1,1,1,0,31,12,0,7,0.05,698,94,12,11.78,12,FALSE,0,0,0,11,0
b774bf7ca9770625c0dffa99d46c14f22fdf7776,1266871074,1,1,1,0,3,2,0,7,5.18,697,93,11,10.79,11,FALSE,0,0,0,0,0
5a5e14d7a4e3c9271575acae3048cb7e8096ff72,1266423719,2,2,3,0.402377,19,1,0,7,9.99,320.33,34,10,9.94,7,FALSE,0,0,0,0,0
263b1ee92d49147e6a507e3316141d66a912c760,1266423142,2,2,3,0.27591,28,3,0,7,6.82,347.67,32.67,9,8.94,6,FALSE,0,0,0,1,0
1b1943b0caa7b54d0f6bb1dbba65c7b5439784c9,1266422016,1,1,1,0,3,6,0,7,0,675,90,8,7.94,8,TRUE,0,0,0,4,0
76bbfddd95933553aff75158b06e230f57dcaad7,1266421898,1,1,1,0,1,4,0,7,0,678,89,7,6.94,7,TRUE,0,0,0,0,0
130e860ecf2f42bddf503cb603d8e2f2661034db,1266421709,2,2,2,0.57938,5,1,0,7,0,438.5,46.5,6,5.94,4,TRUE,0,0,0,1,0
386ee8ade99a1ec68378e4e0caba9c3ac28e91f8,1266421524,1,1,1,0,1,0,0,2,20.41,1291,60,5,4.94,5,FALSE,0,0,0,0,0
c43de549bacd3f6def734317656ddae7fa52c4cf,1266421278,2,2,2,0.47265,50,10,0,7,4.58,418.5,46,4,3.94,2.5,FALSE,0,0,0,1,1
c4daac089b26ba67dcd477b9babaeb3c37d2d19a,1266420394,1,1,1,0,2,1,0,7,0.01,650,86,3,2.94,3,FALSE,0,0,0,0,0
7ec8d12d6c4644dcdade95c06125aca26f3e748f,1266419770,1,1,1,0,23,20,0,7,0.01,647,85,2,1.94,2,FALSE,0,0,0,0,0
59a4f49bfa5c611d1053d7e96dfcf9270be80f48,1266419145,1,1,1,0,16,15,0,6,20.38,646,84,1,0.94,1,TRUE,0,0,0,0,0
11e7af06e9f92d290acaef68cbd175a7fbaee46e,1265631160,1,1,1,0,1,0,0,1,2.95,185,15,106,87.96,48,FALSE,0,0,0,0,0
d01bb56833efc411d69b9b8d790bacfbbf461dfa,1265376160,1,1,1,0,31,0,0,1,15.82,154,14,105,87.56,47,FALSE,0,0,3,0,0
5b5ee87c7a2fa0aa092dc8e87c83973c6c112f4b,1264658141,2,2,4,0.710219,27,12,0,6,16.21,526.75,26.25,104,88.26,67.5,TRUE,0,0,2,6,4
21f37e43a1478be99a5f020ff2b0c1ff94600619,1264619127,1,1,1,0,13,0,0,2,7.01,1269,58,103,87.36,88,FALSE,0,0,0,0,0
4085b68be458cd401ab82721d409771b9ee4ab5e,1264355610,2,2,2,1,15,7,0,9,-36.79,448,62.5,0,0,0,TRUE,0,0,0,0,0
30858c50a809fda225a1b48043b2ed0576e50166,1264013408,2,2,4,0.380427,15,12,0,6,4.71,489,25,102,87.81,66,FALSE,0,0,0,12,2
52ac3db77cbbd3e86bc614dfbc1ae1ce85b9bd1b,1264011448,1,1,3,0.648523,18,12,0,6,1.36,641.67,33,101,86.81,86,FALSE,0,0,0,14,6
7ec091cc55f825f72dea275ba0e55a7244806dad,1264009532,2,2,2,0.310917,8,2,0,6,20.08,397,41.5,100,85.82,64.5,TRUE,0,0,0,0,0
4a94246fd14f427a6d47732e49122ec9059094d4,1264007925,1,1,1,0,1,1,0,5,1.98,646,79,0,0,0,FALSE,0,0,0,0,0
7d9e603be862a66a093c0062a580d5fc8c95ce1b,1263836704,2,2,4,0.470899,72,52,0,5,4.1,493.25,25.25,99,85.22,63.5,TRUE,0,0,0,8,6
94195e661d6aa5af92820318dbff3c462e2fed18,1263615952,2,2,3,0.939641,41,4,0,4,6.08,640,33,0,0,0,FALSE,0,0,0,0,0
4f1a72da5172d3aa3e5dbebbf42e9cca48ed4e5b,1263479998,1,1,1,0,3,5,0,1,4.59,1239,53,98,85.07,83,FALSE,0,0,0,0,0
cda9099a210e27c49b367b3839bef76e49d6b386,1263083672,1,1,3,0.834586,14,8,1,4,4.34,628.67,31,97,85.01,82,FALSE,0,0,0,5,4
6866ffb8400f0cbfab6fc487783ba73dba29e0d1,1262708909,1,1,1,0,4,0,0,2,29.48,42,16,96,84.9,42,FALSE,0,0,0,0,0
0a8a4834b2690a3ae758eb345557af4ed37ec715,1262708774,1,1,3,0.429424,21,14,1,4,0.99,626.33,30.67,95,83.9,81,TRUE,0,0,0,5,4
fde8b1f63f4d1a4365ff968a76c19b22edafb591,1262622866,1,1,3,0.22421,15,16,0,4,1.74,626.67,30.33,94,83.11,80,TRUE,0,0,0,34,10
75a31fffc59af2ad1ab682a63e2aed9669218ac4,1262618446,1,1,1,0,5,5,0,4,0.51,636,73,93,82.12,79,TRUE,0,0,0,4,0
abb0f7f19461cc942262784e5a14c9e6c548f1f4,1262574310,1,1,1,0,1,1,0,4,2.02,636,72,92,81.22,78,FALSE,0,0,0,0,0
6427ac58134555da4bcee24290f4e391ebcfebbd,1262399761,1,1,1,0,1,1,0,1,0,1227,49,91,80.62,77,FALSE,0,0,0,0,0
385404b685145f2b02be8e81f8e46b654275edca,1262399564,1,1,3,0.923698,38,21,0,4,14.97,621,29,90,79.62,76,FALSE,0,0,0,27,10
4be6a194cdc039c7a1cbcef8812027289f997b20,1262390734,2,2,3,0.606484,81,17,0,4,7.13,205.33,23.33,89,78.64,58,FALSE,0,0,0,3,0
d49196f2e780800faaa85762116cdbb180d7c998,1260541520,2,2,3,0.582925,39,2,0,4,1.47,646,29,88,81.95,57,TRUE,0,0,0,0,0
c17879453a300f65142e6fcdfbeccd0f606bb890,1260472488,1,1,1,0,2,0,0,1,0.99,1193,46,87,81.11,73,FALSE,0,0,0,0,0
a418153800891ab7521f0559e995e0dbac6f2c9a,1260387379,1,1,2,0.83296,18,23,1,4,0.01,315,35,86,80.32,72,FALSE,0,0,0,11,10
4042a38dc68f4263664906aaf1ba41c99cc28a57,1260386525,1,1,3,0.246028,29,21,0,4,0.88,605,27.33,85,79.32,71,TRUE,0,0,0,29,10
5c314d206e2539d78b6e843e58e064e69145bad1,1260384079,2,2,4,0.389508,48,15,0,4,0.88,515.75,21.25,84,78.33,54.5,TRUE,0,0,0,0,0
225d795836d86bdc03518faa656f883e34075f3a,1260380695,2,2,2,0.910425,12,35,0,4,0.07,348.5,33.5,83,77.33,53.5,TRUE,0,0,0,0,0
e863fbf285f75063a982332d55926e5cc85f1626,1260378444,0,0,0,0,0,0,0,0,0,0,0,82,76.34,0,FALSE,0,0,0,0,0
2ba87d6b44f6c302bbb87635a2c5164337d0fcad,1260375609,1,1,1,0,1,0,0,1,2.48,126,10,81,75.34,37,FALSE,0,0,0,0,0
99564138e8c745f71f5842871c0a6ce30b26bde7,1260375450,1,1,1,0,2,0,0,4,1.47,589,59,80,74.35,68,FALSE,0,0,0,0,0
76cccb6a2dc58b71811e4cc4ce5733a2b11e959f,1260374448,1,1,1,0,25,0,0,1,8.49,70,5,5,4.99,0,FALSE,0,0,0,0,0
3eb9c280397f70db24766a26ab072a23f0777c3e,1260311461,1,1,1,0,0,4,0,2,7.97,162,14,79,73.49,36,FALSE,0,0,0,0,0
37930f92e0031bb0f5a591827ecef13863f19f9a,1260309833,1,1,1,0,1,1,1,5,0,600,63,4,4,4,FALSE,0,0,0,0,0
6554c6d9762d71c056d573fabf0ead967a75b308,1260309424,1,1,1,0,7,2,0,5,0.06,595,62,3,3,3,TRUE,0,0,0,0,0
a5454d6972063a65bfa0611a237663f19e509856,1260303884,1,1,1,0,2,1,0,5,0,594,61,2,2,2,FALSE,0,0,0,0,0
38cae13d692bd57c23ff31604c433124f8125af9,1260303665,1,1,1,0,8,4,0,5,0.01,590,60,1,1,1,TRUE,0,0,0,0,0
8c7fcb7781c89cc2d41c415ff5fbb755bbd4000c,1260303088,1,1,1,0,2,1,0,4,0.63,589,59,0,0,0,FALSE,0,0,0,0,0
0ed4212ec6d9217ce43d8bf566c411f96a052c5c,1260248794,1,1,1,0,7,7,0,4,0.02,589,58,78,72.62,67,FALSE,0,0,0,1,0
30329c051bdee2ae771d7b4cb6552a1ea977a4f0,1260247315,1,1,1,0,1,1,0,4,0,589,57,77,71.63,66,FALSE,0,0,0,1,0
2afcffb30a69d1a6f41f90a9214199f1c45a2516,1260246991,2,2,2,0.310917,13,7,0,4,3.99,343.5,28.5,76,70.63,50,FALSE,0,0,0,1,0
21e0cbc229f3da0f2b10716be06752465fee7dfc,1260163560,1,1,1,0,1,5,0,1,0.01,1178,43,75,69.8,64,FALSE,0,0,0,0,0
f2670259d1a5895a0e56711ce24478f097bf52d3,1260162847,1,1,3,0.299315,32,18,0,4,0.15,588.67,23,74,68.8,63,FALSE,0,0,0,24,10
39001bd02937106c7841b9d2bc1521aaccf32d38,1260161681,2,2,5,0.620657,73,56,0,4,5.83,395.8,14.8,73,67.8,48,TRUE,0,0,0,0,0
06c74e76f085adf61a8a3690d3e84c8967c4d201,1260159044,1,1,1,0,5,0,0,1,0.02,107,8,72,66.81,33,FALSE,0,0,0,0,0
2875f3145d6d90acc97b7e3df1de5ae075f3e569,1260158976,1,1,1,0,29,0,0,1,0.01,1130,40,71,65.81,61,FALSE,0,0,0,0,0
53122d08bd7ed9f98ac42c5eda4e3093a6e46770,1260157838,1,1,1,0,11,1,0,1,0.36,1120,39,70,64.81,60,FALSE,0,0,0,0,0
66dc6c2ac1b4c4d74ad2f4d044cba0d056549957,1260157720,2,2,3,0.0638612,20,33,0,4,0.37,253.67,19.33,69,63.81,45.5,TRUE,0,0,0,8,0
4bd535e7f11ee4570a534e30ced65b93eae4894f,1260126805,1,1,3,0.390473,26,23,0,4,1.89,577.67,21.33,68,62.87,58,FALSE,0,0,0,17,10
7a1f92a8c5a9c6b0933abd88e84098dc6d5c582f,1260124996,2,2,4,0.349505,90,9,0,4,6.61,449.25,16.75,67,61.87,44,TRUE,0,0,0,3,2
86c2ad2b1f84c00859fd083780a72681d45e9c53,1260123656,1,1,1,0,8,5,0,4,0,582,50,66,60.88,56,FALSE,0,0,0,0,0
689cd97e03a21b87567f9c615c8aa08890d19e6c,1260123404,1,1,1,0,9,9,0,4,0.01,582,49,65,59.88,55,FALSE,0,0,0,0,0
a97836a175c6d0bc03533cfc66e051f70cc5a4f8,1260122143,1,1,1,0,4,0,0,4,0.01,578,48,64,58.88,54,FALSE,0,0,0,2,2
79cb7bb17bc2dad7a12544d9452aa6d577c6f0d5,1260120911,1,1,1,0,3,2,0,4,5.55,577,47,63,57.88,53,FALSE,0,0,0,0,0
8ca9739dfe19a457ccae419ad44d347c28dbb804,1259892229,1,1,1,0,6,2,0,1,2.9,1068,36,62,57.27,52,FALSE,0,0,0,0,0
6b1ad73cd2c8a596699b471bf4d09b35804f5cf1,1259641308,1,1,1,0,1,1,0,1,0,1068,35,61,56.69,51,FALSE,0,0,0,0,0
4b2744a75adb3697ae2c99101704abdf512551dd,1259641211,2,2,7,0.326034,81,50,0,4,6.52,261.86,8.29,60,55.69,40,FALSE,0,0,0,14,10
64cac959a59acd1ab7bbf5199d55a6befc241898,1259623564,1,1,1,0,2,14,0,2,8.73,14,17,2,2,2,FALSE,0,0,0,14,10
451d9c5d62e5d24ff77c6bfc14fe337f591efe3c,1259622656,2,2,5,0.351291,40,14,0,4,4.71,165.8,10.4,1,1,1,FALSE,0,0,0,0,0
d8cf99ba89e9d4dd6fc5cc1865737464cdede272,1259617453,2,2,2,0.35218,18,0,0,3,13.23,361.5,23,0,0,0,FALSE,0,0,0,0,0
67f1e8a9c89f644ee54be215146742a1b3174b31,1258869008,1,1,2,0.251463,12,12,0,3,1.37,287.5,22,59,55.99,49,FALSE,0,0,0,12,10
3c0b7125a70222448e2d83a7c503d3f4fd2fdd45,1258858951,1,1,1,0,1,0,0,2,2.52,560,42,0,0,0,FALSE,0,0,0,0,0
ae968a6ea06dd4fd6f5184b3e6d14f9a077b3d01,1258641476,2,2,5,0.398578,113,90,0,2,0.62,346.2,11,58,55.38,38.5,TRUE,0,0,0,14,10
b5f111e8d4b3bbe9ece4ebac39f91d10ea11b7db,1258637710,0,0,0,0,0,0,0,0,0,0,0,57,54.38,0,FALSE,0,0,0,0,0
f8e939d30ac53ba672e0f94a20f680d2b6badcfa,1258599290,1,1,1,0,2,2,1,1,0.24,54,9,56,53.45,28,TRUE,0,0,0,0,0
4ed79d5f778e8e8eb5fa0232545ac719cf4c9d42,1258592721,1,1,1,0,6,6,0,1,0.16,54,9,1,1,1,FALSE,0,0,0,0,0
8cac2d5bd75c606fa987a97a97213e48974ed7f0,1258591034,2,2,2,0.6973,39,0,0,2,5.72,307,20.5,0,0,0,FALSE,0,0,0,0,0
86e6dd58c2817b40a1249e452cc915f3375e79a5,1258578695,1,1,1,0,1,1,0,1,0,1010,32,55,52.48,47,FALSE,0,0,0,0,0
c9e46262abd6a2f7ec1f002760a7595c4e2a06e4,1258578595,2,2,6,0.376943,99,35,0,2,8.22,281.17,8.5,54,51.48,36.5,TRUE,0,0,1,14,10
b932867dec302b6a36cab60aa664b2081391b791,1258205502,1,1,2,1,2,2,1,2,4.43,271,19.5,53,51.07,45,FALSE,0,0,0,16,10
80939448a70ee494a562aacc055228bce6d893c6,1258079463,1,1,1,0,37,37,1,1,5.37,162,11,52,50.26,26,FALSE,0,0,0,0,0
b5e1101610ac5a957e685acf9494e0d297b41d5f,1257823067,1,1,3,0.317946,19,13,1,2,0.32,506.33,15,51,49.66,44,TRUE,0,0,0,18,14
111f1cbc0d65e4d6680398091a017a9c4e53d153,1257806794,1,1,2,0.35218,7,2,0,1,0.39,269.5,18.5,0,0,0,TRUE,0,0,0,16,12
f6e67a5bf28bc544b1acd84d168e4f9d58427610,1257773312,2,2,5,0.333811,43,28,0,1,0.97,322.4,8.8,50,48.74,34,TRUE,0,0,0,12,8
7127d404d2addc9a8518b95ee34c4bc012c43898,1257708354,1,1,1,0,2,2,0,1,0.01,970,28,49,47.84,42,FALSE,0,0,0,0,0
cb85480659b9bfbe0daa65f4ca22a6e36ddea8e4,1257707904,2,2,4,0.317492,67,14,0,1,0.54,375.75,10.25,48,46.84,32.5,FALSE,0,0,0,12,8
5eec4e5d22dae5518b585f36e867112aac0606df,1257700030,2,2,3,0.115584,146,118,0,1,0.39,497.67,14,47,45.85,31.5,TRUE,0,0,0,2,0
cda4612a00a778cd205e6990df73ba2454df6151,1257692876,1,1,1,0,90,90,0,1,0.45,514,32,46,44.86,39,TRUE,0,0,0,0,0
9d4e34e19e03654082cff8589903ceaf026c11fc,1257654252,1,1,1,0,5,2,0,1,0.45,64,5,45,43.91,22,FALSE,0,0,0,0,0
ef35fe1d861252bdd905611c877985d3b82232b8,1257653847,1,1,1,0,1,1,0,1,0.01,514,31,44,42.91,38,FALSE,0,0,0,0,0
b5920e94a3221bbd8c6146d9839408030eb1922a,1257653058,2,2,4,0.420953,32,5,0,1,0.28,385,10,43,41.91,29,FALSE,0,0,0,2,0
d4f6e1a42ff1b0e5e29796aeecb8a71b9be58f7e,1257652127,1,1,1,0,1,3,0,1,0.35,513,29,42,40.91,36,FALSE,0,0,0,0,0
fb1889869edeeaa4d5f9f6420d43e8cf398980cb,1257624572,1,1,1,0,1,1,0,1,0.01,921,24,41,39.95,35,FALSE,0,0,0,0,0
51aef3b04d321016a2e7988bfaa51bd9bbac84a5,1257623948,1,1,1,0,32,2,0,1,0.02,891,23,40,38.95,34,FALSE,0,0,0,0,0
ed37b9df4953d554d3f72dd3b0d9df8fb1efad91,1257622180,2,2,6,0.265722,135,13,0,1,5.79,232.83,6,39,37.95,26.5,FALSE,0,0,0,12,8
4f0afda61cae565fbdccb8f20493b401b4e4521d,1257615599,2,2,6,0.324158,50,9,0,1,9.5,144,4.83,38,36.96,25.5,TRUE,0,0,0,0,0
51298c78ca730dd05f3b76c213d5a6d88c229a5e,1256992249,1,1,1,0,1,1,0,1,0,831,21,37,36.68,31,FALSE,0,0,0,0,0
d4a5ed6a733c75c6b1813e17a5ff5063ac087db7,1256991963,1,1,3,0.250289,15,7,0,1,1.21,433.67,10,36,35.69,30,FALSE,0,0,0,12,8
cb38c6ae6358693725f816e9152034f236d08755,1256910019,2,2,3,0.564475,47,7,0,1,0.84,471.67,10,35,34.78,23.5,TRUE,0,0,0,0,0
eca085a9d93deab4cc58e8ab7f9304f26f3fe84f,1256842730,1,1,1,0,1,1,0,1,0.01,33,4,34,33.85,17,FALSE,0,0,0,0,0
e9bc165bc33f086ea99fe44db83e228f44481c71,1256842248,1,1,1,0,5,0,0,1,0.83,28,3,33,32.85,16,FALSE,0,0,0,0,0
d2d1285e26a206278ae9f711a589b5e49f54c60e,1256841956,1,1,3,0.234995,43,20,0,1,0.15,415.67,9.33,32,31.85,28,FALSE,0,0,6,16,12
4d09a85bae8691876c4c767451449daac88eac82,1256829161,1,1,3,0.353759,12,4,0,1,0.16,413,9,31,30.86,27,FALSE,0,0,6,14,10
9b1da9b2581ecfe549abeb443f81e4feca76bbbc,1256828633,1,1,2,0.310917,6,14,0,1,0.01,623,13,30,29.87,26,FALSE,0,0,0,0,0
1d8420af003c2b429a5bae7103cff648c591cd5d,1256828003,1,1,1,0,18,18,0,1,0,469,21,29,28.87,25,TRUE,0,0,0,0,0
42637b5880f040e8ce48ff7de758d2274919ffb8,1256827613,2,2,3,0.381962,18,17,0,1,0.01,463.67,8.33,28,27.87,19.5,FALSE,0,0,0,2,0
8e7b8d2dea2ec194f024f47b9eef0f90b6b1a0a5,1256826376,2,2,3,0.86129,10,4,0,1,0.43,461.67,8,27,26.87,18.5,FALSE,0,0,0,0,0
e381f7b626107165b86b7549b90b32245e934b8a,1256789040,1,1,3,0.331152,13,4,0,1,0.08,411.67,7.33,26,25.9,22,FALSE,0,0,3,12,10
a82a01ebfc545c727a5df5cb78b1d01351c4707d,1256788420,2,2,2,0.268649,22,12,0,1,0.02,299.5,9,25,24.9,17,FALSE,0,0,3,2,4
4f783846de50e8de6d3001eb1ae23b9d041ccf23,1256786484,2,2,3,0.614393,24,14,0,1,0.14,452,7,24,23.9,16,TRUE,0,0,0,2,1
8c15ae153aae4eb4537121fae9fc3a3bef84ded7,1256784620,0,0,0,0,0,0,0,0,0,0,0,23,22.9,0,FALSE,0,0,0,0,0
2b9a011e070b01cf1e6957333fcb425a638c0465,1256784324,0,0,0,0,0,0,0,0,0,0,0,22,21.9,0,FALSE,0,0,0,0,0
f997a17c8965c9cfa9a19e932666348695712332,1256783452,1,1,1,0,1,1,1,1,0.15,460,13,21,20.9,19,FALSE,0,0,0,0,0
5026224597bfee903b4cadf051d22af0a2ff1620,1256775419,1,1,1,0,1,1,1,1,0.01,458,14,2,2,1,FALSE,0,0,0,0,0
9187fb30b34bedc4923430288eded2a23c02d07f,1256775301,0,0,0,0,0,0,0,0,0,0,0,1,1,0,FALSE,0,0,0,0,0
79c4c992d86eb8bac5f2dd1477ce4daf67e04c38,1256775051,1,1,0,0,0,0,1,0,0,0,0,0,0,0,FALSE,0,0,0,0,0
df2742de1767c0ded3cf37dd88d094c7d59bc882,1256774745,1,1,1,0,22,24,0,1,0.05,460,13,0,0,0,TRUE,0,0,0,6,1
4a83fcdd260f61f253f3349740ee304074867aff,1256770190,2,2,7,0.194041,282,158,0,1,0.9,197.57,2.43,20,19.91,14.5,TRUE,0,0,102,12,10
6d52832a73dcedffd8838ebe0d12fc1d4841588b,1256747875,2,2,4,0.395006,33,6,0,1,1.03,283.5,3.75,19,18.93,13.5,FALSE,0,0,16,8,8
195a0f0908e5860105fa63d7539c8b17c21f9a49,1256736170,1,1,1,0,5,0,0,1,0.02,693,9,18,17.93,16,FALSE,0,0,0,0,0
f4299d7427abc59bca5b9c69904f25d0bf0f6791,1256734680,1,1,1,0,3,1,0,1,0.73,691,8,17,16.93,15,FALSE,0,0,0,0,0
6cff16308ddca3807a36ad6dab0281b6341e03d9,1256671716,1,1,1,0,4,4,0,1,0.03,691,7,16,15.97,14,FALSE,0,0,0,0,0
5ef845a663e7016dc949032aa918602ad2cd52d4,1256670094,1,1,2,0.251463,7,5,0,1,0.03,207,5.5,15,14.97,13,FALSE,0,0,9,7,8
90e34e1a74490863c34a8b68183d0ed700b1e316,1256669105,1,1,2,0.523683,15,11,0,1,0.05,550,5,14,13.97,12,FALSE,0,0,4,2,0
26a9175419294d50945c3469ea4b5705df69a48c,1256665802,1,1,2,0.0598204,22,0,0,1,0.01,333,2.5,13,12.97,11,FALSE,0,0,2,3,4
dc8d4e0b588c9ceb9826493d05205a4c75314489,1256664649,1,1,0,0,0,0,0,0,0,0,0,12,11.97,10,FALSE,0,0,0,0,0
15bb8c6410bc16bd9df1c7b67d90c177dc1cf2b2,1256664598,1,1,0,0,0,0,0,0,0,0,0,11,10.97,9,FALSE,0,0,0,0,0
ef10906b5f82f873960786578565d42d14163771,1256664396,2,2,4,0.325233,83,55,0,1,0.46,283.5,2.25,10,9.97,8.5,TRUE,0,0,3,1,0
5e3f783a231ced7d41188499614678b59015e242,1256660964,2,2,4,0.135065,94,75,0,1,0.85,292,2,9,8.97,7.5,FALSE,0,0,7,2,0
9a881c70cbcd95b26b6af9dac075384fa236f2c7,1256612996,2,2,3,0.0426039,327,24,0,1,0.15,258,2.33,8,7.99,6.5,TRUE,0,0,3,2,0
25d3177bd733d26f307cbb80cbb80971a8c4bd93,1256605879,2,2,3,0.0869463,59,28,0,1,0.31,278.33,2,7,6.99,5.5,TRUE,0,0,2,0,0
4c41af41e665cd41396783635a905d1743ce9596,1256587629,2,2,4,0.0932305,351,1,0,1,0.21,111,1.25,6,5.99,4.5,TRUE,0,0,2,0,0
42362a274274e18bb03c840fc05bfdf6910c96f1,1256565356,1,2,3,0.0802044,715,6,0,1,0.02,7.33,0.67,5,5,4,FALSE,2,0,14,1,0
d229e822e73e797b820bc7a5df05c65154fd903a,1256562914,2,2,4,0.340097,68,44,0,1,0.02,141,1,4,4,3,TRUE,0,0,6,0,0
cf61edffa8c7b62ceb44bfc5f290775007f9ea4d,1256560990,1,1,3,0.137721,12,13,0,1,0,77.33,0.33,3,3,2,TRUE,0,0,0,0,0
5c46c60b06a210d702b75aa3493655eb39c152ce,1256560814,2,2,9,0.403924,382,185,0,1,0.22,52.89,0.22,2,2,1.5,TRUE,0,0,20,6,4
fe7156e4ea6d26894f1270563c8bf290364e1bed,1256517388,2,3,6,0.0792632,1124,0,0,1,0.04,61.33,0.17,1,1,0.5,TRUE,26,0,104,261,87
02ede85b539a89a44a71ce098f09a9553a3a6890,1256495772,1,1,1,0,368,0,0,0,0,0,0,0,0,0,FALSE,0,0,1,4,4