commit_id,time_stamp,ns,nd,nf,entropy,la,ld,is_fix,ndev,age,lt,nuc,exp,rexp,sexp,contains_bug,htmlcss,strict,bdom,so,tc
6480654fc6af7b419abf3388c7ba5b3a644659bd,1558762181,1,8,3,0.457459,21,12,0,32,5.57,153,45.67,144,140.83,130,FALSE,0,0,0,0,0
da0824ceff8f5cefda1febd1f4403c9c0112c449,1558762181,1,4,2,0.768606,19,10,0,32,8.23,223,42,143,139.83,129,FALSE,0,0,0,0,0
961a649957509086eaade57dea420019f320326a,1558760500,1,1,1,0,25,0,0,1,0.03,137,4,142,138.84,22,FALSE,0,0,0,0,0
1d346aa5c2743f8794d546b8b6980cdbde25bba5,1558760492,1,6,1,0,1,0,0,2,9.28,18,5,141,137.84,128,FALSE,0,0,0,0,0
196048da5ddf2d63d4f5767084c0d557fe5029ca,1558757583,1,2,0,0,0,0,0,0,0,0,0,140,136.85,127,FALSE,0,0,0,0,0
6f48ccd9530c181334652bc5eb40475d0d727632,1558757564,2,5,2,0.608022,44,8,0,4,1.22,53,5,139,135.85,73.5,FALSE,0,0,0,0,0
a02d7aab4a277ee912d0dbbf5611b76bd1ea3b77,1558743762,2,2,2,0.025061,68,32,0,4,1.59,76,7.5,138,134.91,72.5,FALSE,0,0,0,0,0
2726bf3c6dd0752fb421f3d65adc577d7e6d9045,1558740903,1,1,1,0,3,2,0,6,2.09,347,56,137,133.92,124,FALSE,0,0,0,0,0
fac9602201594380d3cf36e928f5a4273323abea,1558733686,1,1,1,0,2,1,0,3,0.01,442,3,139,122.28,131,FALSE,0,0,0,0,0
ebbc8f2bfcdad0c5c3b3dd341153a96b5eadce08,1558733350,0,0,0,0,0,0,0,0,0,0,0,138,121.28,0,FALSE,0,0,0,0,0
1a45b54431d416c01ac6065d0dac69bd5dfd9b56,1558733200,1,1,2,0.0713763,87,25,0,3,3.5,253,1.5,137,120.28,130,FALSE,0,0,0,0,0
a55b37113e14a9e3a2804876a2cddd85da578e13,1558732980,0,0,0,0,0,0,0,0,0,0,0,84,70.75,0,FALSE,0,0,0,0,0
a66e8b2a782fad97d5aa5706bc6b2a1e0f27cf45,1558732896,1,4,6,0.434555,65,7,0,7,1.51,267.5,4.67,136,119.28,129,FALSE,0,0,0,0,0
3fbf887ca3823835eedecaf066b50b14e9ce660f,1558731293,1,1,2,0.674494,34,6,0,1,8.94,74,0.5,135,118.28,128,FALSE,0,0,0,0,0
e6c8dd00d8a053b20fee164e76069c5710aca490,1558730717,1,4,5,0.335388,18,3,0,7,100.71,258,5.6,134,117.29,127,FALSE,0,0,0,0,0
47d91b6b989aca9d6cc07ba1689c0145cab839c7,1558723341,1,3,4,0.546469,29,2,0,7,0.37,471.75,6.75,133,116.31,126,FALSE,0,0,0,2,2
4b50182129b19395b791cf1e4194069ae8736ef4,1558723267,1,4,6,0.426151,64,10,0,9,16.29,306.17,5.83,132,115.31,125,FALSE,0,0,0,0,0
5d83b02ce509aaebd063a7e20231e6399a311ad5,1558682723,1,2,1,0,11,6,0,2,0.28,38,3,136,133.16,123,FALSE,0,0,0,0,0
3339f8686bfbe6adfdae356f168819d148228e30,1558677655,2,5,3,0.236093,234,90,0,12,2.85,51,8.33,135,132.18,70.5,FALSE,0,0,0,0,0
6496cebedd6ba59d450cc06ff3bb7146e2218003,1558658748,1,3,3,0.268492,23,0,0,7,4.74,625,8.67,131,114.52,124,FALSE,0,0,0,0,0
9a4158576bb58ad1999f09f46ada8cd9a4adca8b,1558658365,1,4,3,0.105099,106,78,0,12,35.18,155,13,134,131.26,121,FALSE,0,0,0,0,0
632e07d742072011a61bc759705e332b3298c65a,1558654896,2,2,0,0,0,0,0,0,0,0,0,133,130.28,69,FALSE,0,0,0,0,0
cf7e1a96699a5dfc489beacbf5379f7e173b7841,1558653954,1,4,1,0,0,0,0,1,102.34,16,1,132,129.28,119,FALSE,0,0,0,0,0
30441213db644fbeffe611d2cac03f439198f056,1558652536,2,3,4,0.34291,24,8,0,4,41.11,93,1.75,130,127.29,66.5,FALSE,0,0,0,0,0
550c261caa7941f154de25889df30121a5a3393d,1558652536,2,3,4,0.34291,24,8,0,4,41.11,93,1.75,131,128.29,67.5,FALSE,0,0,0,0,0
69c70a89fe08a30cdebb4257bd674c0a8328e035,1558646526,1,1,0,0,0,0,0,0,0,0,0,128,125.31,14,FALSE,0,0,0,0,0
1b2157ba349b10b56bd29099edb8d3ae965e696e,1558646526,1,1,0,0,0,0,0,0,0,0,0,129,126.31,15,FALSE,0,0,0,0,0
6034b50e667cd25879b8c4d01e9f3d12fbd85722,1558645771,1,10,0,0,0,0,0,0,0,0,0,126,123.31,115,FALSE,0,0,0,0,0
5210c939636aa27aeb02a01cc2f440068a5918d3,1558645771,1,10,0,0,0,0,0,0,0,0,0,127,124.31,116,FALSE,0,0,0,0,0
b68a8a542273fc108ed53c25cdfe7616ada0cbcc,1558644998,2,12,10,0.215701,90,10,0,4,30.55,35,2,125,122.32,63.5,FALSE,0,0,0,0,0
541f7ed4be492d9acb1494dbffc2d05b0b8e56cb,1558644998,2,12,10,0.215701,90,10,0,4,30.55,63.5,2,124,121.32,62.5,FALSE,0,0,0,1,0
e184c053f375c8f3d330edbc32304f36801a85db,1558644917,1,27,0,0,0,0,0,0,0,0,0,122,119.32,111,FALSE,0,0,0,0,0
a496fd9910ab6af4f4a7d1161cfc4529d22ce24f,1558644917,1,27,0,0,0,0,0,0,0,0,0,123,120.32,112,FALSE,0,0,0,0,0
7bad1636f83481cf2203e8c9674c8be0afc25a58,1558643256,1,1,0,0,0,0,0,0,0,0,0,121,118.32,110,FALSE,0,0,0,0,0
45affe69f8d0415913af8ad782e8b208182b50ff,1558643256,1,1,0,0,0,0,0,0,0,0,0,120,117.32,109,FALSE,0,0,0,0,0
b15cf96f4455e847322ef6d334058021f6fc8d15,1558642879,1,1,0,0,0,0,0,0,0,0,0,119,116.32,11,FALSE,0,0,0,0,0
d7bf5fa0f41009ebafad4c00a6423e46d583a345,1558642879,1,1,0,0,0,0,0,0,0,0,0,118,115.32,10,FALSE,0,0,0,0,0
01a7bf65e7ca6594a816c776fd13bbdb50f6f6ef,1558641314,1,18,0,0,0,0,0,0,0,0,0,117,114.33,108,FALSE,0,0,0,0,0
bb93df84c2d9e5bba3583a9d6babad57f3bb9a40,1558641314,1,18,0,0,0,0,0,0,0,0,0,116,113.33,107,FALSE,0,0,0,0,0
1fb21829aa766342bd2e5d58f7dda37fe3e2a118,1558632274,1,49,0,0,0,0,0,0,0,0,0,115,112.36,106,FALSE,0,0,0,0,0
e60a074a6a1ab72b2bc40ccbb252203a20499c7e,1558628041,1,1,0,0,0,0,0,0,0,0,0,859,399.22,0,FALSE,0,0,0,0,0
4c595715834981e39e1f25ef1698d76a919c6be6,1558628011,1,2,1,0,17,0,0,27,73.48,236,36,0,0,0,FALSE,0,0,0,0,0
0b1291b81323313d0fc9d84b3ccc3c64d9938e18,1558593649,1,1,1,0,1,1,0,1,0.39,109,1,113,110.5,104,FALSE,0,0,0,0,0
3768f9ea8ab5a3f0bacbb913315e2ac8ad376339,1558593649,1,1,1,0,1,1,0,1,0.39,109,1,114,111.5,105,FALSE,0,0,0,0,0
3e856919461df2e48956409361ea77938aa30049,1558590400,1,3,4,0.787279,8,3,0,6,4.78,319.5,22.25,112,109.51,103,FALSE,0,0,0,0,0
181d4dab7fa2f88d031f27feaf7e6c362c6d8b09,1558590400,1,3,4,0.787279,8,3,0,6,4.78,319.5,22.25,111,108.51,102,FALSE,0,0,0,0,0
882475fb3ab525e0f3a1008564631e6997820df0,1558578584,1,4,4,0.442937,11,18,0,5,83.16,32.25,1.5,110,107.55,101,FALSE,0,0,0,2,0
c59676c1bbeb10ee4c0a75f68dcdc7c461a0cca7,1558578584,1,4,4,0.442937,11,18,0,5,83.16,32.25,1.5,109,106.55,100,FALSE,0,0,0,2,0
203f2c32249651ff7e533e3cca56293c4f188f47,1558560383,1,1,1,0,1,1,0,1,-0.39,109,2,106,103.61,97,FALSE,0,0,0,0,0
6354597513ea9a3130b11596393b2e6a3c989089,1558560383,1,7,13,0.298562,285,43,0,7,10.24,47.62,5.15,107,104.61,98,FALSE,0,0,0,3,0
06a22d7797ce069e60de08aec29794e5b7ebf930,1558560383,1,7,13,0.298562,285,43,0,7,10.24,47.62,5.15,105,102.61,96,FALSE,0,0,0,3,0
6ad82dad6e698fda94985ceaf1f82fb24dd1dd21,1558560383,1,1,1,0,1,1,0,1,-0.39,109,2,108,105.61,99,FALSE,0,0,0,0,0
d851d3c086204fc06e25e394c6aee47ce16a81c9,1558554592,1,1,1,0,53,412,0,12,4.83,631,32,104,101.63,95,FALSE,0,0,0,0,0
3cbaa2972623fcccfc26550732f5f5201de225f6,1558554248,1,2,2,0.684676,45,42,0,5,0.53,240,17.5,172,112.73,80,FALSE,0,0,0,0,0
a8b2aeb72a914e032d6026eecea78f14d74488a7,1558549746,2,4,1,0,23,0,0,0,0,0,0,103,100.64,51.5,FALSE,0,0,0,1,1
2fdf6637b932a71c682655f394b165bb03dfd565,1558548243,1,2,3,0.329339,5,10,0,4,12.52,72,10.33,102,99.65,93,FALSE,0,0,0,0,0
e2c8554617f06156744bad5ab62624f6df2f8185,1558547596,1,1,0,0,0,0,0,0,0,0,0,101,98.65,92,FALSE,0,0,0,0,0
fc18e91775a8d533784132dfb988b3e42914cb37,1558508102,1,7,6,0.223396,57,44,0,6,5.95,188,14.17,171,111.84,79,FALSE,0,0,0,0,0
a7445ad283f16e7577e30eb3b1cd8bc9bddf3943,1558474983,1,1,1,0,4,3,1,3,0.01,429,16,130,114.11,123,FALSE,0,0,0,0,0
bd2abae75749aa204875fff4edb6ba4637e8ec3b,1558474748,0,0,0,0,0,0,0,0,0,0,0,83,70.25,0,FALSE,0,0,0,0,0
4aec10b6a9db9be9432272a7234acfa9dc632ea2,1558473693,1,1,2,0.734496,5,5,0,3,1.72,241,9.5,129,113.12,122,FALSE,0,0,0,0,0
77a62cac71ec4d3abca353e565a32dd6dc20d488,1558467877,1,7,19,0.306903,575,796,0,12,7.42,240.68,8,82,69.27,45,FALSE,0,0,0,32,5
576dba26cbc5f52d8637a4824d76d3f25fba6185,1558466519,2,2,2,0.908917,156,152,0,3,0.03,90.5,8.5,100,97.9,49,FALSE,0,0,0,4,2
342acbe9839e5c797319c3fe2e79153ce2bd912e,1558465274,1,1,1,0,1,0,0,2,2.48,231,5,99,96.9,90,FALSE,0,0,0,0,0
b7014bc31d8effd656f3a677d59bf787bbb8c6ee,1558465264,1,1,1,0,8,7,0,3,0.02,161,12,98,95.9,89,FALSE,0,0,0,0,0
2a435b6dc86fcfc6e8415dfde29551973e2bc39f,1558463106,1,1,2,0.343098,15,8,0,3,30.48,86.5,7.5,97,94.91,88,FALSE,0,0,0,2,0
ae4625af5cff6090dfb068696ef5758a4814c978,1558462048,1,1,1,0,3,5,0,2,19.92,10,2,96,93.91,87,FALSE,0,0,0,0,0
c2cb2a0a25a4d20f8ed5ecc7fa48c6b149f9ad7c,1558461953,1,1,1,0,3,3,0,1,5.82,98,3,95,92.91,86,FALSE,0,0,0,3,3
83c3b9e17c5c4af749b1ffc92f25b61ff0dc0d8b,1558461914,3,3,0,0,0,0,0,0,0,0,0,94,91.91,33,FALSE,0,0,0,0,0
a8b9370a7b2a8ffbf0db4a1ca5e3e16af54f601a,1558412602,1,1,1,0,2,5,0,6,1.87,296,55,93,91.05,84,FALSE,0,0,0,0,0
a25c184dbf0394eeb0808997c46efae787b78f49,1558393762,1,8,8,0.424931,58,50,0,6,14.66,178.5,11.62,92,90.1,83,FALSE,0,0,0,0,0
c6f45f945722ecff00b8b473099531de905333de,1558391892,1,3,3,0.516079,7,7,0,6,3.34,397.67,27.33,91,89.11,82,FALSE,0,0,0,0,0
a909d0e0e1ef66d7374404e6207aaa48b494b1de,1558391771,1,3,3,0.409691,10,10,0,6,1.01,323.67,28,90,88.11,81,FALSE,0,0,0,0,0
2947322713ee6137e8aeae7440aa0da4212548f0,1558391700,1,3,3,0.564475,6,6,0,6,4.98,288.67,26.67,89,87.11,80,FALSE,0,0,0,0,0
63921ed3be322387659550c8e15584536b6f88e7,1558391585,1,4,4,0.55292,9,9,0,6,6.29,233,20.5,88,86.11,79,FALSE,0,0,0,0,0
bdba8372da128256bc8fcbf3acbf4a8fabd51961,1558391325,1,6,6,0.664819,11,11,0,6,6.52,152.33,13.67,87,85.11,78,FALSE,0,0,0,0,0
30cfad5aba62de8a2763b59b4d618777e7061836,1558391242,1,2,2,0.57938,9,3,0,6,3.31,383,37.5,86,84.11,77,FALSE,0,0,0,0,0
48c6697e72a85772ea5582771a4f9ae32852f76d,1558390441,1,3,6,0.353951,71,164,0,5,3.98,258.67,8.83,85,83.11,76,FALSE,0,0,0,0,0
5552f37dbaf92875cbdc7ceffcf96637f45e4ed1,1558385559,1,2,2,0.109836,36,77,0,4,4.98,278,10.5,84,82.12,75,FALSE,0,0,0,1,0
3ebe9d53b8a5101754bcf5f7e364914fecdf819e,1558384660,1,1,1,0,0,1,0,2,0.21,54,8,128,112.4,121,FALSE,0,0,0,0,0
8ec5e3c3ba51a4e2f8629089e3eb3e6abf1a0f9a,1558366309,1,1,1,0,6,8,0,2,1.73,56,7,127,111.46,120,FALSE,0,0,0,0,0
b31553272865fd9c4a6045e6a52669bf8fec8972,1558365746,1,3,8,0.177911,522,294,0,6,6.35,273.5,12.88,81,68.46,44,FALSE,0,0,0,27,4
218274a7e013ff1b4b1cdb311e4c90da4b7aae41,1558298214,1,1,0,0,0,0,0,0,0,0,0,82,80.35,4,FALSE,0,0,0,0,0
a6d8605289f61acdfc2b44c473c814d9141c3b73,1558298214,1,1,0,0,0,0,0,0,0,0,0,83,81.35,5,FALSE,0,0,0,0,0
692ccea9377a40e7f02dcfd4764cdf3271234877,1558290898,1,1,0,0,0,0,0,0,0,0,0,80,67.6,14,FALSE,0,0,0,0,0
60336d50e31b0bce7745706483fcbac6ac71f880,1558290898,1,1,0,0,0,0,0,0,0,0,0,79,66.6,13,FALSE,0,0,0,0,0
0f6ec551f2770539f5689b37907f40ee07c5910b,1558265379,1,3,3,0.705321,5,4,1,7,54.51,559,12.67,126,110.78,119,FALSE,0,0,0,0,0
1e6a0d9e56935ee90ded040b5295eed045447c79,1558251246,1,4,5,0.434255,171,95,0,12,4.49,285.8,23.8,81,79.47,74,FALSE,0,0,0,6,5
3a964fc462bd3335554b8fef4475037d72487dc9,1558251246,1,4,5,0.434255,171,95,0,12,4.49,285,23.8,80,78.47,73,FALSE,0,0,0,0,0
9978f8ee23e04fc0e8126c819ad2fcc62d055a5a,1558244561,1,4,4,0.149583,149,77,0,6,2.14,241,25,78,76.48,71,FALSE,0,0,0,0,0
752e092b59e14ae1e6a92f8f504ac36013793356,1558244561,1,4,4,0.149583,149,77,0,6,2.14,302.25,25,79,77.48,72,FALSE,0,0,0,12,5
3f1e3eb89fde654e80c1ebf967d106d45672b3c0,1558218715,1,2,3,0.353759,8,0,0,7,53.97,414,10,125,109.92,118,FALSE,0,0,0,0,0
f400b5649088652afea2682e9e08e8931aa13953,1558216785,1,2,3,0.29873,9,8,0,7,0.72,574,12.67,124,108.93,117,TRUE,0,0,0,0,0
aeddc67bbbb883b1752975422b4587294438bce3,1558211084,1,1,1,0,1,1,1,3,0.12,428,12,123,107.95,116,FALSE,0,0,0,0,0
e66100d5b92b22116a1e5afe9851492296f38e84,1558200350,1,1,1,0,10,1,1,3,0.84,419,11,122,106.98,115,FALSE,0,0,0,0,0
a7b37947bdb364336f3bee3da6699f03474465a9,1558168465,1,4,3,0.525087,17,10,0,5,1.64,148,11.67,170,111.69,78,FALSE,0,0,0,0,0
b574d2116513e2e22cf66ac627204bf8f51c5a7a,1558152005,2,4,3,0.0670177,188,80,0,6,0.96,257,31.67,77,75.7,36.5,FALSE,0,0,0,0,0
391e75fc7122165a7a252477b48d66dc8ebf0cfb,1558137087,1,3,2,0.18554,39,8,0,11,21.53,308.5,16,76,74.74,69,FALSE,0,0,0,0,0
a1362b59ee0105feb6045c4a411adcf6504498db,1558135439,0,0,0,0,0,0,0,0,0,0,0,78,65.88,0,FALSE,0,0,0,0,0
19d655a83274421e4d20940e59a685095a982a06,1558133343,1,1,1,0,2,2,0,10,7.17,303,24,77,64.89,43,FALSE,0,0,0,0,0
29ad4c9d3823be2692e0005f70c8ff11e1c66f94,1558131524,1,1,0,0,0,0,0,0,0,0,0,75,73.75,68,FALSE,0,0,0,0,0
5af9c9bde4b29ba1b255834630499878d818f870,1558131055,1,1,0,0,0,0,0,0,0,0,0,76,63.89,12,FALSE,0,0,0,0,0
83204d37fc80b8b831998c8f5094765d33946ddb,1558129701,1,3,3,0.375569,16,1,0,6,1.32,540.67,8.33,74,72.75,67,FALSE,0,0,0,1,0
1ce8f89ca96f20bd8e6409c3d052471ea373f8e5,1558129685,1,2,2,0.497821,28,16,0,5,8.81,136.5,11.5,73,71.75,66,FALSE,0,0,0,3,1
5b7ba86199af3d80b6e7aca81f8e1ee15d58c1b0,1558128473,1,1,0,0,0,0,0,0,0,0,0,121,106.2,114,FALSE,0,0,0,0,0
1047d9de4b7443347dbebc65465f8f74b5304fa3,1558128099,1,1,1,0,4,2,0,3,0,123,12,120,105.2,113,FALSE,0,0,0,0,0
2593e3d28644ba71db672e750854a29a4fce11d8,1558127964,1,1,2,0.340898,16,21,0,3,0.01,92,6.5,119,104.2,112,FALSE,0,0,0,0,0
601fc8e799a41cce265a6066f0db7015e24c6725,1558127761,1,1,2,0.945437,24,28,0,3,0.08,242,5.5,118,103.2,111,FALSE,0,0,0,0,0
3ac4891013c72163f09f0672600790f5b43173b6,1558127265,1,2,2,0.19787,23,14,0,12,0.43,267,37.5,75,62.9,42,FALSE,0,0,0,0,0
fed71ea804371c970b9a293447002da57feafbe6,1558126190,1,1,2,0.130792,53,22,0,3,0.15,260,7.5,117,102.2,110,FALSE,0,0,0,0,0
da4af981011d8319fb8b7448972019499bfde244,1558123474,1,2,2,0.251463,6,0,0,7,84.81,617,14,116,101.21,109,FALSE,0,0,0,0,0
e76fc5efaa5db94fa50f25d074670436afb0bf3e,1558116247,1,1,3,0.181956,27,11,0,4,5.92,343,5.67,115,100.23,108,FALSE,0,0,0,0,0
3919eac13f4f657beb92f476e40539b26dd3be42,1558113136,1,3,2,0.57938,2,1,0,3,5.08,139,11.5,72,70.79,65,FALSE,0,0,0,0,0
8a26e14bf272bc043805c78d4bd82c2e912bb668,1558112969,0,0,0,0,0,0,0,0,0,0,0,71,69.79,0,FALSE,0,0,0,0,0
1ae298a2125c9bc641c879f4614d611b3c3b87e5,1558112684,1,1,0,0,0,0,0,0,0,0,0,74,61.92,1,FALSE,0,0,0,0,0
090f92fcae27f6f5f154d8a2d4f293cd83422b93,1558112330,1,1,1,0,1,1,0,5,0,179,20,73,60.92,41,FALSE,0,0,0,0,0
19daef0a7a65e6fb2c51017d6025c6aa8ed7238e,1558112227,1,1,1,0,1,3,0,5,0.91,181,19,72,59.92,40,FALSE,0,0,0,0,0
8aeb17bfcee582398c7e97de81bd63c9e5f30408,1558110015,1,1,2,0.700528,31,26,0,3,121.72,86,4.5,114,99.25,107,FALSE,0,0,0,0,0
74b2359f061ca9b390b52c4518ba8141320981d8,1558109229,1,1,1,0,34,16,0,3,10.48,127,8,113,98.25,106,FALSE,0,0,0,0,0
f6efa4e5610c82fed9cf70b6220b27c33179ff23,1558046903,1,4,6,0.660385,22,10,0,6,3.4,182.5,15.83,71,59.03,39,FALSE,0,0,0,0,0
dee9f94e7c9a8d6361a30478c4da1f799dd90a6d,1558046417,1,1,1,0,9,5,0,3,-0.01,68,5,70,68.94,64,FALSE,0,0,0,0,0
963d826c0a42dd006a62f3a5d4ac150eeda5e512,1558044423,1,1,1,0,18,7,0,6,0.12,224,51,70,58.03,38,FALSE,0,0,0,0,0
905871b923a050479211282ccda593830bccd76a,1558044378,1,1,1,0,56,72,0,4,2.86,249,14,69,67.94,63,FALSE,0,0,0,0,0
14343743181605413acfa8c56b9d0788b4edb973,1558038628,1,1,0,0,0,0,0,0,0,0,0,68,66.95,62,FALSE,0,0,0,0,0
27151bb87804b3f8087eac80537c5330fac4b9df,1558033964,3,8,11,0.443903,48,760,0,8,33.83,121.45,6.55,69,57.05,16,FALSE,0,0,0,7,10
fd7e36ec3c4910adb05ec6e0108a13305d50e215,1558014046,1,1,0,0,0,0,1,0,0,0,0,1,0.82,0,FALSE,0,0,0,0,0
696aefc37e2aba6ac5f980d7b325af2d62eac230,1558009810,1,1,1,0,21,5,0,2,0.01,370,17,169,111.08,77,FALSE,0,0,0,0,0
1e8b81b5438d85a4237219b2ac987e5fc124cbc8,1558008974,1,4,3,0.46969,43,68,0,3,21.27,110,6.33,168,110.08,76,FALSE,0,0,0,0,0
54d1b5e2e959a482038a4e7bea838240b2d28162,1558007634,2,3,5,0.438579,70,32,1,2,0.01,201,3,167,109.09,38,FALSE,0,0,0,0,0
4aabdc1f70f6512695a9a03634b2fba553da86ad,1558007094,2,3,6,0.439038,249,65,1,2,0.06,137,2.33,166,108.09,37,TRUE,0,0,0,0,0
d2516870b884665c7b9add592e512e114b56d412,1558001940,1,3,7,0.294651,39,387,0,3,8.17,116,2.29,165,107.1,73,TRUE,0,0,0,0,0
3ae6733babc892bb3f26cb815ee422467e359603,1558000036,1,1,2,1,3,1,1,2,0.01,161,6,164,106.11,72,FALSE,0,0,0,0,0
ea6d5bdb53a72894f7e169185d2007639d7968ee,1557999092,1,2,4,0.428617,58,55,0,2,0.41,125,2.75,163,105.11,71,TRUE,0,0,0,0,0
c2a2d9655c07629576ab47436a6f06596efbaf8c,1557998370,2,2,2,0.408628,417,76,0,1,0.3,192,5,67,66.04,30.5,TRUE,0,0,0,0,0
2d65f06694cccb410b76388c416cae694dffc0bd,1557987108,0,0,0,0,0,0,0,0,0,0,0,66,65.06,0,FALSE,0,0,0,0,0
6d1cce42b78d8772806fe3ceda6dce19edff9ea1,1557983471,2,3,1,0,6,12,0,3,7.46,64,16,65,64.07,33.5,FALSE,0,0,0,0,0
642ec4c3ec8bf1ba87bfa40b207a6220a484eef9,1557965602,1,14,14,0.236265,539,336,0,13,38.53,66.43,3.79,64,63.1,59,FALSE,0,0,0,9,21
655f92f46534231532b3271474d099b48d029b2c,1557965602,1,14,14,0.236265,539,236,0,13,38.53,20,3.79,63,62.1,58,FALSE,0,0,0,0,0
b15c0f5bbe3ac6d242cbe1bd324cd7e497e8345a,1557965591,1,2,2,0.0429686,25,5,0,6,-4.96,482,44,61,60.1,56,FALSE,0,0,0,0,0
2f975ad32dfd536adbc96d04033cc8849a8752d6,1557965591,1,2,2,0.0429686,25,5,0,6,-4.96,482.5,44,62,61.1,57,FALSE,0,0,0,0,0
2e4ef5872199ea5bbf9f728fadf1d16fa514d64a,1557965191,2,2,2,0.795999,36,37,0,6,0.08,192.5,26.5,68,56.15,23,FALSE,0,0,0,0,0
efacfcc7f353dce0f516a424e2401b1409f4589c,1557965101,1,1,1,0,2,10,0,4,0.07,371,33,60,59.11,55,FALSE,0,0,0,0,3
0f6f3c5788e3711897ca0eb836200876e85a310f,1557965101,1,1,1,0,2,10,0,4,0.07,371,33,59,58.11,54,FALSE,0,0,0,0,0
20131bf7f3f4c00e0b98ab49030feaf3c251f7d4,1557962643,1,2,2,1,6,0,0,0,0,0,0,67,55.16,35,FALSE,0,0,0,0,0
986aff363a703067031d28b001d5fa84375cccab,1557962568,1,4,8,0,0,0,0,3,53.13,12.62,1.25,66,54.16,34,FALSE,0,0,0,0,0
2cb852a680c2d239af0b7b3a07f5a2ee0cd28676,1557962189,1,1,1,0,6,0,0,4,-4.96,90,8,58,57.11,53,FALSE,0,0,0,1,0
faaffa5f36836e7da279d7fc09f2e86932c73ffb,1557962189,1,1,1,0,6,0,0,4,-4.96,90,8,57,56.11,52,FALSE,0,0,0,0,0
e93e94ce4628f66bdae74f125834aa896c0c2214,1557960476,1,3,2,0.18554,39,8,0,11,19.49,88,16,56,55.11,51,FALSE,0,0,0,0,0
4d70ea93957d9245efafcf0f9159d8a809fb5764,1557958681,2,31,59,0.359784,2420,174,1,8,25.66,111.66,2.44,858,402.44,260,FALSE,0,2,0,78,27
43d77f839b770d037a0b3de04a5f3b1f3d459d36,1557955470,1,3,4,0.18642,118,74,0,4,23.28,318,8.75,55,54.12,50,FALSE,0,0,0,12,0
97c0a7cb59e794531bfd764c3b40bb2dc5171e23,1557955048,1,10,21,0.377074,145,66,0,31,12.75,196,7.52,65,53.17,33,FALSE,0,0,0,0,0
187ecfa218bd3a265be9206c0b9e4895cc931126,1557954837,1,2,3,0.188093,56,0,0,2,7.34,10.67,1.67,54,53.12,49,FALSE,0,0,0,0,0
bf0a519e33477a8d5b68ee3557aa13d20ddc29b6,1557945944,1,2,2,0.214378,19,512,0,1,0.63,509,4.5,162,104.23,70,TRUE,0,0,0,0,0
9e471eea50b302b393f4b25674da682459fd8083,1557926844,1,1,1,0,0,1,0,2,0,76,2,161,103.27,69,FALSE,0,0,0,0,0
64292a530e93d81fa71175f07eefbba2595b70c4,1557926693,1,1,1,0,3,2,1,1,70.8,75,1,160,102.27,68,FALSE,0,0,0,0,0
cf9d6f884e2d183fc268fd8d7eff0a37b7cbf523,1557920280,1,1,1,0,0,21,0,1,0,445,8,159,101.29,67,FALSE,0,0,0,0,0
4441ed8b20b01f34adaac6234f6918993b232d4c,1557920240,1,2,2,0.288282,68,12,0,1,0.7,273,3.5,158,100.29,66,FALSE,0,0,0,0,0
f5f12fc4da2b12749acdb535b1dfa19fdc416584,1557862392,1,2,2,0.123854,423,16,1,1,0.06,318,3,157,99.41,65,FALSE,0,0,0,0,0
a70d6d95726400b3f30b84fb4dbcc4d9aad16e10,1557858621,1,1,0,0,0,0,1,0,0,0,0,156,98.42,64,FALSE,0,0,0,0,0
a81ae199d4bef11f8af0f9ed51d3418ff4a32536,1557857152,1,3,4,0.502941,317,64,1,1,0.02,124,1.25,155,97.42,63,TRUE,0,0,0,0,0
219c69c70115db354bc352792a1ab5bff92a7059,1557853554,1,3,2,0.845117,306,129,1,1,0.48,111,2,154,96.43,62,TRUE,0,0,0,0,0
cd1b7a7eab203ca68593b3084996c40ac15c54e2,1557797383,2,2,0,0,0,0,0,0,0,0,0,53,52.39,27,FALSE,0,0,0,0,0
b73f11babc3492603e2613237d766f2a3e30c8a2,1557797283,1,1,2,0.115431,7,17,0,4,4.91,304.5,18.5,52,51.39,47,FALSE,0,0,0,0,5
8cfdf7b389ba82dc73c10d4a1644ee769c944c5c,1557797027,2,2,1,0,3,1,0,1,39.33,18,2,51,50.39,25.5,FALSE,0,0,0,0,0
ea86863bdacdcd3e009cb5fa1162eeeb40f9cdc9,1557791436,0,0,0,0,0,0,0,0,0,0,0,50,49.4,0,FALSE,0,0,0,0,0
ff3cfea5da08c253683bd92ace0a0c132de8fa3b,1557788686,0,0,0,0,0,0,0,0,0,0,0,49,48.4,0,FALSE,0,0,0,0,0
dbf877a520e65bb99f287ef55764998b0dcd964b,1557769950,1,1,1,0,122,77,0,1,0.02,402,3,153,95.6,61,TRUE,0,0,0,0,0
db91baa65c3d9dc533c692c834009f2a1bf24484,1557768181,1,1,1,0,84,35,1,1,0.02,353,2,152,94.6,60,TRUE,0,0,0,0,0
9fd87396f636f468ae30715c53b482b346e20d97,1557766110,1,1,1,0,2,1,1,1,0.01,352,1,151,93.6,59,FALSE,0,0,0,0,0
f0dd33cf93345385d5a72a3c106879f53fbad1b3,1557765576,1,1,0,0,0,0,0,0,0,0,0,150,92.6,58,FALSE,0,0,0,0,0
220fc62fbc1d3673bc4b02609b0d956f746d04e4,1557765524,2,3,1,0,352,0,0,0,0,0,0,149,91.6,50.5,TRUE,0,0,0,0,0
9789159a20749904df281df7bd1a6f8eea1f0989,1557761263,1,3,2,0.0583971,26,19,0,1,2.76,153.5,15,112,98.22,105,FALSE,0,0,8,1,1
b2877c2cb6784b505adcc3ec91ae4e6ae2a90654,1557692405,1,1,2,0.853347,5,42,0,5,62.07,42,3.5,111,97.41,104,FALSE,0,0,0,2,0
da09de713fb224a66d9b6f52dc288cfb6118e1b8,1557649437,1,1,1,0,22,22,1,4,0.02,610,13,110,96.52,103,FALSE,0,0,0,0,0
fa7f9a7e055cca71222f35a40333f45b16a62250,1557648986,1,1,1,0,13,8,0,9,0.02,212,25,109,95.53,102,FALSE,0,0,0,0,0
e4a16be98c2d553c996be2ecd751e404c6c44d56,1557648221,1,1,1,0,0,31,0,9,56.62,221,26,108,94.53,101,FALSE,0,0,0,2,0
4b90af474cf8eecb81fdd39e9773cb8eb1c5fc91,1557647601,1,2,2,0.229363,11,2,1,10,0.39,406,17,107,93.53,100,TRUE,0,0,0,0,0
afdaa8eb93c62bb2e49a82141a8953cb22285e64,1557615848,1,1,1,0,37,35,1,7,0,662,17,106,92.61,99,FALSE,0,0,0,0,0
b5a03779c28e959b1a5d94b180e64cd0977fdf85,1557615481,1,1,1,0,39,28,0,7,0.01,651,16,105,91.61,98,TRUE,0,0,0,0,0
bbb7d402a9f565e0d46fcf4a2cd7230bb61fbc82,1557614479,1,1,1,0,10,4,0,7,0,645,15,104,90.62,97,TRUE,0,0,0,0,0
a3f46652e980ec724e48624499bae717dc8416e2,1557614235,1,3,4,0.381281,83,17,0,12,56.74,443,11.75,103,89.62,96,TRUE,0,0,0,0,0
348866848b8ca5918b58a2a36da09fba6ab60741,1557605712,1,2,1,0,8,1,0,1,5.01,58,14,102,88.64,95,FALSE,0,0,0,0,0
e16a5fb5b01b27dae92d460c22e6b160ee76f4b2,1557602764,2,3,2,0.57938,6,6,0,1,4.96,68,9,101,87.65,57.5,FALSE,0,0,0,0,0
4b4953e4d67ae5e6bd94c7517b5382288115dd4f,1557594030,1,5,4,0.382568,15,8,1,3,6.41,159,1.25,148,90.92,56,FALSE,0,0,0,1,1
92f6cdcc62c07f9e991acefd35cd38526fe282ad,1557562251,1,1,1,0,2,3,1,7,2.54,134,10,147,89.98,55,FALSE,0,0,0,0,0
40a8062f2f96b9a07dad45dd390f90ddfd2a7451,1557561967,0,0,0,0,0,0,0,0,0,0,0,146,88.98,0,FALSE,0,0,0,0,0
e7d431cc50c4ac89d51202df916c7b909befd8f4,1557556975,1,30,0,0,0,0,0,0,0,0,0,47,46.75,44,FALSE,0,0,0,0,0
fcf999d9c097db6597acb74397e848d102d3d724,1557556975,1,30,0,0,0,0,0,0,0,0,0,48,47.75,45,FALSE,0,0,0,0,0
6ac1827a73517db230ef0239958c0b93384d2d48,1557532587,1,5,9,0.121505,722,41,0,5,9.25,126,7,64,52.76,32,FALSE,0,0,0,0,0
a306d55c6735472bbc3bfd527f346cd7e6fbc64b,1557530037,1,1,0,0,0,0,0,0,0,0,0,45,44.79,42,FALSE,0,0,0,0,0
66f4ee38211006b656d894655383567ff496151e,1557530037,1,1,0,0,0,0,0,0,0,0,0,46,45.79,43,FALSE,0,0,0,0,0
aa40cadd2521e37284bd0539025ef568b9e9ae16,1557523182,1,4,5,0.216774,35,31,0,10,25.64,153,12.4,100,86.84,93,FALSE,0,0,0,6,0
5f38cd9fccc41873b9569817ed222852730524ed,1557522942,0,0,0,0,0,0,0,0,0,0,0,99,85.84,0,FALSE,0,0,0,0,0
12d21cacf2376c1c6a9c6c9f91756304f3b84c3e,1557522572,1,1,0,0,0,0,0,0,0,0,0,98,84.84,92,FALSE,0,0,0,0,0
4f5fa1c2cfedc115fbd1327c7d368282953c718b,1557518544,1,5,6,0.410743,18,21,0,6,3.43,152.67,11,44,43.81,41,TRUE,0,0,0,0,5
24146c0830534fa18c8bc3c685eee2ee961cfa81,1557518496,1,3,3,0.351395,39,10,1,6,3.29,233.67,18.33,43,42.81,40,FALSE,0,0,0,0,0
0041af2ec5c0ef6fd479fb7f4652d0c774a897ea,1557514260,1,1,1,0,14,7,1,10,2.9,296,23,42,41.82,39,FALSE,0,0,0,0,0
4a61f92333fcf13dd466ea3cb676371adf335be8,1557511257,1,1,1,0,47,47,0,5,-0.08,185,46,41,40.82,38,TRUE,0,0,0,0,0
0961c3b56779f8b15b5c0ced0e77915fd0b30da2,1557482677,1,3,3,0.777293,10,2,1,20,72.79,305,18.67,97,83.94,91,FALSE,0,0,0,0,0
0ee4b94246250275945ec8d003408b0e2c6e165c,1557470222,1,2,1,0,11,1,0,1,8.44,7,1,39,38.87,36,FALSE,0,0,0,0,0
62e41cbe72b5db7086310fe05dd3e3bb5b85044f,1557470222,1,2,1,0,11,11,0,1,8.44,14,1,40,39.87,37,FALSE,0,0,0,0,0
4c1d3993b8ae1a36c5a4b83451d4fe5eb1ceec61,1557469227,1,2,3,0.386253,5,13,0,6,60.14,185,20,37,36.87,34,FALSE,0,0,0,0,0
afe2e8a832e38402e31ea7281f91738551a17537,1557469227,1,2,3,0.386253,5,13,0,6,60.14,185.67,20,38,37.87,35,FALSE,0,0,0,0,0
66455282de26097c8a803c4641861c8619aaa87a,1557468857,1,1,3,0.372503,14,8,0,6,0.33,187.33,21.33,36,35.87,33,FALSE,0,0,0,0,0
31dbf81731373c73e1e750b2673b1e840dcef7f0,1557468857,1,1,3,0.372503,14,8,0,6,0.33,187,21.33,35,34.87,32,FALSE,0,0,0,0,0
1199eae8c9e9a0341806e0d335113739662ec0d1,1557463065,1,1,1,0,8,0,0,5,1.29,176,26,34,33.88,31,FALSE,0,0,0,1,0
13a03d7b6b4b97f08b6aed9525c7b995583f38cf,1557463065,1,1,1,0,8,0,0,5,1.29,176,26,33,32.88,30,FALSE,0,0,0,0,0
3afb95fa8c896d43712997fbb9cbe0066c6bc0ff,1557458699,1,2,2,0.734496,4,16,0,5,6.16,158,6,32,31.88,29,FALSE,0,0,0,0,0
d53e5e244d33b13c2c2d1d91800b340cab70e637,1557458699,1,2,2,0.734496,4,16,0,5,6.16,158,6,31,30.88,28,FALSE,0,0,0,0,0
f6b73cd8a1433d91a60ec7fbda2e892f71c89a4a,1557456941,2,3,1,0,8,0,0,3,0.98,68,6,30,29.89,14.5,FALSE,0,0,0,0,0
e24709e1697a0dd3df8a3b107e884c822767e76b,1557439327,1,5,6,0.118828,187,214,0,21,5.53,174,9.5,28,27.9,25,FALSE,0,0,0,0,0
80960c53685597b89d98a8cf19ecf0ede3f285e2,1557439327,1,5,6,0.118828,187,214,0,21,5.53,203.5,9.5,29,28.9,26,FALSE,0,0,0,2,1
dae63f124052c99ff9d35cd14277bed91eb6d9f5,1557436725,3,4,4,0.846126,31,25,0,2,171.66,29,0.75,26,25.91,8.66667,FALSE,0,0,0,0,0
18d40cc4d2820227fad3f02cc9fb00a92a999256,1557436725,3,4,4,0.846126,31,25,0,2,171.66,67.25,0.75,27,26.91,9.66667,FALSE,0,0,0,0,0
ee0acf2a384c39ff8d04bcb66c8acd60a79edf22,1557430202,2,2,0,0,0,0,0,0,0,0,0,96,83.06,55,FALSE,0,0,0,0,0
3decd1afd489c120e3b1dfc8644d075118972deb,1557373673,1,1,1,0,20,12,0,4,0.26,342,29,24,23.96,21,FALSE,0,0,0,0,0
7226305811ab30df7d27beea967966d60fbd785d,1557373673,1,1,1,0,20,12,0,4,0.26,342,29,25,24.96,22,TRUE,0,0,0,0,8
31d707c274267afd98fe2e01ce0176d258f7bed4,1557372533,1,1,1,0,3,5,0,4,0.39,261,12,22,21.96,19,FALSE,0,0,0,0,0
9723a25a1bad15f7d4d209942e48c046f268370b,1557372533,1,1,1,0,3,5,0,4,0.39,261,12,23,22.96,20,FALSE,0,0,0,1,0
d00323c47ed3c784c0199587dbb03bbd278ea63b,1557372430,1,1,1,0,5,7,0,3,0.33,70,5,21,20.96,18,FALSE,0,0,0,0,0
c87bf19ac67fcf796f26ea4ae32fdfd3fd0ff5a3,1557372430,1,1,1,0,5,7,0,3,0.33,70,5,20,19.96,17,FALSE,0,0,0,0,0
a28552dee5ebb731091e051ad7ea4dc57f5bcc31,1557367435,1,1,1,0,1,1,0,6,0.33,322,39,19,18.96,16,FALSE,0,0,0,0,0
21cba94f6175647877507a1e280a5acfaf96f639,1557367435,1,1,1,0,1,1,0,6,0.33,322,39,18,17.96,15,FALSE,0,0,0,0,0
7ddb8387b4caff3491bd174dc55f6faacbf120d3,1557360529,1,3,4,0.425261,35,6,1,7,0.26,452,7.25,857,405.27,323,FALSE,0,0,0,1,0
4e3e7c5254e8fc947610bd1fcc8f907d6999d351,1557351917,1,4,8,0.231455,108,63,0,6,0.25,193.75,10,17,16.97,14,FALSE,0,0,0,0,2
be12ed6fbc084ab41b729724e378504537972a9b,1557351917,1,4,8,0.231455,108,63,0,6,0.25,193,9.88,16,15.97,13,FALSE,0,0,0,0,0
766e22a4e1fd2dbe7f5b25ea37111d77986f0d95,1557350975,1,6,15,0.318508,316,99,0,6,8.76,184,5.8,14,13.97,11,FALSE,0,0,0,0,0
def0a47c78812637032e0a5eb71eb4eb8350a384,1557350975,1,6,15,0.318508,316,99,0,6,8.74,184.33,5.87,15,14.97,12,TRUE,0,0,0,2,2
afeec7f3f17cdf306882f31203253e99b913f459,1557344092,2,2,1,0,2,1,0,2,0.94,69,4,13,12.97,6,FALSE,0,0,0,0,0
0788e89e7aca4bfac8b8ace30192dca9e61e97b7,1557343406,0,0,0,0,0,0,0,0,0,0,0,145,88.37,0,FALSE,0,0,0,0,0
84b308511f87d4b69da62bcd352f0ff2f7bd4f1b,1557342874,1,5,6,0.312147,47,2,0,25,103.45,312.5,16.33,856,404.39,322,TRUE,0,0,0,0,0
0bcf5f0f5337390743581811c4da6ec956519367,1557342670,1,1,1,0,2,1,0,7,0.03,133,9,144,87.37,54,TRUE,0,0,0,0,0
26b9ee2750c0b294859c37f24f44795588ec7076,1557339867,1,3,5,0.335503,55,1,0,47,30.38,248,38.8,143,86.38,53,TRUE,0,0,0,0,0
b96d50c4311ed7bec2859150233991648068044d,1557339251,1,19,33,0.716999,71,58,0,34,17.62,210.58,6.88,12,11.98,9,FALSE,0,0,0,0,0
36eab8c8393b60454eb7cc0a6d4406e5348e2d1b,1557339234,2,3,0,0,0,0,0,0,0,0,0,11,10.98,4.5,FALSE,0,0,0,0,0
a50ddd5ee18bbf2a70033fb118e6ec3a93a4ed97,1557289363,1,3,3,0.311183,9,0,0,7,50.46,598.33,9,95,82.38,89,FALSE,0,0,0,1,0
f3990f39429c202bbe70dc8d681f67cf272b1a85,1557278754,1,3,4,0.445106,25,0,0,7,15.75,443.25,6.5,855,403.8,321,FALSE,0,0,0,0,0
b265705b481856d01d309a0d39a5272cec3e6e15,1557272559,1,6,7,0.687823,13,6,0,7,28.47,104.86,2.57,10,10,7,FALSE,0,0,0,6,6
64d5c041a785e23e28d72fdc428c0cf7416d2361,1557272054,1,4,7,0.794987,13,6,0,5,16.69,175.86,8.71,9,9,6,FALSE,0,0,0,0,0
aed16af75ff6432a61ecb3eafc409fa26f6f57d8,1557272043,1,1,1,0,10,1,0,2,20.56,55,14,8,8,5,FALSE,0,0,0,0,0
a727b6d1d21b3245b1b981f36caa4055435cb94c,1557272022,1,1,0,0,0,0,0,0,0,0,0,7,7,0,FALSE,0,0,0,0,0
2a5efe386e108ef82fb2073872558bc2ce239734,1557269833,1,1,0,0,0,0,0,0,0,0,0,6,6,4,FALSE,0,0,0,0,0
f746c96053ae5abfdd24a4acbb64b7a7f9193ba1,1557269819,1,1,0,0,0,0,0,0,0,0,0,5,5,3,FALSE,0,0,0,0,0
850f8e0e3b7cca96326f5ff1f01732c1bce8b6e6,1557269728,1,10,11,0.75,13,11,0,4,38.05,125.36,2.64,4,4,2,FALSE,0,0,0,8,2
9b4dc1e078928c912db7b1f407f2b01f04f22cae,1557269681,1,1,1,0,20,0,0,0,0,0,0,3,3,1,FALSE,0,0,0,0,0
897cb1c0d4751f776d9ebc4823c46925bb4279a3,1557266805,2,11,5,0.31342,39,34,1,42,117.61,484.8,34.2,142,85.5,47.5,FALSE,0,0,0,2,0
7b3d91c855c28417fa47f3f14d58faf0f84591bc,1557266429,0,0,0,0,0,0,0,0,0,0,0,198,177.86,0,FALSE,0,0,0,0,0
6fa4c5df8ed88f77c8926309ba83c5f71b6dbb40,1557263287,1,4,6,0.270093,51,28,0,41,5.58,487.83,26.33,2,2,0,FALSE,0,0,0,1,2
aa62b6baefe7b17fe6cd7175c5ca43def72e6a86,1557260200,0,0,0,0,0,0,0,0,0,0,0,1,1,0,FALSE,0,0,0,0,0
9f1a0ccec64cc2e5c030185a5ef0de6ebd8417c5,1557260136,0,0,0,0,0,0,0,0,0,0,0,0,0,0,FALSE,0,0,0,0,0
4100b9e7bd9cae5ffcd35ec0868988c20db779a3,1557204111,1,3,4,0.357531,41,15,0,7,30.33,325.75,6,854,403.28,320,TRUE,0,0,0,1,0
f36ddc661bae15d553a802584530e7dc7e24ba66,1557176043,1,6,19,0.325984,382,265,1,12,23.52,231,4.95,63,52.27,31,FALSE,0,0,0,0,0
ba80de15ccf83d07dfd10bf23808ff15568587ef,1557175328,2,5,3,0.229669,10,52,0,1,0.03,240,15.33,94,81.65,53.5,FALSE,0,0,1,1,0
ecb320f0f6104e846c38fdab9358bcd4c2869b78,1557172940,2,5,5,0.304236,53,9,0,1,1.43,150,9.8,93,80.65,52.5,FALSE,0,0,1,5,0
941c9b0753faec7870d040362d6be95e671c6f56,1557160815,2,3,1,0,1,1,0,1,1.16,57,12,92,79.68,51.5,FALSE,0,0,0,0,0
fa45307aea10561a74d3d82b229b0528d8e15f83,1557159049,1,2,4,0.196975,31,32,0,1,1.74,139,9,91,78.68,85,FALSE,0,0,0,4,0
05aebe5833e856d405caf16d2f44ce9b00e88359,1557157697,1,4,3,0.304255,33,37,0,1,18.27,46,6.33,90,77.69,84,FALSE,0,0,0,2,2
aa462f6a02d223a50d77fd48f9491eac5eaf4a58,1557100824,2,16,25,0.413463,423,218,0,34,14.8,199.12,7.32,197,177.7,99,TRUE,0,0,0,15,18
492cfba02d698a10a43b5670e89b9eb53d431f4a,1557076054,1,1,1,0,5,0,0,1,3.83,98,13,89,76.86,83,FALSE,0,0,0,0,0
fc8e06c2b1e8a35a94cbcc10596e3ab670f4e043,1557061337,1,1,2,0.47756,27,8,0,1,0.41,279.5,19.5,88,75.89,82,FALSE,0,0,0,0,0
8275486e48dd7ad43628ec19969c8cb6f1fb6ef9,1557060478,1,3,2,0.734496,4,1,0,1,0.78,153,12.5,87,74.9,81,FALSE,0,0,1,0,0
eade087d604849058d1d32f8d0f5e8b4d44b0ab7,1556994068,1,2,1,0,10,2,0,1,0.03,242,20,86,74.03,80,FALSE,0,0,0,0,0
22a3740b1b7fae6c13af83ef408502337b2f25ed,1556991841,1,3,5,0.3526,15,6,0,1,0.58,106.8,6.2,85,73.04,79,FALSE,0,0,0,0,0
6685e6f90f61bbe0a6a2d84abe2933cec4c710ce,1556990709,1,3,6,0.256981,49,27,0,1,9.37,140,6.67,84,72.04,78,FALSE,0,0,3,5,0
27f163e283cc24c16cd47b167200d4bc1b3012aa,1556970411,1,2,2,0.210758,6,8,0,1,0.01,197.5,15,83,71.08,77,FALSE,0,0,0,0,0
693a2826fce0e37dbaef942633b94e34efebd52a,1556969116,1,4,4,0.18458,103,40,0,1,11.82,102.25,9,82,70.08,76,FALSE,0,0,2,9,0
7abc105c6fd90cf91f0c0e2e83a5f4f054c08fa1,1556960960,1,2,1,0,5,1,0,1,2.48,51,7,81,69.1,75,FALSE,0,0,0,0,0
34e174033fca1046b22efb1a0f2f0a1e1ee2f0ff,1556835862,2,3,1,0,1,2,1,1,1.03,77,5,80,68.33,45,FALSE,0,0,0,0,0
84e4b143f13e82be3616bb55a90ebd0e735ccac3,1556830053,1,3,17,0.326253,491,568,0,5,35.19,165,5.06,62,51.75,30,TRUE,0,0,0,0,0
dc710609e36f34236eb936d6ba5878c0e49aefaf,1556778316,1,4,4,0.378957,9,12,0,5,8.76,239,15.5,196,178.36,167,FALSE,0,0,0,2,2
089810ba074052c604b2b6c1aee77e34493ac286,1556770745,1,2,3,0.108729,46,17,0,5,0.09,392.33,22.33,195,177.4,166,FALSE,0,0,0,0,0
d9354feba8667745808b9c7366adfbb0852527a8,1556769575,1,2,2,0.110372,38,12,0,5,0.25,415,30.5,194,176.41,165,FALSE,0,0,0,3,6
599381399aaa00f02d6bd93c55ad22ca7d3fa0e6,1556758452,1,1,1,0,2,2,1,13,57.28,114,20,0,0,0,FALSE,0,0,0,0,0
0051d1f6303462eddc5bbd672722a863bdc739f9,1556750060,1,2,3,0.279081,98,66,0,5,0.39,215.33,14.67,193,175.51,164,TRUE,0,0,0,7,7
868d9212e6562a14c9eda169bf2fef294ccde092,1556749125,1,3,5,0.408252,104,36,0,5,5.15,205.4,8.6,192,174.51,163,TRUE,0,0,0,2,5
160a02cd9b7d95b823a6d1cd5d67c3468e5d8f21,1556747076,1,2,5,0.327256,59,68,0,1,0.03,141.6,7,79,67.5,73,TRUE,0,0,7,4,0
11d0b8e5c1512ba3e74dcbc05791db3bb10e9b89,1556746401,1,4,5,0.246856,42,117,0,5,0.89,258.2,13.4,191,173.52,162,FALSE,0,0,0,5,2
5506274d39cf1a33e50b016045013afc979e02c1,1556745302,1,4,3,0.341134,45,40,0,1,0.15,76,4.67,78,66.5,72,FALSE,0,0,0,7,0
17866802432c1845e6d9f28b31d44acb6c84eef5,1556744430,1,3,6,0.336301,80,69,0,1,8,126,5.5,77,65.51,71,FALSE,0,0,12,0,0
81117b45fd5e1f017a4be528a3652bdd089b7c15,1556740700,2,36,32,0.36707,1498,402,1,20,28.14,93.28,3.84,141,85.39,46.5,TRUE,0,0,10,31,6
9e9ee9ae1608b9ad468b70dd4094a592711e0e99,1556708707,1,3,6,0.310603,114,26,0,1,38.05,111,5.17,76,64.57,70,FALSE,0,0,5,8,0
c7e7020b4b00dfb843294911471cd2e643f6d824,1556655760,2,3,1,0,1,1,0,1,38.4,37,4,75,63.66,42,FALSE,0,0,0,0,0
0a06a6d41399b21dc7d18b4f1c813afd89f07848,1556650516,1,5,8,0.38509,86,20,0,5,8.28,160.88,8.25,190,173.01,161,FALSE,0,0,0,0,1
cdcadc4203683adbb83517092439b4ad9cfc619a,1556648872,1,1,0,0,0,0,0,0,0,0,0,189,172.01,29,FALSE,0,0,0,0,0
965fc7b30036e1aa0fd53a1603ea98043e4e1e8a,1556648856,1,4,5,0.300305,113,35,0,5,1.03,254.4,13.2,188,171.01,160,FALSE,0,0,0,3,5
811cd0aac53b249e1df977aecc8b35f7475afb1c,1556514554,1,14,17,0.390645,125,124,0,5,40.36,148.35,4,187,170.68,159,TRUE,0,0,0,3,2
64701e980ce5aa5f3de28df0f4e0a202dc9ae1af,1556322405,1,12,12,0.335338,171,81,0,31,10.05,294.42,12.67,186,170.64,158,FALSE,0,0,0,9,1
b463de11414250a8417072dfa0f555b5f09095ee,1556304563,1,2,2,0.884014,14,10,0,2,1.01,190.5,4.5,185,169.73,157,FALSE,0,0,0,2,0
4b6e1ed3e2e2590f94013a12ad4eabda6e50e297,1556217118,1,5,6,0.583658,57,58,0,4,6.26,226,9,184,169.16,156,FALSE,0,0,0,6,0
1b5e2b8557e30771f7761a1e40f4396917e27e65,1556213014,1,2,2,0.321205,99,8,0,1,14.36,149,1.5,183,168.18,155,FALSE,0,0,0,1,0
7615ec5a77c0654f2e8227579edddf3a694a1d6a,1556126329,0,0,0,0,0,0,0,0,0,0,0,61,51.75,0,FALSE,0,0,0,0,0
d9926facefa3ef22704f066cfebd36192be5b2f2,1556053504,1,11,13,0.231952,487,208,0,23,35.4,143.54,8.46,182,167.97,154,TRUE,0,0,0,18,1
1015acc554435c57a0ae2b1643f4f7e36f5ba31e,1556053504,1,11,13,0.231952,487,208,0,23,35.4,124,8.46,181,166.97,153,FALSE,0,0,0,0,0
7193f51213883f79f4aa7de6d566386b1262f54e,1556046785,1,2,5,0.466055,51,0,0,0,0,0,0,180,166,152,FALSE,0,0,0,0,0
2e40b89de5cd9a23d8e3b895a0b71a344e284a38,1556046785,1,2,5,0.466055,51,0,0,0,0,0,0,179,165,151,FALSE,0,0,0,0,0
68c6fc12228b787b32627a3dfe54afddc291b8f3,1556046776,2,7,3,0.564729,91,0,0,0,0,0,0,178,164,89,FALSE,0,0,0,1,0
1b0a61117391037bf9af07a40582ca2a2d2e54a1,1556046776,2,7,3,0.564729,91,0,0,0,0,0,0,177,163,88,FALSE,0,0,0,0,0
4b1c0a8d6234fa7b191fdb0f632004effa954485,1556039118,1,1,0,0,0,0,1,0,0,0,0,176,162.03,26,FALSE,0,0,0,0,0
ddd5a8e05124677b5466c611d99d7510e10c19a6,1556038556,1,1,2,0.707544,13,5,0,11,3.8,430.5,16.5,175,161.04,148,FALSE,0,0,0,1,2
e91552a40c3317b99cde2f02e901138bdd465aa5,1555991074,1,2,2,0.427141,11,12,0,5,16.23,238,22.5,174,160.26,147,TRUE,0,0,0,2,0
04c10576977cb27670bbbc8ad5395d5d77449588,1555989976,1,1,1,0,1,1,0,1,10.27,68,1,173,159.27,146,FALSE,0,0,0,0,0
4a40f640f6af18726b0002916f5b7eb2d49c40f6,1555989787,1,3,3,0.267877,25,27,0,37,5.25,545.67,57,172,158.27,145,FALSE,0,0,0,2,0
4313f7115e017147c14e65a320f64d1c5a24c6c1,1555989328,0,0,0,0,0,0,0,0,0,0,0,171,157.27,0,FALSE,0,0,0,0,0
6b4d68e803f9ba787d4f45879eed4dc31e51a421,1555985492,1,3,3,0.151246,61,28,0,11,3.83,260.67,14,170,156.29,144,FALSE,0,0,0,2,0
55859886131e83f5408eb11ff29438c57b9b33bb,1555978876,1,3,3,0.801516,25,13,0,4,8.55,244.67,17.33,169,155.32,143,FALSE,0,0,0,0,2
d6b8a2eee60382d3567b16e77af978baa9c8c711,1555976018,2,3,2,0.0429686,120,0,0,5,8.55,84.5,19,168,154.33,83.5,TRUE,0,0,0,8,1
5689a54cde0bf2e6a8c9fa3837812b78b570fe9f,1555970317,1,1,2,0.216624,32,9,0,3,16.53,60,11.5,167,153.36,141,FALSE,0,0,0,0,0
57d0f446edf0befcf3ae09f1d77e86117d159179,1555966374,1,3,4,0.787279,11,11,0,4,7.28,226.25,13.25,166,152.37,140,FALSE,0,0,0,0,0
d83bc31b0202702612263d9a9b55152f4f7b7333,1555965271,1,1,0,0,0,0,1,0,0,0,0,165,151.38,24,FALSE,0,0,0,0,0
8e0732189dc53f9dcab2a529bf916810c09e8339,1555959247,1,1,1,0,3,3,0,1,5.94,174,2,164,150.41,139,FALSE,0,0,0,0,0
169a9d9dfae9cfa9dcea79cddb85adac73518ea6,1555536349,1,6,6,0.455021,33,32,0,37,30.82,332.67,33.67,163,151.28,138,FALSE,0,0,0,2,0
6bfffd4a10ad8fa3313f2f38d7be942d3af53793,1555535934,2,3,2,1,2,2,0,8,143.4,104.5,8.5,162,150.28,80,FALSE,0,0,0,0,0
6e0dd4e7d806c3d7498cf511c394c5b4673c1f23,1555535823,1,8,0,0,0,0,0,0,0,0,0,161,149.28,136,FALSE,0,0,0,0,0
480ac91d341e51013a06d5fd2d8a18644f220ace,1555535794,2,16,0,0,0,0,0,0,0,0,0,160,148.28,78.5,FALSE,0,0,0,0,0
93b0950508f2b735616f350b3772a83d1a1ce1ec,1555495528,2,3,1,0,4,2,0,2,0.69,53,13,159,147.46,77.5,FALSE,0,0,0,0,0
3f882c0eb773d4598ed4064c93e6920077eddc15,1555453905,0,0,0,0,0,0,0,0,0,0,0,158,146.64,0,TRUE,0,0,0,0,0
ce30eff746dc57664ae3e70b586235f789b1071b,1555445863,1,4,6,0.4331,125,117,0,4,10.97,182.83,7.83,157,145.67,133,TRUE,0,0,0,10,0
8e9aae451315de87fc78ecd4c15596254115591b,1555437065,0,0,0,0,0,0,0,0,0,0,0,60,51.74,0,FALSE,0,0,0,0,0
2a3e225ba68310e7fbbb9787b2987f185b4309b0,1555436054,1,1,1,0,4,1,0,2,16.48,50,12,156,144.72,132,FALSE,0,0,0,0,0
f961218fd67a0873fa1619b5971d188e5503e455,1555434814,1,1,0,0,0,0,0,0,0,0,0,155,143.72,20,FALSE,0,0,0,0,0
2326ae4e989d590ba236b2891db1725bbf8c29e6,1555434219,1,1,1,0,2,3,0,3,27.6,306,9,154,142.72,131,FALSE,0,0,0,0,0
2b26cf5f952ffca42f7d6e0e3cd83585f750f822,1555434199,2,6,0,0,0,0,0,0,0,0,0,153,141.72,74.5,FALSE,0,0,0,0,0
868de5eea7bf245238ca21515a49b7f6a39cb120,1555102268,1,5,3,0.157821,253,2,0,1,5.65,15.67,0.33,152,142.12,129,FALSE,0,0,0,9,9
b6c4e4bba2f79ed40b28170d97d171364d1aa28f,1555074721,1,15,0,0,0,0,0,0,0,0,0,151,141.24,128,FALSE,0,0,0,0,0
91e1a288a001ebf707fce436c12c60918cacbb7c,1555006275,1,11,10,0.362537,185,92,0,12,14.42,158.3,7.7,150,140.52,127,TRUE,0,0,0,10,0
7a624a4673ae977191d438eb6840121fcb247c1f,1554971643,1,2,2,1,2,2,0,1,11.26,80,1,139,86.46,49,FALSE,0,0,0,0,0
e478286860f1a54d81366f619510c4f075bbddd2,1554971643,1,2,2,1,2,2,0,1,11.26,80.5,1,140,87.46,50,FALSE,0,0,0,0,0
897b2c8fc5ee33b4f4b18cd1fdee167933baf4c6,1554930400,0,0,0,0,0,0,0,0,0,0,0,59,51.48,0,FALSE,0,0,0,0,0
88a683820bf4a7975bb8bd28e7fa6e089794657c,1554847372,1,5,3,0,1,1,0,1,9.75,71.33,1.33,138,85.68,48,FALSE,0,4,0,24,2
4d51fa3604860bb36c7d5eb5ff9e02cf5ba966af,1554790204,2,5,2,0.0474399,54,28,0,2,13.42,69,8.5,853,418.35,257,FALSE,0,0,0,0,0
a5535d9697352e7f78f7af1dcc66008248d4c13c,1554765276,1,4,6,0.38058,96,45,0,5,12.73,278.17,9,149,140.54,126,TRUE,0,0,0,5,0
2ebb23a9a9e3daf0100c7244c3e8847f5b2b113c,1554759448,1,4,8,0.334603,62,23,0,5,34.55,248.75,7,148,139.56,125,FALSE,0,0,0,0,0
4862b555ea06acc997730d88fbccb0d03da40b43,1554756932,1,3,4,0.0872875,129,66,0,5,-8.24,243.75,16.5,147,138.57,124,FALSE,0,0,0,10,1
5ee205e0b2166db7ccc909ef48c97504b7461ab8,1554627466,3,4,0,0,0,0,0,0,0,0,0,146,138.11,50.6667,FALSE,0,0,0,0,0
eeafe92088eb660125febb9690e8988d845c379b,1554586041,0,0,0,0,0,0,0,0,0,0,0,145,137.28,0,FALSE,0,0,0,0,0
1aac0a37e1ea7b100f9564d8f128870007076496,1554498313,2,10,21,0.386395,762,565,0,5,17.98,122,3.43,144,136.65,69.5,TRUE,0,0,0,37,2
3de724693979208bfcae18fcd8b14bf39d101f59,1554422527,0,0,0,0,0,0,0,0,0,0,0,58,51.22,0,FALSE,0,0,0,0,0
5031fc69fccaadd97309e960e616145e261d4f90,1554415047,1,3,2,1,2,2,0,3,50.19,55.5,2,57,50.23,29,FALSE,0,0,0,0,0
63f70e1b4f195513cad8f6ee7c737e00b3d973f7,1554402425,0,0,0,0,0,0,0,0,0,0,0,143,136.04,0,FALSE,0,0,0,0,0
504b240ef794e44f1958f36eaca0ed8dfbb01a46,1554400947,0,0,0,0,0,0,0,0,0,0,0,56,49.25,0,FALSE,0,0,0,0,0
af8691d6d39ea9df90fdcbacd4507e8bb873a232,1554400026,1,5,0,0,0,0,0,0,0,0,0,55,48.25,28,FALSE,0,0,0,0,0
a962156606ef61650dc7a18767fc6eed63d43e09,1554399310,1,1,4,0.746282,18,49,0,3,110.51,12.25,1.25,54,47.25,27,FALSE,0,0,0,0,0
b786112a7d82b726803d9750150bf45d71e72f01,1554320132,1,5,7,0.458746,124,49,0,12,11.4,159.86,6.86,142,135.38,121,FALSE,0,0,0,8,2
eb57a328ec0770268cc9d11dca4c8a38fc9cd617,1554238685,0,0,0,0,0,0,0,0,0,0,0,53,46.47,0,FALSE,0,0,0,0,0
eb8f64ac57b9e74968da39990418c9a25827d1bf,1554237936,0,0,0,0,0,0,0,0,0,0,0,52,45.47,0,FALSE,0,0,0,0,0
be7637f31cde3a8cac5eb190ad7e128a8ce7260d,1554016366,1,1,1,0,13,4,0,1,0.05,95,2,141,135.64,120,FALSE,0,0,0,0,0
052b526af3cacb06ad6fb198735c7889fe87830e,1554012349,1,4,4,0.277528,10,10,0,2,0.31,52,2.75,140,134.65,119,FALSE,0,4,0,0,0
1f1cf60a84c12df8ff5236e42a804778fcb92bfc,1553985361,2,7,6,0.243261,365,1,0,2,0.01,8.67,1.67,139,133.76,67,FALSE,0,5,0,12,1
a461179328d57732e95a3cccf17230cdf1e2a7e3,1553983560,1,2,2,0.805983,5,2,0,2,4.08,24.5,4.5,138,132.77,117,FALSE,0,0,0,0,0
62643241b7a286af2f1d37f98bf8cbbfeda7f1d3,1553835519,1,2,1,0,73,0,0,0,0,0,0,137,132.37,116,FALSE,0,0,0,2,2
fbe0b394375e67191436ce50a85ff9ba8707aca2,1553835485,1,2,1,0,0,23,0,4,15.27,23,6,136,131.37,115,FALSE,0,0,0,0,0
9708cf6ff5f0e78ddec95947e93869a3534e3eb6,1553811563,1,2,8,0.48722,42,28,1,7,1.63,217,9.75,51,45.02,26,FALSE,0,0,0,0,0
ee732e50095f13f603fbc47a5881b0394f72332f,1553795496,2,4,2,0.236296,19,0,0,35,11.25,478,38.5,74,68.03,41,FALSE,0,0,0,0,0
42573db49c2fd55875670197d89e2ef717d4e9c4,1553793021,1,3,6,0.570328,22,16,1,5,6.27,227,9.83,50,44.04,25,FALSE,0,0,0,0,0
1f73188937073434a836da130274417872dff210,1553729276,1,7,14,0.25033,59,1196,0,5,3.48,197,4.79,49,43.12,24,FALSE,0,0,0,0,0
7a1a5e7f650c470bee317c1cb57e695591a5b0c9,1553642074,1,2,8,0.323593,295,85,0,4,3.94,32.88,1.5,135,131.16,114,FALSE,0,0,0,6,2
bbe456726fb13eb7cbb6846e9a9bd091fc6d806f,1553641388,2,7,5,0.210864,84,161,0,3,34.23,87,3,134,130.16,64,FALSE,0,0,0,8,6
62e416c6005ae313e07c26b1810453c1ee279c0b,1553641130,1,2,2,0.87387,3,8,0,1,151.37,5,0.5,133,129.16,112,FALSE,0,0,0,0,0
69f1b6fbd50d5c08ca0565c2930f4ab973093362,1553641069,1,1,0,0,0,0,0,0,0,0,0,132,128.16,10,FALSE,0,0,0,0,0
18a916e886f4c83f3ec315a7d7d3f04e5ed69381,1553640786,1,2,5,0.331944,109,28,0,5,3.8,195,11.6,48,42.23,23,TRUE,0,0,0,0,0
e682dd52d247b62efaae3ea37430026e9c52211a,1553638863,0,0,0,0,0,0,0,0,0,0,0,131,127.17,0,FALSE,0,0,0,0,0
e24c88f222f9b6e00bff68b9a3973d83e91b005f,1553637639,1,2,2,0.95312,64,27,0,1,0.1,59,3.5,130,126.17,111,FALSE,0,0,0,0,0
636bb50baeae15730c3b91cd3b58b457c31f7200,1553636712,1,1,0,0,0,0,0,0,0,0,0,73,67.35,13,FALSE,0,0,0,0,0
73c7befbdc2216da5304fc52665fb3cf1b328212,1553620588,1,3,6,0.420891,237,37,0,2,1.06,30.5,1.5,129,125.24,110,TRUE,0,0,0,3,3
67e80df4f0a193ad53fdd938ab49ef26f8661a41,1553620533,1,1,1,0,2,15,0,2,6.34,35,5,128,124.24,109,FALSE,0,0,0,1,1
1a0bdff3af6e4f0e5ff2f5f5f0cb40ee51bb4668,1553620438,1,1,1,0,1,1,0,1,3.97,118,6,127,123.24,108,FALSE,0,0,0,0,0
c942d0650e9044e6655500bc28fe041154c94e8b,1553619010,1,7,11,0.287981,294,137,0,7,6.92,136,6,47,41.26,22,TRUE,0,0,0,0,0
20e2f6478d19474a3399df13a2c205d877de9142,1553562221,2,2,0,0,0,0,0,0,0,0,0,126,122.46,60.5,FALSE,0,0,0,0,0
49ce80b06a86d31750b8b81048e2af06d35dd1ee,1553562205,1,1,0,0,0,0,0,0,0,0,0,125,121.46,106,FALSE,0,0,0,0,0
2c3aa3a21228210f445f02804398d9318db2c4b4,1553536672,0,0,0,0,0,0,0,0,0,0,0,46,40.35,0,FALSE,0,0,0,0,0
80690d254d4c2f310370c88569fd5f3b61cf7849,1553337700,1,4,2,0.251463,6,6,0,1,6.19,29,5.5,72,66.95,67,FALSE,0,0,0,0,0
121bb4854f4d09406c82233b0ed53bc56e0f6a70,1553309055,1,1,0,0,0,0,0,0,0,0,0,0,0,0,FALSE,0,0,0,0,0
49707abc360f78f105738c2dbee864c582da8e25,1553277688,1,1,0,0,0,0,0,0,0,0,0,124,121.54,105,FALSE,0,0,0,0,0
ced5eb3cef5dface47bac2fae3b4238a200f86d4,1553277676,1,1,1,0,6,4,0,2,0.01,47,8,123,120.54,104,FALSE,0,0,0,0,0
2c9f94449b486ffca5a276ce6a9185f846417ae2,1553277628,1,1,2,0.57938,2,1,1,3,76.95,46.5,1.5,122,119.54,103,FALSE,0,0,0,0,0
591c5d1aff25f88b5e630a423e82e4caa0c3afe7,1553277599,1,1,0,0,0,0,0,0,0,0,0,121,118.54,102,FALSE,0,0,0,0,0
222a3d89df7f46c7d4164c90dd521c71ebe329a7,1553277567,1,1,1,0,1,1,1,31,2.64,793,145,120,117.54,101,FALSE,0,0,0,0,0
c09ee2f82cc368d59747257eb7841372cccfcc99,1553277088,1,1,1,0,9,9,0,1,2.36,118,5,119,116.54,100,FALSE,0,0,0,0,2
f50a9c54dda26531d93f441cbe7f834a459885e9,1553276702,0,0,0,0,0,0,0,0,0,0,0,118,115.54,0,FALSE,0,0,0,0,0
1df4646a2f0b5b50dad9c76ee5646331d918786d,1553276512,1,3,1,0,7,2,0,2,0.92,42,7,117,114.54,99,FALSE,0,0,0,0,0
1418a8b21e4904077bd959a9c0664ff172dd9383,1553275600,0,0,0,0,0,0,0,0,0,0,0,45,39.65,0,FALSE,0,0,0,0,0
526745135c055baaa582861686bbe2cb868e976d,1553274187,0,0,0,0,0,0,0,0,0,0,0,116,113.55,0,FALSE,0,0,0,0,0
9c97066c8559511520c51c079a9e4ef82ecefc2f,1553210481,1,1,2,0.35218,0,45,0,2,31.17,22.5,1.5,115,112.77,98,FALSE,0,0,0,3,3
7c42a774fd122e7a0f1e96a71fe8fdf323d7b7e0,1553210465,1,1,1,0,36,16,0,2,54.1,92,2,114,111.77,97,FALSE,0,0,0,0,2
2b5048643be02757643ae6e1739a21d822163ce2,1553210438,1,4,8,0.74044,48,29,0,3,46.86,38.38,1.38,113,110.77,96,FALSE,0,0,0,0,0
bc89794b3054370c010294131edab8712e4fe53a,1553210282,1,1,0,0,0,0,0,0,0,0,0,112,109.77,9,FALSE,0,0,0,0,0
2c0b22cc2657f5be03c94933a97b70d622a8e5e3,1553202505,1,1,1,0,10,0,0,0,0,0,0,111,108.8,8,FALSE,0,0,0,0,0
99a117802375eeff516a89b7f3629d4ed396631c,1553197047,1,18,1,0,11,1,0,2,3.05,1,6,109,106.82,94,FALSE,0,0,0,0,0
87a6a3aeaa29576d42804b2e46d34173a3302e6f,1553197047,1,18,1,0,11,1,0,2,3.05,32,6,110,107.82,95,FALSE,0,0,0,0,0
86447fe2b7dcc4b0ccece9bba503ba7ae9d0bd81,1553195577,2,23,2,1,5,0,0,2,7.97,0,1.5,108,105.82,53,FALSE,0,0,0,0,0
642522b8c826982f7bdc0d5388d29796d7f45277,1553194926,2,15,1,0,0,0,0,1,146.94,0,1,107,104.83,52,FALSE,0,0,0,0,0
add465851177a54aaa5f039ee25a9bbadbdca370,1553194750,1,4,12,0.523755,49,43,0,5,2.07,194,5.25,44,38.74,21,TRUE,0,0,0,0,0
8128d138a689ec2a03c3204a0aebceace1393442,1553193732,1,1,0,0,0,0,1,0,0,0,0,852,428.71,194,FALSE,0,0,0,0,0
1185272813ee6a987074c35803722d507f8fd8b6,1553193207,1,1,0,0,0,0,0,0,0,0,0,71,66.23,66,FALSE,0,0,0,0,0
6ea7a8ab5904bb0ac76def24b4c23d7a12bfac62,1553192856,1,1,0,0,0,0,0,0,0,0,0,106,103.83,91,FALSE,0,0,0,0,0
d9b1f352dd946286070ca99c873dafc9c7c54213,1553192080,2,2,1,0,3,3,0,2,1.48,54,3,105,102.84,48.5,FALSE,0,0,0,0,0
b010edd69a93b4af8bdc459690bac6d8aea60810,1553186133,1,8,6,0.572151,23,12,0,11,0.47,40.67,6.17,104,101.86,89,FALSE,0,0,0,0,0
5603c3922b462119bd39de2fe64fbad1ac5040c7,1553186133,1,8,6,0.572151,23,12,0,11,0.47,22,6.17,103,100.86,88,FALSE,0,0,0,0,0
9487e7093c0c7e960cd47810274c806e3e231d4b,1553129646,0,0,0,0,0,0,0,0,0,0,0,102,100.03,0,FALSE,0,0,0,0,0
a6cf7e4b7cfe980d2ebdc74f632b87375c90196a,1553128555,1,1,1,0,1,0,0,2,0.11,23,3,101,99.04,87,FALSE,0,0,0,0,0
3537013fe2898eb23ce7e511f444e30c24529140,1553128513,1,3,4,0,0,0,0,5,19.18,171,2.5,100,98.04,86,FALSE,0,0,0,0,4
b13fa457615fa94fa392c292f46d22d423538fc2,1553119135,1,1,3,0.412109,12,8,0,5,2.15,196.67,4.67,99,97.06,85,FALSE,0,0,0,0,0
a5f3680cac72c7e67126c4db08f2be0a48a3bdd2,1553118646,1,4,5,0.29957,91,2,0,5,1.22,150.2,3.4,98,96.07,84,FALSE,0,0,0,2,2
14d9f90db08e7a9b4c423cfc5918af785be9153c,1553118632,1,2,1,0,2,29,0,11,0.69,123,32,97,95.07,83,FALSE,0,0,0,0,0
9f79b041d3064803faa44eb88653dee6c33673bb,1553118466,1,11,21,0.301198,1473,88,0,5,8.61,117,3.38,42,36.83,19,TRUE,0,0,0,0,0
d1c52589251638df6522a45bb69ac55bfd34c55d,1553118466,1,10,31,0.353081,1233,358,0,8,-20.22,131,4.23,43,37.83,20,TRUE,0,0,0,0,0
0253674a09f9bc9e2f4443a9331000f812a26f58,1553117137,1,2,2,1,2,2,0,2,19.04,29.5,2.5,96,94.07,82,FALSE,0,0,0,0,0
09c108264244a53b045804263084a8a6b0dcafe5,1553111079,1,2,0,0,0,0,0,0,0,0,0,851,428.31,318,FALSE,0,0,0,0,0
53c09b3cfa3a14bc0dc9875950b31e43d4a9a2e4,1553110959,2,2,0,0,0,0,0,0,0,0,0,850,427.31,255,FALSE,0,0,0,0,0
d234e526b0b03144b31a6d8a614e32caf7ef54cd,1553108268,1,2,1,0,99,0,0,0,0,0,0,95,93.1,81,FALSE,0,0,0,0,0
25918d3949cf622bc12fa48ec8d3bcfe6e3e1950,1553108268,1,2,1,0,99,0,0,0,0,0,0,94,92.1,80,FALSE,0,0,0,0,0
a736a2d33de4a07f8fe8f8d323a6647dc28b6917,1553104042,1,2,1,0,8,17,0,10,-14.08,69,34,93,91.11,79,FALSE,0,0,0,0,0
a82b6bb863939d2eb854a6c3afea22eb849bbdce,1553104042,1,2,1,0,8,17,0,10,-14.08,34,34,92,90.11,78,FALSE,0,0,0,0,0
1cafddc96c6cd7fa267bd7f58488df3058731fba,1553104019,1,2,1,0,85,0,0,0,0,0,0,90,88.11,76,FALSE,0,0,0,0,0
61f7125e3b7283b23c9b30a38742159a50532a2b,1553104019,1,2,1,0,85,0,0,0,0,0,0,91,89.11,77,FALSE,0,0,0,0,0
6a4be7757666031acbc204ac8422f5afd0a8ee42,1553073624,1,1,1,0,2,2,0,2,0.01,183,8,89,87.19,75,FALSE,0,0,0,0,0
75550d467ea1577e0be90862e6bc7d41e4cb87eb,1553073041,1,1,6,0.387063,62,32,0,6,14.72,83.83,2.5,88,86.19,74,FALSE,0,0,0,2,9
dd59da0374c83e11396ce8df8f31ae9990716f99,1553072989,1,1,0,0,0,0,0,0,0,0,0,87,85.19,73,FALSE,0,0,0,0,0
94da032e53bb265f97b67f970e997e16923689c6,1553072966,1,1,1,0,1,1,0,2,-1.59,5,3,86,84.19,72,FALSE,0,0,0,0,0
3f63e3e0e50d3264445d06a7ef09a7d5faba862a,1553072749,1,1,0,0,0,0,0,0,0,0,0,85,83.19,71,FALSE,0,0,0,0,0
ab94fccc839f88997505ca532d8912120d621b0e,1553067742,1,1,0,0,0,0,0,0,0,0,0,84,82.21,6,FALSE,0,0,0,0,0
dbe63125c2fb059d4f22b489a5eff9eafed37c0c,1553067368,1,2,3,0.446597,49,25,0,4,12.44,262.33,13.33,83,81.21,70,FALSE,0,0,0,0,0
5b7c5586c403df206951ace14736e566d80eab5f,1553064532,1,1,1,0,5,1,0,2,0.37,50,2,82,80.22,69,FALSE,0,0,0,0,0
8577443f1214b99c5764afd0b35ba92de8d8a737,1553063327,1,1,1,0,22,0,0,0,0,0,0,81,79.22,2,FALSE,0,0,0,0,0
31446389329e5b7e1919ee98653a0775e2eaf609,1553063235,1,1,1,0,2,2,0,2,0.04,35,4,80,78.22,68,FALSE,0,0,0,0,0
135f23c6cc97a68dab5a253b2a97ccfd225fd117,1553059352,1,6,5,0.182856,65,30,0,12,7.41,144.2,12.8,79,77.23,67,FALSE,0,0,0,0,2
0c3b36159c0ba5fd1880975cc3e88a318f3e49bd,1553057117,1,1,0,0,0,0,0,0,0,0,0,78,76.23,66,FALSE,0,0,0,0,0
12e4363eed8c572ff78c8bd4685d0ffaf0edef10,1553055599,1,2,2,0.0689108,27,108,0,10,5.43,109.5,15,77,75.24,65,FALSE,0,0,0,0,1
8119d8ff8e609cbd078b7fc2aeef45f660969687,1553055583,1,2,1,0,0,0,0,2,5.48,104,3,76,74.24,64,FALSE,0,0,0,0,0
164fbcb895d6cda75b79d5ce491091ae0cd2c534,1553053446,1,1,1,0,14,1,0,1,45.24,15,2,75,73.24,63,FALSE,0,0,0,0,0
a286ee2aa3fe922887eb57ee1d6d15476ba2624b,1553049616,1,1,1,0,15,14,0,3,1.35,305,8,74,72.25,62,FALSE,0,0,0,0,0
ba35687a34d67e348bf39e1442b0005a91d83041,1553049543,1,3,3,0.538653,16,15,0,3,13.1,336,13.67,73,71.25,61,FALSE,0,0,0,0,0
e467f88ea635c50e03b50cd9b5c8e7c4037e820a,1553049459,2,12,13,1,13,13,1,55,5.01,210.54,18.46,72,70.25,35.5,FALSE,0,0,0,0,0
7ef591b92ac7aa82dc6cfbbddd57ae7c4945cb95,1553032675,1,1,1,0,3,1,0,1,36.43,179,5,71,69.29,59,FALSE,0,0,0,0,0
f1249000b6ff612369e0909f906198e5d30e4edd,1553032359,1,1,1,0,17,24,0,1,47.7,57,1,70,68.29,58,FALSE,0,0,0,0,0
562b8403c857be20ea6d63544ed32419f716b4aa,1553032351,2,3,0,0,0,0,0,0,0,0,0,69,67.29,33.5,FALSE,0,0,0,0,0
3431c395cb2b0c3d5649ed513b788cc7bbcdb813,1553030944,0,0,0,0,0,0,0,0,0,0,0,68,66.29,0,TRUE,0,0,0,0,0
ddf5f8587cc576bf04a50cf2fc650af80430aef3,1552979373,1,4,10,0.28717,368,189,0,4,40.07,197.8,3.9,849,427.27,316,FALSE,0,0,0,16,0
d51efd51fe648d14ed49598f949ebc1815ad4275,1552952745,1,7,8,0.485621,58,27,0,5,28.07,198,6.75,67,65.45,56,FALSE,0,0,0,0,0
d422d5a1480dd1f0f3e1b6e98f725170b8ab5c11,1552942653,0,0,0,0,0,0,0,0,0,0,0,66,64.47,0,FALSE,0,0,0,0,0
b7d2ad0bee725ad846d4e145056bb179f74d6002,1552941856,1,3,9,0.424717,155,112,0,6,63.74,76.89,1.44,65,63.47,55,TRUE,0,0,0,4,8
14e7394bc89270979f1bef90ba1f47e3102c057c,1552941825,1,1,0,0,0,0,0,0,0,0,0,64,62.47,5,FALSE,0,0,0,0,0
a3e5a8ffcfdc71a458d7fbcd9beafa0d1673e60c,1552940953,0,0,0,0,0,0,0,0,0,0,0,41,36.01,0,FALSE,0,0,0,0,0
49f24ddf0e2b989bb8b1cb036df926ce051d84b4,1552940789,0,0,0,0,0,0,0,0,0,0,0,40,35.01,0,FALSE,0,0,0,0,0
4319ec46483a45bf91566fce3af3484a239ca9b1,1552940664,1,1,0,0,0,0,0,0,0,0,0,63,61.48,9,FALSE,0,0,0,0,0
9324dc0aa7a1f2a93393edbb694e3259c5a5c01b,1552934628,1,4,5,0.483712,31,21,0,5,4.4,265.8,8.2,62,60.49,54,FALSE,0,0,0,0,0
5fe9a5338416d85abaad1bc58f36ab5d9a4dba16,1552933795,1,1,1,0,15,11,0,2,50.9,31,2,61,59.49,53,FALSE,0,0,0,1,1
a3ae7378e4f3755569090fad51d0f0b265b68cf4,1552933785,2,2,2,0.674494,12,4,0,2,25.45,5.5,1,60,58.49,26.5,FALSE,0,0,0,0,0
c3445f2768b5c8fde0522ae0178e7d8d6d62ed57,1552933459,1,1,1,0,4,4,0,1,19.74,77,2,59,57.49,51,FALSE,0,0,0,0,0
b4f532ee4255dcda80e945d30163fc93876eb56f,1552933369,1,1,1,0,25,18,0,2,143.18,31,4,58,56.49,50,FALSE,0,0,0,0,2
73e2a4f23fad4f61ea5b680eba3b0f5942265b5a,1552933218,1,13,24,0.476628,89,68,0,48,25.1,172.62,10,57,55.49,49,FALSE,0,0,0,15,9
7f9de266729f67ddb51dc501b826cca73d8ee0ef,1552834664,1,3,2,0.39142,94,9,0,1,0.03,138,12,70,65.95,65,FALSE,0,0,3,5,0
d3f7a71ef5d9d5e7918ef9b3aadfb791df64c120,1552829086,1,4,3,0.108778,21,17,0,1,1.69,120.33,8.33,69,64.96,64,FALSE,0,0,0,0,0
958a28cba714282bb65569ac541f9e384d366e3f,1552777103,1,2,2,0.141182,16,4,0,1,0.02,117.5,7,68,64.07,63,FALSE,0,0,5,0,0
6ec4b83c82d54342fc9ed1887d15fe45c9a7699e,1552775440,1,4,3,0.894836,23,11,0,10,3.83,116.33,10,67,63.07,62,FALSE,0,0,0,0,0
52472bb592cca38a7ad24fb3200aa31d15a158ea,1552756178,1,3,2,0.320323,38,1,1,9,3.45,187,17.5,66,62.11,61,FALSE,0,0,0,2,0
0da139d6a05f8912d198696c5a95c20929a2db4f,1552700399,0,0,0,0,0,0,0,0,0,0,0,39,34.25,0,FALSE,0,0,0,0,0
6c96cde83ace47f45180a378bf78ecad697ee80b,1552685467,2,3,5,0.615894,18,8,0,10,3.57,60.4,5,56,54.92,26,FALSE,0,0,0,0,0
7c9933e16c0379263a0855af8f662fbef8efa65e,1552685309,1,5,6,0.263206,46,44,0,14,0.69,120.67,8,65,61.24,60,FALSE,0,0,0,0,0
0a9f799049c49626fc9571200dd11818ade2d937,1552683893,1,4,2,1,14,12,0,1,2.5,169,10.5,64,60.24,59,FALSE,0,0,1,3,0
2aea9f4ce4d174e30c457be79e83bd1ff5a3eaba,1552682974,2,2,1,0,22,12,0,1,133.72,18,1,55,53.92,25,FALSE,0,0,0,0,0
044b7421349206759073562c02e84029ea72b622,1552680179,1,3,5,0.531376,58,59,0,14,1.92,146.8,9.6,63,59.25,58,FALSE,0,0,1,3,0
32cc8cb827985e60736c44fb0ab3740d59c995f5,1552679876,1,1,0,0,0,0,0,0,0,0,0,54,52.93,8,FALSE,0,0,0,0,0
471982eee2fa6a3a02512b64f52239d280c1934a,1552675406,0,0,0,0,0,0,0,0,0,0,0,53,51.93,0,FALSE,0,0,0,0,0
119c9f47dda93e17db220569cda8f1ce4aebd3c8,1552626281,1,1,1,0,0,3,0,3,0.42,192,7,52,51.01,46,FALSE,0,0,0,0,1
32f332782e830036c775dc7ad2631b5801719dc3,1552615263,1,1,0,0,0,0,1,0,0,0,0,62,58.36,12,FALSE,0,0,0,0,0
08f39f366973c38816f0ed4753c59823a4096b3e,1552606178,0,0,0,0,0,0,0,0,0,0,0,51,50.05,0,FALSE,0,0,0,0,0
ccd2790739522c922cde9fc2499d34793dc7d85e,1552599403,0,0,0,0,0,0,0,0,0,0,0,38,33.35,0,FALSE,0,0,0,0,0
eb4cd1438a6a0537a0d038e8d809420cd7371f04,1552593714,2,5,3,0.491133,13,1,1,1,0.63,133,4.67,61,57.4,34,FALSE,0,0,0,0,0
1d30cd197e6deac1d2272ecc5ebf644f383c90f4,1552590263,1,12,17,0.325424,327,170,0,34,64.03,166.18,11.29,50,49.07,45,FALSE,0,0,0,9,3
a03eb10821e22a7229d5ab667e4c0dd7a0b29a10,1552588137,1,1,0,0,0,0,0,0,0,0,0,49,48.07,2,FALSE,0,0,0,0,0
41be4731301f211389645035dbb6c8c48a67e153,1552587791,0,0,0,0,0,0,0,0,0,0,0,37,32.36,0,FALSE,0,0,0,0,0
3745e0fd9c9f01704164a7a5fd908e007202caae,1552586654,1,1,0,0,0,0,0,0,0,0,0,48,47.08,44,FALSE,0,0,0,0,0
f3abdfd710f5097195b189daaa1a69a39084a451,1552582015,1,9,22,0.381788,144,101,0,55,99.9,155.5,11.23,47,46.08,43,TRUE,0,0,0,6,9
c53a99540166361eaab26e46c665be66a9268a82,1552581849,1,1,0,0,0,0,0,0,0,0,0,60,56.42,56,FALSE,0,0,0,0,0
bd9c093112c8e7eb24c60fbf9ddef8623bbfe2da,1552581798,1,1,0,0,0,0,0,0,0,0,0,46,45.08,1,FALSE,0,0,0,0,0
bacc2d27e22a32548f0d0007db6675934d7ef0d0,1552580742,0,0,0,0,0,0,0,0,0,0,0,45,44.08,0,FALSE,0,0,0,0,0
452561ac81f9276cb328cf749c9b29bd927b92db,1552558738,1,4,3,0.414155,38,5,0,1,0.46,136.67,7,59,55.46,55,TRUE,0,0,0,0,0
2edae260a4c2cf8f6153c602aa7e5623644f484a,1552542710,1,2,0,0,0,0,0,0,0,0,0,848,429.46,315,FALSE,0,0,0,0,0
0107d6200afc2e4a6bcd49a18798a36b01ba3b75,1552542668,1,1,1,0,3,1,1,5,8.06,103,5,847,428.46,314,FALSE,0,0,0,1,1
baba579de0ea35370990a4a99cb021f18e1b42df,1552519097,1,5,4,0.450215,7,5,1,8,0.19,108,12.25,58,54.53,54,FALSE,0,0,0,0,0
8b8e900fee3c7f0b5d3092d9dbadc1f9c4388e11,1552516346,1,7,8,1,8,0,1,17,71.3,130,5.88,44,43.17,42,FALSE,0,0,0,0,0
7d9fdbdba327fca8b64c86cbd7b86c9f3f9bce50,1552516050,0,0,0,0,0,0,0,0,0,0,0,36,31.43,0,FALSE,0,0,0,0,0
fa3bb813ae763786a8ec8dd9648d71c91244145d,1552513610,2,2,1,0,6,1,0,2,8.87,19,2,43,42.18,24,FALSE,0,0,0,0,0
8d84dc7c73494fc4b92272cb5d2a318e8f6cfafa,1552513569,1,1,1,0,1,1,0,2,8.87,13,2,42,41.18,40,FALSE,0,0,0,0,0
1603b8621f4964b41981c31fa97378cdcf34868c,1552513453,1,5,0,0,0,0,0,0,0,0,0,41,40.18,39,FALSE,0,0,0,0,0
66ffa053b8b0f3d82bb08a689f2925bfe8dea7e1,1552511885,1,2,0,0,0,0,0,0,0,0,0,40,39.18,38,FALSE,0,0,0,0,0
4c514cf76ee3d340fcf5e85287cabe84a3485df5,1552510416,2,6,0,0,0,0,0,0,0,0,0,39,38.18,21.5,FALSE,0,0,0,0,0
a7de47ae32a5ee3925a718b1612c66fd2bbbd04f,1552508934,1,1,0,0,0,0,0,0,0,0,0,38,37.18,36,FALSE,0,0,0,0,0
35a58ccac17dad592e877261b73adef6c7b06276,1552508381,1,1,0,0,0,0,0,0,0,0,0,37,36.18,35,FALSE,0,0,0,0,0
ece23b46c96c04d1abfba23f964447ce702faf7b,1552505274,1,1,1,0,7,6,0,5,0.03,162,27,36,35.19,34,FALSE,0,0,0,0,0
13581bfd20f3fbdbe62906e08d68eba861902eff,1552505254,1,1,1,0,12,8,0,3,0.03,124,10,35,34.19,33,FALSE,0,0,0,0,0
4f3081f253bb15bb5f450bd4889a61fb0e9833bf,1552504959,1,5,6,0.511765,18,25,0,40,2.21,209.17,30.5,57,53.55,53,FALSE,0,0,0,0,0
f099eed3962b6e1ffb65092bf7c4278f32a19fd6,1552504135,1,3,2,0.906557,10,5,0,37,0.01,451.5,77,56,52.55,52,FALSE,0,0,0,0,0
c41b1bcdb3af882ba110ce96d196b0cc43fff119,1552503352,1,4,3,0.287579,6,8,0,37,1.59,385,54,55,51.55,51,FALSE,0,0,0,3,0
3d8f4f427865ebf1872fc2867b39d946d167e1c6,1552502916,1,1,1,0,24,19,0,4,6.86,191,12,34,33.19,32,FALSE,0,0,0,0,0
560169d6e9dadc9e89a8c3f142556a06ea6d82df,1552502596,1,1,0,0,0,0,0,0,0,0,0,33,32.19,31,FALSE,0,0,0,0,0
511d73448adabf19a7b5f83ffe1ad7e75191bf79,1552502547,1,1,4,0.408604,8,12,1,5,8.07,168.75,9.25,32,31.19,30,FALSE,0,0,0,0,0
1ecb4aa01ff15a7ecae73e4869b81744e6caafad,1552502355,1,2,1,0,17,10,0,1,0.04,13,5,54,50.56,50,FALSE,0,0,0,0,0
0c04e2a925ffe1ba7713a5f1dbcf96796d9b84f4,1552501425,1,1,2,0.499585,26,28,0,1,0.92,153,5,53,49.56,49,TRUE,0,0,1,0,0
76aa6ecbf70d12608ba98d645981cc0f36baf44c,1552498983,0,0,0,0,0,0,0,0,0,0,0,52,48.56,0,FALSE,0,0,0,0,0
e09e9c6ec45b2d1511f1f5c809dc09b9fe767bc8,1552498957,1,2,4,0.490297,33,18,1,1,1.61,97.5,4.25,51,47.56,48,TRUE,0,0,0,0,0
01d17bdc0601009a08d62fd0eb16e5d54cd23102,1552498728,1,5,12,0.755798,22,22,0,5,16.08,193.08,4.17,31,30.19,29,TRUE,0,0,0,0,0
769d89776a3ddfa37f5a6861f5d58f88b0395dd0,1552497206,1,1,1,0,0,1,0,1,65.54,199,1,30,29.19,28,FALSE,0,0,0,0,0
782ca3d37602405d140c13d0aefc2d6d4a4214f3,1552495985,1,2,1,0,1,1,0,1,2.8,13,3,50,46.56,47,TRUE,0,0,0,0,0
291b881999301be7785c4574055dcc4913d53a8d,1552423320,0,0,0,0,0,0,0,0,0,0,0,35,30.51,0,FALSE,0,0,0,0,0
4a5910e0e59d82e0d96d03b4371eeed1be317721,1552422327,1,1,1,0,7,0,0,3,5.93,207,8,34,29.51,18,FALSE,0,0,0,0,0
cbccd2586b4f67bbac2704036065c853fa2bd780,1552413678,1,2,0,0,0,0,0,0,0,0,0,846,428.41,313,FALSE,0,0,0,0,0
68701f6370f5432dd40e94eedb431bfcf5459db1,1552412457,1,3,4,0.495483,16,13,0,31,6.98,366.25,27,49,45.68,46,FALSE,0,0,0,0,0
ca0b86a9b94514b0e70bafc341cadbdbf2cc7dcd,1552408294,0,0,0,0,0,0,0,0,0,0,0,33,28.52,0,FALSE,0,0,0,0,0
161cd27c96ac1e9ec682741af3ed03e60b06def8,1552357870,1,3,5,0.385303,46,4,0,45,3.25,334.4,34.2,845,427.81,312,FALSE,0,0,0,1,0
ab9366d0e7548748744e19cf35087c61062bfc64,1552357699,1,6,6,0.268976,116,71,0,4,0.7,212.33,5.83,29,28.32,27,FALSE,0,0,0,6,0
f1220a90e1a0f9ba8521e5dcab9ea93fcd01e068,1552344855,1,3,4,0.249347,86,28,0,5,2.06,200.5,9.25,28,27.33,26,TRUE,0,0,0,7,0
cef7760dd1b3f270699e442d23455e77c060f267,1552344125,1,2,4,0.12198,109,49,0,1,0.43,124.25,3.75,48,44.78,45,TRUE,0,0,8,3,0
1251af361e24ce345f0f50b9ad24ae0d15212e46,1552339972,1,1,2,0.57938,2,4,0,3,5.57,257,8,27,26.34,25,FALSE,0,0,0,0,0
ade8af18240acb51ceea8fe3268e72070ba9d084,1552336865,1,3,5,0.321276,58,53,0,5,2.99,259.4,7.2,26,25.34,24,TRUE,0,0,0,0,0
6ec34ff90295e52cf6c6656a7abf340fb76ffcea,1552325669,1,3,2,0.674494,6,2,1,11,2.99,164.5,16,47,43.8,44,FALSE,0,0,0,0,0
a620c595b41d4be60d99bb8444ed5947a61a383c,1552324480,1,2,3,0.179793,23,3,1,1,0.54,95.67,4.33,46,42.8,43,FALSE,0,0,0,0,0
bb3216d5bfe150e731bfe32c9594699ccae9c6b0,1552323532,1,3,2,0.429206,26,16,0,14,3.36,173,17.5,45,41.8,42,FALSE,0,0,0,2,0
70f1008093c3ab434c5a9179c64568ddcf1d0918,1552279715,1,1,1,0,1,1,0,26,5.02,236,35,0,0,0,FALSE,0,0,0,0,0
3e3298aa69021476b613114c40fe937342e99f06,1552260735,1,1,1,0,1,1,0,15,5.22,223,44,0,0,0,FALSE,0,0,0,0,0
b396c1457d673f9b76d456fc82802140e63f8ff9,1552256480,1,2,2,0.264142,17,6,0,1,0.02,104.5,5.5,44,40.89,41,TRUE,0,0,0,0,0
76b6a13b60ce596c5782561abed6b24ef5f32009,1552255011,1,8,9,0.259999,165,161,0,53,0.42,228.44,25.33,43,39.89,40,FALSE,0,0,0,10,0
165456e0e82d536ad1b0c422fc4617afe4312d41,1552253896,2,5,10,0.255107,122,82,0,37,0.24,148.1,15.3,42,38.89,24.5,TRUE,0,0,4,2,0
f1eab998c6becf0d3aafb1ee1cf7095e6f1f7cc0,1552243963,1,1,4,0.204659,15,12,1,1,0.11,133.25,2,41,37.9,38,FALSE,0,0,0,1,0
cc15a77b7883fde7b1983e82adb1a79e95c4f239,1552240453,1,5,6,0.263984,179,90,0,7,29.5,118.67,2.67,40,36.91,37,TRUE,0,0,5,3,0
e6dd9d1b717f8ea002a8fb23029f998a2f866246,1552230692,1,2,4,0.255279,62,90,1,9,0.06,164.75,7.25,39,35.92,36,TRUE,0,0,0,7,0
f2b6e596ea08d8c1c3a0b9db215314d12c1849f4,1552225828,2,9,14,0.321157,238,100,0,59,19.79,209.64,16.57,38,34.92,22,TRUE,0,0,3,2,0
7863f3fae5a8327bae377b015d1a97b02d8bb9e3,1552175993,2,6,6,0.35075,250,138,0,17,0.85,100.67,9.33,37,33.97,21,TRUE,0,0,5,4,1
fc44b178d11bbd2c9202999720573e8e509ccbcf,1552161104,0,0,0,0,0,0,0,0,0,0,0,36,32.99,0,FALSE,0,0,0,0,0
800f6e5279ab65c76fd5a2159222b93d5ed5df83,1552161084,0,0,0,0,0,0,0,0,0,0,0,35,31.99,0,FALSE,0,0,0,0,0
30023de2f2f22f4b1f419277025c917db2124e6d,1552161038,1,2,1,0,1,1,0,1,0.14,75,2,34,30.99,33,FALSE,0,0,0,0,0
5c23ac1efdc188e67bf58829b0feafa437ecd5d5,1552160820,1,1,4,0.358762,137,76,0,1,0.05,69,0.75,33,29.99,32,TRUE,0,0,1,0,0
a6ef4a0f075173d34a3093f8af221cc3cadf60cc,1552156815,2,8,8,0.289809,110,80,1,44,0.06,269,23.62,32,28.99,19,TRUE,0,0,1,9,0
860c6584dea7d7cec5f496fed275b68abac6e03e,1552154025,2,8,6,0.227048,128,114,0,38,67.02,207.5,24.67,31,27.99,18,TRUE,0,0,1,8,0
785807343e1797d36b38e696a0c287207188a353,1552148809,2,11,16,0.35598,630,142,0,65,54.75,170.69,16.19,30,27,17,TRUE,0,0,2,7,0
2c65fbf911cd1d80fb121178e72148f53f474d61,1552078180,1,1,1,0,8,5,0,5,3.11,355,10,137,89.71,47,FALSE,0,0,0,0,0
b90d237a6e92f4be23c6d6497e5b783ad9bc4704,1552078143,1,5,8,0.247566,134,117,1,5,7.94,212.12,5.12,25,24.54,23,TRUE,0,0,0,12,2
4496299b377400ca3130d21d59227a6c616d6514,1552068955,0,0,0,0,0,0,0,0,0,0,0,32,27.79,0,FALSE,0,0,0,0,0
3bfdc5a2f5b0ce4b6aef0a761a149716fbb126b5,1552003360,2,7,6,0.371753,94,20,0,20,0.91,265.5,12.5,29,26.11,16,FALSE,0,0,0,0,0
aa00645545516a170accdb4866413024449fe0b8,1552001440,1,5,6,0.453001,37,2,0,9,0.88,303.17,5.17,28,25.11,27,FALSE,0,0,0,0,0
e08f2cc6704c5346a05a7ba310ff1419555337ee,1552000782,1,2,3,0.485174,22,0,0,6,0.15,392,7.33,27,24.12,26,FALSE,0,0,0,0,0
e06cc15e4a15faf9bd1c53362ea72864a5da0a25,1551983469,0,0,0,0,0,0,0,0,0,0,0,31,26.86,0,FALSE,0,0,0,0,0
67abefea2e36a9698fd853bdcc66cba2b9822e84,1551982036,1,7,2,0.284135,15,12,0,5,0.81,277,14,24,23.62,22,FALSE,0,0,0,0,0
95dfb33c9f2d4a3ebc14077f4a8cbbcdef5911b1,1551975232,1,4,0,0,0,0,0,0,0,0,0,844,429.62,311,FALSE,0,0,0,0,0
6ecb65c80c354966067572b04f1cf06d0f03f4d6,1551962597,1,3,4,0.386647,33,1,0,7,20.42,320.5,5.75,26,23.14,25,FALSE,0,0,0,0,0
6c5917daeb607bbafcae27edd836ca1de8f29ba5,1551952311,1,2,2,0.229363,63,2,0,1,0.83,37.5,0.5,3,2.7,3,FALSE,0,0,0,2,0
ee78fa7dae9939d906522fd375010d839e737703,1551929447,1,2,2,0.141182,8,2,0,27,70.72,160.5,20.5,843,428.96,310,FALSE,0,0,0,2,1
c96336d663050cf223f23c59a5a516af189eaee6,1551914679,1,6,6,0.242592,89,84,0,5,7,244.83,6,23,22.67,21,TRUE,0,0,0,8,0
b519018ac963859a1704280844dfdce1d6e3e702,1551910940,0,0,0,0,0,0,0,0,0,0,0,30,25.91,0,FALSE,0,0,0,0,0
9078b5f93044d3d8ae060d1d64555557362a5712,1551910324,1,2,2,1,6,0,0,0,0,0,0,29,24.91,17,FALSE,0,0,0,0,0
55d643f82337fa1c13d50e2578098bfb81393ab2,1551910259,1,1,1,0,12,5,0,2,6.03,176,11,22,21.67,20,FALSE,0,0,0,0,0
b91d30db4571f012e125ac0212d542522190abe3,1551910247,1,5,9,0.939794,10,10,0,4,29.51,139.22,2.44,21,20.67,19,FALSE,0,0,0,0,0
1a439c03e899e0b70df0da28032360af1b846627,1551891387,1,1,0,0,0,0,0,0,0,0,0,842,428.24,192,FALSE,0,0,0,0,0
26ff2b11d5dfcf3c17047898c4ae8c86d9322e14,1551891380,1,1,0,0,0,0,0,0,0,0,0,841,427.24,191,FALSE,0,0,0,0,0
fe0066b5fd88e8a9e8a1461c02e08b2970cd97b2,1551891254,1,1,1,0,3,1,1,10,0.02,118,16,840,426.24,309,FALSE,0,0,0,0,0
30624f75b7421c0627202e459240d68e1b50bbbb,1551889586,1,3,3,0.149892,71,6,1,23,63.42,354,14,25,22.19,24,TRUE,0,0,0,0,0
011bfa97b6b1e660d705c17a1f6d2593f2e807d1,1551851979,1,3,3,0.408352,31,3,0,54,8.49,913.33,65.33,0,0,0,TRUE,0,0,0,4,2
bec96be61d8a74399b66ec6df981524c11c11b8c,1551851312,1,13,12,0.29381,83,5,0,46,129.63,83.33,15.25,2,1.81,2,FALSE,0,0,0,1,0
210f1735bbe29e641a84e41e7c63366fc87053b8,1551848941,1,2,1,0,1,1,1,1,0.03,33,1,839,425.55,308,FALSE,0,0,0,0,0
2a5529629c509a6d9b760e2437263ba827b0f600,1551846476,1,3,4,0.309119,27,1,0,7,40.58,438,5.5,24,21.22,23,TRUE,0,0,0,0,0
03fdcfdf6a30225ba2fc795569da12ae31b2ca9d,1551846272,1,4,4,0.202431,49,1,0,20,19.59,57.5,12.25,0,0,0,TRUE,0,0,0,2,0
f562ce6fd8b91220d61fbb5eedc6d76df9886b9f,1551846057,1,2,2,0.47756,15,6,0,27,91.28,165,18,3,2.79,3,TRUE,0,0,0,1,0
6520b5b551e296c42342eed045e94fc9b5d34910,1551829724,0,0,0,0,0,0,0,0,0,0,0,28,23.97,0,FALSE,0,0,0,0,0
131296e5c5925d63f4c83a38a5e12911e7d98e00,1551818301,1,1,1,0,2,1,0,2,57.17,10,2,20,19.73,18,FALSE,0,0,0,0,0
29fee3c12f720749613c912847f9178ddb6d280b,1551809977,1,2,4,0.420318,43,91,0,1,130.18,68,0.25,19,18.73,17,FALSE,0,0,0,0,0
d1d32324a64da1f40a5bf47e7bd62cd0c38f83da,1551809955,1,1,1,0,0,8,0,1,130.91,8,1,18,17.73,16,FALSE,0,0,0,0,0
2856cf9bb74f528afd45b556bdae05265a9a7a95,1551809496,2,15,26,0.289484,1304,162,0,70,88.74,213.81,12.42,23,20.24,12.5,FALSE,0,0,0,3,5
8deb85d95e19ab39a5143489eabfbca13cc59663,1551809496,2,16,27,0.295649,1111,208,0,79,48.76,233.74,12.26,22,19.24,11.5,TRUE,0,0,0,4,0
a3c12400f0deb749cf931b8acb201abb69ead301,1551808747,1,1,1,0,2,2,0,3,4.85,28,3,17,16.74,15,FALSE,0,0,0,0,0
dd506be899ebff193a364d65112b201f41ccf4e3,1551763045,2,4,2,1,14,0,1,0,0,0,0,838,425.17,248.5,FALSE,0,0,0,0,0
f68f0df06e3af97fe3ff21061f182a272f6c069d,1551760624,1,7,8,0.300329,97,20,0,30,28.25,140.12,6,21,18.27,20,FALSE,0,0,2,4,4
8f14ddafbf7c5e7d021342b7d10ee45a2ae2a1c7,1551758455,1,4,4,0.679122,6,7,0,16,0.6,206.75,10,16,15.76,14,FALSE,0,0,0,0,0
c3921cb93368c3e0d4c24f2966931279e7fd1ae4,1551758455,2,4,3,0.590436,4,6,0,15,3.73,268.67,12.33,15,14.76,9,FALSE,0,0,0,0,0
8db20b778cd35742f4d2365e9472a06fae650d02,1551747181,1,4,4,0.69468,5,2,0,5,52.63,138.75,5.5,14,13.77,12,FALSE,0,0,0,0,0
37e22d3b2edfd98dc0af966edf962d99ef766353,1551642529,1,3,5,0.32782,16,0,1,9,15.17,346.2,5.2,20,17.33,19,FALSE,0,0,0,0,0
2dea83312e59a8862dab4e366615bd410be5fda0,1551545796,1,1,1,0,27,10,0,7,-1.12,604,14,19,16.38,18,FALSE,0,0,0,0,0
6a235b68446e72f2dfb9ba88cdc50b767f4997c5,1551491415,0,0,0,0,0,0,0,0,0,0,0,27,23.2,0,FALSE,0,0,0,0,0
f95fd6cba61f0c44eee45e49d54fb4d4bf457f55,1551490346,1,3,0,0,0,0,0,0,0,0,0,13,12.88,11,FALSE,0,0,0,0,0
265c8e2b17336bb7bf7ff8edf2dc16afaeed2e9a,1551485273,0,0,0,0,0,0,0,0,0,0,0,26,22.2,0,FALSE,0,0,0,0,0
f0f7c34019dfcd4039d22379aad43cd2fb948bc7,1551485211,0,0,0,0,0,0,0,0,0,0,0,25,21.2,0,FALSE,0,0,0,0,0
c670decf1e8a039a80a47395bf916643d1955613,1551436469,1,4,11,0.863489,15,15,0,59,113.04,239.36,21.36,0,0,0,FALSE,0,0,0,0,0
c2ef3238a6784315d5824f76bcc692cadf0d2192,1551436469,1,4,11,0.863489,15,15,0,55,137.46,233.82,21,1,1,1,FALSE,0,0,0,0,0
dc8563887cbba79856bcad6ca91640f4c0b28d9f,1551396501,3,10,11,0.415702,64,59,0,7,43.35,142.36,3.64,12,11.92,4.66667,FALSE,0,0,0,2,0
7262bb706889d23efe553ef88b052ab21290e9ed,1551389388,1,3,6,0.621266,31,21,0,5,5.1,185.33,6,11,10.92,9,FALSE,0,0,0,0,0
9835661611f49364d4fb35e7215a98518a36168d,1551389024,2,3,3,0.409223,5,2,0,4,1.22,130.33,4.67,10,9.92,5.5,FALSE,0,0,0,0,1
fc5c59838b0b7730db32485815bcd5e238c3a6a2,1551388724,0,0,0,0,0,0,0,0,0,0,0,24,20.26,0,FALSE,0,0,0,0,0
0c9e24147179297205121eded181976df4460d66,1551384230,1,3,4,0.295876,95,12,0,5,-9.23,208.75,8.75,9,8.92,7,TRUE,0,0,0,1,2
af61a86e8415dbce293f5f94145fd8fda74230a1,1551380965,0,0,0,0,0,0,0,0,0,0,0,8,7.92,0,FALSE,0,0,0,0,0
55dedde1a4c4f321c8b2459363eed1756e148c73,1551380487,3,3,1,0,5,7,0,1,36.88,176,1,7,6.92,2.66667,FALSE,0,0,0,0,0
ff7f57b2377527101644cf7e8272638ae9b5856b,1551306308,0,0,0,0,0,0,0,0,0,0,0,23,19.3,0,FALSE,0,0,0,0,0
27f769a02ad9a54f8c1bac13961068cd34cdfd03,1551264334,1,1,1,0,9,1,1,2,18.65,83,2,0,0,0,FALSE,0,0,0,0,0
a8e6009c58bb803b7b6e89a34ea99898a3f67dcf,1551227726,1,5,17,0.603156,86,90,0,5,27.83,181.35,2.18,6,5.95,5,TRUE,0,0,0,0,0
67bb66ee1f3ce216127d9c456ba0641f925a4c11,1551223712,1,1,1,0,17,17,0,5,5.4,156,23,5,4.96,4,FALSE,0,0,0,0,0
89e7f0c54be310cdea40689f79379e5f31a7d462,1551203913,1,4,5,0.255601,104,2,0,30,52.33,245.6,13.6,18,15.53,17,FALSE,0,0,0,2,0
5a2ac080a8a18f52f98a6f9ae14abf287cb50289,1551203690,2,4,6,0.302324,65,40,0,5,15.88,240.83,5.33,4,3.96,2,TRUE,0,0,0,0,0
232c1c7e79ce36e8f4305682f5f3ffab34129ecf,1551197642,2,5,2,0.141182,19,1,0,16,0.13,112,22,17,14.54,8.5,TRUE,0,0,0,0,0
f269e3e74d24753ab744952a58d0100aa146bd6f,1551186515,1,6,11,0.30655,303,17,1,34,26.71,119.09,10.45,2,1.85,2,FALSE,0,0,0,4,7
8318b2b44702ef71f407e2095d3cc650de661d81,1551186220,1,1,0,0,0,0,0,0,0,0,0,3,2.96,0,FALSE,0,0,0,0,0
8afacc3013fa4a127b7ec96d9d3026a4f4fe5712,1551120254,1,3,4,0.427774,52,0,0,29,62.78,190,11.75,1,0.85,1,FALSE,0,0,0,1,1
0b98eedf2d9cb1a5232329d0d41e36bdef2b87bd,1551120135,1,1,1,0,2,1,0,15,8.73,166,28,0,0,0,FALSE,0,0,0,0,0
a69de787fa5b433e6080bfa8853cfeee903378c0,1551119924,1,1,1,0,3,2,0,7,103.52,286,8,16,13.57,15,FALSE,0,0,0,0,0
7eb989a6b91a9b1f1bd3927e3e37d44a6e43968f,1551028742,1,2,2,0.471159,40,6,0,26,178.54,145,19.5,15,12.6,14,FALSE,0,0,0,0,0
83d9fd791782ce32f2226ca329977a35430697c7,1550864614,1,1,1,0,4,3,1,3,26.95,184,8,20,16.53,14,FALSE,0,0,0,0,0
b48eca66424229349ee74599ede88b4759cc70c8,1550864614,1,1,1,0,4,3,1,3,-23.94,200,10,21,17.53,15,FALSE,0,0,0,0,0
f1093cad92a6fa3992c453dcc17d197ae992fff5,1550864614,1,3,5,0.367425,55,67,1,6,10.3,192,6.6,19,15.53,13,FALSE,0,0,0,0,0
cb5e1fef63b0d1bb4f906dfeebfc7b84b637d814,1550864614,1,1,1,0,4,3,1,3,-39.99,198,11,22,18.53,16,FALSE,0,0,0,0,0
33c52be5922abfb6f55327a6996e2238bbc79d88,1550863492,0,0,0,0,0,0,0,0,0,0,0,18,14.53,0,FALSE,0,0,0,0,0
5177ba9f5dcf60a9565de470cc7b634decbf9dc0,1550811955,1,1,1,0,2,2,0,2,0.96,304,2,2,2,2,FALSE,0,0,0,0,0
bdbd81c5fff929e31c91763c181bf8a5f257ae44,1550757091,1,4,7,0.750549,6,7,0,4,38.76,219.71,3.86,1,1,1,FALSE,0,7,0,0,0
57000f4e7761755a3a3967749223578e2c66f54b,1550728699,1,1,1,0,2,2,1,1,9.76,304,1,0,0,0,FALSE,0,0,0,0,0
a1567e157b184a5014b60ff0f7124ba0b3f059aa,1550597786,1,1,1,0,1,1,1,6,90.1,196,8,0,0,0,FALSE,0,0,0,0,0
31bd420580e68ae82dfb88a7926364ec1fdac800,1550370170,1,3,2,0.0700276,19,0,1,14,63.44,176,13.5,136,92.07,46,FALSE,0,0,0,0,0
c2760fd300919552d97722e913ff36e19dbe3771,1550365628,1,5,5,0.16888,34,1,1,17,26.54,113.6,10.4,2,1.83,2,FALSE,0,0,0,0,0
d86e4fd09fc51623cd323f83e51beb8e7093be5f,1550365580,1,1,1,0,2,1,0,14,60.78,165,27,14,11.84,13,FALSE,0,0,0,0,0
a2e38f9b4d548d24cc38913baaa0947362dad20d,1550086993,1,3,3,0.158879,175,2,1,32,13.75,266.67,46.33,3,2.92,3,FALSE,0,0,0,0,0
b1ddd738e7617dbf53846151bf117c0345285c8d,1549886919,1,2,1,0,0,0,0,1,0.02,2,1,837,438.22,306,FALSE,0,0,0,0,0
de9471e9075a0b41b6bdbd6a9b5d7f43c31d830e,1549885047,1,19,11,0.29229,1068,55,0,11,19.42,111.82,4.91,836,437.23,305,TRUE,0,0,0,10,7
46eb8c24a50872a38a71ecbdf9b1acc4779627ba,1549884934,1,7,19,0.438619,124,95,1,11,16.89,166.37,3.37,835,436.23,304,TRUE,0,0,0,6,2
fdbdd7d3dab702bc30b154ee3dcdb3529937e6df,1549881590,1,4,12,0.454777,166,64,0,11,8.89,132.92,5.25,834,435.26,303,TRUE,0,0,0,1,0
de019b29157f2da2dccbd64e43b9ea9096750674,1549811498,2,5,2,0.727317,113,23,0,10,26.2,19,8.5,134,91.21,42,FALSE,0,0,0,0,0
65d38ccfe10af5909d81717c2696196f533897cb,1549811498,2,4,2,0.741816,111,23,0,10,3.45,26,9,135,92.21,43,FALSE,0,0,0,0,0
01174eb6f72cefaccc832d7729056e4727692b0c,1549739097,1,1,1,0,10,3,1,22,2.07,298,36,2,1.88,2,FALSE,0,0,0,2,0
f23c844c10e63549322f2fd2180a6e8a464b9ceb,1549652965,1,6,6,0.251518,133,0,0,33,24.62,309,12.5,1,0.87,1,FALSE,0,0,0,0,0
bdef68b6a12ed7ada12995f93c9ca910e895ab18,1549560258,1,3,3,0.18554,54,40,0,27,31.82,367.67,21,13,11.11,12,FALSE,0,0,0,8,0
4c5993f9afd8b0a97a167d0899c44d5a5856447e,1549465547,1,4,4,0.531271,73,0,0,35,5.92,512,25.25,1,0.95,1,FALSE,0,0,0,7,0
eb759a44fdad1f158ff315f653ade89dafa843ef,1549214902,1,3,38,0.307574,440,645,1,77,58.64,248.32,6,2,2,2,TRUE,0,0,0,6,0
32791e3233179e6fc862cbecb58ebf3fc086f21c,1549150085,1,1,1,0,1,2,0,1,99.39,32,1,0,0,0,FALSE,0,0,0,0,0
2fb9074b7274b02481d2cb3f90498baed96bb325,1549150085,1,1,1,0,1,4,0,1,-30.79,32,2,1,1,1,FALSE,0,0,0,0,0
ba21c6dfc318a76f7ff43722acf7a97dde08e86b,1549145128,1,6,7,0.30521,74,94,0,11,6.06,140.29,7.14,833,439.95,302,TRUE,0,0,0,5,0
9f0526b9993402cbc29d1716cad416ba1b99b3fe,1549145083,1,1,2,0.748538,165,10,0,1,1.34,13.5,1,832,438.95,301,TRUE,0,0,0,4,1
ae302597d1662e93a7f66493afc2b70d242d32d4,1549145010,1,1,2,1,10,2,0,4,2.69,122.5,13.5,831,437.95,300,FALSE,0,0,0,0,0
a6587a258a5f040f78d270875c78ae857a090290,1548976547,2,5,2,0.181188,7,1,0,5,-45.79,40,19.5,17,14.28,10.5,FALSE,0,0,0,0,0
791b4b80462fee453d82f4c711b86553daa3427e,1548969707,1,1,1,0,6,10,1,4,54.85,146,5,12,10.29,11,TRUE,0,0,0,0,0
5fee877d86039867410ba4f6ef0cc04209529d6c,1548968159,1,1,1,0,1,1,1,1,0.66,29,1,830,438.33,299,FALSE,0,0,0,0,0
c1eeba2087ea4d1f8c5ddfd5e6652aff7ac1efef,1548913593,1,1,1,0,0,139,0,10,0.02,274,24,829,437.75,298,FALSE,0,0,0,3,2
5640a0a5c291c882ffb55c8e502bfbe2b2f155fd,1548913582,1,2,4,0.202655,44,14,0,4,0.02,119.25,6,828,436.75,297,FALSE,0,0,0,2,0
e1b2db954ffb210c3fbc534dbca325dec61d5b7c,1548911462,2,8,15,0.369276,430,32,0,11,-0.92,111.2,3.67,827,435.77,242.5,TRUE,0,0,0,3,0
366387b1d91623cf21a0db3b7539301a7db51260,1548911284,1,2,1,0,176,0,0,0,0,0,0,826,434.77,295,TRUE,0,0,1,15,1
30556e6d295448f8d00698d591a9f2db3c148b9c,1548910862,2,14,14,0.462577,94,113,0,4,10.37,186.29,2.57,825,433.77,241,TRUE,0,0,0,2,0
0ada4d6a8ce3d6687fb33e03e88e91167b6a497d,1548865180,1,1,1,0,1,1,1,3,120.2,40,4,0,0,0,FALSE,0,0,0,0,0
9abe11ed7fa0171b36ec7499e48d86dcbbac7e00,1548864790,1,2,2,0.0308774,24,17,0,18,37,499,23,133,92.14,43,FALSE,0,0,0,0,0
ee05dd20668e05dd9f4a4e8d84d0bfcf5a9c6b6e,1548619661,1,15,22,0.419448,182,34,0,12,7.12,150.41,2.64,824,435,293,FALSE,0,0,0,0,2
f622c536c302b5e023facf33009350f42e2c4b2c,1548536133,2,21,43,0.47155,180,40,0,5,40.8,75.53,0.88,132,91.82,40.5,TRUE,0,0,0,42,12
a98f27db11e18f64e318311e6b3f96d9a9f4ab9b,1548193714,1,19,42,0.393342,924,395,0,30,15.39,106.17,2.52,823,437.3,292,TRUE,0,0,4,24,1
bdc044acfad84ba25bdb6631fbd3dd955424a227,1548041455,1,1,1,0,2,5,0,24,90.55,237,33,0,0,0,FALSE,0,0,0,0,0
6cbf2a65cdcd66af135ff9eca2a3799bde9f8a5b,1547674500,1,2,3,0.463119,18,14,1,13,35.1,163.67,13,10,8.68,9,FALSE,0,0,0,2,0
dabc97ea43f6a3454515c6a3a0dffec09dbef1f2,1547674500,1,2,3,0.463119,18,14,1,12,54.88,162.33,12.67,11,9.68,10,FALSE,0,0,0,2,0
561cb1e71f91d6e7355e8fe102b8fec917ddc726,1547674375,1,1,1,0,2,0,1,5,393.56,7,11,0,0,0,FALSE,0,0,0,0,0
f1d1aff5e28cdcd599531bed50d4beb54e1c6bc0,1547668839,1,2,3,0.671625,21,7,1,13,-31.95,96.33,16.33,1,1,1,FALSE,0,0,0,2,0
d7dc51f9eacd80aadd1e41888771033e447758f1,1547668839,1,2,3,0.660513,22,7,1,12,86.37,119.33,15.33,0,0,0,FALSE,0,0,0,2,0
54d60a2588ea3eff19dd45bcc8b1a5f3495dba6a,1547600529,2,7,4,0.0869305,30,104,0,10,-37.01,127,12.25,16,13.82,9.5,FALSE,0,0,0,0,0
a4eb94ec04caeaf0122f72368b677336939e2667,1547517778,1,2,2,0.210758,30,33,1,8,44.36,867,12,9,7.72,8,FALSE,0,0,0,1,0
b13257f79a6bb95d41c3f7f7ed5edaf6f29f19c6,1547414640,2,5,3,0.424259,13,6,0,15,94.72,414.67,18,8,6.74,3.5,FALSE,0,0,0,0,0
58a034871bcaa7abe30065f9b9f9a5417b1d389b,1547317240,1,3,5,0.417126,24,0,0,5,16.34,231.6,3.2,7,5.76,6,FALSE,0,0,0,0,0
ee00c3eca29fc88d125949441eed7682e216bac5,1547314790,1,14,27,0.417012,436,225,0,38,10.52,194.93,7.07,822,443.24,291,TRUE,0,0,0,14,6
5906ad3773e75c8387d2d65bd73c76ff4f6b6dd5,1547078458,1,4,2,0.389695,153,0,0,0,0,0,0,15,13.02,10,FALSE,0,0,0,0,0
6566e160affa161daa6d5486139e6059f685ba3a,1546892394,1,5,2,0.0789627,50,1,0,25,42.22,301.5,42.5,6,4.83,5,FALSE,0,0,0,0,0
6e1bc689c5cb1816e3afd87b1efbd183b2e0fda2,1546892116,1,2,2,1,2,2,0,30,29.23,882,36.5,5,3.83,4,FALSE,0,0,0,0,0
b21ad91320d543c4d9de5c31cc027265ded6782b,1546879916,1,1,0,0,0,0,0,0,0,0,0,821,445.75,290,FALSE,0,0,0,0,0
edff6821c846524b1827b3f49b5107c030284105,1546879086,2,33,57,0.317542,1164,1092,0,54,30.81,162.11,4.19,820,444.75,238,TRUE,0,1,0,32,23
54a508a62b686f38986cfc6ab444abf62ab98595,1546834433,2,3,2,0.270797,222,20,1,3,82.05,176.5,3.5,131,94.45,39.5,FALSE,0,0,0,11,10
38df51332310e2f4b2bdf5738674724d6b3654d4,1546834433,2,3,2,0.270797,222,20,1,3,82.05,176.5,3.5,130,93.45,38.5,FALSE,0,0,0,11,10
08398bd31e19dde4053beca0402bda24ce2a29fa,1546625969,1,1,0,0,0,0,0,0,0,0,0,0,0,0,FALSE,0,0,0,0,0
574fa44e83fccec0819f7d8c465973e6dd3a606e,1546545199,2,7,4,0.0585609,140,2,0,3,21.02,199.5,5,14,12.22,8,FALSE,0,0,0,6,0
9669544fa7f472d9ddecd2a247bd2e93725f8ef7,1546521862,1,5,5,0.428373,89,9,1,39,-16.94,318.6,34,1,1,1,TRUE,0,0,0,1,0
c3d99dee452640cd0ffb0e17682e482e8c3abd85,1546521862,1,5,5,0.429328,90,9,1,40,44.25,315.4,32,0,0,0,FALSE,0,0,0,1,0
f43dd686f37bfbc33d65ce28095c0326d5ba4417,1546378434,1,1,1,0,1,1,0,1,12.67,48,1,1,0.99,1,FALSE,0,0,0,0,0
d04192b2dc827c3d01bd6ba723d2920d2c60d149,1546275478,1,1,1,0,2,2,0,3,10.08,29,5,0,0,0,FALSE,0,0,0,0,0
8322e477e638c5d6526d894bf98af074a68543c5,1546188717,1,1,1,0,1,1,1,5,65.12,275,9,0,0,0,FALSE,0,0,0,0,0
46f6fe7822d9fad98f637f7eec29699362cdf653,1545931653,1,1,0,0,0,0,0,0,0,0,0,0,0,0,FALSE,0,0,0,0,0
0c0563dee58fced5bb4c1b9fb6b04bdc49872013,1545927246,1,2,3,0.414333,25,14,0,13,70.66,311.33,18.67,0,0,0,FALSE,0,0,0,2,0
7af26617f813e2f4bba0908f26ab3b0fbd7268b0,1545714605,1,11,15,0.351403,237,87,0,3,12.23,129.6,1.8,819,453.37,288,TRUE,0,0,0,15,8
0fac29efd7a60cd982eb26ba026ac4b8ad715e91,1545689652,1,4,4,0.229363,26,0,0,10,29.67,279,7.5,2,1.06,0,FALSE,0,0,0,0,0
449a48e91894861774b702f072564a3f70a3f595,1545404452,1,1,1,0,2,2,0,2,365.4,29,4,0,0,0,FALSE,0,0,0,0,0
16cf9ff7f7c03aed42ad08c4afe7417953a4e7e3,1545283620,2,8,37,0.420438,550,28,0,66,8.97,205.27,5.3,13,11.66,7,TRUE,0,0,7,12,0
a7ac9fc139e834d1864e1c87212d7738523c3375,1545266967,2,3,1,0,22,0,0,0,0,0,0,12,10.67,6,FALSE,0,0,0,0,0
4189dcb9fc95ee2b348a6071e21e6d092ee82265,1545186844,1,1,0,0,0,0,0,0,0,0,0,0,0,0,FALSE,0,0,0,0,0
34eb91e8e6991073e594bff731c333d09b0403b5,1545158123,1,9,0,0,0,0,0,0,0,0,0,818,457.1,287,FALSE,0,0,0,0,0
6d844ee089b59dc0fdb48e0ec9813d7f54e7f2c7,1545158103,1,5,0,0,0,0,0,0,0,0,0,817,456.11,286,FALSE,0,0,0,0,0
a199c76c80b7b77c8b2495741c8b0238c98db5ef,1545154653,1,1,0,0,0,0,0,0,0,0,0,816,455.13,186,FALSE,0,0,0,0,0
3586ec30dfe641bdb3c19cb2bc880bc790c59289,1545116959,1,1,0,0,0,0,0,0,0,0,0,815,454.46,185,FALSE,0,0,0,0,0
57a35d7abc5600b76dbc79d8b1f57bb3450fe7fa,1545116632,1,3,0,0,0,0,1,0,0,0,0,814,453.46,285,FALSE,0,0,0,0,0
5d47d0520e1460b468ea6df11f37f4f293eef759,1545115202,0,0,0,0,0,0,0,0,0,0,0,813,452.47,0,FALSE,0,0,0,0,0
bef145237399ccc8aa92d74cff979319b7576f29,1545114279,1,2,2,0.194885,14,1,1,16,1.08,209.5,16.5,812,451.48,284,FALSE,0,0,0,0,0
9de09006bc48e6e0a82b3c604d356841b6d432a5,1545114021,1,1,0,0,0,0,0,0,0,0,0,811,450.48,283,FALSE,0,0,0,0,0
29dca2f510561d5ef2ba038c12a75136993acd72,1545113194,1,7,5,0.178919,85,0,0,18,27.54,23.2,9.8,0,0,0,TRUE,0,0,0,0,0
3e1c5a38e22d301828455fe99892fee90877305a,1545112628,1,2,2,0.57938,5,1,0,3,35.4,52.5,1.5,0,0,0,FALSE,0,0,0,0,0
e8bc71ee04ac275deffdeeccf6e88e03d198b81b,1545079069,1,1,0,0,0,0,1,0,0,0,0,129,96.39,36,FALSE,0,0,0,0,0
c74c98b54b9da516d3b66e4a920657cabe6bcdfe,1545021186,1,1,1,0,2,5,1,11,71.57,77,17,4,3.03,3,FALSE,0,0,0,0,0
84f28949e00e02c1528a84856ffe5e00823b6ad2,1545020789,1,2,2,0.302998,46,0,0,15,32.37,186.5,16,0,0,0,FALSE,0,0,0,0,0
e653e66abc8ceeb726258f2cde4a08f4cce2f3ca,1545020529,1,3,4,0.380977,36,6,0,6,25.27,307.25,4.25,3,2.03,2,FALSE,0,0,0,1,0
d683eeb1a266df402152cc4ea5980d7a95848703,1544997898,2,10,20,0.32883,732,108,0,3,21.77,82.15,1.25,810,450.45,233,TRUE,0,0,0,34,1
af6661b48dd670be7841cf2682d7c6a7ec351b2a,1544991246,0,0,0,0,0,0,0,0,0,0,0,809,449.51,0,FALSE,0,0,0,0,0
cc33b970ca40cddf84462980ed2b650300f1caf8,1544990353,0,0,0,0,0,0,0,0,0,0,0,808,448.52,0,FALSE,0,0,0,0,0
3042224b8caeb5b195fe64db399be24d3b7ad7cc,1544636167,1,1,1,0,4,0,0,7,181.39,79,13,128,96.43,39,FALSE,0,0,0,0,0
697b234a2f30386ed306f1ca38315ecfa33b1c19,1544502780,2,4,2,0.431711,18,1,0,3,32.93,88.5,1.5,0,0,0,TRUE,0,0,0,0,0
3d58ac05bc20a50da934b3022e71284a01b202a5,1544502431,1,1,1,0,1,2,0,1,45.6,40,1,1,0.93,1,FALSE,0,0,0,0,0
a8a8c72590239d8405cdba280e0bb22e416f8d68,1544502344,1,1,0,0,0,0,0,0,0,0,0,127,95.74,38,FALSE,0,0,0,0,0
7db9fdd91b21462053d578a04886574dc8a88179,1544502290,1,2,2,0.57938,1,2,1,21,94.9,427.5,26.5,126,94.74,37,FALSE,0,0,0,0,0
14a5cd7b84f0400fb2676c8309f008228bc84e4d,1544502152,1,8,18,0.378408,990,75,0,3,8.41,70.56,1.28,807,451.61,281,TRUE,0,0,0,22,7
7a540fc4cc2511f749f3a687ce342000953cfcec,1544502016,1,3,3,0.289895,26,0,0,29,40.21,641.67,26,125,93.74,36,FALSE,0,0,0,0,0
58f76fa37388cdeaa33787b540662eec1ed310b7,1544230475,3,653,527,0.0935506,325,0,0,67,223.83,18.3,0.41,11,9.99,3.33333,TRUE,0,2,24,62,244
8dfb79b8c2b6b5c55d13b3364889129e973a4af7,1543712406,1,7,11,0.362258,357,290,0,3,19.09,174.36,2,806,457.39,280,TRUE,0,0,0,7,0
21d6cde20d1972105083ace8adf85c86ed63165e,1543592069,2,2,0,0,0,0,0,0,0,0,0,124,94.84,35,FALSE,0,0,0,0,0
52e3644ebc9b3631cad2b461d3f62ae827c99c69,1542813429,2,3,0,0,0,0,0,0,0,0,0,0,0,0,FALSE,0,0,0,0,0
25b64d906a13c40423b2c608f9d59fa9c27ccb53,1542813168,2,4,3,0.75,4,4,0,12,70.8,93,6.33,0,0,0,FALSE,0,0,0,0,0
40fc9d23d1a32a2f76faef4f2948a9ec80bc527e,1542604980,1,4,6,0.184714,253,231,0,6,-83.16,190,12.67,805,466.22,279,FALSE,0,0,0,24,0
3e2c41c383c97d3ccef66571989796ae3fbdce58,1542604980,1,4,6,0.184714,253,231,0,6,-83.16,162,12.67,804,465.22,278,FALSE,0,0,0,0,0
229f295c3012c477dd3d3e70f7d29d2c27c75552,1542604980,1,4,6,0.431223,323,24,0,3,3.17,101.17,2.67,803,464.22,277,FALSE,0,0,0,12,0
09377055816cdee7e182a2b7a36915b8fdfe1192,1542555590,1,4,7,0.490463,50,2,0,4,34.83,240.86,2.14,2,1.15,1,FALSE,0,0,0,0,0
ffc3a2a83cc56528f04b57d86d2076aa75cb9406,1542511552,0,0,0,0,0,0,0,0,0,0,0,802,464.06,0,FALSE,0,0,0,0,0
4773d65e7e3d012cb1f7350ad1bac6effd9d8832,1542437452,1,1,1,0,1,4,1,10,29.63,251,21,0,0,0,FALSE,0,0,0,0,0
badc3abd72a37ec1e616d6815d830ecf1f452c2f,1542175652,1,1,3,1,3,3,0,11,94.3,179.33,9,0,0,0,FALSE,0,0,0,0,0
221bd451e455e9a779d1f1d92cbc13fe8bc49035,1542049226,0,0,0,0,0,0,0,0,0,0,0,10,9.66,0,FALSE,0,0,0,0,0
13b380ecea67fe40f1e83a8842ae1de823923c7e,1541823887,1,2,3,0.700823,30,20,0,3,0.47,301,5,801,469.33,276,TRUE,0,0,0,0,0
2ce7d7ad5880389b301c365a0dc4066da4391e1d,1541784391,0,0,0,0,0,0,0,0,0,0,0,800,468.69,0,FALSE,0,0,0,0,0
88ad3d68fdcdfb0c196fc12c0cde5b90f8256238,1541783201,1,4,8,0.3,379,184,0,3,4.26,203.25,2.62,799,467.7,275,TRUE,0,0,0,17,0
3bc7062d4cdf5547884f75806dd428fe5d5546a8,1541657425,1,2,2,0.0742324,18,0,1,2,28.86,79.5,1,0,0,0,FALSE,0,0,0,0,0
7fc3f5c8dffe24c1b78577b7a1a515a6c1071e15,1541657167,1,15,15,0.438923,1,91,0,3,8.33,79,0.93,9,8.78,5,FALSE,0,4,0,68,14
d8ddcaf2da9c5ea25d6e318253f05e797aa07e5c,1541657098,1,4,3,0.624378,42,0,1,24,15.1,353.67,19.33,0,0,0,FALSE,0,0,0,2,0
07d5cf033ace589d1f9133cad0ec381cd924a5d1,1541542744,0,0,0,0,0,0,0,0,0,0,0,798,468.92,0,FALSE,0,0,0,0,0
68ee0913bac99419a1c880921ca952a56424fe4d,1541542371,0,0,0,0,0,0,0,0,0,0,0,8,7.81,0,FALSE,0,0,0,0,0
73fc3f2f163234d1a5f42ee7ac038493bcf3f3ae,1541541749,1,1,2,0.835501,28,22,0,3,0,234.5,6,797,467.93,274,TRUE,0,0,0,6,0
fb121c21b2e28ea219062bfc58c25f8c87563df7,1541541600,1,2,4,0.484686,13,9,0,3,5.12,177.5,2.75,796,466.93,273,TRUE,0,0,0,1,0
9136cdc24683096b1acef5a0d48686b1ca48e714,1541443533,2,2,1,0,2,2,0,3,117.06,22,5,0,0,0,FALSE,0,0,0,0,0
e6acf5fd811602fdc0bbb181e8ecbf9134e11fd8,1541429265,1,3,6,0.526648,149,27,0,3,1.64,206.67,3,795,466.96,272,TRUE,0,0,0,12,4
aaeb70505ac471359ee4b3523be9f403699d6370,1541299093,1,9,15,0.366919,703,116,0,3,3.21,111.73,1.13,794,467.16,271,TRUE,0,0,0,40,2
1e31ebbb874437b329d4462ed5d2c5502bbbe506,1541295068,0,0,0,0,0,0,0,0,0,0,0,793,466.2,0,FALSE,0,0,0,0,0
a4660649562587f330f6f4140752a53d260c7d97,1541295057,2,4,4,0.362026,179,63,0,3,0.7,110.5,2.25,7,6.87,3.5,TRUE,0,0,0,3,0
03b4ad1f92c56c33795289968023f40c18de5c7a,1541276216,1,1,0,0,0,0,1,0,0,0,0,792,465.37,270,FALSE,0,0,0,0,0
b31396b10e8480c8d5062fb58ecf1af0a6e6dbf4,1541275441,0,0,0,0,0,0,0,0,0,0,0,791,464.38,0,FALSE,0,0,0,0,0
6ace1fb816fc110aace3589aaf9df9a6be77a88a,1541188071,1,1,1,0,1,1,1,3,0.68,324,10,6,5.89,3,FALSE,0,0,0,0,0
50bc06bd3bb1c87807bc131af91ca540b65633b2,1541181101,0,0,0,0,0,0,0,0,0,0,0,5,4.89,0,FALSE,0,0,0,0,0
17851048c7db349d1774324374a2efea71c0a631,1541174196,1,2,4,0.146044,159,4,0,3,0.44,113,1.5,790,464.3,269,FALSE,0,0,0,9,7
cbbbbbeae42e1d2ea7c8e72f303602771d5858da,1541167476,1,1,0,0,0,0,0,0,0,0,0,0,0,0,FALSE,0,0,0,0,0
22f779e0f048a9d88951ca06d4e394f9bc121209,1541130658,1,2,6,0.567946,3,13,1,3,0.07,211.5,2.17,789,463.7,268,TRUE,0,0,0,0,0
07ee66123e1c1fb50cb22a89e8285c291479befd,1541130497,1,2,3,0.282719,18,23,0,3,0.01,83,2.33,788,462.7,267,FALSE,0,0,0,2,0
4f65ef780bf2d1f6e9e09580bb89432a391e904b,1541129787,1,5,5,0.468668,6,18,0,3,0.01,167.4,2,787,461.7,266,FALSE,0,0,0,0,0
7887478d71eb6d71763bdf1809eddc892d1ebe50,1541129325,2,12,13,0.181047,629,38,0,4,1.83,80.46,0.85,142,96.8,24,TRUE,0,1,0,25,6
f3ddee1d35e006918601664419901fbac2ff2b63,1541129248,1,4,4,0.38963,44,20,0,1,0.05,6.5,0.5,4,3.9,2,FALSE,0,0,0,2,0
3c2f4f9ba919e583c33a8dcf97bd3f1c2583a3d3,1541129195,1,1,2,0.934244,70,16,0,2,0.1,106.5,2,141,95.81,36,TRUE,0,0,0,0,0
e398229cae3b514dba1fbb4bec9cd71291fca8f4,1541113289,1,2,4,0.264717,23,7,0,2,0.02,171.5,2,786,460.85,265,TRUE,0,0,0,0,0
b06a7c6f9b3cd3d168b39461953a44a8c0dfbbd9,1541112070,0,0,0,0,0,0,0,0,0,0,0,3,2.9,0,FALSE,0,0,0,0,0
a022f0b6a2436fdd1b7ace2f2ca0e17ad87db525,1541111168,1,7,12,0.418824,262,124,0,2,2.65,102.33,0.58,785,459.87,264,TRUE,0,1,0,0,0
f9e92386fa1f13b7eecb0a9db8a790c957a64512,1541099456,1,3,4,0.910578,21,20,0,2,0.7,196.75,1.5,784,458.98,263,FALSE,0,0,0,0,0
84178be92341ba2ec1779a4e978580a27d0c4ac3,1541098421,1,3,5,0.472832,112,150,0,2,3.26,150,1,783,457.99,262,FALSE,0,0,0,3,1
f7b04c1d474effa960fa02afb470a1b667e9c466,1541028045,2,9,8,0.282757,365,113,0,2,3.39,108.5,0.5,782,457.62,131,TRUE,0,1,0,5,0
ffde637d7604a245a621119e5741ca829b74d752,1541024964,1,7,0,0,0,0,0,0,0,0,0,140,95.02,35,FALSE,0,0,0,0,0
3505bceab012132174d75f0f32017bda5ffb11ff,1541024388,1,4,4,0.132949,192,3,0,3,1.97,1.75,1,139,94.03,34,FALSE,0,1,0,0,0
dbda423aaccb5be5066d9180713dad5febb18044,1540961812,1,2,2,0.0815564,16,17,1,2,0.11,243.5,1.5,781,457.21,260,FALSE,0,0,0,0,0
a7f71d3e26f94a0147ecb3a7ac48d0a8cbdf2475,1540952322,1,2,2,0.0552575,181,127,0,2,0.25,216.5,1,780,456.29,259,TRUE,0,0,0,6,1
c06890f10d1d27a43a5ad82733c51ddac8c10931,1540930897,2,6,7,0.20812,307,75,0,1,3.57,95.29,0.14,779,455.48,129,TRUE,0,0,0,0,2
2459fe870dc01d3f4f118da00d05a4882fe95d27,1540869871,1,2,2,0.57938,2,1,0,2,0.01,4,1,138,93.34,33,FALSE,0,0,0,0,0
fb50f4d1b90f02ac3d1ba6eb4e88bd9533eb99de,1540869336,1,2,4,0.520112,42,21,0,4,2.66,13.5,1.5,137,92.34,32,FALSE,0,0,0,0,0
494e52da472a167713bd27eb30e1db2e0aa2574c,1540640819,2,2,0,0,0,0,1,0,0,0,0,0,0,0,FALSE,0,0,0,0,0
060db2e2c56f08e223e9a9075035f0998e249763,1540562577,2,20,70,0.462213,725,101,0,97,45.58,185.11,5.66,123,101.44,34,TRUE,0,0,0,12,4
8d17bdd2ca6a165182aa7b796a2b992b4849d168,1540499379,3,39,61,0.436831,2865,3,0,3,0.13,0.05,0.05,2,1.96,1,TRUE,0,10,0,57,31
2c1499596680be6daf158334f4146b80592ed4be,1540218157,1,2,4,0.486981,19,7,0,45,8.58,326,40.25,778,460.89,257,FALSE,0,0,0,0,0
05437f8ba60e02f247b1ae0b4ce88178e222da50,1540131555,1,1,1,0,4,1,0,11,0.92,284,23,777,460.68,256,TRUE,0,0,0,0,0
3d6a62141e59dfb0e647796316dc0771e0c92f03,1540052408,1,4,6,0.387906,45,6,0,38,9.64,473.17,18.83,2,1.96,1,TRUE,0,0,0,0,1
cbeadd72bca9ea8b16a3904781600df1422a3487,1539988125,2,5,3,0.47756,6,1,0,30,9.02,310,46.33,1,0.99,0.5,TRUE,0,0,0,8,0
af06ce9d404eafb696d4685e70ca73b38051aed4,1539877371,2,11,19,0.716395,34,26,0,53,78.15,170.58,12.32,6,5.99,3,FALSE,0,0,0,18,6
4d6d11538c588eb361491563d612b251a49df7f3,1539871244,1,1,0,0,0,0,1,0,0,0,0,776,462.06,255,FALSE,0,0,0,0,0
8c74ed73657adc94004b83c2e7056180db5664dd,1539871098,2,6,7,0.467803,14,43,0,25,120.12,106.71,8.71,775,461.06,218.5,FALSE,0,0,0,3,1
bddae15c0f81ba42ab5281c3be7f67a2f4105aa3,1539836461,1,1,0,0,0,0,0,0,0,0,0,5,5,5,FALSE,0,0,0,0,0
d709d92abeab39ee56fcb10ce16a94928dc8ca70,1539833547,1,1,0,0,0,0,0,0,0,0,0,4,4,4,FALSE,0,0,0,0,0
547edb8bd140ba33f8f8daad89c6156b9349dda7,1539833245,1,5,13,1,13,13,0,54,0.29,210.54,17.62,3,3,3,FALSE,0,0,0,0,0
b1e6d59cc44489f20013fa3171e09788978d7aed,1539830644,2,12,18,0.482308,64,39,0,32,94.73,114.67,8.33,122,102.45,33,FALSE,0,0,0,26,8
c8cf86f2e0bf6663ec5a62249daf2a71e1d453d9,1539808376,1,2,1,0,0,0,0,3,102.57,123,3,2,2,2,FALSE,0,0,0,0,0
df120b50ec3d0df843b3a9d69d23326037486427,1539808341,1,7,13,1,13,13,0,53,40.89,210.54,17.54,1,1,1,FALSE,0,0,0,0,0
f420496482fbb288b202e7be99ea0ab2f40fa47b,1539808189,1,3,4,0.479522,39,2,0,9,-0.06,61.25,5,0,0,0,FALSE,0,0,0,15,5
9976391bee8f99587f2583fb6b492a4582724a2b,1539794173,1,1,0,0,0,0,1,0,0,0,0,121,101.55,32,FALSE,0,0,0,0,0
75310e15f6fa3c8a0ce6593ada1bcca00240ea54,1539629581,1,1,0,0,0,0,1,0,0,0,0,0,0,0,FALSE,0,0,0,0,0
fc4311a1a658112502fba52a0226be800751c842,1539613524,1,1,1,0,1,11,1,6,22.79,673,8,774,462.42,253,FALSE,0,0,0,0,0
ce1a301f6dc56b223ad5d2f6c2059a22115d0d79,1539611026,2,5,1,0,0,2,0,6,22.76,80,8,773,461.45,217,FALSE,0,0,0,0,0
c6ec5db51c6f2eeed45d36829b362e8aa5b363c8,1539606941,1,1,0,0,0,0,0,0,0,0,0,16,10.03,10,FALSE,0,0,0,0,0
d2dc7c96331f015bdf67ff8286dbb95de2dd6c9b,1539606941,1,1,0,0,0,0,0,0,0,0,0,17,11.03,11,FALSE,0,0,0,0,0
e86ddf45b9a46d9035dbbcbfe97a9ca1cc30ef03,1539453666,1,1,1,0,2,2,0,13,2.04,251,40,1,1,0,FALSE,0,0,0,0,0
5e61756f39a50a05a38c0402bbf8be3711e1822b,1539453666,1,1,1,0,2,2,0,13,2.04,251,40,0,0,0,FALSE,0,0,0,0,0
3426b77d016c7050dd3ebeb25e965eef39e04493,1539356461,1,1,1,0,10,15,0,6,1.25,124,8,772,462.79,313,FALSE,0,0,0,0,0
94bf4ae32b9e1279001a7c24aad18cfed9728514,1539356461,0,0,0,0,0,0,0,0,0,0,0,771,461.79,0,FALSE,0,0,0,0,0
747e2ae398963ff3c0eacebdf28d29dbdae1b470,1539356461,0,0,0,0,0,0,0,0,0,0,0,770,460.79,0,FALSE,0,0,0,0,0
e99db258c10ace8b394471e3aae672a27b57e1ce,1539356461,0,0,0,0,0,0,0,0,0,0,0,769,459.79,0,FALSE,0,0,0,0,0
a0df88665f00330c0f8265233308d1a590087868,1539277592,1,1,0,0,0,0,0,0,0,0,0,768,459.51,181,FALSE,0,0,0,0,0
29076ccf20ccd08f0de303f4a6ec5fb7489e9b5a,1539277592,1,1,0,0,0,0,0,0,0,0,0,767,458.51,251,FALSE,0,0,0,0,0
1b808ec388478d34c445efa424edc4f8de2189e9,1539277585,1,1,0,0,0,0,0,0,0,0,0,766,457.51,180,FALSE,0,0,0,0,0
9b257c5839ea1990806ec54d358566b168c37874,1539277585,1,1,0,0,0,0,0,0,0,0,0,765,456.51,179,FALSE,0,0,0,0,0
75f41646c653e9142b5ceae9b7c7f14e54171ef8,1539277481,2,3,6,0.368342,56,14,0,32,1.7,322.17,15.83,764,455.51,222.5,FALSE,0,0,0,1,0
6eb84c7821d3188dac4069dd7dd47061309f2e41,1539277481,1,3,6,0.368342,56,14,0,32,1.7,322.17,15.83,763,454.51,250,FALSE,0,0,0,1,0
b539cb62e086aeeac1ff5554f75942d27ec833a9,1539248863,1,1,1,0,15,10,1,5,25.13,119,7,1,1,0,FALSE,0,0,0,1,0
a599d59cf7ac47ba3741ca26b2c163b68d00fbef,1539248863,1,1,1,0,15,10,1,5,25.13,119,7,0,0,0,FALSE,0,0,0,1,0
bfbe3b6ae8980960e6f100283a9ce06a79a2699e,1539182377,1,1,1,0,8,6,0,10,1.11,458,29,120,102.25,48,FALSE,0,0,0,0,0
682a64310f47c7213f84f7e8c2a86628d6b1122b,1539086288,0,0,0,0,0,0,0,0,0,0,0,119,101.52,0,FALSE,0,0,0,0,0
b6a721f574303e45ec7441b68adb343c8460cc3e,1539086234,1,1,1,0,5,0,1,10,16.69,453,28,118,100.52,47,FALSE,0,0,0,0,0
975e50009a9d20d979867a766c3eb39068fdc631,1538845197,1,1,0,0,0,0,0,0,0,0,0,761,456.43,249,FALSE,0,0,0,0,0
c734423559810ae1e81ab885d8ecf3c7c6cbfb02,1538845197,1,1,0,0,0,0,0,0,0,0,0,762,457.43,178,FALSE,0,0,0,0,0
66d9d613596153dc2228bde19dde20c32bc91a97,1538844960,1,1,0,0,0,0,0,0,0,0,0,760,455.43,177,FALSE,0,0,0,0,0
8f45983b9ca8b9a5ec3eeb398ab49a806f6e9b53,1538844960,1,1,0,0,0,0,0,0,0,0,0,759,454.43,176,FALSE,0,0,0,0,0
7988d92874d70638f3a4f0dfb87adb95e24bfac7,1538838230,0,0,0,0,0,0,0,0,0,0,0,758,453.49,0,FALSE,0,0,0,0,0
3b4e37e5582dcd944bf8dade026b81542df17fb3,1538837633,2,3,5,0.217614,55,0,0,31,5.25,378.2,18.8,1,1,0,FALSE,0,0,0,0,0
cc04a49c2b79f3fc5bb381bbc2d8e7cb20bc2cfd,1538837633,1,3,5,0.217614,55,0,0,31,5.25,378.2,18.8,0,0,0,FALSE,0,0,0,0,0
0f92c834af109e66ef17516bb451c199465b6294,1538837619,1,2,0,0,0,0,0,0,0,0,0,117,100.2,1,FALSE,0,0,0,0,0
a663db25d91b923183721f006b8bd87b2ec4292a,1538837619,1,2,0,0,0,0,0,0,0,0,0,116,99.2,0,FALSE,0,0,0,0,0
db91bd44b1b1c17d753679453bf801368bd81142,1538837548,1,1,1,0,1,1,0,10,50.97,77,16,1,1,0,FALSE,0,0,0,0,0
88ebafc37f5321d8f355cad9818e1ae256c0fd40,1538837548,1,1,1,0,1,1,0,10,50.97,77,16,0,0,0,FALSE,0,0,0,0,0
fae786abe9ec12964525dc9931d7f7c7647d7c42,1538837525,2,3,3,0.302992,22,1,0,23,8.74,348,18.67,1,1,0,FALSE,0,0,0,0,0
b566d287eac94f6b91d6a72c07f988d4f05da599,1538837525,1,3,3,0.302992,22,1,0,23,8.74,348,18.67,0,0,0,FALSE,0,0,0,0,0
adf49c2415535b2ae807fa268f220b7398f15b62,1538837087,2,4,4,0.362262,23,2,1,5,0.01,416,4.25,136,95.59,62.5,FALSE,0,0,0,0,0
3731b729091c474da87a22508f148c3ed4fc3f85,1538837087,1,4,4,0.362262,23,2,1,5,0.01,416,4.25,135,94.59,31,FALSE,0,0,0,0,0
fa4c467cd053efc80a13723287c55dd79825b5cb,1538834532,2,3,3,0.688726,24,4,1,5,11.37,550,5.33,134,93.6,61.5,FALSE,0,0,0,2,0
cadb1d425f4bef4ad3e076d369082ed2ccdede24,1538834532,1,3,3,0.688726,24,4,1,5,11.37,550,5.33,133,92.6,30,TRUE,0,0,0,2,0
9f4cec7ed5006103f0df585b06582c3f7069e1d8,1538651977,1,1,1,0,1,0,1,5,112.13,66,17,2,1.82,1,FALSE,0,0,0,0,0
0b13f0022de7532df8f3e2d2a26fcf4f369fd17a,1538651977,1,1,1,0,1,0,1,5,112.13,66,17,3,2.82,1,FALSE,0,0,0,0,0
b2924070b3de03b946e9f138106773de922bb0ad,1538480034,2,2,1,0,1,0,1,3,134.68,39,3,7,4.77,3,FALSE,0,0,0,0,0
030968c89a6c3fa8de693e92b8f5481cdd6ac0cb,1538480034,2,2,1,0,1,0,1,3,134.68,39,3,6,3.77,2.5,FALSE,0,0,0,0,0
419ade95369d36f917bd9aa1e763dc89f48d2a97,1538456685,1,1,1,0,4,1,0,11,15.96,286,38,115,99.25,46,FALSE,0,0,0,0,0
75287b32180ed1905d5fd414e74012f37ecc1a95,1538456685,1,1,1,0,4,1,0,11,15.96,286,38,114,98.25,31,FALSE,0,0,0,0,0
c58dce8c938b64d01ff8b2c0fe6abd3fba406092,1538163226,1,1,1,0,1,0,0,23,3.65,228,31,15,9.35,2,FALSE,0,0,0,0,0
3260f63b2ac4e1b7c0a15329c01d81c025766098,1538163226,1,1,1,0,1,0,0,23,3.65,228,31,14,8.35,3,FALSE,0,0,0,0,0
d5e101d7ad6be028a8a048ebee5b5e572011f8c8,1538023169,2,9,5,0,32,0,0,6,0.88,67,1.6,113,98.44,37.5,FALSE,0,0,0,0,0
9aa562bc5957b40fdf610d768b984729da7e3431,1538019617,1,1,0,0,0,0,0,0,0,0,0,757,459.97,175,FALSE,0,0,0,0,0
ed32054a9a78a30c749f29ac70db606a13e3ba5f,1538019617,1,1,0,0,0,0,0,0,0,0,0,756,458.97,174,FALSE,0,0,0,0,0
56b2dad1c16b210304700ec581eb413c03b485e2,1538019559,1,1,0,0,0,0,0,0,0,0,0,755,457.97,173,FALSE,0,0,0,0,0
e1a0be758326539ad4a567c1200e938b573a97a9,1538019559,1,1,0,0,0,0,0,0,0,0,0,754,456.97,248,FALSE,0,0,0,0,0
a78bc95bc295159fe9be6a7308799bc05a7f573c,1538019409,1,1,1,0,1,1,1,8,10.9,188,21,753,455.98,311,FALSE,0,0,0,3,0
519ca051d25da5b0433034fda17f83724049b1a8,1538019409,1,1,1,0,1,1,1,8,10.9,188,21,752,454.98,247,FALSE,0,0,0,3,0
5fdb7222c1f74059f5b10be8e4d789d0cf79fc95,1537908316,1,2,1,0,14,0,1,8,3.05,143,13,1,1,0,FALSE,0,0,0,0,0
3ece8cbd607a3704481eb3d890a371ecc360b89d,1537908316,1,2,1,0,14,0,1,8,3.05,143,13,0,0,0,FALSE,0,0,0,0,0
10960f7c5a8b35ff3038035ef094e99f44b7eafb,1537891673,1,1,0,0,0,0,0,0,0,0,0,751,455.14,172,FALSE,0,0,0,0,0
8d4fcb183fa25c67c80babb829f20c3c916edc05,1537891673,1,1,0,0,0,0,0,0,0,0,0,750,454.14,246,FALSE,0,0,0,0,0
4023c8442e924f047c6ed6942f0348cfd6710a23,1537890605,1,1,1,0,14,2,1,1,9.41,29,1,749,453.15,310,FALSE,0,0,0,0,0
95e69416e01f1d5871abaff8ceac87837ef67b31,1537890605,1,1,1,0,14,2,1,1,9.41,29,1,748,452.15,245,FALSE,0,0,0,0,0
a00dccbd7fcf864290b05286558f57fffd445298,1537890559,2,5,1,0,1,1,0,1,9.41,40,1,746,450.15,207,FALSE,0,0,0,0,0
6c8c231898aa705f0226e35b35418dbdba9e427d,1537890559,3,4,1,0,1,1,0,1,9.41,40,1,747,451.15,204,FALSE,0,0,0,0,0
358a3539e2485acc6eda78173483846feafb8d32,1537852906,1,1,0,0,0,0,0,0,0,0,0,744,448.49,168,FALSE,0,0,0,0,0
78b9e36eba7243cf1b47b6c47de559e060055b24,1537852906,1,1,0,0,0,0,0,0,0,0,0,745,449.49,169,FALSE,0,0,0,0,0
5dfef90e1e4c0317408b75d4fe94acf0046dbed3,1537851420,1,1,0,0,0,0,0,0,0,0,0,112,97.92,31,FALSE,0,0,0,0,0
125e1b640d00dde75456f29f52d5688314460ca5,1537851420,1,1,0,0,0,0,0,0,0,0,0,111,96.92,30,FALSE,0,0,0,0,0
fc52164e3d028e3133cf633810daf43fddba18d0,1537847525,0,0,0,0,0,0,0,0,0,0,0,743,447.54,0,FALSE,0,0,0,0,0
68444928f722a4fef7714aac7a6c355f0975b750,1537847484,3,3,2,0.619788,1,73,0,8,56.8,219.5,6,110,95.93,38.6667,FALSE,0,0,0,0,0
d14af546c97dc0a380c9e2603d181c46ceed0ded,1537847484,1,3,2,0.619788,1,73,0,8,56.8,219.5,6,109,94.93,30,FALSE,0,0,0,0,0
d9b32d94dba29c2286e21a72d947794c701dec1f,1537847436,1,1,1,0,1,0,0,22,7.46,227,30,0,0,0,FALSE,0,0,0,0,0
43a0f5e5a4fc8c733f852107e63d4514c5fe82cf,1537847436,1,1,1,0,1,0,0,22,7.46,227,30,1,1,0,FALSE,0,0,0,0,0
92b5c0830662f8baebc6fd4eadfd5ddd3de963a3,1537847396,1,1,1,0,11,1,1,10,0.95,105,18,108,93.93,44,FALSE,0,0,0,0,0
066e0bf6bd26b15c78bd47df023452e4b20073e4,1537847396,1,1,1,0,11,1,1,10,0.95,105,18,107,92.93,29,FALSE,0,0,0,0,0
6ab52e86e4efb2f71d4f3c3d993c3c5e550d1bc3,1537765111,3,6,7,0.153773,169,2,0,43,26.22,106.29,19.29,1,1,0.333333,FALSE,0,0,0,2,2
948159b99adbc74857b380576e1e104a9097f259,1537765111,2,7,7,0.153773,169,2,0,43,26.22,106.29,19.29,0,0,0,TRUE,0,0,0,2,2
becfd815d0a1e4ae36b08309cfe9f1c86daaa8d0,1537760762,3,4,5,0.220487,52,91,0,35,18.65,408.2,34,1,1,0.333333,FALSE,0,0,0,15,0
80d137dd7e1e6eaca3018b01a3c4a3c5b3187b77,1537760762,2,4,5,0.220487,52,91,0,35,18.65,408.2,34,0,0,0,TRUE,0,0,0,15,0
45a479c0148fe2027f23bb4f7a39307f36c75812,1537745197,2,2,2,1,2,2,1,4,42.35,24.5,2.5,106,92.19,42,FALSE,0,0,0,0,0
e3c9304dde85a49dc07b6e7e9ca4210ca453ced9,1537745197,1,2,2,1,2,2,1,4,42.35,24.5,2.5,105,91.19,28,FALSE,0,0,0,0,0
809925b1821095222add3bcba23357bab9e286b8,1537675323,1,5,6,0.254469,143,6,0,28,5.01,80.17,11.83,0,0,0,TRUE,0,0,0,8,1
3ed33fd24b3b19c2195bf8013eadb97bb27b58b1,1537675323,2,5,6,0.254469,143,6,0,28,5.01,80.17,11.83,1,1,0,FALSE,0,0,0,8,1
e6c29bc3c7641d00cca05278a79c2fcb5c540c58,1537647600,1,1,1,0,2,1,0,16,4.17,276,30,0,0,0,FALSE,0,0,0,0,0
d2f5a05d7367cdae46799510d5c98d3b839e7d8d,1537647600,1,1,1,0,2,1,0,16,4.17,276,30,1,1,0,FALSE,0,0,0,0,0
a769fa7462d0d4258a26b82caa08afcd04979f5e,1537644535,3,8,40,0.366146,1486,603,1,73,78.14,240.32,8.03,104,90.45,36.6667,FALSE,0,0,0,4,0
c8ee974a3c4c12d080ec3f5022197f14c851a7ca,1537644535,2,8,40,0.366146,1486,603,1,73,78.14,240.32,8.03,103,89.45,27,TRUE,0,0,0,4,0
4bbd84dc41102a57e5825d740a50de66790306b3,1537644230,1,1,0,0,0,0,0,0,0,0,0,1,1,1,FALSE,0,0,0,0,0
da2e3368420af544dd3f68d2dbaafeaa46187711,1537644230,1,1,0,0,0,0,0,0,0,0,0,0,0,0,FALSE,0,0,0,0,0
b9d739388bdd0d54a4c043b03e635433069918d2,1537644142,1,1,1,0,3,1,0,17,10.09,268,64,0,0,0,FALSE,0,0,0,0,0
def6f1e31eecf11094bada321bf68d7b6f771584,1537644142,1,1,1,0,3,1,0,17,10.09,268,64,1,1,0,FALSE,0,0,0,0,0
13bf65ee0573cffec97cb57660dbf6d01f0d8529,1537644017,1,1,0,0,0,0,0,0,0,0,0,102,88.45,26,FALSE,0,0,0,0,0
1dfb3d3c2c739e7cd43d3cb7eba429d1569aae36,1537644017,1,1,0,0,0,0,0,0,0,0,0,101,87.45,25,FALSE,0,0,0,0,0
a50222a7a50a46ca090b8812d1c032bc035d3399,1537287509,2,2,2,0.892647,12,1,1,17,121.74,144.5,16,1,1,0,FALSE,0,0,0,1,0
74fe47b4087db2afee390fe793628aec2ff0676b,1537287509,1,2,2,0.892647,12,1,1,17,121.74,144.5,16,0,0,0,FALSE,0,0,0,1,0
550f8eafcbcc32db127fa2a22bebe9d6b7dff3ba,1537202668,1,1,1,0,4,0,1,21,23.9,223,29,1,1,0,FALSE,0,0,0,1,0
51b5b348ad15b7188d12296bdc92a49b1785bc73,1537202668,1,1,1,0,4,0,1,21,23.9,223,29,0,0,0,FALSE,0,0,0,1,0
ca91bfe76ab008a63d1e5bdfc613f975095d2732,1537129211,1,1,0,0,0,0,0,0,0,0,0,742,453.02,167,FALSE,0,0,0,0,0
92049ed8e667e6fbbd0edaea526f9802aa9cf5d4,1537129211,1,1,0,0,0,0,0,0,0,0,0,741,452.02,243,FALSE,0,0,0,0,0
9431619d6b596c83402941044b65803fc11c2a93,1537124220,1,1,1,0,1,1,1,1,0.54,321,1,1,1,0,FALSE,0,0,0,0,0
546394653e334b72b6c40a5ae1379f91ec0cdbda,1537124220,1,1,1,0,1,1,1,1,0.54,321,1,0,0,0,FALSE,0,0,0,0,0
3cb149ec86d0d34c32d7c3b9fe7201c92be1919c,1537077937,1,1,0,0,0,0,0,0,0,0,0,739,450.48,242,FALSE,0,0,0,0,0
ffacdf8340fa55bc8d26df948990ad0a98891631,1537077937,1,1,0,0,0,0,0,0,0,0,0,740,451.48,166,FALSE,0,0,0,0,0
c9c5805866aa23d2a4e1809516d04c4296c0c17c,1537077569,3,18,38,0.394928,1125,478,0,54,48.81,161.55,6.63,738,449.49,201.333,TRUE,0,0,0,26,13
6684e8be5ec7f4b4448e46c22928ed177cef5037,1537077569,2,19,38,0.394928,1125,478,0,54,48.81,161.55,6.63,737,448.49,202.5,TRUE,0,0,0,26,13
94ae35336e1cd638eb46385e10098b08dd76a8e0,1537073519,2,2,1,0,3,1,0,1,256.05,26,1,1,1,0,TRUE,0,0,0,0,0
eadceb14097f00ac08b258a88d655ca6a07d3fde,1537073519,1,2,1,0,3,1,0,1,256.05,26,1,0,0,0,TRUE,0,0,0,0,0
a0f528bd7849600e41b36303f024050efa711973,1536956826,1,1,0,0,0,0,1,0,0,0,0,3,2.99,3,FALSE,0,0,0,0,0
8dbb055e6b35edb56a4f7603aea2d09e4f64f30c,1536956826,1,1,0,0,0,0,1,0,0,0,0,2,1.99,2,FALSE,0,0,0,0,0
6dccfaad825d69f5dcaef476712370ac23438537,1536872393,1,3,0,0,0,0,0,0,0,0,0,1,1,1,FALSE,0,0,0,0,0
e373c9af81defd8dd7e0b391631620961ea51e62,1536872393,1,3,0,0,0,0,0,0,0,0,0,0,0,0,FALSE,0,0,0,0,0
47c35197e6b19e9cc59ad1df6b82dbea1fd8d09a,1536772286,1,1,1,0,1,1,0,16,5.95,268,63,3,2.74,1,FALSE,0,0,0,0,0
21a9287b52d734aa61c3fc03dcd8af979a86beb8,1536772286,1,1,1,0,1,1,0,16,5.95,268,63,2,1.74,1,FALSE,0,0,0,0,0
60c43d7f29e0fdbd27488079bb2ff3712d615c99,1536705128,1,1,1,0,9,6,0,8,0,302,20,100,88.79,39,FALSE,0,0,0,0,0
f911eb5d8a760ddb3116b54a93047f3ed6b88c67,1536704918,1,1,31,0.384681,1348,561,0,58,67.54,243,6.45,99,87.79,38,FALSE,0,0,0,0,0
88d5fbfd3cf6e507e2f26c579608363a25dd08a2,1536340622,1,1,0,0,0,0,1,0,0,0,0,1,1,1,FALSE,0,0,0,0,0
c31196c4c467d069bff52afede329760b1c7e1b7,1536340622,1,1,0,0,0,0,1,0,0,0,0,0,0,0,FALSE,0,0,0,0,0
7ca56f97cfbc03fa05cef43dfadd399369b9e7de,1536258377,1,1,1,0,1,1,1,15,12.96,268,62,2,1.75,1,FALSE,0,0,0,0,0
d7030f743cc5087f7479394a4d49b54f5e9c9bb1,1536258377,1,1,1,0,1,1,1,15,12.96,268,62,3,2.75,1,FALSE,0,0,0,0,0
325c32fa337b2d320516d451af522c2150c227ab,1535746788,1,1,1,0,1,1,1,8,0,281,18,98,89.25,37,FALSE,0,0,0,0,0
5b7f2b52278d7510e4c5b65287aa8cfdbb3e3396,1535746668,1,1,1,0,1,1,1,3,0,855,12,97,88.25,36,FALSE,0,0,0,0,0
327e88f99271a142fdc798475eed2764a1e7999e,1535746594,1,1,2,0.141182,6,4,0,9,0.37,567,13.5,96,87.25,35,TRUE,0,0,0,0,0
99b151d4522d5bd3c74e04a63a41b9f49f28707b,1535746151,1,2,4,0.125476,39,34,0,30,17.19,494,22.25,95,86.25,34,TRUE,0,0,0,0,0
415c79cd07c1110fdb0fd53658eb970cbded0319,1535742291,1,1,1,0,1,0,1,7,68.54,281,15,94,85.26,33,FALSE,0,0,0,0,0
78f0318b1fb9bbbd890f0d23e40ec64ae0b8c6e5,1535741510,1,1,0,0,0,0,0,0,0,0,0,93,84.26,24,FALSE,0,0,0,0,0
1644fb9b3ef0c352c586cb3594224e4555041c32,1535741362,1,2,1,0,17,2,0,27,0.93,703,64,92,83.26,32,FALSE,0,0,0,0,0
1d4b4df614ee2f5bcd8eba7f973b0a589e87c51d,1535740901,1,1,1,0,1,1,0,10,0,453,29,91,82.26,41,FALSE,0,0,0,0,0
7b1ddd147875641805e8d240dd1037b8fb42dc5c,1535740598,2,2,2,1,2,2,1,10,0.39,563,15,90,81.26,35.5,FALSE,0,0,0,0,0
e281a2c30a4e29d5f144b212c8ced2beeefa60d6,1535739756,1,1,1,0,7,4,1,6,0.01,670,8,89,80.27,30,TRUE,0,0,0,0,0
355f225b923b151f25eb18ea95ccf901eae8afda,1535739260,1,1,1,0,1,1,0,10,0.65,274,26,88,79.27,29,FALSE,0,0,0,0,0
18ea3e64f204d270a271feed3737066b90fa95fd,1535738748,1,2,1,0,33,8,0,5,40.82,161,7,87,78.27,28,TRUE,0,0,0,0,0
6755adf378173e063092e52c646a28dbabd36fa1,1535683429,1,1,1,0,9,1,0,3,0.01,846,10,86,77.39,27,FALSE,0,0,0,0,0
817a6d6c3e2446108c0bbb4640963339bc0c73ee,1535682850,2,2,3,0.379549,7,8,1,12,13.42,449,17.67,85,76.39,32.5,FALSE,0,0,0,0,0
2dfbcbe738a7eade9842106157b6e8ac3e2c224e,1535680030,1,1,1,0,1,1,1,10,0,275,24,84,75.4,25,TRUE,0,0,0,0,0
6e3f29a659aafd8ba91c61326a09cec58de989ba,1535679874,1,1,1,0,10,6,0,10,0.03,271,23,83,74.4,24,TRUE,0,0,0,0,0
8aa7137c7f3934b8de23c12270e1e5da646695fc,1535677448,1,1,1,0,12,8,0,10,0.06,267,22,82,73.41,23,TRUE,0,0,0,0,0
ee0ac76c3eda180ea436b0ed4f170797773df753,1535673809,1,1,1,0,1,1,1,10,13.82,453,27,81,72.41,38,FALSE,0,0,0,0,0
1bdeee1832c05f36bfcee2e84667ca047cacac9f,1535672633,1,2,4,0.647228,26,8,0,12,25.62,103,6,80,71.42,22,FALSE,0,0,0,0,0
85c8ef57cd81ff3e44d16bd3c02674ca8ddb9246,1535671891,1,1,1,0,3,3,0,3,0.04,166,5,79,70.42,21,FALSE,0,0,0,0,0
c30d1dfbd248891c1d5268c9b2215aef9508907d,1535671516,1,3,6,0.483234,23,7,1,38,22.59,221,31.5,78,69.42,37,TRUE,0,0,0,0,0
c4d7802a7a4a2c75b68c39fc46545104e091d7f5,1535668840,1,2,3,0.86129,7,14,1,4,101.66,97,1.67,77,68.42,20,FALSE,0,0,0,0,0
43685f29f94bae17cbe20d2b0a441bd5daeedc35,1535661181,1,3,3,0.208956,13,0,0,27,28.16,500.33,23.67,0,0,0,TRUE,0,0,0,0,0
876bfe214425d7588f2a9d1be137251a09b895cd,1535661181,2,3,3,0.208956,13,0,0,27,28.16,500.33,23.67,1,1,0,TRUE,0,0,0,0,0
48c0fa39d0577e968d7914c2c447287ae65d2f95,1535479439,1,1,1,0,7,4,1,1,117.49,28,1,0,0,0,FALSE,0,0,0,1,1
304c8607ffdf00a5c2d6bc24fa026de89f4e2ed9,1535479439,1,1,1,0,7,4,1,1,117.49,28,1,1,1,0,FALSE,0,0,0,1,1
2bdb00b7cbdeaae50ad7614ef57800a144e34006,1535403382,1,2,3,0.23199,27,0,0,4,30.71,33,1.67,76,67.95,19,FALSE,0,0,0,0,0
34302768f44b34802f9f466b31c31dacd36a59c3,1535400625,3,5,3,0.190266,53,0,1,15,2.67,28.67,12.67,75,66.95,25.6667,TRUE,0,0,0,0,0
4208bc8e4a12c79985e42cdd5e409c2f5b0ebf14,1535400625,2,6,3,0.190266,53,0,1,15,2.67,28.67,12.67,74,65.95,24,TRUE,0,0,0,0,0
da7eeb69552a849a26f51a305f42821337bf90e5,1535143638,1,1,1,0,1,1,0,28,0.06,790,129,73,65.44,35,FALSE,0,0,0,1,0
41d875910bff7df4767b63b531e238a969c85624,1535143638,1,1,1,0,1,1,0,28,0.06,790,129,72,64.44,25,FALSE,0,0,0,1,0
8ea912c6dcaa0abf8dff2f15a48102ef6a2a2c74,1535138421,2,2,2,0.57938,4,5,1,15,33.97,193,31.5,70,62.45,22,FALSE,0,0,0,0,0
8a743f3f59baca841e060acfb80292ce1c1490bb,1535138421,2,2,2,0.57938,4,5,1,15,33.97,193,31.5,71,63.45,27.5,FALSE,0,0,0,0,0
486846229cf6c586cc7aa03411d2873d660a8051,1535138132,1,1,3,0.231616,40,7,0,36,15.27,408.33,49.33,69,61.45,33,FALSE,0,0,0,0,0
f304cce451b661558ce23bc7f2de0e870b0319eb,1535138132,1,1,3,0.231616,40,7,0,36,15.27,408.33,49.33,68,60.45,23,TRUE,0,0,0,0,0
d996d56bd89df7d35f341593e69f3949572d2c79,1535138098,1,1,0,0,0,0,0,0,0,0,0,67,59.45,19,FALSE,0,0,0,0,0
e052ae572353cfdc9557fe9f31dd9daff0259439,1535138098,1,1,0,0,0,0,0,0,0,0,0,66,58.45,18,FALSE,0,0,0,0,0
28df546a2249b6aac1e529dd629f506ba6b0a4bb,1535059680,3,6,5,0.472271,53,4,0,42,3.39,496.6,36.6,65,57.58,22,TRUE,0,0,0,0,1
7a5f51c75387c14175e47edf8b7434795d95161d,1535059680,2,7,5,0.472271,53,4,0,42,3.39,496.6,36.6,64,56.58,19,TRUE,0,0,0,0,1
1eadb5f795cf210390010f69a3282931c392f946,1535050210,2,2,3,0.114779,28,8,0,39,31.48,418.33,50.33,63,55.6,23.5,FALSE,0,0,0,5,1
a789305b0db4529f65baa28ea98e17fca789b9d0,1535050210,1,2,3,0.114779,28,8,0,39,31.48,418.33,50.33,62,54.6,21,TRUE,0,0,0,5,1
7fb47f5cc57341e4115fba82c03e8fde5c76132a,1535048940,1,3,2,0.57938,6,9,1,12,7.11,162,11,60,52.6,20,FALSE,0,0,0,0,0
6ef0786e6e98e1d312cb675af917026d87ab4b56,1535048940,2,3,2,0.57938,6,9,1,12,7.11,162,11,61,53.6,22.5,FALSE,0,0,0,0,0
ffef2c1b2892bfb31d0e97485d4fd324692da962,1534966890,1,2,3,0.286204,19,16,0,3,29.84,157.33,2.33,59,51.72,29,FALSE,0,0,0,0,0
63f8ec094166b923cd0ddf6a76e085e5ce0a2867,1534966890,1,2,3,0.286204,19,16,0,3,29.84,157.33,2.33,58,50.72,19,FALSE,0,0,0,0,0
38b5b28ff5e1eba49105f35bbf3e1317a59779aa,1534708078,2,5,8,0.460222,29,3,0,32,26.61,245.12,14.5,3,2.62,0.5,FALSE,0,0,0,3,0
a3feabe35318e20a432e112720517508f58551d6,1534708078,1,5,8,0.460222,29,3,0,32,26.61,245.12,14.5,2,1.62,1,FALSE,0,0,0,3,0
a3306688de7be54459163ae44e19c32e7a663168,1534479707,2,2,1,0,5,0,1,10,26.24,448,26,57,50.42,21.5,FALSE,0,0,0,1,0
540b8572df73d17be80c9c27a1c8175d67b03ff0,1534479707,2,3,1,0,5,0,1,10,26.24,448,26,56,49.42,16,FALSE,0,0,0,1,0
70ce33b53d8ec5d59ce1d6612493309feaecab6a,1534434732,3,4,2,0.15876,38,7,0,11,63.92,146.5,10.5,55,48.49,18,TRUE,0,0,0,0,0
45f3d97bea1cedfe2298bd49da256d303bb77dee,1534434732,2,5,2,0.15876,38,7,0,11,63.92,146.5,10.5,54,47.49,14.5,TRUE,0,0,0,0,0
7258da043fcbfcac36640592b2536101f2c8020c,1534434136,1,1,1,0,5,0,0,9,42.8,72,15,53,46.49,26,FALSE,0,0,0,1,1
a0821b665b823a8a68998376abcd0839aa2cdcc2,1534434136,1,1,1,0,5,0,0,9,42.8,72,15,52,45.49,16,FALSE,0,0,0,1,1
1bb6394507f0271bca6e87005a8a82159fa3ee9c,1534370729,1,1,1,0,2,1,1,13,44.2,85,36,1,1,0,FALSE,0,0,0,0,0
ab386e7859a9092ad88c9b5116aced617aa694ff,1534370729,1,1,1,0,2,1,1,13,44.2,85,36,0,0,0,FALSE,0,0,0,0,0
afbca8761261102f94e931636d953e834c26720e,1534263077,2,3,3,0.293932,92,1,0,7,28.31,19.33,2.67,1,1,0,TRUE,0,0,0,0,1
02fec490cc31a4217884a76f2da1b4e2b6d2b09f,1534263077,1,3,3,0.293932,92,1,0,7,28.31,19.33,2.67,0,0,0,TRUE,0,0,0,0,1
e0edf62c706840659e1b4c83ed9acb3e4676d7cc,1534195488,0,0,0,0,0,0,0,0,0,0,0,736,475.04,0,FALSE,0,0,0,0,0
0beebc0302ad5435abe673355ad9af42dbf7982d,1534195222,3,632,391,0.197404,146,18,0,115,22.98,42.23,1.22,735,474.05,236.667,FALSE,0,2,48,640,346
97814886fc0df238bd31ead23cd2632082384b12,1534195092,1,2,3,0.640633,69,188,0,7,16.99,65.33,6.33,51,44.79,25,FALSE,0,0,0,1,7
561834397b296621d8fdf8bdc41954c986ac0384,1534191853,1,1,0,0,0,0,0,0,0,0,0,50,43.8,11,FALSE,0,0,0,0,0
e0925fecc27dbc9e5d48962eff2ab5bc26589fa2,1534191794,2,4,2,0.489908,72,0,0,0,0,0,0,49,42.8,17,FALSE,0,0,0,1,0
d28ab486d6c5755833da3801381cffbb44d52933,1534185577,1,1,1,0,141,0,0,0,0,0,0,734,473.14,162,FALSE,0,0,0,2,0
c6ce7ddd311026a022cf113e513711cc94b7b7b3,1534181422,1,1,1,0,161,0,0,0,0,0,0,13,8.05,9,FALSE,0,0,0,0,0
81151bbc2d493d8a713e8858ac34ede41f6cd3f1,1533955497,3,4,3,0.667881,32,0,1,25,40.78,550.67,25,1,1,0.333333,TRUE,0,0,0,0,2
edb9ba2552c6a65c7be06aa456c8e30131a71d7e,1533955497,2,5,3,0.667881,32,0,1,25,40.78,550.67,25,0,0,0,TRUE,0,0,0,0,2
b6b866974f99a5b9a253c17ada0a1080fda258f7,1533329624,1,1,1,0,2,1,0,8,0.01,305,16,48,42.86,13,FALSE,0,0,0,0,0
7a2c68fdef2169f78b82f60a4ee7fd25f0f5773d,1533329035,2,5,5,0.309425,33,18,0,8,8.15,86,4.2,47,41.86,17.5,FALSE,0,0,0,0,0
fcbfd10614a5118cfbebafd141ec5b242349ec18,1533323554,2,3,3,0.653731,29,1,0,28,15.22,182,43.33,46,40.87,15.5,FALSE,0,0,0,0,0
ad5fcd6f73f0491b850a5e0acbbf92573d2e21ac,1533321345,1,6,3,0.279435,89,5,1,5,33.63,102.67,8,0,0,0,TRUE,0,0,0,0,1
dd99fa1b338f17416a5ddbc4a3154895170ea722,1533321345,2,6,3,0.279435,89,5,1,5,33.63,102.67,8,1,1,0,TRUE,0,0,0,0,1
19adf69d6795f9dcb7dfdf48995a3e4b9cdf3fcb,1533317856,1,1,1,0,3,3,0,19,18.66,222,26,1,1,0,FALSE,0,0,0,0,0
899f069de7bee4a631275595c959f528e9b54ba5,1533317856,1,1,1,0,3,3,0,19,18.66,222,26,0,0,0,FALSE,0,0,0,0,0
56aa0efdd0dc5d1e3d161f092d16d752294cfe29,1533317504,1,1,0,0,0,0,0,0,0,0,0,45,39.87,8,FALSE,0,0,0,0,0
aa0f257cdb9c2c3e37c148803f346f85c8b0d0aa,1533317504,2,2,0,0,0,0,0,0,0,0,0,44,38.87,11,FALSE,0,0,0,0,0
c334b2fe0890c800e9db38c156c2c8860fc1b31b,1533050139,1,1,1,0,1,1,1,3,181.37,130,3,1,1,0,FALSE,0,0,0,0,0
457c09f5deeddb25cc250f1b96fcc782a69c2b26,1533050139,1,1,1,0,1,1,1,3,181.37,130,3,0,0,0,FALSE,0,0,0,0,0
e4ec369d37e82a8c6631921ee3b8e210f61c4e85,1533016967,1,1,1,0,1,0,0,11,47.05,153,22,1,1,0,FALSE,0,0,0,0,0
d1a5247fd8eae6152593ef4e687614b3db744c0e,1533016967,1,1,1,0,1,0,0,11,47.05,153,22,0,0,0,FALSE,0,0,0,0,0
a2857fcfdbb43f138218683e454bcab2e71c0db2,1532656750,1,1,1,0,3,2,0,3,5.06,352,6,42,37.62,14,FALSE,0,0,0,0,0
ffc48c61eea59ecdc8addb954d92099dfebef789,1532656750,1,1,1,0,3,2,0,3,5.06,352,6,43,38.62,21,FALSE,0,0,0,0,0
804a8a8765027bca139012569e4fccb84fd057fd,1532642630,1,1,2,0.101454,26,1,0,32,13.02,520,79.5,41,36.63,20,FALSE,0,0,0,0,0
28d988366f9d8c7c8418e1242848b80fda8577f2,1532466566,1,1,0,0,0,0,0,0,0,0,0,1,1,1,FALSE,0,0,0,0,0
e7497b0ec47346396207b378cc4887b484b4114f,1532466566,1,1,0,0,0,0,0,0,0,0,0,0,0,0,FALSE,0,0,0,0,0
3e9b086482fe069d42225cc327de903ba8be7ca2,1532387153,1,1,1,0,3,1,0,4,78.16,67,10,132,107.15,85,FALSE,0,0,0,0,0
eee766cd58e3704bbc6f49203b5a71a4fcde62b3,1532387153,1,1,1,0,3,1,0,4,78.16,67,10,131,106.15,29,FALSE,0,0,0,0,0
1a9e36dda4ccd329e76e1a39727218359878e85e,1532319526,2,153,129,0.15438,223,247,0,32,129.6,17.74,0.89,733,491.78,218,FALSE,0,0,8,29,67
81d5b4cc841f9d99f1e0c21b2ad95ce01dff0a83,1532317241,2,5,3,0.89868,37,32,0,24,90.16,398.33,21.33,732,490.81,217,FALSE,0,0,0,0,4
9319d2ffd819656029a3928a1dd054661d2f422f,1532317079,2,20,2,0.537808,20,15,0,11,28.25,237.5,21.5,731,489.81,216,FALSE,0,0,0,2,26
fa9e011f250433715cba7456dfad61975e33e335,1532316593,2,19,2,0,11,11,0,7,90.73,65,6,730,488.81,215,FALSE,0,0,0,0,14
ba322f53f526516e20f6e7fe5031c341bf509949,1532316583,2,5,3,0.89868,37,32,0,24,56,409,21,729,487.81,214,FALSE,0,0,0,0,4
ed4987388cd04c62614e3a247dcc470aabdc7c5b,1532316554,2,5,3,0,2,2,0,3,161.02,10.33,1.33,728,486.81,213,FALSE,0,2,0,0,2
6f6f66249edcd2b4c0586d1d8fdc683bbb991a04,1532316128,2,8,6,0.154788,60,56,0,24,127.67,225.5,10.5,727,485.82,212,FALSE,0,0,0,0,4
41c7ca53839557eba8159a031053fc9699ba7aec,1532315875,2,11,4,0.925787,60,54,0,24,124.09,335.25,15.5,726,484.82,211,FALSE,0,0,0,0,4
9cf0460016371f728710a5727b9070b24e7b369e,1532315870,2,5,2,0,2,2,0,3,103.98,21.5,3,725,483.82,210,FALSE,0,0,0,0,2
4cacb00c7663753c10da86c3557eb9828ae81ea2,1532315259,2,5,2,0,4,4,0,2,89.63,20.5,1,724,482.83,209,FALSE,0,0,0,2,2
da65768969815592526eda1b21672ecae6e4e118,1532315129,2,23,12,0,5,5,0,4,280.04,8.5,0.75,723,481.83,208,FALSE,0,0,0,0,6
880462924bb87f9f4ea3ca1dcedfa2be54880e90,1532315003,2,5,3,0.83296,23,18,0,24,76.82,451.33,20,722,480.83,207,FALSE,0,0,0,0,2
ff63dfbf0beb00bb64fb18ec7f1c7bb4b2f6e58a,1532314804,2,11,6,0.15876,9,9,0,8,134.67,34.33,3.33,721,479.83,206,FALSE,0,0,0,2,2
7760dd37fdf6dc75e742a553f3c7e84dc02a7610,1532311747,2,66,64,0.127927,43,41,0,21,151.21,23.38,1.16,720,478.86,205,FALSE,0,0,10,6,0
21b1867e78e4667b74f3676a0a8386aaa45f80fe,1532308703,1,9,4,0.0875189,134,0,0,0,0,0,0,719,477.9,292,FALSE,0,0,0,2,0
6ca5d3f768fc066c325f5f874b7c908840a7b116,1532308578,3,48,30,0.342045,52,185,0,29,38.52,57.27,3.4,718,476.9,189.333,FALSE,0,0,8,10,2
212bb2bd4ca239c1dea42a1ec45b7d2ac795b41e,1532294412,2,39,19,0.541048,19,19,0,7,243.47,26.32,1.42,717,476.05,202.5,FALSE,0,0,0,0,22
a53c1b0084584452344be8d35d96c2b8ad54ef74,1532293688,2,19,7,0,9,9,0,4,249.82,32,1.29,716,475.05,201.5,FALSE,0,0,0,0,12
0a856aaadfade170827e10c38239ae56c0cc27b6,1532293674,1,2,2,0.105729,21,31,1,14,3.63,178,22.5,715,474.05,288,FALSE,0,0,0,8,8
437218bc8570b12cc04af975943b2ace0673fd63,1532289858,2,14,9,0.719231,18,16,0,32,0.89,258,17.67,714,473.09,223.5,FALSE,0,0,0,0,0
b933ec50e0f5e2be03fc37366eb4f1b98d8d394a,1532286957,3,13,4,0.149468,6,13,1,10,4.87,273.25,7,713,472.12,186,FALSE,0,0,0,0,0
30bddd80dc6deda643e280abb3e1320a0d8a0e24,1532280007,3,20,30,0.32039,591,1323,1,67,5.79,244.83,9.7,712,471.2,132.667,TRUE,0,0,0,21,2
770e45817dbc0a51db5b91e85e29bf40ad1d419c,1532238616,0,0,0,0,0,0,0,0,0,0,0,711,470.62,0,FALSE,0,0,0,0,0
fc24171a5088a028a83e1c6a153139a7d6db6c3e,1532237625,1,8,26,0.536302,0,5636,0,69,16.12,216.77,11.46,710,469.63,284,FALSE,0,2,2,180,40
c0a84aecd16b89232c7d6545ecd2cf85c9678fea,1532227438,1,1,1,0,12,1,0,8,14.12,123,16,40,36.07,19,FALSE,0,0,0,0,0
e46560a43e6160b6b2f9b2566b960ab972f67902,1532227438,1,1,1,0,12,1,0,8,14.12,123,16,39,35.07,13,FALSE,0,0,0,0,0
b63c2ac602992d6869651835402bc92211429c1e,1532225332,2,5,9,0.262352,225,0,0,12,8.41,52.56,4.78,38,34.07,14.5,TRUE,0,0,0,0,0
b2657f1796436b243a38fa42b2ec9c15f3ebd5f3,1532225332,1,5,9,0.262352,225,0,0,12,8.41,52.56,4.78,37,33.07,12,TRUE,0,0,0,0,0
569b60a876715b1829f0c85639f2516a79d8b33c,1532219940,1,1,1,0,8,6,1,2,37.68,350,5,36,32.08,17,FALSE,0,0,0,0,0
91d04584532ec3b679abd61321157c27f952ea4e,1532219940,1,1,1,0,8,6,1,2,37.68,350,5,35,31.08,11,FALSE,0,0,0,0,0
f3a43a88519b4d170fcb5d6afba66146f1d04743,1532219143,2,4,6,0.473204,24,2,1,3,0.03,234.17,1.5,130,105.62,60,TRUE,0,0,0,0,0
4689a4878cddf34c41d2e959099f08fcc8a73bec,1532219143,1,4,6,0.473204,24,2,1,3,0.03,234.17,1.5,129,104.62,28,TRUE,0,0,0,0,0
0f0e61dd2e4eb107b798d80d067d89317285fb84,1532212223,1,3,3,0.377073,33,18,0,9,3.91,359.33,8.33,4,3.24,2,FALSE,0,0,0,6,2
f431b78047bc4fde720be1d7f1411cc19710eda6,1532212223,2,3,3,0.377073,33,18,0,9,3.91,359.33,8.33,5,4.24,1,TRUE,0,0,0,6,2
a847171dbecd2ff30a583c591e57a16568ec7f9c,1532210847,1,6,9,0.42027,56,6,0,17,8.95,252,8.22,0,0,0,TRUE,0,0,0,0,1
26dd8c8b79b03a88b8782cd590e6f531f198bb20,1532210847,2,6,9,0.42027,56,6,0,17,8.95,252,8.22,1,1,0,TRUE,0,0,0,0,1
1a6fd756d1eef0876537e17489540e5ef3509e08,1532205544,1,2,3,0.777252,33,26,0,12,5.69,280.67,12.67,34,30.09,16,FALSE,0,0,0,0,0
3aa9b9c09ae656a37833eb7dc5c150672d9ebce2,1532205544,1,2,3,0.777252,33,26,0,12,5.69,280.67,12.67,33,29.09,10,FALSE,0,0,0,0,0
3298473450fb3206bea4abd4a2ee8d48064574d9,1532205514,1,1,1,0,23,15,0,1,97.11,23,1,32,28.09,15,FALSE,0,0,0,1,2
22937d042c25ed663e5c09ed0bddd7fd41e83f00,1532205514,1,1,1,0,23,15,0,1,97.11,23,1,31,27.09,9,FALSE,0,0,0,1,2
ed3e147f84c3170152a113cb64194e8609b52ad8,1532195841,1,11,13,0.336998,332,20,0,19,12.15,96.38,6.15,29,25.1,8,TRUE,0,0,0,12,0
7423541be5bb5974e13862190ba82899ebaa0367,1532195841,2,11,13,0.336998,332,20,0,19,12.15,96.38,6.15,30,26.1,12,TRUE,0,0,0,12,0
4316ff5791793319466cf808ee44c31e0642c88b,1531968567,1,1,1,0,1,1,0,27,3.04,772,125,1,1,0,FALSE,0,0,0,0,0
329e9818e6a3601ecacf35069bdbfd0dc662071e,1531968567,1,1,1,0,1,1,0,27,3.04,772,125,0,0,0,FALSE,0,0,0,0,0
2e1ffc65c793a9d391a483ba43dea7962880f40c,1531751314,1,1,1,0,1,1,1,3,32.26,60,3,1,1,0,FALSE,0,0,0,0,0
84002f0cbe9a38c4d9ac29b0dd348bd66da5e68c,1531751314,1,1,1,0,1,1,1,3,32.26,60,3,0,0,0,FALSE,0,0,0,0,0
075ca6fe734fddb735701be0df04375d754a0cdd,1531705751,2,7,12,0.284351,205,9,0,46,26.47,201.58,15.42,709,474.16,197,TRUE,0,0,0,0,5
198544289ff928215950c1991b66c2749231fdf0,1531705751,1,7,12,0.284351,205,9,0,46,26.47,201.58,15.42,708,473.16,239,TRUE,0,0,0,0,5
53556852aadb8716b01b77d638576d18016e3de5,1531705732,2,7,13,0.420925,195,24,0,49,57.57,255.85,14.77,707,472.16,196,TRUE,0,0,0,11,8
def821f20e410c523ecc1320be9ef0ff858e97bc,1531705732,1,7,13,0.420925,195,24,0,49,57.57,255.85,14.77,706,471.16,238,TRUE,0,0,0,11,8
871ffc7a03b595398e8fca0fba097002d54b4755,1531705444,1,1,0,0,0,0,0,0,0,0,0,705,470.16,158,FALSE,0,0,0,0,0
f8e567d6eb28aa015b56ad46cda798fddf08a888,1531705444,1,1,0,0,0,0,0,0,0,0,0,704,469.16,237,FALSE,0,0,0,0,0
7d3323b28798cd9dbf40df079570c7cd5535cbf5,1531705441,1,1,0,0,0,0,0,0,0,0,0,702,467.16,156,FALSE,0,0,0,0,0
d81e4b1c0b825ca7ae54b66ea421f17b81d6b938,1531705441,1,1,0,0,0,0,0,0,0,0,0,703,468.16,157,FALSE,0,0,0,0,0
d66ae633e155991bf99005848c0b8680e61a8d5d,1531705128,1,3,5,0.626659,17,2,0,2,3.1,258.6,1.4,127,104.03,27,TRUE,0,0,0,0,0
91a339ec01275a5cd3735a2b5a69d8a5b1df2107,1531705128,2,3,5,0.626659,17,2,0,2,3.1,258.6,1.4,128,105.03,59,TRUE,0,0,0,0,0
b8c35f48da1ef513f1f5301934d04e6b1dfd37df,1531669587,4,151,157,0.382677,6591,235,0,76,82.21,35.51,1.68,701,466.53,136.25,TRUE,0,2,28,433,135
e0d882189e1b130a4925f931005a75ea5e19e64a,1531468511,2,3,8,0.243222,49,2,1,28,0.93,243.38,10.75,700,467.6,194,TRUE,0,0,0,0,0
be1258606286b1ce76894baa1579b84ceef4fe77,1531468511,1,3,8,0.243222,49,2,1,28,0.93,243.38,10.75,699,466.6,236,TRUE,0,0,0,0,0
52f9766a418ab1c5f9cfbc8c78e04b6bde5a2528,1531416239,1,1,0,0,0,0,1,0,0,0,0,1,1,1,FALSE,0,0,0,0,0
0eb3ce453fd9ae0465a37a9c8cf8d844f234f26e,1531416239,1,1,0,0,0,0,1,0,0,0,0,0,0,0,FALSE,0,0,0,0,0
f94c40538dc3b96f06fa81ad200fe041dc97399c,1531346718,1,1,0,0,0,0,0,0,0,0,0,697,465.85,235,FALSE,0,0,0,0,0
c184390b1f5753acb530f1474b9507d678ea26ce,1531346718,1,1,0,0,0,0,0,0,0,0,0,698,466.85,154,FALSE,0,0,0,0,0
8670fd6962b0813f6cf82bc6a6e5430376ffc037,1531346440,1,1,1,0,1,1,1,9,2.86,214,17,696,464.85,279,FALSE,0,0,0,0,0
880ca4c138b1c6c7424697ec51ba9565d4e0e0e0,1531346440,1,1,1,0,1,1,1,9,2.86,214,17,695,463.85,234,FALSE,0,0,0,0,0
3b579a86e4188bb47124bf1ce5ca09db15e034ca,1531332338,1,1,0,0,0,0,0,0,0,0,0,694,463,153,FALSE,0,0,0,0,0
10f0b5829a0ce4236e2102cf7a70f09de4e997dd,1531332338,1,1,0,0,0,0,0,0,0,0,0,693,462,233,FALSE,0,0,0,0,0
de53d829e13cc21341d2db21bc874aaa6c48587a,1531332066,2,2,1,0,1,1,0,27,0.03,759,122,692,461,215,FALSE,0,0,0,0,0
6a0150c628500abc412de1ab47fb7d7d5d1eb2c7,1531332066,2,2,1,0,1,1,0,27,0.03,759,122,691,460,191.5,FALSE,0,0,0,0,0
2fa38c1874fb6b279449b3eb317d5f1e678769d7,1531329216,1,1,1,0,3,2,0,27,0,758,121,28,24.72,13,FALSE,0,0,0,0,0
b842eda25b18ec1cc7c033e24cbb75e905b261b7,1531329216,1,1,1,0,3,2,0,27,0,758,121,27,23.72,7,FALSE,0,0,0,0,0
845d954f5d2b43cf31a392347f38d2babd73962b,1531329174,1,5,12,0.487381,86,66,0,47,15.04,270,16.42,689,458.03,231,FALSE,0,0,0,2,0
e34a4d097ef0624890589f471e4a977367da568a,1531329174,1,5,12,0.487381,86,66,0,47,15.04,270,16.42,690,459.03,277,FALSE,0,0,0,2,0
b52548b02e47215e668e509919e8fd962141e8a9,1531328389,1,1,1,0,12,5,0,2,2.44,589,3,1,1,0,FALSE,0,0,0,0,0
4c873b32363902b8408870889a58805594926ae2,1531328389,1,1,1,0,12,5,0,2,2.44,589,3,0,0,0,TRUE,0,0,0,0,0
8ebe2f80ebc4db77ff31f1061303c832cceb6f43,1531263296,2,12,10,0.112169,255,0,0,0,0,0,0,12,7.55,4,FALSE,0,0,0,5,0
764f568993a11689b7014df1977c18f6bda42e4c,1531117618,2,5,7,0.205407,106,67,1,2,1.35,246.43,0.86,126,104.66,58,TRUE,0,0,0,7,0
fe487b0675878a453972b68264ccd8b76a9af279,1531117618,1,5,7,0.205407,106,67,1,2,1.35,246.43,0.86,125,103.66,26,TRUE,0,0,0,7,0
f2deb5cbbdf1381b6202d56e3884e14423bd860c,1531102285,2,3,5,0.31514,25,0,1,39,0.23,368.4,31.8,688,459.32,191.5,TRUE,0,0,0,0,0
ec3c4575203710f26f0253871f0dd4bd3468bd67,1531102285,1,3,5,0.31514,25,0,1,39,0.23,368.4,31.8,687,458.32,230,TRUE,0,0,0,0,0
7b38f4f2c2b1d426131335b56f7bc50b8230c53c,1531099063,2,6,12,0.369212,224,216,0,33,51.85,196.75,13.25,26,22.88,10.5,TRUE,0,0,0,8,0
a023420ff6e3a34a4ccb500015f8bbcdfb9af5b1,1531099063,1,6,12,0.369212,224,216,0,33,51.85,196.75,13.25,25,21.88,6,TRUE,0,0,0,8,0
a42dfeba6f79175028a7227c920b18d21271066a,1531034390,2,3,4,0.375565,14,0,1,1,6,340.5,1,124,102.89,57,TRUE,0,0,0,0,0
60bc78fc1cc050398f9490616ce2d7d3b028f466,1531034390,1,3,4,0.375565,14,0,1,1,6,340.5,1,123,101.89,25,TRUE,0,0,0,0,0
23ee7c2a5ff806aac605a2bca95ac48310ef9a11,1531031629,2,3,3,0.432932,15,1,1,1,11.39,393.33,1,122,100.9,56,TRUE,0,0,0,3,0
69e7034bafd6b00015e7c3eaeb9846ef1194f10d,1531031629,1,3,3,0.432932,15,1,1,1,11.39,393.33,1,121,99.9,24,TRUE,0,0,0,3,0
ec3aea90dc5c122184e24a4f57e25dbaa99a8935,1531007598,2,2,2,0.945437,44,8,0,8,32.45,126.5,9,24,20.93,9.5,TRUE,0,0,0,2,0
b0c3e9208f939d65d1d593dfc9a877dd24ecc4b5,1531007598,1,2,2,0.945437,44,8,0,8,32.45,126.5,9,23,19.93,5,TRUE,0,0,0,2,0
2bc6ed9ab63a35533c1637f558f64253defd789b,1531006292,2,6,7,0.227958,36,2,1,26,55.65,192.29,11.86,120,98.97,55,TRUE,0,0,3,0,0
5fcc5411ef310cb5c4c4a21b9c2f836827b0046a,1531006292,1,6,7,0.227958,36,2,1,26,55.65,192.29,11.86,119,97.97,23,TRUE,0,0,3,0,0
cae25f6fc0f1d35de39b1d5603094b784e8ecd9e,1530989622,1,1,0,0,0,0,0,0,0,0,0,1,1,1,FALSE,0,0,0,0,0
e2e8c64ee346b956b4259c966831a5825e847191,1530989622,1,1,0,0,0,0,0,0,0,0,0,0,0,0,FALSE,0,0,0,0,0
038ade609e8dcd89ac21548adea541ca99e6a7ba,1530949310,3,5,6,0.504197,47,1,0,20,14.27,133.33,9.33,118,97.12,39.3333,TRUE,0,0,0,1,0
e2a273787a903952da41e067a1968aeba0c52c5e,1530949310,2,6,6,0.504197,47,1,0,20,14.27,133.33,9.33,117,96.12,15.5,TRUE,0,0,0,1,0
81c0432794a7127835e770f1a635eb04fef890da,1530946651,2,6,5,0.286779,64,93,0,28,54.02,301,25.6,21,17.97,4.5,TRUE,0,0,0,1,1
c96612087e4dc6576b2cc5367ff0e66219f7147a,1530946651,3,5,5,0.286779,64,93,0,28,54.02,301,25.6,22,18.97,7.66667,TRUE,0,0,0,1,1
a9793679f146d4d855303dce044e29a9dabea4d4,1530940021,1,1,0,0,0,0,0,0,0,0,0,685,457.96,149,FALSE,0,0,0,0,0
eff2c5c5cdfe4c27aaa53a55f072c38aabd69335,1530940021,1,1,0,0,0,0,0,0,0,0,0,686,458.96,150,FALSE,0,0,0,0,0
5e924b466d5998a20afd2e8290f67878511f4cb7,1530737640,1,1,0,0,0,0,0,0,0,0,0,116,95.65,8,FALSE,0,0,0,0,0
7def391245b213058223add97bc7351bfc189c06,1530737640,2,2,0,0,0,0,0,0,0,0,0,115,94.65,14,FALSE,0,0,0,0,0
8cee316877d65ec8c1e57bee2e25630db0cad1fa,1530736168,1,1,1,0,8,4,0,8,2.99,68,14,114,93.66,77,FALSE,0,0,0,0,0
706f53d2df513fe0fdaa1696395a5870a86605d7,1530736168,1,1,1,0,8,4,0,8,2.99,68,14,113,92.66,20,TRUE,0,0,0,0,0
3880afa18caca9119283e6613e9f8df615b3bc0f,1530734143,1,1,1,0,5,2,0,2,44.03,135,5,683,458.04,229,FALSE,0,0,0,3,0
57f4c4592dcfc008bbdc107386f3448c2e75e820,1530734143,1,1,1,0,5,2,0,2,44.03,135,5,684,459.04,275,FALSE,0,0,0,3,0
69b64cc76530ea038f54bda239b1d271c6a09562,1530694228,2,4,3,0.798224,73,21,1,8,21.3,318.67,7.67,1,1,0,TRUE,0,0,0,2,2
c7a033d949d1e78266171d3ccc949f3e9ac7e3c6,1530694228,1,4,3,0.798224,73,21,1,8,21.3,318.67,7.67,0,0,0,FALSE,0,0,0,2,2
96856bacd75bedcf1a09e89a66ee7083d8e069d0,1530683106,1,1,1,0,2,2,0,7,1.52,438,22,1,1,0,FALSE,0,0,0,0,0
e5a43a420b2b66bfeafa5cc9d80490d6f87e7144,1530683106,1,1,1,0,2,2,0,7,1.52,438,22,0,0,0,FALSE,0,0,0,0,0
1ab05580396774f44b587d8ec3dc2d12ca13c2a0,1530604821,2,4,10,0.537653,85,17,1,41,43.29,223,17.2,20,17.14,7.5,TRUE,0,0,3,0,0
919a39fb0cc70d3e022fb8d337a80c47f42a4e0f,1530604821,1,4,10,0.537653,85,17,1,41,43.29,223,17.2,19,16.14,3,TRUE,0,0,3,0,0
f699e812eab5276af22052f3ace1e4fd651f4f72,1530553177,2,7,13,0.444389,94,3,1,25,2.83,92.38,6,1,1,0,TRUE,0,0,0,0,0
4f60d91fc86127b91ed3fa4353055f202220b274,1530553177,1,7,13,0.444389,94,3,1,25,2.83,92.38,6,0,0,0,TRUE,0,0,0,0,0
0cbc08792bec2b89f4ed107dc6e6c66bae736035,1530551780,2,4,4,0.817645,9,12,0,34,23.67,340.5,40,17,14.16,2.5,TRUE,0,0,0,0,0
06fb3c807218d0ee40446f56d4fb12c280894756,1530551780,2,3,4,0.817645,9,12,0,34,23.67,340.5,40,18,15.16,6,TRUE,0,0,0,0,0
3a91d8a67d160f8b5f531b820d51794996414db4,1530481358,1,1,0,0,0,0,0,0,0,0,0,681,458.61,147,FALSE,0,0,0,0,0
cce9eb06dd9d0a57f4d4f47c9523989c5a9c8fb0,1530481358,1,1,0,0,0,0,0,0,0,0,0,682,459.61,148,FALSE,0,0,0,0,0
a019bedd84de8c333f3c767ee87ddc93eea5dcd8,1530478836,1,1,0,0,0,0,0,0,0,0,0,680,457.64,146,FALSE,0,0,0,0,0
15d87fb8cb181b88d69d19025d27555599858da6,1530478836,1,1,0,0,0,0,0,0,0,0,0,679,456.64,228,FALSE,0,0,0,0,0
859975165e2417f036014438907bf8c241dcbeaf,1530478002,2,4,7,0.638413,31,4,0,16,24.67,65.43,6.43,1,1,0,TRUE,0,0,0,0,0
0b09a973e961e611caaf0f560072de8b9201b129,1530478002,1,4,7,0.638413,31,4,0,16,24.67,65.43,6.43,0,0,0,TRUE,0,0,0,0,0
9cb994fafffefab958af3709131faed26649f93e,1530473528,1,1,1,0,1,0,1,18,7.55,209,24,0,0,0,FALSE,0,0,0,0,0
14fabe9df341a9b6bba6349f5c1c3607ee1b570d,1530473528,1,1,1,0,1,0,1,18,7.55,209,24,1,1,0,FALSE,0,0,0,0,0
4808c0c03370e475a4303df5ef532f68d59a09d1,1530472953,2,2,1,0,5,1,0,1,35.97,281,3,1,1,0.5,FALSE,0,0,0,0,0
69065256783ca655d4f9470fa85670026517ecdd,1530472953,2,2,1,0,5,1,0,1,35.97,281,3,0,0,0,FALSE,0,0,0,0,0
729f252cf90262356b9c93b9e003b8bce2a03cd3,1530472869,1,2,2,1,3,1,1,7,34.33,403.5,16.5,16,13.19,7,FALSE,0,0,0,0,0
203755d7c0309926e6a04bb5449b45803aeff500,1530472869,1,2,2,1,3,1,1,7,34.33,403.5,16.5,15,12.19,1,TRUE,0,0,0,0,0
ead365ca4f481e9163345a849d02aff4934d448e,1530472773,1,1,1,0,4,0,0,26,1.06,746,114,14,11.19,6,FALSE,0,0,0,0,0
080ec61bce744f2f66fefe530d4bd681e735d7b2,1530472773,1,1,1,0,4,0,0,26,1.06,746,114,13,10.19,0,FALSE,0,0,0,0,0
9200e9a4d2f882a7549d21fdda8e5ce3e4af4397,1530381126,1,1,1,0,1,2,1,25,6.49,747,113,1,1,0,FALSE,0,0,0,0,0
1f2facaa28b9c75e4155cd26ed5101c94d78f920,1530381126,1,1,1,0,1,2,1,25,6.49,747,113,0,0,0,FALSE,0,0,0,0,0
6ccaf6db73b0d800d3db7fbbab2555f5b1f8c526,1530380039,1,1,1,0,4,3,1,10,13.59,98,16,1,1,0,FALSE,0,0,0,0,0
1da8f3cfaf2411ade7d88a22500644a7d82af7fa,1530380039,1,1,1,0,4,3,1,10,13.59,98,16,0,0,0,FALSE,0,0,0,0,0
6152a670de6690e11a0b190c274b4985fe41d7fc,1530379025,1,1,0,0,0,0,1,0,0,0,0,0,0,0,FALSE,0,0,0,0,0
a578c33fa005ed68f1462fce1bfb65469ae72164,1530379025,1,1,0,0,0,0,1,0,0,0,0,1,1,1,FALSE,0,0,0,0,0
8c75c90d595f12c31719b153443d8a81a46b0645,1530379003,1,1,1,0,1,1,0,4,60.09,130,6,8,7.37,4,FALSE,0,0,0,0,0
fd2294a586b24b9d9a76c86afbde3664698d86d2,1530379003,1,1,1,0,1,1,0,4,60.09,130,6,9,8.37,3,FALSE,0,0,0,0,0
3a8f38cc0d8b5d71d158eeb7c7526e01be746c28,1530278140,1,1,0,0,0,0,0,0,0,0,0,1,1,1,FALSE,0,0,0,0,0
f402e41cff3dd3e6e9583a6b903ab050c07598e7,1530278140,2,2,0,0,0,0,0,0,0,0,0,0,0,0,FALSE,0,0,0,0,0
2aa72153509a72c0fd247b3e94495071ae61f717,1529903443,1,1,0,0,0,0,0,0,0,0,0,678,461.53,145,FALSE,0,0,0,0,0
a7205c3d7ce9c3e821e8c9e4d309cf9c9c7a6d61,1529903443,1,1,0,0,0,0,0,0,0,0,0,677,460.53,227,FALSE,0,0,0,0,0
3145ab142762e9acb852ac2ed5e5f58c01e9eb57,1529903428,1,1,0,0,0,0,0,0,0,0,0,675,458.53,143,FALSE,0,0,0,0,0
3aec9dd7c9202e0a4e73b24ac3b54776937de444,1529903428,1,1,0,0,0,0,0,0,0,0,0,676,459.53,144,FALSE,0,0,0,0,0
1bd5fcc9038e47fcc233543e32903b6e02aeb3a1,1529903033,1,1,1,0,10,2,1,13,15.91,252,58,674,457.53,274,FALSE,0,0,0,1,0
a549788133ff454c659b70fb05a3692e49836a6d,1529903033,1,1,1,0,10,2,1,13,15.91,252,58,673,456.53,226,FALSE,0,0,0,1,0
b62132ceaf8d3c2019d7e86a9e987e13ee196c75,1529902620,2,3,4,0.161704,36,24,1,1,4.72,224,0.5,112,93.73,52.5,TRUE,0,0,0,2,0
c80e3f709b605533b09422d67d8292d6e05e9ab1,1529902620,1,3,4,0.161704,36,24,1,1,4.72,224,0.5,111,92.73,19,TRUE,0,0,0,2,0
12ddda778cc5283ab1409443aab42340f08b4cb7,1529820962,1,1,1,0,3,0,0,18,1.05,206,23,135,106.91,52,FALSE,0,0,0,0,0
5f5fae86ab7aba9a417388059c7863bc8d4084f2,1529820962,1,1,1,0,3,0,0,18,1.05,206,23,134,105.91,60,FALSE,0,0,0,0,0
7f4049d379f5083634ab63e59c51eebaabdc4b7a,1529820372,2,5,6,0.353274,50,4,1,25,12.24,169.5,20.33,133,104.91,42,TRUE,0,0,0,0,0
f363b44378b2019cc800fb08b6bba54e40d18310,1529820372,1,5,6,0.353274,50,4,1,25,12.24,169.5,20.33,132,103.91,59,TRUE,0,0,0,0,0
885a08bf04d045831b7026634e4c28a7bc48acae,1529820206,1,1,0,0,0,0,0,0,0,0,0,0,0,0,FALSE,0,0,0,0,0
f7b9fdbac65889fb6804b4b8983f7f0b45ad46f2,1529820206,1,1,0,0,0,0,0,0,0,0,0,1,1,1,FALSE,0,0,0,0,0
6d6b2f30351e39001f5d9b050e104d12b4a26eeb,1529730195,1,1,1,0,1,1,1,17,8.87,206,22,0,0,0,FALSE,0,0,0,0,0
1b6a93f3efa1d8a4e9e04beda1a5545770e9fb07,1529730195,1,1,1,0,1,1,1,17,8.87,206,22,1,1,0,FALSE,0,0,0,0,0
0742b09a0c4f83c8ddc44454ef8aa68c6951acec,1529386952,1,1,0,0,0,0,0,0,0,0,0,672,460.85,142,FALSE,0,0,0,0,0
4271d481c178e95f1902beffc9615b010b55ece2,1529386952,1,1,0,0,0,0,0,0,0,0,0,671,459.85,225,FALSE,0,0,0,0,0
c94624ec976d63aa5da4db78d20985ec15ec5435,1529335622,1,1,1,0,6,7,1,8,20.92,55,13,3,2.51,1,FALSE,0,0,0,0,0
c7dc72ff8ed23c0d3490126407f16d925c393875,1529335622,1,1,1,0,6,7,1,8,20.92,55,13,2,1.51,1,FALSE,0,0,0,0,0
d1b0519a1d2a1f7ad6d19d685a3e9740b45a35b5,1529325217,1,1,1,0,3,1,1,5,4.18,284,6,0,0,0,FALSE,0,0,0,0,0
1701f9bbc365f1aaa945603a64c57b07d3afee5e,1529325217,1,1,1,0,3,1,1,5,4.18,284,6,1,1,0,FALSE,0,0,0,0,0
21fcd17ab0e8e7ddbf9d42a62b009f8c3a922781,1529209268,1,1,0,0,0,0,0,0,0,0,0,670,460.7,141,FALSE,0,0,0,0,0
3baba63e73e3227e30ca026bfbe182594523fcb6,1529209268,1,1,0,0,0,0,0,0,0,0,0,669,459.7,224,FALSE,0,0,0,0,0
9e2f9abc2066e4c5aac05db001cf6279655bcee7,1529209235,2,3,5,0.253431,40,17,1,1,1.14,231,0.2,110,93.47,51.5,TRUE,0,0,0,0,0
dda7670b15d36a0008f139b43723293378806cf6,1529209235,1,3,5,0.253431,40,17,1,1,1.14,231,0.2,109,92.47,18,TRUE,0,0,0,0,0
f536e8bf8d8212bb314328458c8da2b4bcd8c15f,1529206217,2,4,3,0.418726,14,5,1,12,13.06,66,7,131,104.56,41,FALSE,0,0,0,0,0
fd1e90f8d76ce20794be7d262089858f41158ee2,1529206217,1,4,3,0.418726,14,5,1,12,13.06,66,7,130,103.56,58,FALSE,0,0,0,0,0
cc6018ebcb6bb068246ef77c0aa2ee227e11c7b4,1528991608,1,1,0,0,0,0,0,0,0,0,0,668,460.97,140,FALSE,0,0,0,0,0
357bd61d3d292388c5f9d2c4967b8e2e72d47f6c,1528991608,1,1,0,0,0,0,0,0,0,0,0,667,459.97,223,FALSE,0,0,0,0,0
1be74f2f13136037f8bdb93794d7da855208a5ea,1528991062,1,1,0,0,0,0,0,0,0,0,0,666,458.98,139,FALSE,0,0,0,0,0
15a64a65a52c024c77cc0a8cb4d533962f1cadb0,1528991062,1,1,0,0,0,0,0,0,0,0,0,665,457.98,138,FALSE,0,0,0,0,0
b7b84056dac1735bce7942f02a1d4b11264eed2e,1528991037,1,1,1,0,3,0,0,1,0.31,69,1,664,456.98,273,FALSE,0,0,0,0,0
1ef5ba2a645f3a8a618544e1d578144c409c5038,1528991037,1,1,1,0,3,0,0,1,0.31,69,1,663,455.98,222,FALSE,0,0,0,0,0
1503002cd5f82c7a2e0d5ae9598d9097d7007669,1528963968,1,83,207,0.371276,3281,119,0,58,6.67,23.86,1.27,107,91.09,17,TRUE,0,2,0,63,26
0ac4e297adf95cff78de361fc4867fd412ec3b60,1528963968,3,83,207,0.371276,3281,119,0,58,6.67,23.86,1.27,108,92.09,35.6667,TRUE,0,2,0,63,26
f0c574c289a7bcb45e923db27d45f5a0a77967ea,1528963042,1,1,0,0,0,0,0,0,0,0,0,128,102.21,48,FALSE,0,0,0,0,0
066e30ddc3e9ce81fefb676e53063ca08ca64917,1528963042,1,1,0,0,0,0,0,0,0,0,0,129,103.21,49,FALSE,0,0,0,0,0
15b7712516abdfc38fbf3433056e066559bf2b93,1528962987,2,4,2,0.00934085,81,48,1,5,17.27,137.5,11.5,662,455.27,189,TRUE,0,0,0,0,0
ae75da0f8999c473eb4edd41cd2fa4843e0f6a97,1528962987,1,4,2,0.00934085,81,48,1,5,17.27,137.5,11.5,661,454.27,221,TRUE,0,0,0,0,0
a662f90a93f2b5b61eebc2aea67c5a77467963e7,1528952251,1,1,1,0,5,2,0,24,0,727,110,1,1,0,FALSE,0,0,0,0,0
f7bb4fcdc99fe3a903ef30673215057eb89ff9ed,1528952251,1,1,1,0,5,2,0,24,0,727,110,0,0,0,FALSE,0,0,0,0,0
7dee144c42f33e95bf7482aac77b0c0c9485d86c,1528952216,2,5,5,0.796453,7,7,0,13,44.7,119,10.2,126,100.24,51.5,FALSE,0,0,0,0,0
86731cc5b3c678844605b60c7247ae424b07125a,1528952216,2,4,5,0.796453,7,7,0,13,44.7,119,10.2,127,101.24,48,FALSE,0,0,0,0,0
82a80bbf6518b526d99cd1bac34be9f53494dd68,1528952087,3,4,5,0.257037,103,15,0,26,19.59,201.8,24,7,6.7,2.33333,TRUE,0,0,0,3,0
a0aaa0a0ebb6e96976c47a672a63c423d4017da4,1528952087,2,5,5,0.257037,103,15,0,26,19.59,201.8,24,6,5.7,2.5,TRUE,0,0,0,3,0
eda41e1ca9c3c8dd083196d0c6c54c52444b82cb,1528528752,2,2,1,0,2,1,1,12,16.69,251,57,1,1,0.5,FALSE,0,0,0,0,0
fc6ca2d2d3c9546ce55f236c227d53ecedaf4e5a,1528528752,2,3,1,0,2,1,1,12,16.69,251,57,0,0,0,FALSE,0,0,0,0,0
40fb76f8d12fe17b4e8e3eebe1a988d11d31e106,1528352724,2,2,1,0,2,1,1,3,16.16,266,3,1,1,0.5,FALSE,0,0,0,0,0
c29e9768e67a057a21c9b22310a2fc688d273e45,1528352724,2,3,1,0,2,1,1,3,16.16,266,3,0,0,0,FALSE,0,0,0,0,0
24f28bc5d7dd4324841209379d2823654ab9c8e7,1528234926,2,5,3,0.276053,39,1,0,6,13.09,131.67,3.33,1,1,0,TRUE,0,0,0,0,0
95f23a0d3a6612f35b40709383805a1e914c6d7f,1528234926,1,5,3,0.276053,39,1,0,6,13.09,131.67,3.33,0,0,0,TRUE,0,0,0,0,0
1df643f2002c5a31a61bff380a4c6c71d55785f5,1528214061,2,8,13,0.228725,210,102,0,2,2.21,151.38,9.38,660,461.09,188,FALSE,0,0,0,2,3
532267bf15eabddb14ad6c63a6a5476b7c0294ec,1527867475,2,3,4,0.0872874,72,15,1,2,1.58,259.75,17.75,659,463.79,187,FALSE,0,0,0,2,0
dc10531e27c4ba6cb33ff52d49eddf57b2d17b8b,1527827868,1,1,1,0,1,1,1,3,99.41,66,14,1,1,0,FALSE,0,0,0,0,0
0f20a0cd948ac920bccde0b739c063e53c86ce5c,1527827868,1,1,1,0,1,1,1,3,99.41,66,14,0,0,0,FALSE,0,0,0,0,0
b0dbf9c762cc9758bfd47fe2df9ca0215ce519b5,1527749911,1,1,1,0,62,0,0,2,0.18,368,53,658,464.06,269,TRUE,0,0,0,2,0
fc4a9f67c364830ca998e95cf0c00e15cc396fc2,1527739775,1,1,0,0,0,0,0,0,0,0,0,106,93.23,5,FALSE,0,0,0,0,0
14be9c1bf618e7eb4192e1377b9991dcc0869161,1527739775,1,1,0,0,0,0,0,0,0,0,0,105,92.23,4,FALSE,0,0,0,0,0
1c9167dc01a84625a6d87b2d88eb8127f7d13f49,1527734529,1,1,1,0,6,1,0,1,0.92,118,5,657,463.22,268,FALSE,0,0,0,0,0
c7c0e699cc779c67bd13da2b59277dc37b04ee5e,1527734125,2,3,5,0.435456,25,1,1,2,0.01,192,13.8,656,462.23,185,FALSE,0,0,0,1,0
eae5e24b2d20475d3279fcd547f64d56643c0a3f,1527733250,1,1,1,0,5,1,0,2,0.01,360,51,655,461.24,266,FALSE,0,0,0,0,0
2cae0b4ab13124747732b22e8a7b15dde03448f6,1527732662,2,4,6,0.436254,32,7,0,2,0.15,156.17,11.17,654,460.24,183.5,FALSE,0,0,0,0,0
e8ff5f5ba0e56825685e2b62d2d47fc00ceaea04,1527731787,2,3,3,0.269549,24,11,0,2,0.35,367,25.33,653,459.25,182.5,FALSE,0,0,0,2,0
542d0690a2c23c9345b0f610cf71de781e8f477b,1527719168,1,2,3,0.290338,12,0,0,2,0.25,186.67,7.67,104,91.28,26,TRUE,0,0,0,0,0
0d0d2a8d4f41b262aeb71a9d978c64c188931614,1527696096,1,1,1,0,1,3,0,8,1.07,231,50,652,458.63,263,FALSE,0,0,0,0,0
ef6d2a99ebbed1e9862ffe694e6c4154084604f5,1527694947,1,1,1,0,1,1,0,6,8.03,114,14,651,457.65,262,FALSE,0,0,0,0,0
79b498bb3ad06a461fe912c9206f23c9b4789844,1527694927,1,1,2,0.87387,9,2,0,25,5.74,467.5,65.5,650,456.65,261,FALSE,0,0,0,2,0
7a384a939687a7b9c840bd3109d13114ff09aece,1527694853,1,1,1,0,3,2,1,7,9.86,229,31,649,455.65,260,FALSE,0,0,0,0,0
1fb12e80f35d86d82414a291887faf66b19a263e,1527654975,1,1,0,0,0,0,1,0,0,0,0,648,455.07,100,FALSE,0,0,0,0,0
bcef25c261ecc78e2817e13eaf54c45613209663,1527654944,2,3,8,0.400785,30,34,0,2,0.37,197.62,12.62,647,454.07,179,FALSE,0,0,0,3,0
d0e326294034713bcbb0267f2fbedf5e6fed8d8e,1527605426,2,4,7,0.428191,45,8,1,5,0.11,213.86,15.14,646,453.59,178,FALSE,0,0,0,0,0
b7c7d65741dcd3559e91873fb1bc0647458120b0,1527603697,2,4,4,0.35495,11,11,0,23,7.18,241,33.5,645,452.6,177,TRUE,0,0,0,0,0
d98681e00487c888202f210895a9a42a2ad988d8,1527603667,1,5,4,0.742098,6,6,0,8,0.64,366.5,35.25,644,451.6,256,FALSE,0,4,0,40,8
9264f1232f7befec4b8fbfc47d82dcc2e41421b1,1527568853,0,0,0,0,0,0,0,0,0,0,0,643,450.97,0,FALSE,0,0,0,0,0
3068d76d6e09ef5ac101117b5b945e106db370bb,1527568639,1,2,3,0.308765,31,45,0,2,0.23,217.67,20.67,642,449.97,255,FALSE,0,0,0,6,0
c1d3a19579ef6aa327b9abb25a0007f331950926,1527548789,1,4,3,0.705321,1,8,1,2,2.68,245.67,25,641,449.17,254,FALSE,0,0,0,0,0
d2d30d67befd28b92b166f7a159fef2b9a4271d5,1527548562,2,7,9,0.432887,109,54,0,23,2.09,337.11,26.67,640,448.18,174.5,TRUE,0,0,0,12,2
596c54080627676e4309cf98609767b7e35f0de3,1527548479,1,1,1,0,3,2,1,2,0.66,354,44,639,447.18,252,FALSE,0,0,0,0,0
da1857506f0dccf3acdafbd02a7433a240098785,1527547914,2,5,8,0.566171,29,20,1,3,37.54,205.5,9.5,638,446.18,173,FALSE,0,0,0,1,0
523ee0fcabd194e2daf79f13ab7dd9d0b23203e1,1527528487,3,5,4,0.291834,19,9,0,29,18.27,218.5,30.5,5,4.95,1,FALSE,0,0,0,4,2
7308f84e8dac590d023aa1fa8320bd907d95e34d,1527528487,2,6,4,0.291834,19,9,0,29,18.27,218.5,30.5,4,3.95,1,FALSE,0,0,0,4,2
c600d4471bf584045b3edc0a7b080584d11d8a97,1527527727,1,2,2,0.321712,24,10,0,15,14.26,104,17,1,1,0,TRUE,0,0,0,0,0
b5118ab714b91ed0b6fe7f72c3b3e2f379d51d3b,1527527727,1,2,2,0.321712,24,10,0,15,14.26,104,17,0,0,0,TRUE,0,0,0,0,0
37b36dd790e4caa0a70c66f23b8c5cd54d8897fa,1527525925,1,2,2,0.278129,6,5,1,3,3.44,197,8.5,637,445.41,250,FALSE,0,0,0,0,0
f3ef4bb725a80fd9f70d313afae672ccde700a6a,1527525866,2,4,3,0.28189,20,21,0,8,23.99,120.67,19.33,636,444.41,193,FALSE,0,0,0,0,0
0d63879d8e68db3618b0f57637d03a9a8b2b6259,1527497921,1,2,4,0.68441,106,53,1,12,29.93,80.75,8.25,103,90.85,73,TRUE,0,0,0,2,1
6631bdaa4196b6c569aba7708f6c71ca205df4dd,1527497921,1,2,4,0.68441,106,53,1,12,29.93,80.75,8.25,102,89.85,16,TRUE,0,0,0,2,1
cd36f00624872cf0ac2a2f7d8ccdab5d5b9cff83,1527491699,1,1,1,0,2,2,1,2,0.01,354,43,635,443.76,248,FALSE,0,0,0,0,0
c3116c36897bfc5a809a24b0d41513b5573f906a,1527491517,0,0,0,0,0,0,0,0,0,0,0,634,442.76,0,TRUE,0,0,0,0,0
bd2732892a8c42cd3777f55487e7f9cb93f7853b,1527490828,1,3,3,0.0461478,2,106,0,2,0.6,363.67,30.33,633,441.77,247,TRUE,0,0,0,0,1
ab08080ffc2818685525cec766d4d5db0e90a650,1527490814,1,1,1,0,11,4,1,2,0,347,42,632,440.77,246,TRUE,0,0,0,0,0
665b23b0698d60de1bf6020f7a3338a6f347b20d,1527490516,2,3,4,0.259559,43,4,0,2,0.3,213,13.75,631,439.77,169.5,FALSE,0,0,0,1,0
9861c46b2cff1c32c5d20f33ff59441b2630ec0e,1527480034,1,1,1,0,4,4,0,1,0.7,18,1,125,103.17,31,FALSE,0,0,0,0,0
b5b6a86f830942509b5216572ea00eb2ba426a42,1527480034,1,1,1,0,4,4,0,1,0.7,18,1,124,102.17,56,FALSE,0,0,0,0,0
181a63f156e1d55056fee96ea5841b749a55470f,1527443460,1,1,30,0.478138,520,507,0,47,59.98,178.83,5,123,101.27,30,TRUE,0,0,0,0,0
52d7583a92e17bdeabddd8e9eedfc1cf2850d0d3,1527443460,1,1,30,0.478138,520,507,0,47,59.98,178.83,5,122,100.27,55,TRUE,0,0,0,0,0
f6f645ba434795850a60594e21a234dd9488917c,1527439511,1,1,1,0,0,3,0,2,0.01,548,55,630,439.28,244,FALSE,0,0,0,0,0
320f886c2708c2121ba3904bd5450f4f9a821364,1527439417,2,6,10,0.419414,91,6,0,2,0.66,90.6,5.6,629,438.28,168,FALSE,0,0,0,3,0
27b93be834cbcac4337be7df15d65188383e56f8,1527439202,1,1,1,0,1,1,0,2,13.62,112,8,628,437.29,242,FALSE,0,0,0,0,0
c8b943fb4ea34abc34663fef18ad57ed82c7e749,1527438914,1,2,4,0.639121,22,0,0,2,3.41,122.5,4,627,436.29,92,FALSE,0,0,0,0,0
4bd320feee017a8b68e9b54009bd8b374a2b7463,1527438794,1,2,2,0.812474,198,310,0,2,3.33,490.5,38,626,435.29,241,TRUE,0,0,0,15,1
7b0ac38dcedf6d8f72944804cec6407151fcf092,1527438569,1,1,1,0,8,0,0,2,6.7,583,53,625,434.29,240,FALSE,0,0,0,0,0
dc113250ce25674395c292a66184f35bbd5db04c,1527419221,1,1,1,0,18,0,1,0,0,0,0,3,2.96,0,FALSE,0,0,0,2,0
5df0451cb511fd7996f56ccfdeae3d79559b92ec,1527419221,1,1,1,0,18,0,1,0,0,0,0,2,1.96,1,FALSE,0,0,0,2,0
d3e04b5bcb9f930dfe0ce9d0891de579d5bde5cf,1527364731,1,2,4,0.336829,15,9,1,10,33.36,169,9.25,121,99.48,48,FALSE,0,0,0,4,0
0fc7399a1ae9f1e015e3594541f2ce49f4184856,1527364731,1,2,4,0.336829,15,9,1,10,33.36,169,9.25,120,98.48,54,FALSE,0,0,0,4,0
304eb5f660cfa2630e34cc60848f875a15a3ed18,1527257084,1,1,1,0,3,1,0,22,3.78,721,107,1,1,0,FALSE,0,0,0,0,0
7d52db456ff302da0be5cb965d9a851942e33a7c,1527257084,1,1,1,0,3,1,0,22,3.78,721,107,0,0,0,FALSE,0,0,0,0,0
83dfa3ea00fc1538a9e0d770f37454ca2d558d65,1527169828,1,2,2,1,6,4,0,7,28.3,57,7.5,101,89.69,72,FALSE,0,0,0,0,0
0f5ef4a9fed544fea603aa906e872159e5b76d5d,1527169828,1,2,2,1,6,4,0,7,28.3,57,7.5,100,88.69,15,FALSE,0,0,0,0,0
1cb05e036482bee05a4fef619a9a4b7a9c62b416,1527167013,1,1,1,0,5,1,1,13,2.43,575,35,119,98,29,FALSE,0,0,0,0,0
5504fa48cb10264e2436dac6d157ed2521888dae,1527167013,1,1,1,0,5,1,1,13,2.43,575,35,118,97,53,FALSE,0,0,0,0,0
16149185bdd386cf478b08629fd2776dce76c943,1527086962,2,2,2,0.653106,33,8,1,11,14.41,160.5,28.5,1,1,0,TRUE,0,0,0,3,0
90617547412b341ca10dcc19ca56de5fa85fb449,1527086962,1,2,2,0.653106,33,8,1,11,14.41,160.5,28.5,0,0,0,TRUE,0,0,0,3,0
18967d7cd910631c132b5a9cedc73857ee9aaaa1,1527003797,1,4,2,0.57938,12,3,1,8,12.55,133,7.5,116,95.42,52,TRUE,0,0,0,0,0
099a98ed46fcad8f0ad9725a2d8976c8b9d4a448,1527003797,2,4,2,0.57938,12,3,1,8,12.55,133,7.5,117,96.42,37.5,TRUE,0,0,0,0,0
83907d8b4e2855406964b02b336c85ac6ab0fa26,1527002571,1,1,0,0,0,0,1,0,0,0,0,115,94.43,27,FALSE,0,0,0,0,0
6c3278550a45fa54f4ba50388e9538cd7b4fe49d,1527002571,1,1,0,0,0,0,1,0,0,0,0,114,93.43,51,FALSE,0,0,0,0,0
d689fde1ba2d7953264b012874010238bbcdc9a9,1527001026,1,1,1,0,7,3,0,6,106.56,110,13,113,92.43,46,FALSE,0,0,0,1,0
9da3e06fb3546cb961150be28297a90e77af52d0,1527001026,1,1,1,0,7,3,0,6,106.56,110,13,112,91.43,50,FALSE,0,0,0,1,0
1e9556c0054e749a1659d222f2816956949654ff,1527000568,1,1,1,0,4,2,0,7,1.82,75,11,1,1,0,FALSE,0,0,0,0,0
5b67856044239b16a506bfc842ce98b417dba3e5,1527000568,1,1,1,0,4,2,0,7,1.82,75,11,0,0,0,FALSE,0,0,0,0,0
cbddecab2baddca3576dea3b7f829c19d51f3a30,1526966975,1,1,1,0,3,5,1,3,0.12,284,7,624,438,239,FALSE,0,0,0,0,0
7a7685358287dee4507168d3162d9790fdec4062,1526960246,0,0,0,0,0,0,0,0,0,0,0,623,437.07,0,FALSE,0,0,0,0,0
3988ffcf66033722c41d767e714ed1a01b572b27,1526957140,2,2,2,0.87387,21,1,0,14,17.9,297.5,20.5,11,8.37,5,TRUE,0,0,0,1,1
0d9f0f7a6bced800736d912e01375c0ec10ff3d1,1526957140,1,2,2,0.87387,21,1,0,14,17.9,297.5,20.5,10,7.37,5,TRUE,0,0,0,1,1
46fb97a2d079e1769422f8525eb5d3d1eac0bfcc,1526956886,1,1,1,0,4,0,1,2,15.31,262,2,1,1,0,TRUE,0,0,0,0,0
0ef05f5d862b6798d2f1fc7a2fd60d081a2cbc1d,1526956886,1,1,1,0,4,0,1,2,15.31,262,2,0,0,0,FALSE,0,0,0,0,0
af4cd330e91197fd88d826fd17440452f64e5c8a,1526930169,3,3,4,0.276221,69,13,0,27,38.25,388.5,31.5,111,90.6,38.6667,FALSE,0,0,0,14,0
3ee96d6787e348812bdb13c2f7ec996ec2de591e,1526930169,2,4,4,0.276221,69,13,0,27,38.25,388.5,31.5,110,89.6,46.5,FALSE,0,0,0,14,0
c796181eda5bf51c3dae8d24e035175fbe7d75e4,1526870812,1,1,1,0,6,0,1,2,0.21,401,44,622,436.97,238,FALSE,0,0,0,0,0
3fb22e27b56fdd6c65ed76c9f24fa30e7315e7b2,1526863388,1,1,1,0,31,31,0,1,0.12,111,2,621,436.05,237,FALSE,0,0,0,6,0
eb830059eae41a1f74fe2cd20a4d4217bb1bea23,1526863290,1,1,1,0,0,2,0,2,0.12,392,39,620,435.05,236,FALSE,0,0,0,0,0
7febf844aa16a5f54e54c5cc21e2eefb42c89af6,1526859903,1,1,1,0,3,3,0,2,0.06,583,52,619,434.08,235,FALSE,0,0,0,0,0
13c4fc1ac8f0d96e13f50e59d65a6f3810b38792,1526854590,1,2,4,0.115647,36,178,0,2,0.45,203,13,618,433.13,234,TRUE,0,0,0,7,0
129ae33f27aa1639f437b5811c1017aa7c9d3a16,1526853415,1,1,1,0,2,2,1,1,0.01,111,1,617,432.15,233,FALSE,0,0,0,0,0
976d666cf28e84275cef409b643570970bd212da,1526852861,1,1,1,0,2,3,0,2,0,402,43,616,431.15,232,FALSE,0,0,0,0,0
9c7073d69ea9d780a293cf76fc6a2f9f0e39ad3a,1526852816,2,2,1,0,9,4,0,2,0.99,397,42,615,430.15,183.5,FALSE,0,0,0,0,0
c3f92032719f93b4f2acd98c9785f69699a90b8e,1526852761,1,3,3,0.193391,116,100,0,8,0.13,243.33,26.33,614,429.15,230,TRUE,0,0,0,9,0
f74331721479e29af84dc72487672aeabfaf8657,1526843554,1,1,1,0,2,4,1,6,14,77,10,1,1,0,FALSE,0,0,0,4,2
01efc10758a7eb2c70b104ea87a4bc15b623ac9f,1526843554,1,1,1,0,2,4,1,6,14,77,10,0,0,0,FALSE,0,0,0,4,2
63e714c20248ee8f510547ae3950e5e6c899e09e,1526843449,1,1,1,0,1,1,0,2,14,39,2,0,0,0,FALSE,0,0,0,0,0
15eb885f5b696f831194199dc75e5dc91b84d5e0,1526843449,1,1,1,0,1,1,0,2,14,39,2,1,1,0,FALSE,0,0,0,0,0
33ed91349d32a4011acf1bd90d4e3c362998118b,1526843254,1,1,1,0,1,1,0,8,19.19,229,30,1,1,0,FALSE,0,0,0,0,0
224379781484ff9bdf62913302daca5b45b4474f,1526843254,1,1,1,0,1,1,0,8,19.19,229,30,0,0,0,FALSE,0,0,0,0,0
be908a2b25cad71dc24316a04e79a0eb0a4477d9,1526835778,1,3,3,0.23991,55,64,0,8,0.33,264,26,613,428.32,229,FALSE,0,0,0,2,0
e4127816631c57d4ebad1e5f6955b196e5802eb7,1526793459,1,4,4,0.186059,77,45,0,19,3.5,386.25,31,612,427.73,228,TRUE,0,0,0,0,0
efcd80e5c117391600dfb1d7c6110821f26b5539,1526780430,1,3,4,0.26928,36,35,1,8,0.15,379.75,26,611,426.86,227,FALSE,0,0,0,1,0
b2a08c4ac1e05b182e5cde73f8dc0e9f4dcdf133,1526768109,1,1,1,0,1,1,0,5,45.62,32,9,3,2.93,1,FALSE,0,0,0,0,0
ae8286fc12570c0f848db45eaa3fbc1d52de15d3,1526768109,1,1,1,0,1,1,0,5,45.62,32,9,2,1.93,1,FALSE,0,0,0,0,0
bfc6d32cbe5427042d986e3a476d14e51c1627ee,1526767083,2,6,8,0.388749,386,113,0,24,11.83,374.5,27.25,610,425.99,180.5,TRUE,0,0,0,10,2
08f938919e4c4008d810170e0b8a4a3fccf27242,1526493140,1,1,1,0,2,2,0,18,15.09,176,24,109,89.64,44,FALSE,0,0,0,2,2
3178dada2ee7afd0f61db1c233a5edd1f3bafd9e,1526493140,1,1,1,0,2,2,0,18,15.09,176,24,108,88.64,48,FALSE,0,0,0,2,2
30f7a64c965aa3b594464839f82481f50a25eb51,1526263095,0,0,0,0,0,0,0,0,0,0,0,609,429.95,0,FALSE,0,0,0,0,0
9326f813d64e702797655a20ca5e5df984366ef5,1526262973,1,1,1,0,2,0,0,21,7.1,720,113,608,428.95,225,FALSE,0,0,0,0,0
f79afac941839aecd8926bbc94fd6b8096cd4a2a,1526262940,1,1,1,0,10,0,0,2,0,338,40,607,427.95,224,TRUE,0,0,0,0,0
e9009d9f6d097f3c8a2f992692dae0bc071d8050,1526262920,1,1,1,0,23,11,0,2,0,406,33,606,426.95,223,FALSE,0,0,0,3,0
09442fdc4f01eddae55c33b0b7702838eb352b21,1526262892,1,2,2,0.375678,15,66,0,2,0,397.5,27,605,425.95,222,FALSE,0,0,0,3,2
6f40a4a16157908a7fcdd76830783a5029e1cdde,1526262812,1,1,1,0,23,0,0,2,0,314,38,604,424.95,221,FALSE,0,0,0,3,3
6978bde36d707190257545c2f248fd82d7016066,1526262776,1,2,2,0.605034,21,8,1,2,10.66,237.5,15.5,603,423.95,220,FALSE,0,0,0,1,1
9ccaaf328eb9d49a3e37f4a33e19a8e8bc02d66b,1526262722,1,3,5,0.24668,91,36,1,11,21.27,211.2,18,602,422.95,219,FALSE,0,0,0,6,0
6d796b554a0f0bb4b14a77fca4d7a1746868afbb,1526262531,1,1,2,0.805983,4,3,0,12,3.64,98,20,601,421.96,218,FALSE,0,0,0,0,0
b9b35236fcd7fa539517d96795b89e58348617ee,1526262460,1,1,1,0,8,0,0,2,0,561,46,600,420.96,217,FALSE,0,2,0,1,0
d743a8ce9c4cb5312a860ba106b0134158100160,1526262412,1,1,1,0,9,9,1,2,7.27,278,4,599,419.96,216,FALSE,0,0,0,1,0
50af24d54b9b90f904116676599398b15d5097f3,1526262398,1,2,2,0.210758,9,5,0,8,2.73,163.5,21.5,598,418.96,215,FALSE,0,0,0,0,0
b9ae75bf9db2947e2230f63ea4cf125dedf84ed1,1526262331,1,1,2,0.710806,24,17,1,5,8.2,305.5,30,597,417.96,214,FALSE,0,0,0,1,0
644b1450d190fa8067c34d664870c81d83559ffe,1526262141,1,2,6,0.306343,55,44,0,22,41.42,348.33,14.83,596,416.96,91,FALSE,0,0,0,1,2
97bcd4bb28979f91b599d0a9336eed75ec4ea3f9,1526262106,1,2,9,0.636452,28,28,0,13,8.17,63.11,5.33,595,415.96,213,FALSE,0,0,0,3,2
e7df99decb2484d08b4f613ec6dc2ebe4bf9e969,1526049547,1,1,0,0,0,0,0,0,0,0,0,107,88.69,43,FALSE,0,0,0,0,0
60586bd6c0987322d7e015b165cdb96989690714,1526049547,2,2,0,0,0,0,0,0,0,0,0,106,87.69,44.5,FALSE,0,0,0,0,0
59626051d0be7335147703d31d65212cd2d5eeaa,1526049425,1,1,3,0.340236,16,6,0,27,5.78,409.67,48.67,105,86.69,43,FALSE,0,0,0,2,0
9e7c906e7114f603492a3e4f97cf2ee8d5c5b5d5,1526049425,1,1,3,0.340236,16,6,0,27,5.78,409.67,48.67,104,85.69,46,FALSE,0,0,0,2,0
db07fa5f4d5ee7405fec3ca17e86ed451b27d63a,1525837764,2,2,2,0.0938447,26,3,1,22,2.27,572,36,1,1,0,TRUE,0,0,0,2,0
fad573a4db16ca49fab53d2effbaa039d369d7d8,1525837764,1,2,2,0.0938447,26,3,1,22,2.27,572,36,0,0,0,TRUE,0,0,0,2,0
dfb4d7d8e56fb034f57d9a15dde26d1359ada8a6,1525790138,1,2,2,0.608022,11,15,0,13,1.33,261.5,27,99,91.29,71,FALSE,0,0,0,0,0
d3844a4075241736a2e33b737a8dee9ba6864ea4,1525727628,1,1,1,0,20,13,0,2,0.01,444,30,98,90.46,70,FALSE,0,0,0,0,0
79e00ed8b8be719be8321c4c37732922d5e475d2,1525726686,1,2,2,0.233475,15,17,0,2,2.9,354,24.5,97,89.47,69,TRUE,0,0,0,2,0
3a4a39282b9ace799649433442986d070a2e8dbb,1525715609,1,2,2,0.57938,4,2,0,8,3.86,381,38.5,96,88.49,68,TRUE,0,0,0,2,0
9abcf8ae7e020e213e3918ae733c6d6b1e1f8de3,1525715359,0,0,0,0,0,0,0,0,0,0,0,95,87.5,0,TRUE,0,0,0,0,0
87b1ea9818ae0bafaf05b5cd57bdb7d8d96dfbe8,1525656949,2,3,3,0.342444,69,0,0,7,4.26,70,5,103,85.59,33.5,TRUE,0,0,0,0,1
5e75ec5913fe528ddbebc6b000d85d70940572f1,1525656949,1,3,3,0.342444,69,0,0,7,4.26,70,5,102,84.59,45,TRUE,0,0,0,0,1
d8db6bae08342764b3989187ad868c4717310481,1525649793,2,3,5,0.293314,53,5,1,32,0.09,323.6,28,594,420.85,151,TRUE,0,0,0,6,1
2f5ac0169503cce51abcc309a2b32aa12c4a0c5f,1525649793,1,3,5,0.293314,53,5,1,32,0.09,323.6,28,593,419.85,220,TRUE,0,0,0,6,1
adeee429b60da2c7073d0e3b280b588cf22ce03e,1525634332,1,1,1,0,11,3,0,22,0,705,103,592,419,211,FALSE,0,0,0,0,0
3dbb6947421486e4921ef5313f5bef1f56479126,1525634332,1,1,1,0,11,3,0,22,0,705,103,591,418,219,FALSE,0,0,0,0,0
2f7be14aa9eea3fa9e8ee61591c001937d9757a1,1525634246,2,5,30,0.781771,133,103,0,50,44,119.27,8.07,590,417,149.5,TRUE,0,0,0,3,0
dd3ea464f5efe1a35259f5d30f8793f6f2e2b28b,1525634246,1,5,30,0.781771,133,103,0,50,44,119.27,8.07,589,416,218,TRUE,0,0,0,3,0
959d6b4c4eb26c91f65ad5fee8499c32f1e5f786,1525624399,1,4,4,0.504618,29,8,1,22,35.77,334.75,15.5,93,85.73,14,FALSE,0,0,0,5,4
98a293f79bf822bca5f97db9155ee30ddaa03632,1525624399,2,4,4,0.504618,29,8,1,22,35.77,334.75,15.5,94,86.73,46,FALSE,0,0,0,5,4
15017f8762ef7a50a608e9ab86afd81bc6a5c9c4,1525624253,1,1,1,0,3,0,0,15,5.06,198,20,0,0,0,FALSE,0,0,0,0,0
0b3d80fe811d53f17f0bdad6fb83a0e31cad029c,1525624253,1,1,1,0,3,0,0,15,5.06,198,20,1,1,0,FALSE,0,0,0,0,0
390c46dd85fc8db57309902b250865b9f45cae14,1525568739,1,1,0,0,0,0,0,0,0,0,0,101,83.79,3,FALSE,0,0,0,0,0
48fab2861fa7cec9a76081a028b84372722ab824,1525568739,1,1,0,0,0,0,0,0,0,0,0,100,82.79,2,FALSE,0,0,0,0,0
b1dbe38fea1658e758aa722becc4ff716497cf13,1525476058,1,3,4,0.285632,83,13,0,6,8.59,238.5,20,92,85.11,66,TRUE,0,0,0,0,0
cf1a37fc811ea93448160d456789f3d5dbe4a9ee,1525464410,0,0,0,0,0,0,0,0,0,0,0,91,84.14,0,TRUE,0,0,0,0,0
cb0d4ebdad0c1354176ff10bba1d43f1683d9a63,1525464357,2,4,4,0.504618,8,29,1,20,0.88,337,15.5,90,83.14,44.5,FALSE,0,0,0,5,4
d795034f279b73fee5977bb28cc9e27656167538,1525464098,0,0,0,0,0,0,0,0,0,0,0,89,82.14,0,TRUE,0,0,0,0,0
ef0187ee9811f1ac10614e2a08f35264600775a9,1525392673,1,1,0,0,0,0,0,0,0,0,0,587,416.33,217,FALSE,0,0,0,0,0
f226d260cd1161c72fef229534e9f2405b031d45,1525392673,1,1,0,0,0,0,0,0,0,0,0,588,417.33,134,FALSE,0,0,0,0,0
218e97e79b9a03770528a3d0b0b8430817225277,1525392518,1,4,4,0.471676,26,2,1,22,0.55,284.5,17.75,585,414.33,216,TRUE,0,0,0,2,2
674b17d732c492c847fbbc943ab44adab2e78625,1525392518,2,4,4,0.471676,26,2,1,22,0.55,284.5,17.75,586,415.33,148.5,TRUE,0,0,0,2,2
1e24cb9809dc33f407b15511f19dc1e6a419ed4c,1525388219,2,4,4,0.504618,29,8,1,22,33.91,331.75,15.25,88,81.32,43.5,TRUE,0,0,0,5,4
57be4e6d068e51663f1abd11ef210217f6f16de3,1525373536,1,1,0,0,0,0,0,0,0,0,0,584,413.51,133,FALSE,0,0,0,0,0
7254d29f60af7052ce5dec677469c8ae9e474041,1525373536,1,1,0,0,0,0,0,0,0,0,0,583,412.51,215,FALSE,0,0,0,0,0
405bae0d10adf1f05008a44c84530f5bfe2b52c3,1525373238,1,1,0,0,0,0,0,0,0,0,0,582,411.52,132,FALSE,0,0,0,0,0
62d4755488e5402fad68e0aa80c8ac4a5109c6ec,1525373238,1,1,0,0,0,0,0,0,0,0,0,581,410.52,131,FALSE,0,0,0,0,0
1febbc7d3fd456aa0d4a7cb557c5c72ad46e2aa4,1525371773,1,1,1,0,2,1,0,1,0,137,3,580,409.53,208,FALSE,0,0,0,0,0
448dcf3785fc2a2379e4177f515e25867fac996c,1525371773,1,1,1,0,2,1,0,1,0,137,3,579,408.53,214,TRUE,0,0,0,0,0
6042f796df3b9ea526196c10a1676543931dbbd0,1525371501,1,1,1,0,1,1,0,1,0.49,137,2,578,407.53,207,FALSE,0,0,0,0,0
12e165fad1b62fd0665de4539fbcc0ec351d51a8,1525371501,1,1,1,0,1,1,0,1,0.49,137,2,577,406.53,213,FALSE,0,0,0,0,0
5e57b81b6064bfdc91c9e72c9b0d1e071adb1da1,1525366116,1,1,1,0,7,1,1,5,2.08,268,30,0,0,0,FALSE,0,0,0,0,0
55e27e0b9f83f3588685de8bcba18167e49c3b1f,1525366116,1,1,1,0,7,1,1,5,2.08,268,30,1,1,0,FALSE,0,0,0,0,0
6cc6218f73b514f5cdf1e67adefed513a152801f,1525329564,1,1,1,0,14,1,0,1,0.05,124,1,576,405.92,206,FALSE,0,0,0,0,0
4d65be1540bddd41cac5d3471e40537ba2761f5d,1525329564,1,1,1,0,14,1,0,1,0.05,124,1,575,404.92,212,FALSE,0,0,0,0,0
a176dedc3ec60e88f8899614377d3f1fabe54ef7,1525328620,2,4,8,0.598519,114,26,0,22,9.41,159.5,9.12,87,80.46,42.5,TRUE,0,0,0,4,0
c171f24e1a608a11c46c43a307376a7f71d53d50,1525328620,1,4,8,0.598519,114,26,0,22,9.41,159.5,9.12,86,79.46,13,TRUE,0,0,0,4,0
d67b76c8c62792f37ca5e5071be533198093f1ae,1525325122,1,1,2,0.173976,131,10,0,22,0.8,352,50.5,574,403.96,205,FALSE,0,0,0,6,2
b160783cf3bc38fdd729b93d4d8e516c33c33cfd,1525325122,1,1,2,0.173976,131,10,0,22,0.8,352,50.5,573,402.96,211,FALSE,0,0,0,6,2
f75941c3cfeb189578e3f2f9579dc9909da1d7c0,1525283389,2,2,2,0.600605,5,30,1,22,1.11,664,29.5,572,402.35,145.5,TRUE,0,0,0,2,3
2a2e91eae6c848a4d1f0c831c09bc84557eccbf0,1525283389,1,2,2,0.600605,5,30,1,22,1.11,664,29.5,571,401.35,210,TRUE,0,0,0,2,3
e905ff196f093862c495cf7b0d9967237cae8e47,1525283134,1,1,1,0,3,1,0,12,3.88,448,16,570,400.35,86,FALSE,0,0,0,0,0
8556b47d4b8d4bf2ac0f73aec957fbb37fc49612,1525283134,1,1,1,0,3,1,0,12,3.88,448,16,569,399.35,209,TRUE,0,0,0,0,0
12f48d7d7982deb052bffef98630063e047d035b,1525191247,1,1,0,0,0,0,0,0,0,0,0,567,398.19,129,FALSE,0,0,0,0,0
b04b223046619f2fab3230e5ff4371818f0de92f,1525191247,1,1,0,0,0,0,0,0,0,0,0,568,399.19,130,FALSE,0,0,0,0,0
b032b859a1bcc4f3e734576c704afb52821235fc,1525189297,2,4,5,0.505446,13,3,1,33,23.05,247.6,15,3,2.88,0.5,TRUE,0,0,0,0,0
86a26daf44cb367fc5e4af1d35d87609b74e0d09,1525189297,1,4,5,0.505446,13,3,1,33,23.05,247.6,15,2,1.88,1,TRUE,0,0,0,0,0
a36b9124b559d65a724da74f2611a15d3122626f,1525187445,1,2,4,0.518352,10,10,1,12,22.04,61.25,7,1,1,0,FALSE,0,0,0,0,0
3cb989ef09e0810cad0b444703a6cd8da2c2750d,1525187445,1,2,4,0.518352,10,10,1,12,22.04,61.25,7,0,0,0,FALSE,0,0,0,0,0
ec98a951393587a6e1002035c56b3e41134be844,1525186864,3,4,1,0,4,8,0,1,2.55,22,2,99,82.64,35.3333,FALSE,0,0,0,0,0
96c1c37feca9b0f0d0bf4a125734d26033323f71,1525186864,2,5,1,0,4,8,0,1,2.55,22,2,98,81.64,42,FALSE,0,0,0,0,0
3120969853275cb87f619d238461f74979ede5ee,1525186811,1,4,13,0.523665,202,74,0,35,22.71,174.31,12.23,565,396.23,208,TRUE,0,0,0,9,0
7cbbeef2bf5b6e2d83af55344218da72006d325c,1525186811,2,4,13,0.523665,202,74,0,35,22.71,174.31,12.23,566,397.23,144,TRUE,0,0,0,9,0
9ecbf061bb7f6b49aa2675c614a5f20d0a426a71,1525185563,1,17,18,0.278881,169,21,0,22,6.94,112.22,4,563,394.24,207,TRUE,0,0,0,3,3
d517132890318586c0ccd45905dc66bf52425844,1525185563,2,17,18,0.278881,169,21,0,22,6.94,112.22,4,564,395.24,143,TRUE,0,0,0,3,3
2af3fe3bb6d241d077f216c4bb711c59aa4069d0,1525185403,3,6,7,0.347095,70,2,0,36,9.39,285,21.71,1,1,0.333333,TRUE,0,0,1,3,3
d9502ddfe76c190275efaa9471aef308b4db6d05,1525185403,2,6,7,0.347095,70,2,0,36,9.39,285,21.71,0,0,0,TRUE,0,0,1,3,3
5725c496081c6b169b0d9b263ad62327faeff705,1525180898,1,1,1,0,5,3,0,2,0.92,208,34,85,78.81,62,FALSE,0,0,0,0,0
2076f06ea85326fba0b4a2cb2872664222e7a3a0,1525133785,1,1,1,0,5,1,0,2,0.04,435,27,84,77.92,61,FALSE,0,0,0,0,0
4a89527401fec75595d98562438341fa21132521,1525130466,1,2,3,0.500854,133,76,0,2,0.18,358.67,18.33,83,76.93,60,TRUE,0,0,0,8,0
f04151cae856b07334da778c5807753596e95256,1525121019,1,1,2,0.0593385,132,1,0,2,0.93,252.5,21,82,75.95,59,FALSE,0,0,0,4,0
627cfa613d1748d19a5c129ee5bd76c888205d8b,1525101494,2,3,5,0.488796,40,6,1,2,8.93,125.6,8.8,81,75,39.5,FALSE,0,0,0,0,0
9f0d0ed6ce8e41a3f4b6717618c36c4d8ad2abeb,1525100963,1,1,1,0,4,4,0,2,0.81,280,2,80,74,57,TRUE,0,0,0,0,0
f6db4bc61ec13e4a2b5d660c4bbd48fd70051556,1525031254,1,1,1,0,20,2,1,1,32.69,262,1,79,73.15,56,TRUE,0,0,0,1,0
e8ba82009410c8048a0f9d8c38d8b8e4e91a8006,1525031232,1,1,1,0,13,8,1,4,110.53,76,11,78,72.15,55,TRUE,0,0,0,0,0
971a2691ea441b75c2ddc911d5f00a035a840982,1525016866,1,1,1,0,1,1,0,2,1.75,2,2,77,71.18,20,FALSE,0,0,0,0,0
08a0fb5fb377590c959fc374077031729db03d9c,1525011833,1,4,5,0.490543,33,2,0,20,13.26,188.8,17.2,96,80.03,43,TRUE,0,0,0,0,0
fb6912da20b377be33ea82442579a0244f27ad37,1525011833,2,4,5,0.490543,33,2,0,20,13.26,188.8,17.2,97,81.03,31.5,TRUE,0,0,0,0,0
19b9fc67878f189df3a8b8e104245ddcb644436d,1524968418,2,4,6,0.237717,142,48,1,31,20.76,375.17,23.17,95,79.12,30.5,TRUE,0,0,0,3,1
79e8784fa6eee8e79d44e7983f00bdb3a195e4d8,1524968418,1,4,6,0.237717,142,48,1,31,20.76,375.17,23.17,94,78.12,42,TRUE,0,0,0,3,1
ac3f8ca61b5045d3a3e77a136befe0ac48f81176,1524966940,2,3,3,0.273521,22,0,0,13,23.96,191.33,10.33,93,77.12,29.5,TRUE,0,0,0,0,0
f75cc44a3f67899bfce59554a697e46a2e55cfcb,1524966940,1,3,3,0.273521,22,0,0,13,23.96,191.33,10.33,92,76.12,41,TRUE,0,0,0,0,0
7142473855205f2f44d3090b1552d3c75dd67d5d,1524960287,1,1,1,0,4,0,0,2,0.06,501,41,76,70.3,54,TRUE,0,0,0,1,0
265d105cb46832fb9f5bdecbeddc9226e719f940,1524955385,1,3,3,0.185953,58,27,1,2,1.79,305,17,75,69.31,53,FALSE,0,0,0,7,0
1a688cd7684262d55f37eebe6993506f3040ecf6,1524947955,2,2,2,0.405639,6,2,0,22,31.65,310.5,16,1,1,0,FALSE,0,0,0,1,1
8cfe0e267b8836d3653c5c9eeae405dd9d9f5015,1524947955,1,2,2,0.405639,6,2,0,22,31.65,310.5,16,0,0,0,FALSE,0,0,0,1,1
c2a27a30e4775663f8b9cbe4d809185381ed7495,1524939971,1,2,2,0.805983,53,31,1,2,0.03,434.5,25,74,68.34,52,TRUE,0,0,0,4,0
f51883fb0b73089203829f758ef2c42140371e41,1524938049,1,1,1,0,0,72,0,2,0.85,272,32,73,67.35,51,FALSE,0,0,0,2,0
1b94fe28eff81f69d61cb9f137556b9878cc311c,1524937709,1,2,2,0.788751,123,88,1,2,2.33,417,24.5,72,66.35,50,TRUE,0,0,0,8,0
6e996e5c9afde1a8a07c2623818321788a8d3fce,1524937664,1,2,4,0.639121,22,0,1,2,0,120.25,3.5,71,65.35,19,FALSE,0,0,0,0,0
8333e8945acdee1ca54574a635a5bc4ce36445f4,1524935939,1,1,2,0.495023,14,3,0,9,5.29,352.5,16.5,70,64.35,18,FALSE,0,0,0,1,0
3fe54a690bc8a33ddf0f458893ba108af3329db3,1524931113,1,1,1,0,2,3,0,1,12.92,142,1,91,75.2,37,FALSE,0,0,0,0,0
c12bc1e4c9e5f9e6cec74484157245a28a4273d4,1524931113,1,1,1,0,2,3,0,1,12.92,142,1,90,74.2,40,FALSE,0,0,0,0,0
a3b09a556098c6722b61de7dc1a32fce6b14db73,1524929657,1,4,7,0.756335,26,22,0,30,17.09,217.14,22.14,69,63.36,49,FALSE,0,0,0,7,4
0ec5fd88dfcf049d8b8532f2924a1523994f0134,1524865643,1,1,1,0,1,1,0,1,19.6,2,1,68,62.48,17,FALSE,0,0,0,0,0
4402c0db3b1554e85d53fc9796ce3e4d18056c72,1524865590,1,1,1,0,1,1,1,2,0.02,311,21,67,61.48,48,FALSE,0,0,0,0,0
c6bac3ca50bb1771b3caa209c741aff5cf7c4fa5,1524864291,1,2,2,0.101454,26,1,0,2,2.93,279,19,66,60.48,47,TRUE,0,0,0,1,0
9064b3b6b34cba08d6c33e5d88298485b1ee87f7,1524838870,1,1,1,0,3,2,0,14,34.42,194,17,89,73.38,36,FALSE,0,0,0,3,0
42be29b1e0ad6f919dee6ed2f35bdc756f916a10,1524838870,1,1,1,0,3,2,0,14,34.42,194,17,88,72.38,39,FALSE,0,0,0,3,0
31190cff9444f8907bb1e854db1af1be68363f39,1524838821,2,3,2,0.763543,34,0,0,5,3.04,116.5,5,87,71.38,27.5,TRUE,0,0,0,1,0
83a1bfcf85162d2dea75c9d0ac0590d6ed287085,1524838821,1,3,2,0.763543,34,0,0,5,3.04,116.5,5,86,70.38,38,TRUE,0,0,0,1,0
e9b249cdc3b9b819c324077c61bd94ac9c429ce3,1524838207,1,1,1,0,1,1,0,4,30.4,127,4,562,396.38,201,FALSE,0,0,0,0,0
a688a9d032d49abf1efd4b0a5ab6aff1b1965678,1524838207,1,1,1,0,1,1,0,4,30.4,127,4,561,395.38,206,FALSE,0,0,0,0,0
0d984a563f72798cc0c08e9a27bc0e6e077a0b47,1524664168,1,1,1,0,44,47,0,1,9.83,284,1,85,69.7,34,FALSE,0,0,0,0,0
f4d1e6611e337f39d7437dc717cd0b2e00fd3800,1524664168,1,1,1,0,44,47,0,1,9.83,284,1,84,68.7,37,FALSE,0,0,0,0,0
ee30bd7710e7c5dbb6f1bc099d975c80d3b2d6cb,1524663923,2,2,0,0,0,0,0,0,0,0,0,82,66.7,37,FALSE,0,0,0,0,0
06999a08f252b40344f75c5956c04c107d5502f5,1524663923,1,1,0,0,0,0,0,0,0,0,0,83,67.7,39,FALSE,0,0,0,0,0
2ef1f7b3d1961d4e403e5a29125c5f462267fcef,1524611044,1,2,2,0.101454,1,26,0,2,0.01,291.5,18.5,65,59.94,46,FALSE,0,0,0,1,0
945f1de95c1c31be8aafb6f00fdc8eba732ce796,1524610978,1,1,1,0,2,2,1,2,0.04,272,29,64,58.94,45,TRUE,0,0,0,0,0
38b7e17156578d374e1c3772283dbd18f6edae21,1524610053,1,1,1,0,50,4,0,2,0.03,265,18,63,57.94,44,TRUE,0,0,0,0,0
eee8fa4ba82bbb2905243e4e8d7b0a82928584b7,1524607181,1,3,3,0.700291,102,36,0,2,0.24,331.33,17.33,62,56.94,43,TRUE,0,0,0,10,2
defd105e6a3fcd134ec45d9bca30d9459d63dff0,1524599178,1,2,2,0.101454,26,1,0,2,0.45,226,16.5,61,55.96,42,FALSE,0,0,0,1,0
11a788247c4e4d2abfba33d56e47c8422b75c447,1524578053,1,1,1,0,2,2,0,5,91.27,59,9,81,65.85,33,FALSE,0,0,0,0,0
27f3c85d14f5d5efd1aa4eeddf587620301b8c09,1524578053,1,1,1,0,2,2,0,5,91.27,59,9,80,64.85,35,FALSE,0,0,0,0,0
7a2ba16de58a11f84e37b62537c4a1cc54f3f478,1524576014,2,4,6,0.382326,64,2,1,6,20.92,65.33,2.33,1,1,0,TRUE,0,0,0,0,2
512d680628bae6138d355f6d902123312353be56,1524576014,1,4,6,0.382326,64,2,1,6,20.92,65.33,2.33,0,0,0,TRUE,0,0,0,0,2
c9add7cdb9440aa702a761e902da5718ee4a7768,1524560205,1,1,1,0,13,16,1,2,0.44,520,36,60,55.02,41,TRUE,0,0,0,3,0
156480131cb50edf918bf19f9662753e9aea9262,1524560179,1,1,1,0,3,0,0,2,0.43,191,15,59,54.02,40,FALSE,0,0,0,0,0
1ec53aeffb076275ae6200246cf44f3f0c0abc13,1524560154,1,1,1,0,24,1,0,2,0.43,235,26,58,53.02,39,TRUE,0,0,0,0,0
f7978a93b4acf84874ee58d126eb8e76b7b6680b,1524560128,1,1,1,0,2,2,0,4,27.24,176,17,57,52.02,38,FALSE,0,0,0,0,0
a7ce45e8bef16e7082cd812a4cd2b595a4cfa6c7,1524522787,1,2,2,0.299184,2,29,0,2,0.01,226.5,15,56,51.08,37,FALSE,0,0,0,1,0
1db6af03f5aa9148780c7749cff6c752890b0540,1524522050,2,7,9,0.268594,188,99,1,4,3.88,158.67,6.33,55,50.08,26,TRUE,0,0,0,9,1
66b4232725b1c66e6fd4824ddfc1b0bcdd35a7db,1524498574,2,4,4,0.407274,60,37,0,2,5.19,343.5,12.25,560,397.47,141.5,TRUE,0,0,0,1,0
3dd775894294d900621860bf97b56d1338638783,1524435642,1,1,1,0,5,1,1,9,0.38,223,20,54,49.2,15,FALSE,0,0,0,0,0
34813b26194527af54703e8753f6b4f529d0a59f,1524403425,1,1,1,0,1,5,0,2,0.01,492,33,53,48.25,35,TRUE,0,0,0,1,0
bd8d9bdaed2d83addc5960811525ff41d4401b53,1524402464,1,1,1,0,2,18,1,9,0.65,239,19,52,47.25,14,TRUE,0,0,0,0,0
18a0fa800f2615f8ccd6df9b6a293aeba56201b0,1524402187,1,1,1,0,2,1,0,2,0.66,491,32,51,46.25,34,FALSE,0,0,0,2,0
a4d86db444ef4bd68c5b9c320574bc55420b3d62,1524345994,1,1,1,0,13,3,1,9,0.01,229,18,50,45.33,13,TRUE,0,0,0,0,0
200a9a778235a8e96ff34142b7117a2aa696a576,1524345047,1,1,1,0,4,2,1,9,13.57,227,17,49,44.33,12,TRUE,0,0,0,0,0
e147e17608eadd2fb2631fb5ed67d876e5bc77f0,1524345034,1,1,1,0,4,1,0,2,0.1,488,31,48,43.33,33,FALSE,0,0,0,1,0
3040363aa010454fd66563ff9a2aa6ea1fa90ff9,1524345014,1,1,1,0,1,1,1,2,0.1,249,22,47,42.33,32,TRUE,0,0,0,4,0
5a6984ad6a9c1ff9687cdf0f24a3ba1cbf361ed9,1524336260,2,4,4,0.155289,40,26,1,2,9.32,182.25,9.75,46,41.34,21,TRUE,0,0,0,1,0
e6ea095bd38a10f5f01d65730499e0078a687af1,1523945970,1,1,1,0,7,8,0,2,1.29,249,20,45,40.81,30,TRUE,0,0,0,3,0
bb7f4aa576ca65d26331412db05cf6cef08a7f5e,1523899757,1,1,0,0,0,0,0,0,0,0,0,79,65.02,37,FALSE,0,0,0,0,0
18d795febbfa4404ef15443213d58839a380f5f9,1523899757,1,1,0,0,0,0,0,0,0,0,0,78,64.02,36,FALSE,0,0,0,0,0
9bc914f8ec6c404a3e4930fcdf1449bde595fc90,1523834470,1,1,1,0,1,1,0,2,0,477,29,44,39.94,29,FALSE,0,0,0,0,0
65b1b13a7d4cf447a1dd0c707e8ae6bbf900cdba,1523834321,1,2,2,0.566027,51,4,0,2,3.14,339.5,17.5,43,38.94,28,TRUE,0,0,0,2,0
bfc1d3c2a8b8fd7568c4eda60990620ef9a613e0,1523815306,1,1,0,0,0,0,0,0,0,0,0,559,402.83,128,FALSE,0,0,0,0,0
7d375a38c7b24bb456ba9586e46c4e1f25cf794a,1523815306,1,1,0,0,0,0,0,0,0,0,0,558,401.83,127,FALSE,0,0,0,0,0
1bfba6e7cfa27320138a987beb23090992ebeb9d,1523815085,1,1,0,0,0,0,0,0,0,0,0,557,400.83,126,FALSE,0,0,0,0,0
8e991042c50e626d1f33696964ea67f92c563806,1523815085,1,1,0,0,0,0,0,0,0,0,0,556,399.83,205,FALSE,0,0,0,0,0
69625e057f350e5f7cbfd6e2f2b162180a289a67,1523814825,3,6,17,0.336574,909,167,0,22,7.68,62.76,7.24,77,63.16,28.6667,TRUE,0,0,0,15,2
ef7c735966520f45594084928ca767629973f124,1523814825,2,7,17,0.336574,909,167,0,22,7.68,62.76,7.24,76,62.16,34,TRUE,0,0,0,15,2
d150de19187d21a238527d88a3b0c5bfb453f6a8,1523797402,1,2,2,0.512285,8,78,0,2,0.61,345,15.5,42,37.98,27,TRUE,0,0,0,2,0
38a0951960d717756307ed7e57186aabe2d5484e,1523744348,1,2,2,0.72938,118,73,0,2,3.36,322.5,15,41,37.04,26,TRUE,0,0,0,4,0
bb9a2981e3db116976f9914f8721616a13839ac3,1523654292,2,3,4,0.642869,20,1,0,2,1.32,214.5,7.75,40,36.14,17.5,TRUE,0,0,0,0,0
25a054f30670ffd3ef12890fed145a0bf21c0883,1523635835,1,1,1,0,5,1,1,4,23.56,262,28,3,2.77,1,FALSE,0,0,0,0,0
34b7a94f9ab16d951ab7d201b9d20137b1669907,1523635835,1,1,1,0,5,1,1,4,23.56,262,28,2,1.77,1,FALSE,0,0,0,0,0
41895634469a958a0c98f8178a623f91380264fb,1523635586,1,1,0,0,0,0,0,0,0,0,0,1,1,1,FALSE,0,0,0,0,0
36f0066111a2d2393f4552daacfd77399aa89050,1523635586,2,2,0,0,0,0,0,0,0,0,0,0,0,0,FALSE,0,0,0,0,0
89952d70dd98042ce86c39e066f3f4edd5afbaf3,1523635537,1,1,1,0,5,1,0,3,17.43,112,16,27,22.02,9,TRUE,0,0,0,0,0
59d796d0064f277f9da4b38912160afa7b4c471f,1523635537,1,1,1,0,5,1,0,3,17.43,112,16,26,21.02,11,TRUE,0,0,0,0,0
7b9f599ae9e4d5e82e17219c6a8b5eee8a185900,1523426879,1,1,1,0,4,0,0,2,0,401,24,555,402.49,199,FALSE,0,0,0,1,1
a729438cc1920580279776e24841bea5cc8dbc3b,1523426710,1,1,2,0.097504,6,8,0,5,9.13,73,12.5,554,401.49,198,FALSE,0,0,0,0,0
eab0c8664b74bd3d68fd047392f50837b49d3e5c,1523426688,2,3,4,0.594231,19,3,0,2,0,211,7.25,553,400.49,139.5,FALSE,0,0,0,0,0
c35dbd6a38dfd78925ccbf1af3abb6f234a7f710,1523426377,2,4,4,0.338592,38,1,0,2,0.57,202.75,7,552,399.49,138.5,FALSE,0,0,0,1,0
2339ca8734df8f47c7c40399b88d77b1b826a2c1,1523421916,1,2,2,0.847128,15,3,1,10,19.71,131,11.5,550,397.53,204,TRUE,0,0,0,2,0
3435c4c10c7234f292ac6809c5fbd680c6a915c8,1523421916,2,2,2,0.847128,15,3,1,10,19.71,131,11.5,551,398.53,137.5,TRUE,0,0,0,2,0
ea743ae949fff2d564f705c5fe24cc9e307d4777,1523328238,2,3,4,0.392149,32,3,0,2,0.01,158.75,5.5,549,397.41,136.5,TRUE,0,0,0,0,0
a2deaf1213798245b2e4ba3f6913d4907ae51bcf,1523326780,2,9,14,0.346827,113,4,1,2,0.18,67.5,2.21,548,396.42,135.5,FALSE,0,0,0,1,4
9f305c6250596a19d5845bf29889218a48c7b2d2,1523255933,1,2,3,0.458458,14,0,1,2,0.01,113.67,1.67,547,396.08,77,FALSE,0,0,0,0,0
83c7848b909b2c62283fabef396f1cb46f79160a,1523254933,1,3,3,0.475959,29,9,0,2,21.88,169.67,1.67,74,61.08,33,TRUE,0,0,0,1,0
3b1a5853b83d0246b3b467b86619019f3884a08f,1523254933,2,3,3,0.475959,29,9,0,2,21.88,169.67,1.67,75,62.08,24.5,TRUE,0,0,0,1,0
28b87cf03425ca4214639bde9fbc334ed04d25b8,1523254830,2,3,4,0.234603,58,7,1,7,11.85,92.75,7.5,73,60.08,23.5,TRUE,0,0,0,0,0
535b418a7ca3be6d6c5c9094ebfa755566361c5d,1523254830,1,3,4,0.234603,58,7,1,7,11.85,92.75,7.5,72,59.08,32,TRUE,0,0,0,0,0
a150352f011b173b90eebb6572d506d4299ff571,1523253878,1,2,2,0.57938,2,1,1,2,0.47,171,2,546,395.1,76,FALSE,0,0,0,0,0
391d542c5fcdaf27bf08cefbf33ade88f29f9f13,1523253282,2,5,9,0.399576,41,9,0,2,0.01,86.22,2.33,545,394.1,133.5,FALSE,0,0,0,2,0
6a6a63ad7813c7fe727bd4ba91d83e408f5d01cf,1523251890,2,7,10,0.550087,100,9,1,2,0.08,109,2.9,544,393.12,132.5,TRUE,0,0,0,1,0
46d8096e1a237f22c729d45ad693a4a8ec5549be,1523237896,1,2,2,0.660271,45,58,1,2,0.11,298.5,11,39,35.58,24,TRUE,0,0,0,2,0
c384d54443d8136fdafc8e3081e4bf8c9a951ac0,1523237749,1,2,2,0.707544,17,1,0,1,0.38,142.5,0.5,38,34.58,9,FALSE,0,0,0,1,0
337a06aa5d6d9c4109b707b3201bcb4bd03f6757,1523228648,1,1,1,0,1,0,1,1,0.65,1,1,37,33.59,8,FALSE,0,0,0,0,0
48bb023c42686d5dd36716f283a8aa35ca5a9f64,1523228438,1,4,4,0.22244,26,21,1,8,1.23,250,13.5,36,32.59,23,TRUE,0,0,0,0,0
9f3f30a209c3a9e7534088065cfad16dcf4b9fff,1523174014,1,2,2,0.097504,30,12,0,22,8.55,428,53.5,35,31.64,22,FALSE,0,0,0,8,4
ec2042af6797e042f71dc443df7a8b809c3954c7,1523174014,1,2,2,0.097504,30,12,0,22,8.55,428,53.5,34,30.64,12,FALSE,0,0,0,8,4
90389919908776474632dd8c7d96f4758848056e,1523173418,1,11,0,0,0,0,0,0,0,0,0,1,1,0,FALSE,0,0,0,0,0
54ba7b39ffb09657f4335175ae9a9c9edcfb31b6,1523173418,1,11,0,0,0,0,0,0,0,0,0,0,0,0,FALSE,0,0,0,0,0
b908b59438815851ca056e9daedcdb8b670d3e3d,1523172929,1,2,2,0.82605,26,29,0,2,0.22,208,7.5,543,392.85,190,TRUE,0,0,0,0,0
0ab4b18f7766ddd7adfcefede07cc84ea4607390,1523172875,1,1,1,0,18,0,0,1,0.43,186,4,542,391.85,189,FALSE,0,0,0,0,0
b215046b73cb77186112194a544ee4d2bcef2474,1523172568,1,30,72,0.347524,439,1,0,9,0.15,3.1,0.22,541,390.85,73,TRUE,0,0,0,0,0
002c2cfbe2c41709fc533969e705f2d860e74d94,1523172336,1,1,1,0,32,14,0,2,0,372,17,540,389.85,188,TRUE,0,0,0,0,0
a4687e50c8c8a6b6eae1aecd26d3f1b5c6656d0b,1523172292,1,1,1,0,3,21,0,2,0,390,16,539,388.85,187,FALSE,0,0,0,0,0
a15768c7014db4e73736ab927a843167df2a5130,1523172195,1,1,1,0,5,1,0,2,0.43,386,15,538,387.85,186,TRUE,0,0,0,0,0
5d6f119e714bff2ca9dbcaa76160e5d8f18d4f48,1523135399,1,3,3,0.23017,90,83,0,2,0.82,259,6.33,33,29.68,21,TRUE,0,0,0,7,1
7b02682a4e4e6b95dc8deb89d991f4f2cc212a6e,1523064662,1,1,1,0,1,1,1,1,0.01,145,2,32,28.74,20,FALSE,0,0,0,0,0
69576d6a8cb5eaea2155b819757ed8ca93a17f52,1523064121,1,3,3,0.241167,150,52,0,2,0.88,226.33,5.67,31,27.74,19,TRUE,0,0,0,11,3
951ccdcd825a97110c374c638ae7327925140f06,1522995798,1,1,1,0,34,14,0,2,0,361,12,537,388.45,185,TRUE,0,0,0,0,0
c295470b97d3506e5eb15a75a1fd6954ebe9c159,1522995755,1,2,3,0.189155,26,26,0,6,0.49,244,10.33,536,387.46,184,FALSE,0,0,0,0,0
2a9cdb7f8f2e2e0832ce63a380793ef6e3ff8380,1522972015,1,4,4,0.215623,97,24,0,8,0.49,195.75,10.75,30,26.81,18,TRUE,0,0,0,2,0
f4cef6f7d67611375b117d5bb2820e238951c7b1,1522915820,1,1,1,0,20,19,0,2,0,204,8,535,387.18,183,TRUE,0,0,0,2,0
a9f10c8bf8b8f5dcb51e1f3bfae88c2af206e5ca,1522915778,1,4,4,0.099123,239,148,0,24,0.33,342.25,32.75,534,386.18,182,TRUE,0,0,0,2,0
a55e336d529038e1deebb9e64b880016f22a9e42,1522915567,1,1,1,0,3,3,0,6,8.15,138,15,533,385.18,181,FALSE,0,0,0,0,0
8aee21f1d8e5fe126a90001a62c704cfd9c12e4f,1522887685,1,1,1,0,1,0,1,21,0,677,104,29,25.87,17,FALSE,0,0,0,0,0
a468a9dce9927452b7c027d5a9613f5610c2f110,1522887302,1,4,4,0.576066,5,14,0,24,0.05,344.25,32.25,28,24.87,16,FALSE,0,0,0,0,0
5bb206fb767f4e3f70ebb5b43ed33b4e41f538f3,1522886862,1,1,1,0,10,16,0,2,0.08,310,7,27,23.88,15,FALSE,0,0,0,0,0
287183ad38f0ad2220945361ad4deb2961972e17,1522885087,1,1,1,0,1,1,0,2,0.01,190,5,26,22.88,14,FALSE,0,0,0,0,0
96b6ad2a8e68fec2acd72cb7b7098509089658e9,1522884271,1,1,1,0,25,18,0,2,0.05,183,4,25,21.88,13,FALSE,0,0,0,0,0
fa235a54a2661520f8078258a60fe14455f26ac0,1522880301,1,5,5,0.211015,179,4,0,28,2.11,299.6,27.2,24,20.88,12,TRUE,0,0,0,1,0
0e1863bd348c03563f7e6d9a0ba0b1c07fcdbe12,1522826685,1,1,1,0,6,0,1,4,14.19,26,8,5,4.5,2,FALSE,0,0,0,0,0
54e694a10bcec5df24a66a0d13ccb7b132ad7c57,1522826685,1,1,1,0,6,0,1,4,14.19,26,8,4,3.5,2,FALSE,0,0,0,0,0
9792f48a8f8e9a18ea3d46521f742b36ceffbd04,1522826140,1,1,1,0,2,1,0,20,7.03,636,95,1,1,0,FALSE,0,0,0,0,0
9eb01ea9651dd4b6ff07ffedc48a99305cc02dc2,1522826140,1,1,1,0,2,1,0,20,7.03,636,95,0,0,0,FALSE,0,0,0,0,0
89016f55db4bf3503ee10206deebb8fb3cb173a8,1522736310,1,1,1,0,7,1,0,1,0.04,138,2,532,385.8,180,FALSE,0,0,0,1,0
226dfbae3d1af35f514558083b3421edbb639d07,1522736283,1,2,2,0.0196736,51,12,0,1,0.04,93.5,2.5,531,384.8,179,TRUE,0,0,0,2,2
cfa1c6337f2ecbfd7f2d763564a3bdf46af0a58e,1522732744,1,4,4,0.166218,170,3,0,21,0.51,208.75,26,530,383.84,178,TRUE,0,0,0,5,4
7c8112543d95f3285a78fda21be00b0f35a75e92,1522732713,1,1,1,0,16,5,1,21,1.09,665,100,529,382.84,177,FALSE,0,0,0,7,0
f21dd4c3252bd0de6848661bdac431c98365f920,1522651225,1,2,2,0.0255981,73,25,0,3,19.78,74.5,8.5,528,382.57,176,FALSE,0,0,0,3,0
d5f46220eeb7f08cd0ecc7f0179d07ad89d77bf8,1522645434,1,2,2,0.892647,12,1,0,8,2.53,184,11.5,527,381.62,175,FALSE,0,0,0,0,0
03f1994fbb639f739cee832c796e0f45e6686895,1522641536,1,1,1,0,26,8,0,1,0.04,59,1,526,380.65,174,TRUE,0,0,0,3,0
60a91c04e5000f70018f362ea41b92f780479c51,1522638224,1,4,7,0.344179,109,8,0,24,5.88,146.71,18,525,379.68,173,TRUE,0,0,0,3,0
0140dcea58edd0df5959752e38faf41b96a1d509,1522254973,1,1,0,0,0,0,0,0,0,0,0,524,382.11,125,FALSE,0,0,0,0,0
ffdf338ce38efa86315e550b428527c3e1316ad3,1522254973,1,1,0,0,0,0,0,0,0,0,0,523,381.11,203,FALSE,0,0,0,0,0
279f0436075e1ad977eec2f04b9150b596eb842a,1522254478,1,1,1,0,3,6,1,19,0.42,808,40,7,6.76,1,TRUE,0,0,0,0,0
c7f5306da98608c410987c2ab1bcbbd5bb398f08,1522254478,1,1,1,0,3,6,1,19,0.42,808,40,6,5.76,3,TRUE,0,0,0,0,0
fb472448886f8882c644c7832b6896836c167deb,1522254420,2,2,2,0.57938,7,2,0,9,0.42,119,7.5,23,20.25,9,FALSE,0,0,0,0,0
86f0172e2970441ed00cdec300337177437b45f1,1522254420,1,2,2,0.57938,7,2,0,9,0.42,119,7.5,22,19.25,11,TRUE,0,0,0,0,0
f60eeda4c4dfeb1c400b1a6297e37778006a6091,1522224703,1,1,0,0,0,0,0,0,0,0,0,521,379.38,123,FALSE,0,0,0,0,0
27e1d02aa7ea81655a89d60a499fe0a500f10464,1522224703,1,1,0,0,0,0,0,0,0,0,0,522,380.38,124,FALSE,0,0,0,0,0
4b40d8b5b04c72bf06bb54a3cc58c5111d0084f0,1522218332,2,7,13,0.386339,220,100,1,41,26.34,167.92,11.54,20,17.27,6,TRUE,0,0,8,9,9
9d6061c2ede15af601764ec102389ba8f3f5f790,1522218332,3,7,13,0.386339,220,100,1,41,26.34,167.92,11.54,21,18.27,6.33333,TRUE,0,0,8,9,9
e26d443c3f9327bae3e89a08517789ce00bcf1f0,1522212801,3,4,3,0.494935,18,4,1,19,10.65,352.67,17.33,1,1,0,TRUE,0,0,0,0,0
60f26fa26b3bb1921f195a2d52dea54e02ec5ea1,1522212801,1,4,3,0.494935,18,4,1,19,10.65,352.67,17.33,0,0,0,TRUE,0,0,0,0,0
6e8ae0d97c8bb1114b3b53cf6ce0a082b066e51d,1522211997,2,3,3,0.301575,20,1,0,16,2.15,234.67,13.33,3,2.93,1,TRUE,0,0,0,0,0
6d2f48a3f291c4c2f3365042f2f91a7b0ade8a41,1522211997,1,3,3,0.301575,20,1,0,16,2.15,234.67,13.33,2,1.93,1,TRUE,0,0,0,0,0
39e4f7a254ae639c67410e6c4daa7de8e557bd33,1522211950,2,4,4,0.522477,61,7,0,18,7.98,214.25,9.75,5,4.77,1,TRUE,0,0,0,6,2
1c84904e60986f9b1501be5a28385a9f55173f63,1522211950,1,4,4,0.522477,61,7,0,18,7.98,214.25,9.75,4,3.77,2,TRUE,0,0,0,6,2
12b649b914901ea0c92700288e57b68da55aafd4,1522211021,2,3,3,0.829396,88,1,0,17,4.19,274.67,14,19,16.27,7,TRUE,0,0,0,5,1
a02bb2c332bda62461cac0418e66368d5c0931df,1522211021,1,3,3,0.829396,88,1,0,17,4.19,274.67,14,18,15.27,9,TRUE,0,0,0,5,1
be89e1a4f8ceba0c4b28c6ff82b3bc1570a214ef,1522210238,1,1,1,0,4,2,1,5,41.92,81,11,0,0,0,FALSE,0,0,0,2,0
74438d43ed88954c3be9da290df648ff6df1463c,1522210238,1,1,1,0,4,2,1,5,41.92,81,11,1,1,0,FALSE,0,0,0,2,0
eae019bdb26b014ab0b871a494d7d13c35b38c31,1522208010,1,2,3,0.488623,89,16,0,21,14.44,255.33,12.33,0,0,0,TRUE,0,0,8,3,3
32c796dde989f7a76a8a6c332edf8c77940bd189,1522208010,2,2,3,0.488623,89,16,0,21,14.44,255.33,12.33,1,1,0,FALSE,0,0,8,3,3
ba93b875f9503646b175890501d199b022ba54b9,1522206988,3,14,7,0.155754,530,9,0,35,12.81,155,21.14,71,59.75,26,TRUE,0,0,0,6,14
af25976ba153d53410aa108706cb7a4161db8abb,1522206988,2,15,7,0.155754,530,9,0,35,12.81,155,21.14,70,58.75,31.5,TRUE,0,0,0,6,14
09a959d31bcaa9329f591bace573e2956ce27c7c,1522206274,3,10,6,0.181273,176,0,0,10,0.98,13.33,5.17,3,2.56,0.666667,TRUE,0,0,0,2,0
5ea87e547b57aa9b8b6c76620007782442ddb66f,1522206274,2,11,6,0.181273,176,0,0,10,0.98,13.33,5.17,2,1.56,0.5,TRUE,0,0,0,2,0
4bd32f2f52dc7fec7af15d4b45a7582926bd27a6,1522206179,1,1,1,0,6,6,0,8,9.35,105,16,7,6.43,1,TRUE,0,0,0,0,0
17cf3be219178c5334522957d2191116bd2d3617,1522206179,1,1,1,0,6,6,0,8,9.35,105,16,6,5.43,3,TRUE,0,0,0,0,0
8a95f70ff04da6cc32c92278155b112cb37105f0,1522129227,1,2,13,0.374767,239,65,0,25,41.29,85.38,9.23,520,379.24,172,TRUE,0,0,0,3,3
77338b39cf1d07583ec67d6fd52f9a62956dc00c,1522129227,1,2,13,0.374767,239,65,0,25,41.29,85.38,9.23,519,378.24,202,TRUE,0,0,0,3,3
3ddaec90a256e2c798a5af431fe7a69fc52f4d51,1522044093,1,2,4,0.58335,37,17,1,24,4.37,270.5,32.75,518,377.99,171,TRUE,0,0,0,2,1
e054956f3bed327a82ad686af31a0744c22f088c,1522044093,1,2,4,0.58335,37,17,1,24,4.37,270.5,32.75,517,376.99,201,TRUE,0,0,0,2,1
cda026162c142dd3686e80ef2b8d6e4eb928254e,1522043458,1,2,4,0.58335,37,17,1,21,3.35,273.5,33.25,516,376,170,FALSE,0,0,0,2,1
72c9ab63ffd4891c94dedfe2dfda2bb04a838522,1522043209,1,2,2,0.906557,15,0,0,0,0,0,0,515,375,72,FALSE,0,0,1,0,0
8f929d8c9ce1d594358917272afa245852978aa8,1522035359,1,1,1,0,7,8,1,14,0.07,137,20,514,374.07,169,FALSE,0,0,0,0,0
bc3bdbaa756de4a18451e99a692d97225f6f55a3,1522032460,1,1,1,0,36,10,0,2,0.04,226,11,513,373.1,168,FALSE,0,0,0,0,0
6e18d3c0deca57cd12816fe1322330b6977fc973,1522029041,1,2,2,0.41459,87,23,0,15,16.97,149.5,14.5,512,372.13,167,TRUE,0,0,0,1,1
6cd4c2763f684d7fe26e80d4b5c9f1c53e9e0670,1522019582,3,4,5,0.399984,53,9,0,8,9.93,79.4,6.4,511,371.21,119.667,FALSE,0,0,1,3,0
484800ec4341d308f84198fd4150d7c1f5d85169,1522014549,2,2,3,0.158761,88,35,0,2,0,38.33,2.67,510,370.25,117.5,FALSE,0,0,1,5,0
abe34eef8a1bfce82126c55b9b11524fcd84aef4,1522014507,1,1,1,0,4,10,0,1,0.37,121,7,509,369.25,164,FALSE,0,0,0,2,0
8cee1055282cc7c70c737205c2cf229ac8e7a1b2,1521982906,1,1,1,0,2,2,1,1,0,121,6,12,11.92,5,FALSE,0,0,0,2,0
fa5b35135cfd3ba1d47e51f5d8eb3031a0af2418,1521982500,2,2,2,0.427141,20,3,1,1,0.07,109,3,11,10.92,4.5,TRUE,0,0,0,0,0
c9a42446f640f0d291baef83bcc5ba598ae9a4af,1521976417,2,2,2,0.594206,44,6,1,1,0.4,90,2.5,10,9.92,3.5,TRUE,0,0,0,1,0
73d27a5226fa38980e89f9360319d444859a08c9,1521972963,0,0,0,0,0,0,0,0,0,0,0,9,8.92,0,FALSE,0,0,0,0,0
515ae9d3a454d3c868d1111236bd97d25ae25c2f,1521961437,1,1,1,0,27,19,0,2,0.01,95,3,508,368.71,163,TRUE,0,0,0,2,0
7bba293eaebaf6b5a885a842385c93d8b4e27732,1521960859,1,1,1,0,1,0,0,10,1.73,81,32,507,367.72,162,FALSE,0,0,0,0,0
e6b70b603b2f5d5eafdf97ec68279b8526ceef2e,1521960523,1,1,1,0,76,35,0,1,0.47,54,2,506,366.72,161,TRUE,0,0,0,7,0
ff746526d34035d4cb98f6bec49d685662e5e8ee,1521960487,0,0,0,0,0,0,0,0,0,0,0,505,365.72,0,FALSE,0,0,0,0,0
a9b5b04da04ffdd4f98bcf3dffeb3b059b090b21,1521953006,0,0,0,0,0,0,0,0,0,0,0,504,364.78,0,FALSE,0,0,0,0,0
456857202e8252e02667b3a738cbfbf712c4f441,1521952220,1,2,13,0.38384,222,65,0,25,39.8,84.31,9.15,502,362.79,159,FALSE,0,0,0,3,3
dfe63535412257520c5673363ed9705b093afb6a,1521952220,1,2,13,0.374767,239,65,0,25,39.8,84.31,9.15,503,363.79,160,FALSE,0,0,0,3,3
66fae6b68915c66f86eeaaa2aae813893759543f,1521921615,0,0,0,0,0,0,0,0,0,0,0,8,7.93,0,FALSE,0,0,0,0,0
e0ae9260300a6974652916587d6e8c7313321b0f,1521921533,1,1,1,0,1,4,0,1,0.02,80,2,7,6.93,3,FALSE,0,0,0,0,0
a866af52084a2e160f0bf94d6f8fc3f20b92dda7,1521919865,3,10,8,0.305715,125,71,0,1,0.63,15.75,0.12,6,5.93,2,TRUE,0,0,5,3,0
e1f74dc49f2f4135292756a594c952d4140f55f7,1521919865,3,4,2,0.0915512,29,60,0,1,1.26,55,0.5,5,4.93,1,FALSE,0,0,0,1,0
fc041d03c36bf41ea73c398e8d177de1a456e796,1521864553,1,1,3,0.331776,19,2,0,23,1.51,338.67,34.33,3,2.81,1,FALSE,0,0,0,3,2
a2f240f9b85883de489025460f77faf11cd62e18,1521864553,1,1,3,0.331776,19,2,0,23,1.51,338.67,34.33,2,1.81,1,FALSE,0,0,0,3,2
96f1e4abcefe0c5bc127d15a2d8041972f679568,1521864448,1,1,1,0,1,1,1,12,0.96,179,15,1,1,0,FALSE,0,0,0,3,0
62cb1fe733be70cf169a795903ad9488fc991c62,1521864448,1,1,1,0,1,1,1,12,0.96,179,15,0,0,0,FALSE,0,0,0,3,0
64043a7d8ecb13f618ea3cf1b1ae350b3274eafc,1521811346,3,6,6,0.228063,128,0,0,20,0.36,117.67,19.83,4,3.95,0,FALSE,0,0,2,0,0
de2d3aaa6326f742f170f2a08b3a3aef731ca502,1521799522,0,0,0,0,0,0,0,0,0,0,0,3,2.95,0,FALSE,0,0,0,0,0
385025e72e5845e93e8dd6c14549d2587f3a57e1,1521781295,1,1,1,0,2,1,1,11,3.4,178,14,0,0,0,TRUE,0,0,0,1,0
59c8d8d57c0a5b7432a37ac5b011f43455e7e228,1521781295,1,1,1,0,2,1,1,11,3.4,178,14,1,1,0,TRUE,0,0,0,1,0
86045d3b81062ddd0e66075182f237d6f7ba883e,1521781010,1,1,1,0,2,1,0,3,72.96,44,4,1,1,0,FALSE,0,0,0,0,0
3de582cd28c2ac4ca91cdf2aad264260981114cc,1521781010,1,1,1,0,2,1,0,3,72.96,44,4,0,0,0,FALSE,0,0,0,0,0
ce6f696123b78d5da6d0d659bf93a761ca8ea18b,1521738697,1,1,1,0,1,1,1,1,45.55,142,1,69,58.5,15,TRUE,0,0,0,0,0
8dbb22214bfe64c3f47ada17680811a6d5cdf0a6,1521738697,1,1,1,0,1,1,1,1,45.55,142,1,68,57.5,30,FALSE,0,0,0,0,0
3d704c69835f2e7e663dd982851d6a11587f5596,1521736591,2,2,6,0.650591,27,22,1,31,1.38,366.83,23.67,501,363.62,113.5,TRUE,0,0,0,0,0
2fef40310124838a53cebc799018f719802038e1,1521736591,1,2,6,0.650591,27,22,1,31,1.38,366.83,23.67,500,362.62,200,TRUE,0,0,0,0,0
045bd681c1aa621693974136018b2d63eaf36146,1521720473,0,0,0,0,0,0,0,0,0,0,0,2,1.96,0,FALSE,0,0,0,0,0
43cab32ece825e9d38b3abe55fa0fde06052864d,1521701690,2,2,2,0.647965,20,2,1,9,2.34,117,10.5,1,1,0,TRUE,0,0,0,1,0
45bbe6242287252be23f2a95cbc760d64ceaa0a4,1521701690,1,2,2,0.647965,20,2,1,9,2.34,117,10.5,0,0,0,TRUE,0,0,0,1,0
01e7c448f5f3a4ccdb832448ab549fdc2acebc92,1521698360,3,5,5,0.343827,111,1,0,11,6.43,87.4,8,3,2.85,0.666667,TRUE,0,0,0,1,1
a501d2e2b866d5d0468d1bea7774363fa92179e0,1521698360,2,6,5,0.343827,111,1,0,11,6.43,87.4,8,2,1.85,0.5,TRUE,0,0,0,1,1
76fa1edb69af12853743f04488b2b925c058c328,1521600375,2,6,24,0.518332,244,82,0,41,39.84,179.25,8.58,499,362.77,112.5,TRUE,0,0,0,9,2
70b73ed93af74140062a83a449dea81ac4f31ed9,1521600375,1,6,24,0.518332,244,82,0,41,39.84,179.25,8.58,498,361.77,199,TRUE,0,0,0,9,2
800268435a8465660f8569f7ba30a94c2b1f75a1,1521512080,3,4,3,0.205898,26,1,0,7,27.75,53,3.67,17,14.57,4.33333,TRUE,0,0,0,0,1
e8282d24069c19dbfdf67ff8f17efd5c6c5dc250,1521512080,2,5,3,0.205898,26,1,0,7,27.75,53,3.67,16,13.57,4,TRUE,0,0,0,0,1
e3c90c40f2d7d951b1d6e59f8455d0071a539163,1521511962,2,4,5,0.542344,48,15,1,16,5.37,142.8,8,67,56.85,21,TRUE,0,0,0,0,0
4ac0d6e0f011d3419ec4b2df30c0ce3592fa149d,1521511962,1,4,5,0.542344,48,15,1,16,5.37,142.8,8,66,55.85,29,TRUE,0,0,0,0,0
3560454cfee732bfccd528abf93253ada80d42f3,1521487962,1,2,2,0.775805,21,3,0,10,0.52,87,6.5,2,1.97,0,FALSE,0,0,0,1,1
9858937e187b2c1d7ce27fcdfb944b168063aab4,1521487962,1,2,2,0.775805,21,3,0,10,0.52,87,6.5,3,2.97,0,FALSE,0,0,0,1,1
94f81249729e2082ad086f8c55739a3a3ade116f,1521398051,1,4,7,0.598737,140,7,0,20,25,120.43,7.14,2,1.95,1,TRUE,0,0,0,2,2
e7f9c64016b3f5dc53230bddf36d0d04b0389590,1521398051,2,4,7,0.598737,140,7,0,20,25,120.43,7.14,3,2.95,0.5,TRUE,0,0,0,2,2
a8e26a35f45efcfd48d3a458130c71b6075d4d47,1521378970,0,0,0,0,0,0,0,0,0,0,0,1,0.98,0,FALSE,0,0,0,0,0
fc654d76dc5b5691219ba441985bcf71178c1cf3,1521353737,2,3,8,0.309726,238,71,0,20,32.09,141.25,12.75,5,4.15,0,TRUE,0,0,0,7,1
2e6f1b31876b65a75b7a6f960f9a5532f9bd3e12,1521353737,1,3,8,0.309726,238,71,0,20,32.09,141.25,12.75,4,3.15,1,TRUE,0,0,0,7,1
a7b72f25e275a596e98716cdc15d78fdb23f9992,1521343168,3,3,2,0.57938,3,3,0,14,17.68,81.5,11,65,55.1,23.6667,TRUE,0,0,0,0,0
8168cc114dac36b036df7fa966fd84a0618c7bd7,1521343168,2,4,2,0.57938,3,3,0,14,17.68,81.5,11,64,54.1,29,TRUE,0,0,0,0,0
60401937106e9b84b97848e815d1225c9bce913f,1521342853,1,1,0,0,0,0,0,0,0,0,0,1,1,1,FALSE,0,0,0,0,0
6976dd5aba9867cc511e06540e1c5c139a09d31e,1521342853,1,1,0,0,0,0,0,0,0,0,0,0,0,0,FALSE,0,0,0,0,0
9488fc633eaa138bb58a5e99ca0eb1505814ecf3,1521342821,2,4,4,0.65908,36,2,1,4,11.96,188.75,3.75,15,12.63,5,TRUE,0,0,0,1,0
d13e4477ad951dbbcebee0788f98b9511e2b886b,1521342821,1,4,4,0.65908,36,2,1,4,11.96,188.75,3.75,14,11.63,7,TRUE,0,0,0,1,0
c469751e145a426fee2f1de27ccb2a747c7f5d1e,1521043161,2,3,3,0.738664,52,6,1,15,18.71,211.67,11.33,1,1,0,TRUE,0,0,0,3,0
f07a16b2ee6381407d0175af33369960fe9b5ea0,1521043161,1,3,3,0.738664,52,6,1,15,18.71,211.67,11.33,0,0,0,TRUE,0,0,0,3,0
43647b4da4f7875a8c655b708974409ad7a89c37,1521043049,1,1,0,0,0,0,0,0,0,0,0,0,0,0,FALSE,0,0,0,0,0
f9aa32527f5297dd3f720ff202a9d2f746709ecb,1521043049,1,1,0,0,0,0,0,0,0,0,0,1,1,1,FALSE,0,0,0,0,0
9522b2080bfc7cd6930879cace99dcb43accae0f,1520758952,0,0,0,0,0,0,0,0,0,0,0,0,0,0,FALSE,0,0,0,0,0
568dad1d80f5f5a56cc3c74625e0878835c1fa58,1520574033,1,1,1,0,2,1,1,16,6.99,584,87,0,0,0,FALSE,0,0,0,2,0
0dc062f77e36a19297dac542be33cded04580e89,1520574033,1,1,1,0,2,1,1,16,6.99,584,87,1,1,0,FALSE,0,0,0,2,0
1ceb7aa791cc4a4a2291c1f78c799182f89fc111,1520017676,2,2,1,0,0,14,0,10,16.52,220,49,1,1,0.5,FALSE,0,0,0,1,0
b879cb978cdc1bcf0875171a72e183d62538776e,1520017676,2,3,1,0,0,14,0,10,16.52,220,49,0,0,0,FALSE,0,0,0,1,0
88630f2a7aebf141ae060f9dc6edaa1dc2089f37,1519969915,1,1,1,0,2,1,1,16,8.46,583,86,63,55.18,26,TRUE,0,0,0,1,0
bda23ac3b2db4d7108e213dae06aaceed74a85d0,1519969915,1,1,1,0,2,1,1,16,8.46,583,86,62,54.18,27,TRUE,0,0,0,1,0
e7ea51599a2129ab054b3c90b7dfc1bfb6c97df9,1519830976,1,1,0,0,0,0,0,0,0,0,0,1,1,0,FALSE,0,0,0,0,0
60683465b9c9bc54ea385232b3df5c957fabe1f8,1519830976,1,1,0,0,0,0,0,0,0,0,0,0,0,0,FALSE,0,0,0,0,0
55814c0da0be226924d6f3077d0c2d5f62cc8335,1519830928,2,2,1,0,4,1,0,5,44.31,44,7,61,53.39,27,TRUE,0,0,0,0,0
66aed61db6f0d3ebb951c38287a003624e5fc6a7,1519830928,2,2,1,0,4,1,0,5,44.31,44,7,60,52.39,27,TRUE,0,0,0,0,0
46c5da214be0f4964622aed0bcbfab0ce2586b9f,1519660829,1,1,0,0,0,0,0,0,0,0,0,59,51.64,27,FALSE,0,0,0,0,0
8c8bca9ad505ed2261c6f5aedc968128e585695b,1519660829,2,2,0,0,0,0,0,0,0,0,0,58,50.64,25.5,FALSE,0,0,0,0,0
eaf51d01462b353aeaf78ebe80d797477ae1938d,1519454437,1,1,1,0,2,1,1,6,7.56,287,19,1,1,0,FALSE,0,0,0,0,0
3b6cc6c3d94402a1b5152edb63627324407ebe15,1519454437,1,1,1,0,2,1,1,6,7.56,287,19,0,0,0,FALSE,0,0,0,0,0
f897bf72819ea0a3bfe6522fc5aa73f47b84f6c2,1519453668,1,1,1,0,2,5,0,1,9.99,97,1,1,1,0,FALSE,0,0,0,0,0
b57f72e108f517fef44c05d487012b28b87cd1a3,1519453668,1,1,1,0,2,5,0,1,9.99,97,1,0,0,0,FALSE,0,0,0,0,0
69f7c6d2211ddc30dfbdfb4a8567da4542f094f1,1519453596,1,1,1,0,1,1,1,2,7.55,119,2,1,1,0,FALSE,0,0,0,0,0
7fa97476dac0fe63ff0f426c2e0594cba3d48ddb,1519453596,1,1,1,0,1,1,1,2,7.55,119,2,0,0,0,FALSE,0,0,0,0,0
32c38e599161372cd47924f0f4cf2aae32eb5b83,1519276918,3,22,36,0.167588,763,50,0,25,7.23,45.42,2.69,497,381.53,114.667,TRUE,0,0,0,17,5
f41f6d3e4e531b3e1e2107ca3740ae875c70caf6,1519276918,2,23,36,0.167588,763,50,0,25,7.23,45.42,2.69,496,380.53,159,TRUE,0,0,0,17,5
0727c47c3d56f14f67ddb41720f7258b6f0078aa,1519238852,1,5,10,0.278203,176,10,0,22,8.46,149.2,11.1,56,49.24,24,TRUE,0,0,0,6,4
d9f3c259c08770ee370ed2b50909c333f9557bdf,1519238852,2,5,10,0.278203,176,10,0,22,8.46,149.2,11.1,57,50.24,18,TRUE,0,0,0,6,4
ec193f36322dfe329e13d758b5b09a0392df112d,1519151010,1,1,1,0,18,5,1,1,8.07,133,3,0,0,0,TRUE,0,0,0,0,0
0d9d14cbda742e612b36f5c37db55e45a7a1ff1e,1519151010,1,1,1,0,18,5,1,1,8.07,133,3,1,1,0,TRUE,0,0,0,0,0
cafb6ef8f96f0159f22de9e3eb89773709ec9e50,1519111254,1,1,1,0,9,0,1,7,6.03,153,9,495,381.09,155,FALSE,0,0,1,0,0
0af7c556b23338443023a4940e30967452b9ad59,1519111254,1,1,1,0,9,0,1,7,6.03,153,9,494,380.09,197,FALSE,0,0,1,0,0
595252c4135c9f9d6cbb8aa5f3f2e94771cc9712,1519106917,1,1,1,0,24,0,0,8,10.39,339,12,5,4.96,1,FALSE,0,0,0,0,0
a396d93fc88f6b3854f45424676cff3c9a2bb448,1519106917,1,1,1,0,24,0,0,8,10.39,339,12,4,3.96,2,TRUE,0,0,0,0,0
fddad1727e16aafc8602a7179910123b0cd53b6f,1519106731,1,1,1,0,2,2,0,15,5.98,585,84,0,0,0,FALSE,0,0,0,0,0
a24247155e1a21f431d39c9c1c66a782d4353e5f,1519106731,1,1,1,0,2,2,0,15,5.98,585,84,1,1,0,FALSE,0,0,0,0,0
842b9d8ddc449ca5e9b0b2b324229dd6c85b5c27,1519106369,1,1,1,0,1,1,1,13,1.37,121,18,1,1,0,FALSE,0,0,0,1,1
c4ef66f2d56dd92fbffe540f429b5a18d9fd8a19,1519106369,1,1,1,0,1,1,1,13,1.37,121,18,0,0,0,FALSE,0,0,0,1,1
376dc2c4255a093510ab48ae449be533d545f30a,1519084050,1,1,0,0,0,0,0,0,0,0,0,493,379.35,119,FALSE,0,0,0,0,0
31e682dd292c147a58e5bd59da63fdfe50245b7a,1519084050,1,1,0,0,0,0,0,0,0,0,0,492,378.35,118,FALSE,0,0,0,0,0
4ded6c9f26644baf0aa5f657b8d1c211c42e6c56,1519083834,1,1,0,0,0,0,0,0,0,0,0,491,377.35,117,FALSE,0,0,0,0,0
26921472d73daf5ffce70668be06ee5a53b43cc4,1519083834,1,1,0,0,0,0,0,0,0,0,0,490,376.35,196,FALSE,0,0,0,0,0
c3fb15244c20cbc382d96e7b4d4777f703a5d22d,1519083818,1,1,0,0,0,0,0,0,0,0,0,489,375.35,116,FALSE,0,0,0,0,0
9874e1ab5b642b74b05bf52ff355b26d83aed0dc,1519083818,1,1,0,0,0,0,0,0,0,0,0,488,374.35,115,FALSE,0,0,0,0,0
c1c9eef2864a456e792da5414ee69b0a127cd249,1518988190,1,1,1,0,1,1,1,12,13.82,121,17,0,0,0,FALSE,0,0,3,3,1
6e0a7f678b3938f0c59f0a5f0a77c32b9dd48fb5,1518988190,1,1,1,0,1,1,1,12,13.82,121,17,1,1,0,FALSE,0,0,3,3,1
83d4e3b3d7357a1765c2dfc3f802f9ca983ec08b,1518988146,1,1,1,0,3,0,0,0,0,0,0,3,2.98,0,FALSE,0,0,0,0,0
5583637227294f4e4b7a27365f0ef8b55f96e7cd,1518988146,1,1,1,0,3,0,0,0,0,0,0,2,1.98,1,FALSE,0,0,0,0,0
6d9e68cbdb06f2c8a05ba31fbc9dde01f0f83d96,1518897322,1,1,0,0,0,0,0,0,0,0,0,3,2.88,1,FALSE,0,0,0,0,0
6404deb66f9da599af1bfe38319678476bdb93c6,1518897322,2,2,0,0,0,0,0,0,0,0,0,2,1.88,0.5,FALSE,0,0,0,0,0
246edd4fdc2682704ea9b19d97bd4fbf5f72c017,1518801516,2,3,3,0.358634,10,1,0,16,0.34,331,15,1,1,0,TRUE,0,0,0,0,0
c73cb86578735e1064ed8af8f85429022562c781,1518801516,1,3,3,0.358634,10,1,0,16,0.34,331,15,0,0,0,TRUE,0,0,0,0,0
c7ba56a96d2a135d6b95ec458789e5831e1c0828,1518801463,1,1,1,0,1,1,1,1,6.85,119,1,9,8.72,3,FALSE,0,0,0,0,0
a98a11a06e7634a27e734ffb22fec7ada28c5377,1518801463,1,1,1,0,1,1,1,1,6.85,119,1,8,7.72,4,FALSE,0,0,0,0,0
1e1297509c50016b16ac6d9f9ec67bf9f63ec4db,1518757463,2,3,3,0.358634,10,1,0,15,2.55,328.33,14.67,1,1,0,TRUE,0,0,0,0,0
a0c6069a15f9cf1a86aff9e79154071b73d366e6,1518757463,1,3,3,0.358634,10,1,0,15,2.55,328.33,14.67,0,0,0,TRUE,0,0,0,0,0
852f6b36e5f8863f7b4333e31b242c8ba9747a94,1518729458,1,1,0,0,0,0,0,0,0,0,0,487,376.65,114,FALSE,0,0,0,0,0
91c27d6671a4c3a4034fdb44abbc8d3cb64e89e0,1518729458,1,1,0,0,0,0,0,0,0,0,0,486,375.65,195,FALSE,0,0,0,0,0
52aec8a44d26dc1a1b54fc7131668caa374df9d9,1518729332,1,1,1,0,2,2,0,6,14.69,99,14,1,1,0,FALSE,0,0,0,2,0
d85556a46a92bb4eaa1e629dde1fefd6378dc581,1518729332,1,1,1,0,2,2,0,6,14.69,99,14,0,0,0,FALSE,0,0,0,2,0
b25129a2921d6a6c4924acee9f4aa731929acc6a,1518715059,1,1,0,0,0,0,0,0,0,0,0,485,374.78,113,FALSE,0,0,0,0,0
5436ebc039cd6c4f0c6374a63765f09daed93ceb,1518715059,1,1,0,0,0,0,0,0,0,0,0,484,373.78,194,FALSE,0,0,0,0,0
e7f4ef49c8b0d2289507cee89a0cd292f893fe89,1518682117,1,1,0,0,0,0,0,0,0,0,0,482,372.09,111,FALSE,0,0,0,0,0
28b1c69aaac86389c2a107345effa37a85aed9af,1518682117,1,1,0,0,0,0,0,0,0,0,0,483,373.09,112,FALSE,0,0,0,0,0
b2798e78328ecf66f0bf577820cdc433dca5bd9f,1518648733,1,1,1,0,1,1,1,10,0.7,141,17,0,0,0,FALSE,0,0,0,0,0
1d2f82d2e1b76efe9b806f77fde5dcf1e1b0b063,1518648733,1,1,1,0,1,1,1,10,0.7,141,17,1,1,0,FALSE,0,0,0,0,0
6deec80b3491dc5ac690da6550323b51deec6530,1518590438,2,5,10,0.34165,181,13,0,20,12.33,139.1,13.4,55,49.15,24,TRUE,0,0,0,4,0
b1a2b4a1a7b81191d389da0199b8ca19750e5d2b,1518590438,2,6,10,0.34165,181,13,0,20,12.33,139.1,13.4,54,48.15,23.5,TRUE,0,0,0,4,0
d3ae5f69eb3a44b4ca94b36ba2e7033fc69872a3,1518589957,1,1,0,0,0,0,0,0,0,0,0,1,1,0,FALSE,0,0,0,0,0
3aed42f9d7c300bd287d9accc991968c5f008183,1518589957,1,1,0,0,0,0,0,0,0,0,0,0,0,0,FALSE,0,0,0,0,0
ca84e156273eaa88e910e874ed639f9cd8bebcd0,1518588750,1,1,1,0,20,1,0,7,14,99,16,0,0,0,FALSE,0,0,0,0,0
1c761fd5683d9bf195ee5eb6fd04bd494ecb6162,1518588750,1,1,1,0,20,1,0,7,14,99,16,1,1,0,FALSE,0,0,0,0,0
96162771397909367479e0af49c52eb228704a5c,1518588691,2,2,4,0.307223,40,4,0,19,6.21,246.5,28.25,25,23.15,7.5,TRUE,0,0,0,2,0
275d878c040cb81c48fd701ba08822cb202a8268,1518588691,1,2,4,0.307223,40,4,0,19,6.21,246.5,28.25,24,22.15,10,TRUE,0,0,0,2,0
c1d8d756cf044dfe0077a92770d31591ba270180,1518588637,2,3,3,0.0965814,54,2,0,14,13.35,200.33,11,1,1,0,TRUE,0,0,0,1,0
eb65aee28ef26046e412beebc3f685bd018b5c67,1518588637,1,3,3,0.0965814,54,2,0,14,13.35,200.33,11,0,0,0,TRUE,0,0,0,1,0
dc4313579b9dffd429b59c880b9fe22ba4d460d7,1518588510,1,1,1,0,2,2,0,4,8,81,10,1,1,0,TRUE,0,0,0,0,0
ee5f35279f39cc1f9fac60382dcfead3d95d5623,1518588510,1,1,1,0,2,2,0,4,8,81,10,0,0,0,FALSE,0,0,0,0,0
95a6ebfd82ad29a8edb091943950f257320a04c9,1518453367,3,4,4,0.427923,23,8,0,8,11.54,194.75,7.25,481,373.21,110,FALSE,0,0,0,2,2
8faf16c08a1645f0db69c3bfd9bf7f02ae482cd8,1518453367,2,5,4,0.427923,23,8,0,8,11.54,194.75,7.25,480,372.21,151,FALSE,0,0,0,2,2
5be571aaa5e0c7fba033798ec363ecfcdb027a89,1518400669,1,5,5,0.436314,38,4,0,23,3.63,310.2,24,478,370.7,192,TRUE,0,0,0,0,0
47f252bfea604e1e9090076c573cfd6b0e91a077,1518400669,2,5,5,0.436314,38,4,0,23,3.63,310.2,24,479,371.7,109,TRUE,0,0,0,0,0
13864d17058a2018e083ce1c2688026779a95694,1518391902,1,1,0,0,0,0,0,0,0,0,0,23,21.28,10,FALSE,0,0,0,0,0
2ddf9ac62d9158773bffde492ddf1ef4a4849c6f,1518391902,2,2,0,0,0,0,0,0,0,0,0,22,20.28,9,FALSE,0,0,0,0,0
5e224bd7f03d71e84512400329542424acf136b5,1518223210,3,8,6,0.174523,109,7,0,15,3.22,192.17,9.33,1,1,0.333333,TRUE,0,0,0,1,0
03412bf7567a5ea2d48783e49496e4496debec97,1518223210,2,9,6,0.174523,109,7,0,15,3.22,192.17,9.33,0,0,0,TRUE,0,0,0,1,0
665e6b1b81e279f5efa5840c99c565a6befcf8d5,1518209348,3,15,16,0.243465,384,29,0,19,3.6,86.56,5.88,477,371.48,108,TRUE,0,0,0,12,4
fc763527f4d2dc314431fc5b195952d1b646c848,1518209348,2,16,16,0.243465,384,29,0,19,3.6,86.56,5.88,476,370.48,149,TRUE,0,0,0,12,4
e3fcfa0148d8ccb06577701d91ea066e21842c6e,1517897420,1,1,1,0,4,0,1,3,21.03,77,9,3,2.96,1,FALSE,0,0,0,0,0
f418e225f9bf7f07fa64513def22eb751102364f,1517897420,1,1,1,0,4,0,1,3,21.03,77,9,2,1.96,1,FALSE,0,0,0,0,0
6d23efd81bd7e2467fd063c15a5fa5610a568f60,1517807136,2,5,6,0.294342,98,20,0,9,4.51,96.67,3.83,13,11.83,4,TRUE,0,0,0,0,2
d6b9a064923a1895d7e0d0c8e11649fd7a4a8b34,1517807136,1,5,6,0.294342,98,20,0,9,4.51,96.67,3.83,12,10.83,6,TRUE,0,0,0,0,2
fddfdb907f393991a68ca15e48cf02a600e84840,1517803943,2,2,2,0.29694,51,1,1,7,13.86,147.5,9.5,1,1,0,TRUE,0,0,0,0,1
849b5c57abd0d14adcd74f9f87c89e0eb976383e,1517803943,1,2,2,0.29694,51,1,1,7,13.86,147.5,9.5,0,0,0,TRUE,0,0,0,0,1
fc641fa7988c8c93fd152d45ef94857fb1662f90,1517803482,3,7,13,0.310068,552,21,0,13,21.65,58.69,3,21,19.63,7,TRUE,0,0,0,1,0
4073e4f4c18faecdca4fea64f45bf1077a33376e,1517803482,2,8,13,0.310068,552,21,0,13,21.65,58.69,3,20,18.63,7.5,TRUE,0,0,0,1,0
74d70f8467ab131b67f85bf821610234a9c5b1a9,1517802910,1,1,0,0,0,0,0,0,0,0,0,1,1,0,FALSE,0,0,0,0,0
36a7ecc3703d2cdbe2922cff852e511fb1769ef1,1517802910,1,1,0,0,0,0,0,0,0,0,0,0,0,0,FALSE,0,0,0,0,0
ab713a32a5053c48f83c6503016880369ea65c18,1517801134,2,3,5,0.181167,87,3,0,13,0.02,56,7.8,19,17.64,5.5,TRUE,0,0,0,2,0
c2e8386705e50b0a6ca8a21b79830a799bbbfd71,1517801134,1,3,5,0.181167,87,3,0,13,0.02,56,7.8,18,16.64,7,TRUE,0,0,0,2,0
55b96406644f9f84b34dab2f98c3a6e5d61c7045,1517800797,2,4,4,0.251201,55,0,0,18,1.47,163.5,12.75,17,15.64,4.5,TRUE,0,0,0,0,1
c998ce571d18a83eeb7381a94229fd64e99afad5,1517800797,1,4,4,0.251201,55,0,0,18,1.47,163.5,12.75,16,14.64,6,TRUE,0,0,0,0,1
5866ae99350ccea1383e314bd7b27ace9d8c1983,1517799805,2,5,3,0.379001,30,1,0,14,34.17,197,8.67,6,5.97,1.5,FALSE,0,0,0,0,0
58f89002fc719e0b54216f367ec7e04130412c16,1517799805,3,4,3,0.379001,30,1,0,14,34.17,197,8.67,7,6.97,2,FALSE,0,0,0,0,0
6c996a0b8b09041abee71449c6f22a6c0216c02d,1517795472,1,1,1,0,1,1,1,5,13.92,249,10,4,3.97,2,FALSE,0,0,0,0,0
e2728fc760c0ffb4e0e0077f149f6d22985cf8d9,1517795472,1,1,1,0,1,1,1,5,13.92,249,10,5,4.97,2,FALSE,0,0,0,0,0
420ed63ed18c6a09e8b25754d0142b3b87ebcd71,1517794529,2,8,15,0.307174,312,72,0,31,8.27,169.53,9.93,3,2.97,1,TRUE,0,0,0,8,9
bed32b4074bc67d9d710d5da4f3108e819a91ffc,1517794529,1,8,15,0.307174,312,72,0,31,8.27,169.53,9.93,2,1.97,1,TRUE,0,0,0,8,9
8c3c4beee37787b36f1e5286dd70e52a59a5bc29,1517781543,1,1,0,0,0,0,0,0,0,0,0,1,1,1,FALSE,0,0,0,0,0
520d649600cad0f4e15b6fd14b3697ea0497c46f,1517781543,1,1,0,0,0,0,0,0,0,0,0,0,0,0,FALSE,0,0,0,0,0
ee040a67ba43adee05ae876172f98950d9d2769d,1517781472,1,1,1,0,4,2,1,1,19.69,76,1,0,0,0,FALSE,0,0,0,0,0
f27d2695e1a709a7f7fc665c8287c3fa4a0ebec1,1517781472,1,1,1,0,4,2,1,1,19.69,76,1,1,1,0,FALSE,0,0,0,0,0
391e17f60fb4bf5a73ddd352883647fe6541d1cc,1517459715,1,2,3,0.484196,14,4,0,19,1.62,258.67,30,3,2.99,1,TRUE,0,0,2,2,1
896952dae2d9a1d5f8a34918bb172618ba991fed,1517459715,1,2,3,0.484196,14,4,0,19,1.62,258.67,30,2,1.99,1,TRUE,0,0,2,2,1
75188057e01515f1ee399fa6cda30a5304d1cf17,1517379462,1,3,8,0.460977,62,26,0,17,15.93,158.88,13.38,53,48.86,22,FALSE,0,0,0,5,4
5d315d025c69132904e828099b7d01693e0c76d7,1517379462,1,3,8,0.460977,62,26,0,17,15.93,158.88,13.38,52,47.86,22,FALSE,0,0,0,5,4
1d49e4789a4556455ee43bda23fe903f6966f5b9,1517293351,2,4,4,0.27229,71,2,0,15,0.02,135,12,1,1,0,TRUE,0,0,0,0,0
05704298c9e94cf80e7fced1ea0ce17867f8cde8,1517293351,1,4,4,0.27229,71,2,0,15,0.02,135,12,0,0,0,TRUE,0,0,0,0,0
29ac70b0cdf5174237996dd26d59891a5a543bbf,1517292513,2,3,3,0.493124,60,7,0,11,0.64,172.67,9.67,1,1,0,TRUE,0,0,0,3,0
6b7a5ae7969dbcca5fdc8dab81b404211fab20c6,1517292513,1,3,3,0.493124,60,7,0,11,0.64,172.67,9.67,0,0,0,TRUE,0,0,0,3,0
71b8f4dcbcce31461672279994bd107a3cb645e9,1517286485,1,5,4,0.248542,43,2,0,15,8.11,146.25,12.5,4,3.65,2,TRUE,0,0,0,1,1
9310641bcd11f891657fb02f2e3acd641153a99b,1517286485,2,5,4,0.248542,43,2,0,15,8.11,146.25,12.5,5,4.65,0.5,TRUE,0,0,0,1,1
7434553a16018d53754470db6a0f195335448eb4,1517210393,1,3,5,0.203838,84,15,0,11,4.53,95.4,5,14,12.89,5,TRUE,0,0,0,0,0
5a3732296f8ca1c6c46fc9f8f3de54f67221fa2d,1517210393,2,3,5,0.203838,84,15,0,11,4.53,95.4,5,15,13.89,3.5,TRUE,0,0,0,0,0
93315f2b2860b7d3a66ff3af1f3d4ef958f3510e,1517210191,2,2,3,0.142177,50,8,0,5,27.84,95,4.33,13,11.89,2.5,FALSE,0,0,0,0,0
0913e53d5002610f97ade910bf6e8a76074dcd0e,1517210191,1,2,3,0.142177,50,8,0,5,27.84,95,4.33,12,10.89,4,FALSE,0,0,0,0,0
deba5ef50c5fd630dd7d983b4359b743c4b719a9,1517208430,1,1,1,0,6,2,0,4,7.12,203,23,1,1,0,FALSE,0,0,0,0,0
b05efdd21da3b201a8c16e856f2b381fb5c8f6ee,1517208430,1,1,1,0,6,2,0,4,7.12,203,23,0,0,0,FALSE,0,0,0,0,0
79495b3fad61ea4fd93595eb71617fced0257701,1517208314,1,3,3,0.426396,8,1,0,11,18.18,163.33,9.33,8,7.54,4,FALSE,0,0,0,0,0
f9be8201130c27e7498b98a5b873e9ac1a7c8e98,1517208314,2,3,3,0.426396,8,1,0,11,18.18,163.33,9.33,9,8.54,4,FALSE,0,0,0,0,0
d7098ce5664c3b04edf291bf96187db8a3434c5b,1517208196,2,3,4,0.405747,56,8,0,10,5.47,71,12,7,6.54,3,FALSE,0,0,0,0,0
828f3024a7a3d78eeb8edd83b5e3f3a97df20a12,1517208196,1,3,4,0.405747,56,8,0,10,5.47,71,12,6,5.54,3,FALSE,0,0,0,0,0
8667d2b38494a9bd71e6336162fcbd9ba35e2943,1517203628,1,1,0,0,0,0,0,0,0,0,0,1,1,1,FALSE,0,0,0,0,0
10f88a95f585ff80e3390e82b5171e8fc1384aa6,1517203628,1,1,0,0,0,0,0,0,0,0,0,0,0,0,FALSE,0,0,0,0,0
8ad0ed7fd3ea5ae35d1331823a7dc13475e641af,1517203351,2,2,1,0,2,2,1,1,5.92,133,1,475,379.03,84.5,TRUE,0,0,0,0,0
3e394a64868181756df3505e7ae4b362f899fa44,1517203351,2,2,1,0,2,2,1,1,5.92,133,1,474,378.03,147.5,TRUE,0,0,0,0,0
8d51fdcf650088e586a48babce318354113e974b,1517200953,2,3,4,0.665666,21,7,0,13,51.67,123.5,6.75,1,1,0,FALSE,0,0,0,0,0
dd54c999cfab0067bd4b1ae64425c3dfbe64de61,1517200953,1,3,4,0.665666,21,7,0,13,51.67,123.5,6.75,0,0,0,FALSE,0,0,0,0,0
c2022b3ee5d62449bebb03589847c389f0cebda6,1517178727,1,1,1,0,1,1,0,4,6.78,122,5,7,6.29,1,FALSE,0,0,0,0,0
806cd0466d33db0076299409a6ae763873899d05,1517178727,1,1,1,0,1,1,0,4,6.78,122,5,6,5.29,2,FALSE,0,0,0,0,0
e1434f03eae9f7362b8bc8e369b4c75a876dc542,1516947787,1,1,0,0,0,0,0,0,0,0,0,472,378.52,103,FALSE,0,0,0,0,0
b02839fda1cc6788e9b66516fcafab8458825cc4,1516947787,1,1,0,0,0,0,0,0,0,0,0,473,379.52,104,FALSE,0,0,0,0,0
54f0c8b0ba689150274b1181a8633633d2ee397a,1516947541,1,1,0,0,0,0,0,0,0,0,0,470,376.52,189,FALSE,0,0,0,0,0
d37932725a08045e8f2ba4c6f47841127d12694c,1516947541,1,1,0,0,0,0,0,0,0,0,0,471,377.52,102,FALSE,0,0,0,0,0
aee8510b7bfb856d7a9b49efd897c7de30cd134c,1516944133,2,2,2,0.546218,21,1,1,7,2.92,75.5,13.5,51,47.48,22,FALSE,0,0,0,1,0
04d13061d01a9d0f3b6f51f03461a8c23b85af7d,1516944133,2,3,2,0.546218,21,1,1,7,2.92,75.5,13.5,50,46.48,21.5,FALSE,0,0,0,1,0
8d7339aea1965b929ca8186ce8b617d5c46f218e,1516939764,2,3,3,0.516079,3,4,0,12,15,176.33,9.67,49,45.48,15.5,FALSE,0,0,0,0,0
8177118c3d68c142b8c897b3d465978a0903bab3,1516939764,1,3,3,0.516079,3,4,0,12,15,176.33,9.67,48,44.48,20,FALSE,0,0,0,0,0
3651b6a9a963c87950302c30276e654a5e14d68d,1516939379,1,3,2,0.896499,52,2,0,1,4.01,140,0.5,46,42.48,19,TRUE,0,0,0,5,6
03291804ec9e73b147548a4e89e6d7079f4595d4,1516939379,2,3,2,0.896499,52,2,0,1,4.01,140,0.5,47,43.48,14.5,TRUE,0,0,0,5,6
e78baca1d0ffc499fffdd21883df1d43e0ab16f1,1516936424,2,2,1,0,3,1,1,2,0.99,213,2,1,1,0,FALSE,0,0,0,0,0
74dbe23ea0afcf1c981f68dceb4e362eddc60b0f,1516936424,1,2,1,0,3,1,1,2,0.99,213,2,0,0,0,FALSE,0,0,0,0,0
1cd3cf703a80f753386682866534dc96d9a38c6a,1516850967,1,1,1,0,1,1,0,1,1.84,213,1,1,1,0,FALSE,0,0,0,0,0
26d947a0d651204e04ee894501ad5a027940c782,1516850967,1,1,1,0,1,1,0,1,1.84,213,1,0,0,0,FALSE,0,0,0,0,0
13190753f0f5b92ea0b26af8fd020f348ec59ce2,1516850947,1,1,0,0,0,0,0,0,0,0,0,14,13,7,FALSE,0,0,0,0,0
5cc15ec73b703f10877e79fdf489bc83332008df,1516850947,1,1,0,0,0,0,0,0,0,0,0,13,12,6,FALSE,0,0,0,0,0
3d6709142f702a92b04b065de1d05b211855966b,1516850838,2,3,3,0.113447,23,0,0,12,1.61,149.33,14.33,45,41.59,13.5,TRUE,0,0,0,0,0
921781d03473b960a11bac0dcf85f19dfc270732,1516850838,1,3,3,0.113447,23,0,0,12,1.61,149.33,14.33,44,40.59,18,TRUE,0,0,0,0,0
f474fb580aa4c924019d29b566be0a28840f4a60,1516727702,1,1,0,0,0,0,0,0,0,0,0,468,376.67,188,FALSE,0,0,0,0,0
e9596d61f8ec534896359a3820817574c8fb1ea4,1516727702,1,1,0,0,0,0,0,0,0,0,0,469,377.67,101,FALSE,0,0,0,0,0
b3b49f362e3f82d5306ad93de4654c14a3fc0e53,1516727303,1,1,0,0,0,0,0,0,0,0,0,467,375.67,100,FALSE,0,0,0,0,0
5ded330bfbc2af7f3d4863da403971627a033f82,1516727303,1,1,0,0,0,0,0,0,0,0,0,466,374.67,99,FALSE,0,0,0,0,0
deea87829a49a6f8112a52ae3700e18a11199713,1516727062,1,1,0,0,0,0,0,0,0,0,0,43,39.74,21,FALSE,0,0,0,0,0
ab20b8166b39d3b564fdeddc28e2bac9c24a7899,1516727062,1,1,0,0,0,0,0,0,0,0,0,42,38.74,20,FALSE,0,0,0,0,0
a429c52bb4e53effe586d677d53704a78c8d302b,1516692099,3,10,13,0.226892,405,13,0,16,10.68,39.23,6.15,465,374.01,103.667,TRUE,0,0,0,6,1
b7027c13ba39ab91fe7b35a7781ee8cdd985c844,1516692099,2,11,13,0.226892,405,13,0,16,10.68,39.23,6.15,464,373.01,142,TRUE,0,0,0,6,1
5c5d5f8af634c0e0aa8e8a3542892febe7c27e85,1516593158,3,11,33,0.45777,793,75,1,26,13.79,108.36,5.21,41,37.89,14.6667,TRUE,0,0,0,10,9
5bafd4af33a6a6b7c83c666b8e2321da717267a9,1516593158,2,12,33,0.45777,793,75,1,26,13.79,108.36,5.21,40,36.89,17.5,TRUE,0,0,0,10,9
dba3d49be2d30dfe47a9bd9c88d6fba9015be968,1516575741,1,1,1,0,2,1,0,2,1.8,7,2,11,10.09,2,FALSE,0,0,0,3,0
b5773c6d4091a5486c9da2b40abfcf74d8678261,1516575741,1,1,1,0,2,1,0,2,1.8,7,2,10,9.09,3,TRUE,0,0,0,3,0
a78280affa7e02cb142e51259ea4076ed036600a,1516521134,2,2,2,0.35218,8,1,1,2,14.56,39.5,1,1,1,0,FALSE,0,0,0,0,0
7afaa9b60fa627a45824443fb876183005c68d28,1516521134,1,2,2,0.35218,8,1,1,2,14.56,39.5,1,0,0,0,FALSE,0,0,0,0,0
e922724978fe9e58804cda4b07889a3adc7d20ca,1516479663,2,2,1,0,7,1,0,3,3.65,109,7,11,10.13,4,FALSE,0,0,0,0,0
0a2f554080db7f7b3f077e07ac62ade9170d1372,1516479663,2,2,1,0,7,1,0,3,3.65,109,7,12,11.13,5,FALSE,0,0,0,0,0
4d0de9e4689a9b73f30a29d7777ad0e0d8b4a06e,1516460558,2,2,3,0.86129,14,7,1,12,12.42,173,9,10,9.14,2.5,FALSE,0,0,0,0,0
25cf21709a0829131311281cb369d792cf666aa3,1516419909,1,2,2,0.57938,2,1,0,3,25.86,59.5,2.5,11,10.28,5,FALSE,0,0,0,0,0
0b90095eafe2d4f09e4c2bb89ab8b54abc7b4257,1516419909,1,2,2,0.57938,2,1,0,3,25.86,59.5,2.5,10,9.28,5,TRUE,0,0,0,0,0
1f0ec50d859af1db34274c0833a47def561080c7,1516347810,1,1,0,0,0,0,0,0,0,0,0,0,0,0,FALSE,0,0,0,0,0
a120fbb2b7b4f52dd95e6146f4d5d76eed4b58b0,1516347810,1,1,0,0,0,0,0,0,0,0,0,1,1,0,FALSE,0,0,0,0,0
5f1bc476305f894d311f7130a9c650a266a7be68,1516163937,1,1,1,0,14,5,0,3,36.75,100,6,462,376.17,186,FALSE,0,0,0,0,0
072d799d48bb3639c628687937f3641fe2cff74d,1516163937,1,1,1,0,14,5,0,3,36.75,100,6,463,377.17,150,FALSE,0,0,0,0,0
244f274f710048682505351fbed777ac7bc49406,1516080477,3,11,25,0.373968,556,160,1,30,10.24,101.64,6.36,461,375.99,102,TRUE,0,0,10,7,2
b06d934e34f2cbe82e8abdca1916ec821d45b57a,1516080477,2,12,25,0.373968,556,160,1,30,10.24,101.64,6.36,460,374.99,140,TRUE,0,0,10,7,2
b56b2a9f3c3ff6db2dd27a086b409a8d4af6f2bd,1516007215,1,3,4,0.893284,11,3,0,17,5.92,218.75,23.75,1,1,0,TRUE,0,0,3,1,1
af9102f6e31cb3f0867917a1265527fc8667be75,1516007215,1,3,4,0.893284,11,3,0,17,5.92,218.75,23.75,0,0,0,TRUE,0,0,3,1,1
ee654c0595139e2e0c876af065e496fc06f26be6,1516002154,1,1,2,1,4,6,0,7,15.16,53.5,6,458,373.76,184,TRUE,0,0,0,0,0
9eac73e21dba7dfdf4d408902e206d76364ba9af,1516002154,1,1,2,1,4,6,0,7,15.16,53.5,6,459,374.76,148,TRUE,0,0,0,0,0
6962a9a96cdedafbf27715bc74b93e6c8ad7eb19,1515915316,1,1,1,0,2,2,1,7,15.5,118,11,1,1,0,FALSE,0,0,6,2,2
3e1c0fc8dad6f3e6b27d64a578756c875686ccef,1515915316,1,1,1,0,2,2,1,7,15.5,118,11,0,0,0,FALSE,0,0,6,2,2
bd9fd9f6193c3f18efa03f897a33906869808b96,1515912715,2,4,4,0.58857,40,2,0,3,12.03,55.5,0.75,9,8.42,2.5,TRUE,0,0,0,1,1
a23e503a126ad2c09254c8464690d15efbc66b3d,1515912715,1,4,4,0.58857,40,2,0,3,12.03,55.5,0.75,8,7.42,4,TRUE,0,0,0,1,1
dd26db34fb70b3e40826bf3c4878172eb60afe91,1515717010,2,3,7,0.431332,97,3,1,13,1.09,119.57,12.14,457,375.57,103.5,TRUE,0,0,0,1,0
088bb35e874f7951f3b8fdb5794ca09c9691045d,1515717010,1,3,7,0.431332,97,3,1,13,1.09,119.57,12.14,456,374.57,183,TRUE,0,0,0,1,0
97cf294d8c0cae6e47f46a7f76497d719e419822,1515568096,1,1,0,0,0,0,0,0,0,0,0,1,1,1,FALSE,0,0,0,0,0
ba27002f61d34dc6a8689e6845ccbb26ed39d3b9,1515568096,2,2,0,0,0,0,0,0,0,0,0,0,0,0,FALSE,0,0,0,0,0
03d217f9fd9bdefdecc0435df02370810fcdcbde,1515567891,0,0,0,0,0,0,0,0,0,0,0,454,374.05,0,FALSE,0,0,0,0,0
6c3d34f2215a46dd7845193a6f4036930eaddf48,1515567891,0,0,0,0,0,0,0,0,0,0,0,455,375.05,0,FALSE,0,0,0,0,0
eceebebe8eef19eeaf6ac49e9f80cd6e78fe470d,1515518821,2,5,7,0.228112,84,29,0,15,6.15,131.14,13.86,453,373.54,102.5,TRUE,0,0,0,1,0
8783be3471920a1f0fba49ee9288af3a7531e8c0,1515518821,1,5,7,0.228112,84,29,0,15,6.15,131.14,13.86,452,372.54,182,TRUE,0,0,0,1,0
727d8107f69815f51f2cd4c5f57f431dbaac3491,1515481545,1,3,5,0.424934,20,2,0,15,3.86,187.8,23.2,451,371.91,145,FALSE,0,0,0,1,0
42af91f88bcabadb897ae854278f7786001eb0f3,1515481545,1,3,5,0.424934,20,2,0,15,3.86,187.8,23.2,450,370.91,181,TRUE,0,0,0,1,0
3541e3efcd6533e1b8041971c1d5136a1644a6de,1515477018,1,3,8,0.749188,21,14,0,11,13.92,79.25,9.75,449,369.95,144,TRUE,0,0,0,0,0
504cfa3e30cf3b68e279bd9b2ac65296b267212d,1515477018,1,3,8,0.749188,21,14,0,11,13.92,79.25,9.75,448,368.95,180,TRUE,0,0,0,0,0
5572e881dcc6b2a9c7a9c99c7b807416788fdb1c,1515450938,1,1,0,0,0,0,1,0,0,0,0,39,37.17,17,FALSE,0,0,0,0,0
89029de7dfc5faa43837dd47c234bdb49395b23e,1515450938,1,1,0,0,0,0,1,0,0,0,0,38,36.17,16,FALSE,0,0,0,0,0
b8e897341e942b04967a1d44f462375292d5b990,1515432206,1,1,1,0,33,3,0,4,18.5,79,10,447,368.39,143,FALSE,0,0,0,0,0
a253e87c95386ec8514ba7691a27d5bcaa928c24,1515432206,1,1,1,0,33,3,0,4,18.5,79,10,446,367.39,179,FALSE,0,0,0,0,0
9143f4b1ef601aeaa11f4d2cb2d6094285378807,1515427148,1,1,0,0,0,0,0,0,0,0,0,3,2.85,0,FALSE,0,0,0,0,0
22c0e149057c2ee49ab2b0f997429d29553b5fa5,1515427148,1,1,0,0,0,0,0,0,0,0,0,2,1.85,1,FALSE,0,0,0,0,0
c858843bb0e72c6ad46a2349b36843e00b86ea76,1515266080,2,3,2,0.368404,31,8,0,12,16.32,200,12.5,37,35.37,11.5,TRUE,0,0,0,0,0
8dbe64ce290cb763d6ecf1c5ba17fd5b7b401255,1515266080,1,3,2,0.368404,31,8,0,12,16.32,200,12.5,36,34.37,16,TRUE,0,0,0,0,0
a852dd2cd0dc856121ebc2e6cbc2589525a3d435,1515263452,2,2,2,0.226044,75,4,1,1,7.29,4,0.5,1,1,0,TRUE,0,0,0,0,0
5c3ccb8fdd86149f4e271341170f8cf01672e4b7,1515263452,1,2,2,0.226044,75,4,1,1,7.29,4,0.5,0,0,0,TRUE,0,0,0,0,0
0f20aea56ff1c24bc3a1b02bf2e6ba3f60f7a039,1515260211,1,1,1,0,1,0,1,3,6.07,44,12,444,367.07,178,FALSE,0,0,0,0,0
1a853bed3ece6744daba8a0a833ef18ba0c67e3b,1515260211,1,1,1,0,1,0,1,3,6.07,44,12,445,368.07,142,FALSE,0,0,0,0,0
92fd19f734c76ad03cf9d1c4d0cef35fada55788,1515254270,1,4,4,0.47895,79,19,0,15,5.03,207,21.5,34,32.39,15,TRUE,0,0,0,4,0
fb3f9d7a5e120766dd3656ce00b4bb07e76d6af1,1515254270,2,4,4,0.47895,79,19,0,15,5.03,207,21.5,35,33.39,10.5,TRUE,0,0,0,4,0
9770acfb7576572715dd672195180d5fec8156a9,1515208736,3,4,3,0.246871,41,1,0,6,0.53,24.67,4,1,1,0,TRUE,0,0,0,1,0
0cdcb95cfba8c0dc1a5383edde845d28910b2644,1515208736,2,4,3,0.246871,41,1,0,6,0.53,24.67,4,0,0,0,TRUE,0,0,0,1,0
4e2ecc3c37518f4778c20ca6cbfdd88fb28b8bde,1515118540,1,1,0,0,0,0,1,0,0,0,0,1,1,1,FALSE,0,0,0,0,0
f525925a2d02d875257c43d1d49fc32f39cf05a3,1515118540,1,1,0,0,0,0,1,0,0,0,0,0,0,0,FALSE,0,0,0,0,0
7bdbeb0dcaa663090a0f089fd52dbace020915fe,1515070841,1,3,4,0.422042,34,1,0,9,0.2,83.25,5,2,2,1,TRUE,0,0,0,0,0
39c5cfe377be603b16561f914cb9a07c7e5fdd6c,1515070841,2,3,4,0.422042,34,1,0,9,0.2,83.25,5,3,3,1,TRUE,0,0,0,0,0
2fbba629eaa83d7de5ccba79e01faa1187393f16,1515036373,2,3,6,0.403602,33,1,1,8,0.32,52.83,3.17,1,1,0,TRUE,0,0,1,0,0
181b35e17f5898c11c804b7c09352bea8a60a431,1515036373,1,3,6,0.403602,33,1,1,8,0.32,52.83,3.17,0,0,0,TRUE,0,0,1,0,0
e09575d495d2ac5282671eab88b827191eee7fa7,1514953535,2,3,4,0.539283,42,0,1,7,3.5,73.75,4.5,33,31.68,9.5,TRUE,0,0,0,1,0
f9344b141fb8e7d3aefc06be2e4b7d04ce963dd4,1514953535,1,3,4,0.539283,42,0,1,7,3.5,73.75,4.5,32,30.68,14,TRUE,0,0,0,1,0
50de97fb1239b7079f36c3897fe0c0c5f2e39070,1514951173,3,5,5,0.264783,38,0,0,16,3.54,180,19,3,2.98,0.666667,TRUE,0,0,0,1,0
e27af663262335b00ac6fe5b486599bf851a7507,1514951173,2,6,5,0.264783,38,0,0,16,3.54,180,19,2,1.98,0.5,TRUE,0,0,0,1,0
3618116126eeae972083e7524764e498ca738121,1514910636,1,1,3,0.854356,12,13,1,7,5.98,109.33,4,442,368.5,177,TRUE,0,0,0,0,0
e0e231e359223343c0333013aeac4e4952fa7324,1514910636,1,1,3,0.854356,12,13,1,7,5.98,109.33,4,443,369.5,58,FALSE,0,0,0,0,0
3dab8dc4fc9bfca97a8cb3341cbaa14d3a489e2e,1514831087,1,1,3,0.872771,10,4,1,10,7.72,230.67,24.67,0,0,0,FALSE,0,0,0,0,0
065a49e8f673922e514c5279d79df74f052a1558,1514831087,1,1,3,0.872771,10,4,1,10,7.72,230.67,24.67,1,1,0,FALSE,0,0,0,0,0
b6915138efdcd654213c6b688b377bbf44227d4d,1514827142,1,1,0,0,0,0,1,0,0,0,0,31,29.8,15,FALSE,0,0,0,0,0
d84add0f10b57b09a97586c1e6cc30778920ab7b,1514827142,1,1,0,0,0,0,1,0,0,0,0,30,28.8,14,FALSE,0,0,0,0,0
68258b1e53d086f173d2888d9fa367fcba891807,1514782772,1,1,0,0,0,0,0,0,0,0,0,441,368.77,94,FALSE,0,0,0,0,0
587bef613760ad45070aeb1b88027332df9ec930,1514782772,1,1,0,0,0,0,0,0,0,0,0,440,367.77,176,FALSE,0,0,0,0,0
c6991116f0759b865f1a55336c32ba0793fa09c3,1514782677,1,1,1,0,1,0,1,4,1.44,138,20,439,366.77,141,FALSE,0,0,0,0,0
d32edf7b445184fc1df3aec6b5c7834e9d8d1b93,1514782677,1,1,1,0,1,0,1,4,1.44,138,20,438,365.77,175,FALSE,0,0,0,0,0
b9004fc3a0092cdfa0b18e196ab25a79e582b2d1,1514771127,2,3,4,0.317966,22,0,1,8,0.47,122,17,3,3,1,TRUE,0,0,0,0,0
1f1af310b440dd10609a57f68cd90ab004c303f7,1514771127,1,3,4,0.317966,22,0,1,8,0.47,122,17,2,2,1,TRUE,0,0,0,0,0
dc4acd8efebf76116b9e06e89827e56cfa217013,1514771069,1,1,0,0,0,0,1,0,0,0,0,29,27.85,13,FALSE,0,0,0,0,0
45901fea241762c23a07bcdc2d96b9a877849284,1514771069,1,1,0,0,0,0,1,0,0,0,0,28,26.85,12,FALSE,0,0,0,0,0
eb264c38439a4c46e213f52191534e75c12d91e6,1514771012,1,1,0,0,0,0,0,0,0,0,0,1,1,1,FALSE,0,0,0,0,0
ebf941e0d946174b407549b2bd2e502d98901b40,1514771012,1,1,0,0,0,0,0,0,0,0,0,0,0,0,FALSE,0,0,0,0,0
0fcdeb9a9feac10be3ff2485e2487588734a6754,1514770964,1,1,1,0,2,2,1,7,7.83,94,13,27,25.85,13,FALSE,0,0,0,0,0
6505ddd2dfaadc9bd3e0d60c80ae349bcb6cf50f,1514770964,1,1,1,0,2,2,1,7,7.83,94,13,26,24.85,13,FALSE,0,0,0,0,0
a4afc84471955c1775ba767ed52cc4e3bf7c2e2d,1514735957,1,1,0,0,0,0,0,0,0,0,0,437,365.23,93,FALSE,0,0,0,0,0
5d1b4306ebca99ee8b15d9b343332b279a1543ec,1514735957,1,1,0,0,0,0,0,0,0,0,0,436,364.23,174,FALSE,0,0,0,0,0
e2d0df20bc25ee166781536e0b020a466f2c9e09,1514735836,1,1,0,0,0,0,0,0,0,0,0,435,363.23,92,FALSE,0,0,0,0,0
e7ed88b6fd3ac2fae155aa3ec3b9729835c4d292,1514735836,1,1,0,0,0,0,0,0,0,0,0,434,362.23,91,FALSE,0,0,0,0,0
22478d368216b24da3bd3e94439b02e356fd4310,1514735821,1,1,1,0,4,2,1,3,10.44,42,11,433,361.23,140,FALSE,0,0,0,0,0
41e11f811a3a9e19a3d717b25a5295bc25c8ae67,1514735821,1,1,1,0,4,2,1,3,10.44,42,11,432,360.23,173,FALSE,0,0,0,0,0
0ebcbc4b09d9ab27c8b4652eb9ba34d5083927b4,1514735774,2,3,2,0.18554,2,45,0,3,0.03,68.5,9,431,359.23,114.5,FALSE,0,0,0,0,0
7fe5c4e13ac00fe74a8e5e4b20e9428a43134b25,1514735774,2,4,2,0.18554,2,45,0,3,0.03,68.5,9,430,358.23,130.5,FALSE,0,0,0,0,0
a0ede06395807cc0f7f6caad7aee2cb1463d41ac,1514733258,2,3,3,0.17412,60,8,1,4,11.08,52.33,6.67,25,23.88,11.5,TRUE,0,0,0,0,0
534399e396100550ca2d8fedf25dd2cab81b50a4,1514733258,2,4,3,0.17412,60,8,1,4,11.08,52.33,6.67,24,22.88,11,TRUE,0,0,0,0,0
08b321eb672c013a9d5de1b9df0909d3eb88a316,1514692285,1,3,3,0.513872,63,7,1,6,3.06,80.33,4.67,0,0,0,TRUE,0,0,0,0,0
d11a15e1636ea7c7f291d0cfbf73b75cc719e839,1514692285,2,3,3,0.513872,63,7,1,6,3.06,80.33,4.67,1,1,0,TRUE,0,0,0,0,0
d0f9ad63215db80a6c98a34bf5b0eb29552fb2fe,1514692181,1,1,1,0,3,1,0,4,9.33,60,7,8,7.63,3,FALSE,0,0,0,0,0
14e7880be2a147503999e21d4c1114874cc500d7,1514692181,1,1,1,0,3,1,0,4,9.33,60,7,9,8.63,3,FALSE,0,0,0,0,0
c8a1156d4c2dd5902ba500aa9c25547bfab53eac,1514658611,2,4,6,0.290002,39,9,1,12,0.46,98.67,6.5,5,4.99,2,TRUE,0,0,1,3,0
d0eb576208ed16f3797f82e9e9a3e59d13f7a5c7,1514658611,1,4,6,0.290002,39,9,1,12,0.46,98.67,6.5,4,3.99,2,TRUE,0,0,1,3,0
4c67f03808dca6cf9b9a47bcd92477e09005da75,1514656918,1,1,1,0,1,1,1,6,0.92,178,40,1,1,0,FALSE,0,0,0,0,0
07b029e50a83c022f23c2a5b32f98da6279fca93,1514656918,1,1,1,0,1,1,1,6,0.92,178,40,0,0,0,FALSE,0,0,0,0,0
261bed102baafb6bc41e45af94bd8fb5f1b01aa3,1514610209,1,3,8,0.494815,95,3,1,9,1.26,81,9.25,4,3.91,2,TRUE,0,0,4,0,0
127c9b72d20847734049a7db27683279c6784ab6,1514610209,2,3,8,0.494815,95,3,1,9,1.26,81,9.25,5,4.91,2,TRUE,0,0,4,0,0
494fafc33ec0a3c66b423670a24539896015855f,1514597158,2,2,2,0.251463,22,2,0,4,4.42,5.5,2,3,3,1,FALSE,0,0,0,0,0
0853d6e1211378bd1eccf8ee1a090eb77e4c9d97,1514597158,1,2,2,0.251463,22,2,0,4,4.42,5.5,2,2,2,1,FALSE,0,0,0,0,0
0ab0acaecece829392cd452f83014df7c470fc83,1514578568,2,4,7,0.310606,77,42,0,11,5.59,95.71,5.71,1,1,0,TRUE,0,0,1,3,0
500de12c7ce3782353392b7e8e2128d30c517bb2,1514578568,1,4,7,0.310606,77,42,0,11,5.59,95.71,5.71,0,0,0,TRUE,0,0,1,3,0
d763a1aaca70a7892cb4c6611c2540ca1506d107,1514577711,1,1,1,0,3,1,0,5,8.61,176,39,1,1,0,FALSE,0,0,0,0,0
8abed4ad269fadb2c570e1679d73fbbaffd11ba0,1514577711,1,1,1,0,3,1,0,5,8.61,176,39,0,0,0,FALSE,0,0,0,0,0
06d5ffc33dac19fa9ca730bbf939052b500a34ec,1514576292,2,2,2,0.47756,5,2,0,9,14.58,124,8,1,1,0,TRUE,0,0,2,1,1
6d92a795722fb465884200b494e2f60838140efa,1514576292,1,2,2,0.47756,5,2,0,9,14.58,124,8,0,0,0,TRUE,0,0,2,1,1
ea374020a25ce258a6954c9212e1f1560552d185,1514486188,1,1,0,0,0,0,0,0,0,0,0,8,7.68,0,FALSE,0,0,0,0,0
8a65676023f88a53372ab4bf0b6daada49de6b49,1514486188,1,1,0,0,0,0,0,0,0,0,0,9,8.68,1,FALSE,0,0,0,0,0
036128f7a3f2a616f24c46fd220b53444db5c7bc,1514438891,2,6,4,0.296191,62,0,0,5,1.6,17,5.5,0,0,0,TRUE,0,0,0,0,1
8f1f497945d4e5102c401e3036c4bc30fd692348,1514438891,3,5,4,0.296191,62,0,0,5,1.6,17,5.5,1,1,0.333333,TRUE,0,0,0,0,1
463c5701e4dbb38af6614d261cd6c8f5c724234f,1514421921,0,0,0,0,0,0,0,0,0,0,0,429,360.26,0,FALSE,0,0,0,0,0
562f2f73be142b4eeef7044fe1b59696c712ac1a,1514421921,0,0,0,0,0,0,0,0,0,0,0,428,359.26,0,FALSE,0,0,0,0,0
bb6e6044b7569fd6745ab915dfd49327d0cbb955,1514367818,1,1,1,0,1,1,1,8,2.11,489,66,1,1,0,FALSE,0,0,0,0,0
e2203127f0869e8eb8c0149b2df586a01689e7bb,1514367818,1,1,1,0,1,1,1,8,2.11,489,66,0,0,0,FALSE,0,0,0,0,0
72a802a4d591ecf0aee865ab9eb40e7caaf76782,1514185568,1,2,3,0.564475,13,5,0,7,5.85,200,22.33,6,5.75,2,TRUE,0,0,0,1,0
0eb4487491fd70390697ad413aeac994fca4309c,1514185568,1,2,3,0.564475,13,5,0,7,5.85,200,22.33,7,6.75,2,FALSE,0,0,0,1,0
ec89fabbf670696e2b673879cbe9fa2f88780706,1514094400,1,2,3,0.0873882,23,16,0,8,0.02,234.67,22.33,427,361.46,138,FALSE,0,0,0,0,0
1e2c0f719121176689982c8581272c01323434e3,1514094400,1,2,3,0.0873882,23,16,0,8,0.02,234.67,22.33,426,360.46,171,FALSE,0,0,0,0,0
ed11a2e1d21fec175e6fd457b174d8bb9c8d4a4a,1514093190,2,2,3,0.216297,38,23,0,8,1.01,221.33,22.67,425,359.47,97,TRUE,0,0,0,2,0
937b192367c6c7e8dd7549ee6e48370edfd88eed,1514093190,1,2,3,0.216297,38,23,0,8,1.01,221.33,22.67,424,358.47,170,TRUE,0,0,0,2,0
90b968432592f38ecca0ad3b2cb5f7fbfbcd684c,1514092112,4,6,5,0.16851,146,8,0,7,2.53,145.8,13.8,1,1,0.25,TRUE,0,0,0,0,0
cf675173441c1be4d58af4fe737568803630ebeb,1514092112,2,7,5,0.16851,146,8,0,7,2.53,145.8,13.8,0,0,0,TRUE,0,0,0,0,0
a2aa64adfcb243538def2a8fa7f099f275c7e8c9,1514089197,1,1,0,0,0,0,0,0,0,0,0,423,357.51,88,FALSE,0,0,0,0,0
2a3ca78d13ad2d6cb6fe65648050b6389ee1fee7,1514089197,1,1,0,0,0,0,0,0,0,0,0,422,356.51,169,FALSE,0,0,0,0,0
5210bc685127596c8e8e48b64639021ccc9ace5d,1514003939,1,3,4,0.819773,17,20,0,7,2.73,40.25,3.75,421,356.33,136,TRUE,0,0,0,0,0
904b181cb68795913e9a0d9a79afb1951c8444b8,1514003939,1,3,4,0.819773,17,20,0,7,2.73,40.25,3.75,420,355.33,168,TRUE,0,0,0,0,0
346e4c67a1fa162ea9fa1d015c79e75c8c5011bb,1514002684,1,2,3,0.86129,9,5,1,9,8.64,159,6.67,0,0,0,TRUE,0,0,0,0,0
38f8aaf173a8ff501ddd02741969089576b42bd6,1514002684,2,2,3,0.86129,9,5,1,9,8.64,159,6.67,1,1,0,TRUE,0,0,0,0,0
6fffe1033ecb09f4352394bfa3de2c3af898f112,1513981346,1,3,3,0.315074,14,1,0,7,6.3,68.33,4.67,2,1.99,1,TRUE,0,0,0,0,0
0f40da9bd4249b43d22597f80d0306791e9203f6,1513981346,2,3,3,0.315074,14,1,0,7,6.3,68.33,4.67,3,2.99,1,TRUE,0,0,0,0,0
5c164719a73781253dc0921ba60d3982381290fa,1513917589,1,1,0,0,0,0,0,0,0,0,0,419,355.17,87,FALSE,0,0,0,0,0
808a3bd98dee6cb867a9584ba22de14af206de56,1513917589,1,1,0,0,0,0,0,0,0,0,0,418,354.17,167,FALSE,0,0,0,0,0
df89d98c106f8f831e0cb9e1b687ba57b0f7e242,1513917054,1,1,1,0,14,5,1,5,7.59,46,6,417,353.17,135,FALSE,0,0,0,4,0
d755afa17b75c7487a24a5814e495ef1ca53b9ec,1513917054,1,1,1,0,14,5,1,5,7.59,46,6,416,352.17,166,FALSE,0,0,0,4,0
a3f02060be77f02a5d5918ffa862d5d2a57cd160,1513917001,1,3,2,0.47756,4,3,0,5,0.13,115.5,4.5,6,5.81,2,FALSE,0,0,0,0,0
ab3a7d61a4f3e19b129583914fb9fad4c54d8dc6,1513917001,3,3,2,0.47756,4,3,0,5,0.13,115.5,4.5,7,6.81,2.66667,FALSE,0,0,0,0,0
bc90871e91029b6fec118d32c7be8f95db965bab,1513908463,1,3,1,0,37,0,0,4,10.96,164,6,415,351.25,56,TRUE,0,0,0,0,0
be7bb6953e65b7a4d5fef88653a54eb8afa725ff,1513908463,1,3,1,0,37,0,0,4,10.96,164,6,414,350.25,165,TRUE,0,0,0,0,0
7b809531bbaaed98f3aa759ca802ded5d124ce10,1513903388,1,2,3,0.147185,10,46,0,4,0.21,40.33,1.67,413,349.3,134,FALSE,0,0,1,6,0
bee50b3cf6a6009d8f747d017e3ed5937286b646,1513903388,1,2,3,0.147185,10,46,0,4,0.21,40.33,1.67,412,348.3,164,FALSE,0,0,1,6,0
6f493f030852f557c299b2c26a565c99e1e9de66,1513885852,1,4,11,0.399133,110,25,1,9,8,79.73,7.36,23,22.48,11,TRUE,0,0,1,5,0
7d29cdd0cc6fce18c20e19dabab1c764b75db324,1513885852,1,4,11,0.399133,110,25,1,9,8,79.73,7.36,22,21.48,11,TRUE,0,0,1,5,0
56ef9938df1409294e3847d57038c32eba93c02c,1513885150,3,3,2,0.310917,7,8,0,1,0.01,22,0.5,411,347.48,91.3333,FALSE,0,0,0,0,0
6eceeb2824f6fe20de60785f31507378d1f3ab35,1513885150,2,4,2,0.310917,7,8,0,1,0.01,22,0.5,410,346.48,124,TRUE,0,0,0,0,0
a04cf9edf230f1bfd4086dccd61a4c52ca15bde7,1513884595,1,5,5,0.387065,62,0,1,4,1.34,13.2,4.2,0,0,0,TRUE,0,1,0,1,1
47e91926f1d9ed763ad11cbd39a9b9fbc1986b20,1513884595,3,5,5,0.387065,62,0,1,4,1.34,13.2,4.2,1,1,0,TRUE,0,1,0,1,1
9f56e42ac25604c34262f9368e3225ae0b50b7a9,1513835634,1,1,0,0,0,0,1,0,0,0,0,409,345.94,54,FALSE,0,0,0,0,0
75628f83145630ca2f9e209005e8e8e184751929,1513835634,1,1,0,0,0,0,1,0,0,0,0,408,344.94,162,FALSE,0,0,0,0,0
434b86c92b19e2c7de13a121600d0533c1138169,1513834173,4,17,29,0.597071,62,75,1,15,21.91,107.31,5.34,1,1,0.25,TRUE,0,0,0,2,0
120695b20646b6e92a59efeb65fa52f8938d5aea,1513834173,2,18,29,0.597071,62,75,1,15,21.91,107.31,5.34,0,0,0,TRUE,0,0,0,2,0
76186779b2a24ce1befc7c5d5b3e783c7b9f5c94,1513833911,2,9,14,0.415745,164,3,0,9,0.15,24.29,1.86,7,6.9,1.5,TRUE,0,0,0,7,7
3f9ea66bf9c19e5438277545bc7a3a89b1a31a9e,1513833911,1,9,14,0.415745,164,3,0,9,0.15,24.29,1.86,6,5.9,3,TRUE,0,0,0,7,7
6c96b6588afc1b774551c5eda3487c2d0fab6dc0,1513832799,1,1,0,0,0,0,0,0,0,0,0,5,4.84,2,FALSE,0,0,0,0,0
1092bf5c63d34aa1d9e2539f882ec485f0fd8189,1513832799,1,1,0,0,0,0,0,0,0,0,0,4,3.84,1,FALSE,0,0,0,0,0
bd1d6e806522fcb539a9a50b3cb6bfdf46ea2888,1513753564,1,1,1,0,7,2,0,5,0,481,59,407,344.71,132,TRUE,0,0,0,0,0
c9b1aea40808833229fba8a9649f3c1df8aea0f5,1513753564,1,1,1,0,7,2,0,5,0,481,59,406,343.71,161,TRUE,0,0,0,0,0
dffeb7d81ea14e9739b372132fd32d8d74d9b368,1513753160,1,1,1,0,2,1,1,4,0.01,480,58,1,1,0,FALSE,0,0,0,0,0
023b16ebf9b54274174185e364c2dde3dbb38aeb,1513753160,1,1,1,0,2,1,1,4,0.01,480,58,0,0,0,FALSE,0,0,0,0,0
9376ddd8b6a18ee124e144b5a74758606213eb90,1513753006,1,1,0,0,0,0,0,0,0,0,0,405,342.72,53,FALSE,0,0,0,0,0
66fed7e3ea8c7a0e304da3ea72dbc86c3277353b,1513753006,1,1,0,0,0,0,0,0,0,0,0,404,341.72,160,FALSE,0,0,0,0,0
ff9ffcf1723fe141d16bfb2cdad0096051b142f2,1513752665,1,1,3,0.386253,7,11,0,6,0,250.33,27.33,403,340.72,131,TRUE,0,0,0,2,0
94809fc83e581f790c97f71d88791cf1eb4576da,1513752665,1,1,3,0.386253,7,11,0,6,0,250.33,27.33,402,339.72,159,TRUE,0,0,0,2,0
075190c9868c5dd01ec4a935a187e21ae00662e5,1513752435,2,3,9,0.59614,57,6,1,6,1.23,97.89,9.56,1,1,0,TRUE,0,0,0,4,2
6890d03bfabf6d0a24816a417f757c9528df052f,1513752435,1,3,9,0.59614,57,6,1,6,1.23,97.89,9.56,0,0,0,TRUE,0,0,0,4,2
72c5d7272dabd379c009affdc51f8caa56f92736,1513751981,1,1,1,0,1,1,0,3,9.15,85,6,0,0,0,TRUE,0,0,0,0,0
7d962814ce7bc754b26ec4f6469e33cce1c989a2,1513751981,1,1,1,0,1,1,0,3,9.15,85,6,1,1,0,TRUE,0,0,0,0,0
2bd34e527cda37fb3981656156fe1faf26b618b1,1513745896,0,0,0,0,0,0,0,0,0,0,0,400,337.78,0,FALSE,0,0,0,0,0
261848cd5a399d0b3d665f4b0033e8d4a372b3d1,1513745896,0,0,0,0,0,0,0,0,0,0,0,401,338.78,0,FALSE,0,0,0,0,0
df021967900fd60d7a58a79191daa26caf68c2b5,1513745844,2,2,1,0,6,2,0,3,9.09,173,35,9,8.84,2.5,FALSE,0,0,0,0,0
cac669e2dbe1baff90330e31581c6407630514d7,1513745844,2,3,1,0,6,2,0,3,9.09,173,35,8,7.84,2,FALSE,0,0,0,0,0
dc5259ce5626bf742917b0863e9e4a472be5f19b,1513744611,2,2,2,0.438746,4,11,0,7,0,154.5,9,399,336.79,91,FALSE,0,0,0,0,1
2a51105e93742ab3f8da43ce59cb8e33a9635cd5,1513744611,1,2,2,0.438746,4,11,0,7,0,154.5,9,398,335.79,158,FALSE,0,0,0,0,1
c0268bedbe6d9ffb9ad270fa10c7035ed2d2f930,1513744390,1,3,3,0.525087,27,0,0,7,5.62,95.33,5.67,20,19.57,10,TRUE,0,0,0,0,1
1947a15d40cc2b7dd91bdc64d02a5d79604ba550,1513744390,2,3,3,0.525087,27,0,0,7,5.62,95.33,5.67,21,20.57,7,TRUE,0,0,0,0,1
7fcae064b205ab30c2393c3ce68171fd9f47ffc1,1513743471,1,1,1,0,10,0,1,3,9.06,70,12,5,4.92,2,FALSE,0,0,0,0,0
496e98941466b1a1ec51c63d52a56dd19593d705,1513743471,1,1,1,0,10,0,1,3,9.06,70,12,4,3.92,2,FALSE,0,0,0,0,0
539ade1820c3e644586e3161f6b2357a68784142,1513674320,1,1,1,0,19,10,0,3,0.02,470,55,397,335.43,129,FALSE,0,0,0,0,0
2536d9255e5a9309d853ba7ab5a6c2b2be094f9b,1513674320,1,1,1,0,19,10,0,3,0.02,470,55,396,334.43,157,FALSE,0,0,0,0,0
67310495609034dc004d4b6dd8b8ece7e391f1c7,1513672618,0,0,0,0,0,0,0,0,0,0,0,395,333.45,0,FALSE,0,0,0,0,0
2569bd16b3cb884b6687f56b393ccecab1103b8d,1513672618,0,0,0,0,0,0,0,0,0,0,0,394,332.45,0,FALSE,0,0,0,0,0
44d0bd6633b71ce3b36b4faeee514182dcc9334a,1513672588,1,1,2,0.102841,22,18,1,4,5.67,277,28.5,393,331.45,128,TRUE,0,0,0,2,0
a2d61b6a306f3926689fdee65d654b208951d6dc,1513672588,1,1,2,0.102841,22,18,1,4,5.67,277,28.5,392,330.45,156,TRUE,0,0,0,2,0
44d4b20c75608d747ff81c0c73ffa1d901931070,1513672030,0,0,0,0,0,0,0,0,0,0,0,390,328.45,0,FALSE,0,0,0,0,0
3c7dd34ac928b64526a65bd999b1b5e60a5b4620,1513672030,0,0,0,0,0,0,0,0,0,0,0,391,329.45,0,FALSE,0,0,0,0,0
9f5b334d6e04136d93ae428a5eef899371b400e0,1513670739,1,1,1,0,2,2,1,5,0.5,118,9,1,1,0,FALSE,0,0,0,1,1
83734f7316388ec00d87d74c278e21f544cff8c1,1513670739,1,1,1,0,2,2,1,5,0.5,118,9,0,0,0,FALSE,0,0,0,1,1
ac0fbaf40b9cc93b3f428c2b6c124027f56e6e78,1513670688,2,2,2,0.966481,109,104,1,5,3.82,52,4.5,19,18.62,5,TRUE,0,0,0,8,0
19e869126a704feef971fed99e342404c0ae3faa,1513670688,1,2,2,0.966481,109,104,1,5,3.82,52,4.5,18,17.62,9,TRUE,0,0,0,8,0
adabe2e345318e12d144e8ca1a079dbb38ce7484,1513627957,1,1,0,0,0,0,0,0,0,0,0,389,327.84,84,FALSE,0,0,0,0,0
beaee4183f5f7f0c4d419d88bb1ccb45274755d7,1513627957,1,1,0,0,0,0,0,0,0,0,0,388,326.84,155,FALSE,0,0,0,0,0
9f27e15bfcefc2e629a97c154ec2391e2a962623,1513627824,4,5,4,0.502603,34,8,1,8,6.13,126,4.75,17,16.64,5.25,TRUE,0,0,4,1,0
5aa1ae28ab7e014abc90170cbe2591a21119d82e,1513627824,3,6,4,0.502603,34,8,1,8,6.13,126,4.75,16,15.64,5.33333,TRUE,0,0,4,1,0
1fa9fef1d1165630b0beabba5d546ee3ccffbec1,1513390873,1,1,1,0,5,1,0,5,4.39,104,9,1,1,0,FALSE,0,0,0,0,0
e0cb77becde080af23df069d619497bb9e0fcb29,1513390873,1,1,1,0,5,1,0,5,4.39,104,9,0,0,0,FALSE,0,0,0,0,0
c008bb0ac492dbac38e2f13017e3143f40359934,1513322596,1,1,1,0,1,1,1,3,3.6,85,5,1,1,0,TRUE,0,0,0,0,0
e4a3ad6a52d0b66b4891e10849cbe48b3706dc2f,1513322596,1,1,1,0,1,1,1,3,3.6,85,5,0,0,0,TRUE,0,0,0,0,0
f62d47686698807e43923893affb6f4ce22337ac,1513306775,1,1,1,0,1,0,0,3,3.42,65,20,7,6.95,3,FALSE,0,0,0,0,0
0f68d5a692370af5df312921f6605c7ddcaf9545,1513306775,1,1,1,0,1,0,0,3,3.42,65,20,6,5.95,3,FALSE,0,0,0,0,0
ed35a0994d34dfead6b8895ae981d9b05edac361,1513306759,2,2,2,0.734496,5,5,0,3,5.16,178,6,3,2.98,0,FALSE,0,0,0,0,0
127c975e77e0b51c9252cc18fec2ef02c6c3e866,1513306759,1,2,2,0.734496,5,5,0,3,5.16,178,6,2,1.98,1,TRUE,0,0,0,0,0
b22ced41d0d3bfe4c0b948f6d96151da80467698,1513261671,1,1,1,0,7,1,0,2,5.8,128,17,4,3.95,2,FALSE,0,0,0,0,0
333c3aa5d20f98a5f3c52635751032d12854c13c,1513261671,1,1,1,0,7,1,0,2,5.8,128,17,5,4.95,2,FALSE,0,0,0,0,0
b55056cb626928f8507da4015f55699be6e08aed,1513261583,2,3,1,0,2,3,0,4,3.48,47,5,0,0,0,TRUE,0,0,0,0,0
bd458660ce38e7a1d25bd9758084acc24418e054,1513261583,2,2,1,0,2,3,0,4,3.48,47,5,1,1,0.5,TRUE,0,0,0,0,0
39824c95597989ed20eaa103fa551e714ef2330d,1513230079,1,1,1,0,1,1,0,3,2.87,63,4,1,1,0,FALSE,0,0,0,0,0
2f49a295befc0197ffd252bf113ccc5f68f8f89a,1513230079,1,1,1,0,1,1,0,3,2.87,63,4,0,0,0,FALSE,0,0,0,0,0
86835793a513b43af906a02083eed72b7eb9e0d2,1513191733,1,1,1,0,6,1,0,3,4.99,32,3,3,2.99,1,FALSE,0,0,0,0,0
4dc3ee56b4420467b68c9078f8afc53ee93a40fe,1513191733,1,1,1,0,6,1,0,3,4.99,32,3,2,1.99,1,FALSE,0,0,0,0,0
3a6b55237357b13a3771320bec29288f8a04a0c8,1513056150,1,1,1,0,1,1,1,3,0.14,115,7,0,0,0,TRUE,0,0,0,0,0
b7b2991d69b960d9f2951828b8145a6d9396ee4e,1513056150,1,1,1,0,1,1,1,3,0.14,115,7,1,1,0,TRUE,0,0,0,0,0
0f554dc2f5c8f2557ec84eee5301b90ffb279764,1513054346,2,2,0,0,0,0,0,0,0,0,0,1,1,1,FALSE,0,0,0,0,0
7fa99d61b40634f72240a282aef594c12ae6b8a9,1513054346,3,3,0,0,0,0,0,0,0,0,0,0,0,0,FALSE,0,0,0,0,0
d10042c94d91213e6c4fe4da1a0b50e77467cef3,1513045001,1,1,0,0,0,0,1,0,0,0,0,387,331.07,83,FALSE,0,0,0,0,0
8fa799dbeabd3e56df3d50f6a31d128ba4704bed,1513045001,1,1,0,0,0,0,1,0,0,0,0,386,330.07,82,FALSE,0,0,0,0,0
b6e0229e32fd2a088aea47688115fa9e6628eec3,1513044863,1,1,0,0,0,0,0,0,0,0,0,385,329.07,81,FALSE,0,0,0,0,0
6cf6d6b73bbabb2864758aba4f02a43f40287dc7,1513044863,1,1,0,0,0,0,0,0,0,0,0,384,328.07,154,FALSE,0,0,0,0,0
82956f641bb718cc98418298cbb697241fffbd5e,1513044838,1,1,0,0,0,0,0,0,0,0,0,383,327.07,80,FALSE,0,0,0,0,0
079dd75053eb4b28d3579804511d155b1d2876df,1513044838,1,1,0,0,0,0,0,0,0,0,0,382,326.07,79,FALSE,0,0,0,0,0
11e3adfb37835e070e999f62e6df52262ac49f52,1513044172,1,1,1,0,5,4,1,3,0.53,114,6,380,324.08,153,FALSE,0,0,0,0,0
eeb22204cc4c7a247d6a598911be8b487ec46fcb,1513044172,1,1,1,0,5,4,1,3,0.53,114,6,381,325.08,127,FALSE,0,0,0,0,0
957ffc68f768bb3bc3497573f920dc4f905f8cce,1513043491,1,1,1,0,9,11,0,3,0,471,53,379,323.08,126,TRUE,0,0,1,1,0
d16578912b4e3b58091089c0a6a1171d09a0bbeb,1513043491,1,1,1,0,9,11,0,3,0,471,53,378,322.08,152,TRUE,0,0,1,1,0
7469a150bf5accecdcfc430365572601527302b9,1513043146,2,3,3,0.250585,24,3,1,3,1.21,160.33,17.33,15,14.93,4.5,TRUE,0,0,1,1,0
1bf15246bdafd95046b0202111536743ed7b4545,1513043146,1,3,3,0.250585,24,3,1,3,1.21,160.33,17.33,14,13.93,7,TRUE,0,0,1,1,0
dba452ad375be9d784a2006f84ae1ca17c94916c,1513042578,0,0,0,0,0,0,0,0,0,0,0,377,321.09,0,FALSE,0,0,0,0,0
c5fc2cece6acc32f0496ba1232991dcd4d67f9a6,1513042578,0,0,0,0,0,0,0,0,0,0,0,376,320.09,0,FALSE,0,0,0,0,0
15b7622c0b836ad73723c71ba5229cb3da858dc1,1513042562,2,3,3,0.491133,10,4,0,6,1.1,122.67,5.33,375,319.09,88,FALSE,0,0,0,0,0
603db208501afc7e48c9e0efc7498a1f06ec5753,1513042562,1,3,3,0.491133,10,4,0,6,1.1,122.67,5.33,374,318.09,151,FALSE,0,0,0,0,0
e428d89c117627b774ebd0feb3c1d51c31a3b753,1513042300,0,0,0,0,0,0,0,0,0,0,0,373,317.09,0,FALSE,0,0,0,0,0
4ab374446dbd5c12633c67ed0d13e8e973a43b9f,1513042300,0,0,0,0,0,0,0,0,0,0,0,372,316.09,0,FALSE,0,0,0,0,0
572ca2122ec5a9da58ae3dd2b89db7ce337b7b0e,1513041820,1,1,0,0,0,0,0,0,0,0,0,1,1,1,FALSE,0,0,0,0,0
90bad42f681ac500634db528c41aa8692b06e0ee,1513041820,1,1,0,0,0,0,0,0,0,0,0,0,0,0,FALSE,0,0,0,0,0
2d680c0e968cbdda46455ae792b4dbac33dc9753,1513011632,3,5,4,0.307358,36,0,0,6,0.68,75.25,6.75,5,4.96,1.33333,TRUE,0,0,0,0,1
57e147b9906c8903e879681a14450c914b28f7c4,1513011632,2,6,4,0.307358,36,0,0,6,0.68,75.25,6.75,4,3.96,1.5,TRUE,0,0,0,0,1
87350f44223ea77597f5d2f50c3886ebd6126a42,1513011430,4,5,5,0.511583,50,13,1,5,1.4,142.6,12.4,13,12.95,3.5,TRUE,0,0,0,1,0
b38ed6c9d13551e42f29ec1e86ccecbd6c417481,1513011430,2,6,5,0.511583,50,13,1,5,1.4,142.6,12.4,12,11.95,6,TRUE,0,0,0,1,0
dc52638a27d41b1eadf25ecc5d93bfe6727182c7,1512999459,2,3,4,0.51579,36,1,1,5,0.71,76.25,3.5,3,2.98,0,TRUE,0,0,0,0,1
67c953a2d59c8b25d4b0e13d91d6c21253a96e9b,1512999459,1,3,4,0.51579,36,1,1,5,0.71,76.25,3.5,2,1.98,1,TRUE,0,0,0,0,1
d17dccccf4480e440c1898911f304efe6040439f,1512998640,1,1,1,0,17,14,0,2,0.44,111,5,3,2.99,1,TRUE,0,0,0,0,0
6ef1afbf0888a0dad7519204122630feb4232582,1512998640,1,1,1,0,17,14,0,2,0.44,111,5,2,1.99,1,TRUE,0,0,0,0,0
0d04ef1b0a1918d105bfdb16781f640b90391fa9,1512988419,2,4,3,0.131653,28,12,1,4,1.09,66.33,5.67,10,9.95,4.5,TRUE,0,0,0,2,0
70663cced00e5f98d3e8e3affbc0ee40a9ab4566,1512988419,2,3,3,0.131653,28,12,1,4,1.09,66.33,5.67,11,10.95,5,TRUE,0,0,0,2,0
a68d365f065ce7f7213465411a04e52bd27ca6b6,1512981755,1,2,3,0.871503,16,5,0,2,2.56,53,3.67,0,0,0,FALSE,0,0,0,0,0
0479dee763fc9d79c057c86233cb660c6022a92c,1512981755,1,2,3,0.871503,16,5,0,2,2.56,53,3.67,1,1,0,FALSE,0,0,0,0,0
51b90d7458fca5b10dbaa0605c33223b8884b6e1,1512967560,2,2,3,0.532357,7,4,1,4,28.88,110,3.67,1,1,0,TRUE,0,0,0,0,0
e01506de16b14727de84de9d7d882510383c8188,1512967560,1,2,3,0.532357,7,4,1,4,28.88,110,3.67,0,0,0,TRUE,0,0,0,0,0
ce1409e30d335ea1d84898914fca7f09b9de21ab,1512966440,1,1,0,0,0,0,0,0,0,0,0,371,315.75,78,FALSE,0,0,0,0,0
838a6f387b730e13d64ac698bce9cb1bc01187e4,1512966440,1,1,0,0,0,0,0,0,0,0,0,370,314.75,77,FALSE,0,0,0,0,0
353b5e419810e18b83aa8d3b0bbc3ec666f5be95,1512965952,2,2,0,0,0,0,0,0,0,0,0,2,1.98,1,FALSE,0,0,0,0,0
75cdbc5559849a38c46b55bcef3c1015b6f33c50,1512965952,1,1,0,0,0,0,0,0,0,0,0,3,2.98,3,FALSE,0,0,0,0,0
0eb7a930ffcd4fc77b5b6c75e490299f92ca8a8e,1512961568,3,3,7,0.79648,59,27,1,4,2.33,165.71,3.57,5,4.99,1.66667,TRUE,0,0,0,2,0
fd0a36c743f2294a2c04fbbae7e3a546ef1dc1a0,1512961568,2,3,7,0.79648,59,27,1,4,2.33,165.71,3.57,4,3.99,2.5,TRUE,0,0,0,2,0
0ff76bea36135a4b1edbd85a588a4e26c86dcc19,1512960727,1,2,2,0.137367,26,15,0,2,2.57,90,3.5,1,1,0,TRUE,0,0,2,2,0
17a244a1dbc3b44a92b35dfd14dbf6bbd8323253,1512960727,1,2,2,0.137367,26,15,0,2,2.57,90,3.5,0,0,0,TRUE,0,0,2,2,0
9d319afd7683468361dc2f04b253aaca38e779ee,1512960620,1,1,1,0,12,1,1,1,6.91,89,4,1,1,0,TRUE,0,0,0,0,0
0ffb32a7b927d79609e4fd2cb53dfaa76e0460f8,1512960620,1,1,1,0,12,1,1,1,6.91,89,4,0,0,0,TRUE,0,0,0,0,0
7bfe232ba1db4f27278025175cf3818fbc34e65f,1512960528,2,2,1,0,3,1,0,3,2.31,45,4,9,8.96,3.5,TRUE,0,0,0,0,0
0e9e16060b46fe85d3ecb1135774d1321f483b6e,1512960528,2,3,1,0,3,1,0,3,2.31,45,4,8,7.96,3,TRUE,0,0,0,0,0
a53c5c856c2914d3e9c556c31b70e9e328927281,1512960472,1,1,1,0,8,1,0,2,2.31,63,11,0,0,0,FALSE,0,0,0,1,0
2e3266242f7f2dd01fd21c3ba58d0fb575635e43,1512960472,1,1,1,0,8,1,0,2,2.31,63,11,1,1,0,FALSE,0,0,0,1,0
b95f23a6aa6b016ec73635dbbfd5577cc1067fc7,1512960114,1,1,1,0,0,1,0,2,2.31,174,34,0,0,0,FALSE,0,0,0,0,0
7c0acb32bc7374a294f53d758e330c52966919dd,1512960114,1,1,1,0,0,1,0,2,2.31,174,34,1,1,0,FALSE,0,0,0,0,0
34b84e44573fd583689ccefde5a8bd9f46de203b,1512959924,1,1,1,0,4,0,0,3,1.86,462,50,7,6.96,3,FALSE,0,0,0,1,0
99bc63ed5d2f91b170c88902e633525f020c207c,1512959924,1,1,1,0,4,0,0,3,1.86,462,50,6,5.96,3,FALSE,0,0,0,1,0
644f195341c1a47d49af101716ce2fa8b323a0fe,1512959802,1,1,0,0,0,0,0,0,0,0,0,1,1,1,FALSE,0,0,0,0,0
5f98354ad10c4997b98fb6ccc73c2454acd74f7a,1512959802,1,1,0,0,0,0,0,0,0,0,0,0,0,0,FALSE,0,0,0,0,0
48c5f224cbb3d83ba56cd49c38afcabae2874a1f,1512959292,2,3,1,0,5,1,0,3,0.01,100,7,2,1.99,1,TRUE,0,0,0,0,0
f8b3d55288f4c4a15330daf7d950cc496fde47ed,1512959292,2,2,1,0,5,1,0,3,0.01,100,7,3,2.99,1.5,TRUE,0,0,0,0,0
35c65a34ac41508c3a3bed8944bb478cebc3e071,1512958851,1,1,1,0,1,0,0,2,2.29,99,6,1,1,0,TRUE,0,0,0,0,0
b6dd0bac39b9353f4a71fce9b3d1d10ffda06c4d,1512958851,1,1,1,0,1,0,0,2,2.29,99,6,0,0,0,TRUE,0,0,0,0,0
355c63bc956bf24dd7d040e52dd3be2fda47ad9c,1512915118,2,3,3,0.468546,16,16,1,2,31.82,110.67,3.67,1,1,0,FALSE,0,0,0,1,0
12bcd0d2c96a4019821ecab60010338dc2edac16,1512915118,1,3,3,0.468546,16,16,1,2,31.82,110.67,3.67,0,0,0,FALSE,0,0,0,1,0
cf6902a30a4acc49a5b4572be42781ebf3ed356a,1512798870,1,1,0,0,0,0,1,0,0,0,0,1,1,1,FALSE,0,0,0,0,0
ff7065f2d374203d9d26adefdb694d6875939eac,1512798870,1,1,0,0,0,0,1,0,0,0,0,0,0,0,FALSE,0,0,0,0,0
acdf9792ed53a5909cc5ab638ad0f27403b41957,1512798830,1,1,1,0,3,1,0,2,0.44,460,49,5,4.99,2,FALSE,0,0,0,0,0
7d178288f3b2b03df87b1d22e7090ef51dba7c27,1512798830,1,1,1,0,3,1,0,2,0.44,460,49,4,3.99,2,FALSE,0,0,0,0,0
c8295de9b7a1955c70f3619ccdced93284e6f601,1512789308,0,0,0,0,0,0,0,0,0,0,0,369,315.27,0,FALSE,0,0,0,0,0
50430ac640c5855c6819d2717a1ea9cf112b5ab1,1512789308,0,0,0,0,0,0,0,0,0,0,0,368,314.27,0,FALSE,0,0,0,0,0
c4b7480c59d51731b3fc5cb918b901a9b6900d5a,1512789187,0,0,0,0,0,0,0,0,0,0,0,366,312.28,0,TRUE,0,0,0,0,0
a79adfcaa7437884c22a609d78b92f2f7523d705,1512789187,0,0,0,0,0,0,0,0,0,0,0,367,313.28,0,TRUE,0,0,0,0,0
2d9a8e5d3c85969c646b0aa8bd6f83888d263426,1512789069,1,1,1,0,2,0,0,2,0.9,62,18,2,2,1,FALSE,0,0,0,0,0
cdda0442cc9a00dde5f54ffc643a32e58390034f,1512789069,1,1,1,0,2,0,0,2,0.9,62,18,3,3,1,FALSE,0,0,0,0,0
29515f4f713b093bad9cf8fedd796c4eacb4f38b,1512786100,1,1,1,0,1,1,0,1,82.02,98,5,1,1,0,FALSE,0,0,0,0,0
74253234d8d9bd7b587c7e577d4044f49dc24356,1512786100,1,1,1,0,1,1,0,1,82.02,98,5,0,0,0,FALSE,0,0,0,0,0
f7589947b61339a6d9e00091f0da8269a65c8a97,1512761429,1,1,0,0,0,0,0,0,0,0,0,365,311.51,76,FALSE,0,0,0,0,0
7bda14d8d0b5ac84bf6b8811446c66389b31ce42,1512761429,1,1,0,0,0,0,0,0,0,0,0,364,310.51,75,FALSE,0,0,0,0,0
e6166ddd729d307e99050cc1d65efbcaa459efa8,1512761176,1,1,0,0,0,0,0,0,0,0,0,10,9.97,6,FALSE,0,0,0,0,0
72c4d47a77d0b4419d54130e2ea2f39ae40b74da,1512761176,1,1,0,0,0,0,0,0,0,0,0,11,10.97,7,FALSE,0,0,0,0,0
548eef92e11711db007b7613ba5530de508d21a0,1512760616,4,9,53,0.508968,940,528,0,5,40,79.25,2.75,9,8.97,1.5,TRUE,0,0,0,46,10
708a51c2e8c7a0e85869e0f5a6a7b9a1967adf72,1512760616,2,10,53,0.508968,940,528,0,5,40,79.25,2.75,8,7.97,3,TRUE,0,0,0,46,10
d2ba17ed5889cdde2cbca20ed8215232e3e73d96,1512717171,0,0,0,0,0,0,0,0,0,0,0,363,309.89,0,FALSE,0,0,0,0,0
df128c695bd65e30eaf6ce0d96742be5e1cce9b5,1512717171,0,0,0,0,0,0,0,0,0,0,0,362,308.89,0,FALSE,0,0,0,0,0
8843b581d4535584573457d5a68a397611cfe99c,1512717155,1,1,0,0,0,0,0,0,0,0,0,361,307.89,74,FALSE,0,0,0,0,0
2e5f25694e68326198d227485a557226241bda76,1512717155,1,1,0,0,0,0,0,0,0,0,0,360,306.89,150,FALSE,0,0,0,0,0
4ab9b878a2b1ea280afaac690fb0990947c4323e,1512716641,1,1,1,0,10,8,1,1,0.44,435,47,3,3,0,TRUE,0,0,0,1,0
d97e23392267214855dc13debcfc6c8aae769a72,1512716641,1,1,1,0,10,8,1,1,0.44,435,47,2,2,0,TRUE,0,0,0,1,0
ab5a40b8b5be4df8ba91c08cb17db7f26312bf31,1512716464,0,0,0,0,0,0,0,0,0,0,0,358,304.89,0,FALSE,0,0,0,0,0
a678259483afa1a021ddf15ac8c624dfcb845eae,1512716464,0,0,0,0,0,0,0,0,0,0,0,359,305.89,0,FALSE,0,0,0,0,0
d9d8bab2a9bcd2efd23bd824d4c24af1d66a3f77,1512716446,0,0,0,0,0,0,0,0,0,0,0,357,303.89,0,FALSE,0,0,0,0,0
3753b3f04028a3d556c8cdc0e167716628645846,1512716446,0,0,0,0,0,0,0,0,0,0,0,356,302.89,0,FALSE,0,0,0,0,0
ed5982a8062191504a2b2967bd662d93b5057030,1512716398,1,1,1,0,9,9,0,1,0.44,231,3,355,301.9,50,FALSE,0,0,0,0,0
3c47ce155c5dbeebe901b2ab5df52c4500a607e9,1512716398,1,1,1,0,9,9,0,1,0.44,231,3,354,300.9,149,FALSE,0,0,0,0,0
daf32aa25711278567dbdf95c25b4744f31f202c,1512716270,1,1,1,0,1,0,1,1,0.42,61,2,353,299.9,124,FALSE,0,0,0,0,0
8a0612fac581cb92fede190809cf339f1b952834,1512716270,1,1,1,0,1,0,1,1,0.42,61,2,352,298.9,148,FALSE,0,0,0,0,0
67317ab5b4c618ed3492da236647a0a161d87562,1512716225,1,3,4,0.493355,36,44,0,1,8.48,80,1.75,351,297.9,123,TRUE,0,0,0,3,3
1388f465aabbdfc6e52dba5e025cb18459e8ca19,1512716225,1,3,4,0.493355,36,44,0,1,8.48,80,1.75,350,296.9,147,TRUE,0,0,0,3,3
13a08b8f5da938e98bac694b4e433377b43a61e7,1512715227,0,0,0,0,0,0,0,0,0,0,0,349,295.9,0,FALSE,0,0,0,0,0
656baa0ed75179a3bf188751c2b4975691310215,1512715227,0,0,0,0,0,0,0,0,0,0,0,348,294.9,0,FALSE,0,0,0,0,0
aecb3ad53b7d531667d5ff338ac56ba1392abf0c,1512713300,1,1,1,0,1,1,0,1,46.13,4,1,1,1,0,FALSE,0,0,0,0,0
179f13957dc1b38d1722763704a4140c088b7fde,1512713300,1,1,1,0,1,1,0,1,46.13,4,1,0,0,0,FALSE,0,0,0,0,0
582f8db1f735ecbbd4f5c93202ba0f6a6c24f8ca,1512713119,1,1,1,0,11,3,0,1,90.03,42,4,1,1,0,FALSE,0,0,0,0,0
7b59befcde41af37bca9ade43ae5eeac0dc67e7b,1512713119,1,1,1,0,11,3,0,1,90.03,42,4,0,0,0,TRUE,0,0,0,0,0
c27c5c81986e54703c9742c63e8714f65be8c555,1512711689,3,6,5,0.333443,21,15,0,2,2.61,72.6,6.6,347,293.93,81.3333,TRUE,0,0,0,0,0
e2cf8a5e7a798d10c996be88a0a15ca3cce5d3fa,1512711689,2,6,5,0.333443,21,15,0,2,2.61,72.6,6.6,346,292.93,109,TRUE,0,0,0,0,0
757b67362e1fce076241fa31afe2179db93cff18,1512711540,3,10,4,0.217875,120,3,1,1,22.4,32,5,1,1,0.333333,TRUE,0,0,0,0,6
acdda5474120710f9322e416b8d0565027316d52,1512711540,2,11,4,0.217875,120,3,1,1,22.4,32,5,0,0,0,TRUE,0,0,0,0,6
6775da9a69a9e865f888bdf8f43911a81c06f795,1512708236,1,1,0,0,0,0,0,0,0,0,0,0,0,0,FALSE,0,0,0,0,0
11d109b4b4e03f8ab5da253f9c70b0e6e11e8f3b,1512708236,1,1,0,0,0,0,0,0,0,0,0,1,1,1,FALSE,0,0,0,0,0
cd98358d868bce1caab922fdc0a3acb03478708f,1512707577,0,0,0,0,0,0,0,0,0,0,0,344,290.97,0,FALSE,0,0,0,0,0
45ee82bd87fb9889dafacd869dd0e1aedf0cc81f,1512707577,0,0,0,0,0,0,0,0,0,0,0,345,291.97,0,FALSE,0,0,0,0,0
1127c57262074acdbd5d3f8afa182d28fb0bfa80,1512707448,1,1,0,0,0,0,0,0,0,0,0,7,6.98,3,FALSE,0,0,0,0,0
a60db9a6d727b7531db6423563a6c2271191eead,1512707448,1,1,0,0,0,0,0,0,0,0,0,6,5.98,2,FALSE,0,0,0,0,0
a1a190bb19a2c625ad3af9f4072fbbc8f342f746,1512689264,0,0,0,0,0,0,0,0,0,0,0,343,290.11,0,FALSE,0,0,0,0,0
c4d92483b9e84b9d5364434f5ca2d35e0a1a74fc,1512689264,0,0,0,0,0,0,0,0,0,0,0,342,289.11,0,FALSE,0,0,0,0,0
b675302045288cd72cbc7d5a5afb455a9525145e,1512680186,1,2,2,0.717117,26,2,0,1,40.77,59,1.5,2,2,1,TRUE,0,0,0,0,0
36b2054f70de43d0205e26e424ea27dfeea2c57e,1512680186,2,2,2,0.717117,26,2,0,1,40.77,59,1.5,3,3,1,TRUE,0,0,0,0,0
c3df809aa4b2cb13d29424872908421af0272eb2,1512678494,2,3,4,0.222578,163,4,0,1,20.83,176.25,12,1,1,0,TRUE,0,0,0,3,1
b4e0036bc3b5209b1be09bfaf43af0f778e45ec5,1512678494,1,3,4,0.222578,163,4,0,1,20.83,176.25,12,0,0,0,TRUE,0,0,0,3,1
ebadce69cd7ec003ad72a0c99d87675f4df50f7b,1512678188,0,0,0,0,0,0,0,0,0,0,0,341,288.2,0,FALSE,0,0,0,0,0
80f3aeb2a13a2291274684474b390b40ec35e805,1512678188,0,0,0,0,0,0,0,0,0,0,0,340,287.2,0,FALSE,0,0,0,0,0
627c90ba60c58a55e1b3a044b84f931591b9f99e,1512677908,0,0,0,0,0,0,0,0,0,0,0,339,286.2,0,FALSE,0,0,0,0,0
73beec59ae568129b2abca2e87edff1542134a09,1512677908,0,0,0,0,0,0,0,0,0,0,0,338,285.2,0,FALSE,0,0,0,0,0
375b0c97a048eeb4cf509cf1e57c36183877ce84,1512669774,0,0,0,0,0,0,0,0,0,0,0,337,284.26,0,FALSE,0,0,0,0,0
f96f5bb3376f0e97d462e1f3b1d20733ba1448b3,1512669774,0,0,0,0,0,0,0,0,0,0,0,336,283.26,0,FALSE,0,0,0,0,0
42f07c829cce03db0e0d28c35148c803c36573aa,1512667380,1,1,1,0,2,0,0,1,45.63,71,4,0,0,0,TRUE,0,0,0,0,0
29f8df78788061a7f406059bc55c8ede428a020d,1512667380,1,1,1,0,2,0,0,1,45.63,71,4,1,1,0,TRUE,0,0,0,0,0
87b95294c49943f6e18a97bd712f2bfc3231c1f2,1512653498,1,1,0,0,0,0,1,0,0,0,0,1,1,1,FALSE,0,0,0,0,0
4fa7bc7ad41f861f1bbdd495ef04aef4afb71a8a,1512653498,1,1,0,0,0,0,1,0,0,0,0,0,0,0,FALSE,0,0,0,0,0
2b26f9691d3dc489c509476718fa852b231ffde1,1512646399,3,4,3,0.688859,8,5,0,2,24.85,83.67,3,1,1,0.333333,FALSE,0,0,0,0,0
0d90b49a95908892f22a65022e65c80aa64f8095,1512646399,2,5,3,0.688859,8,5,0,2,24.85,83.67,3,0,0,0,FALSE,0,0,0,0,0
f8dd2f2aea167f011a5c885b20390521798c8c9f,1512641011,1,1,0,0,0,0,0,0,0,0,0,5,4.99,1,FALSE,0,0,0,0,0
b4259ab22a1cc1304f3717dc2debf30ac0fad743,1512641011,1,1,0,0,0,0,0,0,0,0,0,4,3.99,0,FALSE,0,0,0,0,0
7d1f384122431b90e715161e50a5abf39dc8fd9d,1512637268,2,3,4,0.410116,26,4,1,1,20.19,69.25,2.25,1,1,0,TRUE,0,0,0,0,1
5e3b94dd913319a5da9b78c187077e8a89e7cd31,1512637268,1,3,4,0.410116,26,4,1,1,20.19,69.25,2.25,0,0,0,TRUE,0,0,0,0,1
4cc343b9bd866d3229925551f53d3f4f6d182ecf,1512627540,0,0,0,0,0,0,0,0,0,0,0,335,282.58,0,FALSE,0,0,0,0,0
ae98514fa3b2d362856e526895dc905f70e68a53,1512627540,0,0,0,0,0,0,0,0,0,0,0,334,281.58,0,FALSE,0,0,0,0,0
c49e43a5a6f4b602d07f72f76b8443bf37203a3f,1512627179,1,1,1,0,1,1,0,2,0.45,88,3,333,280.59,48,FALSE,0,0,0,0,0
8a61e66e5ce6f6926fb183154d1cc4ecc77a8c05,1512627179,1,1,1,0,1,1,0,2,0.45,88,3,332,279.59,145,FALSE,0,0,0,0,0
e69c83d9db38fac8d1e525bdf03a883b551f506d,1512626929,1,1,1,0,6,1,0,1,0.41,427,45,331,278.59,121,FALSE,0,0,0,1,0
74112b7e484bb2f874bcc869df5daaea9c95887f,1512626929,1,1,1,0,6,1,0,1,0.41,427,45,330,277.59,144,FALSE,0,0,0,1,0
463160b78bc98842487512f06d7e051a4032fb6a,1512626902,1,1,1,0,1,1,0,1,67.39,146,2,329,276.59,47,TRUE,0,0,0,0,0
0641f5af1c57ace87d78a83d5b56d5dddc5e4e0f,1512626902,1,1,1,0,1,1,0,1,67.39,146,2,328,275.59,143,TRUE,0,0,0,0,0
19ee25c4723bed2297eecbdcc3660217ba4a0cbe,1512624226,1,1,2,1,0,2,0,2,34.65,103,2,326,273.61,142,FALSE,0,0,0,0,0
1fecc2a97c0c3c67ae68d915ba1d0402af04d94c,1512624226,1,1,2,1,0,2,0,2,34.65,103,2,327,274.61,46,FALSE,0,0,0,0,0
2f8aaef10458a42c9e07c177ad55919d0c2d3f2b,1512621770,1,1,0,0,0,0,0,0,0,0,0,324,271.63,141,FALSE,0,0,0,0,0
03ef0ffc66f879b2c767bd5c082289c27fc9eb4c,1512621770,1,1,0,0,0,0,0,0,0,0,0,325,272.63,71,FALSE,0,0,0,0,0
90a5373d629bebdc9761ddb784e683190bdcc35a,1512621463,1,1,1,0,1,1,1,1,80.48,29,2,323,270.63,120,TRUE,0,0,0,0,0
85c6bf7503b1b719e37e7ee961e82a0448c08b8c,1512621463,1,1,1,0,1,1,1,1,80.48,29,2,322,269.63,140,TRUE,0,0,0,0,0
dbba6effffc18efc51776f818aabdd7dbd9556fa,1512616472,0,0,0,0,0,0,0,0,0,0,0,321,268.67,0,FALSE,0,0,0,0,0
084dd7d68d3f878b16d17ddfe90b757f158b2447,1512616472,0,0,0,0,0,0,0,0,0,0,0,320,267.67,0,FALSE,0,0,0,0,0
cfd49cc8488bee90ac4824f2768ed77726265658,1512612137,1,1,1,0,2,2,0,2,0.04,76,5,2,2,1,FALSE,0,0,0,0,0
e24b1a08bf54299ce5e024d52c91b293b91b9c58,1512612137,1,1,1,0,2,2,0,2,0.04,76,5,3,3,0,FALSE,0,0,0,0,0
f3287ab76f5921d1ec7273bee42871179fe3ca85,1512609057,1,1,1,0,7,2,0,1,79.97,71,4,1,1,0,FALSE,0,0,0,0,0
e35ff8b5017b7f4990760445f7387c918c0b145b,1512609057,1,1,1,0,7,2,0,1,79.97,71,4,0,0,0,FALSE,0,0,0,0,0
b25af339c38c15cb145149c22c8c064d7baefdb9,1512602641,0,0,0,0,0,0,0,0,0,0,0,319,266.76,0,FALSE,0,0,0,0,0
1a25f7e54e2289f61fe00666cf9965d7d718f968,1512602641,0,0,0,0,0,0,0,0,0,0,0,318,265.76,0,FALSE,0,0,0,0,0
860a748898f8a0fee749aec2e6bdc3eaabf0ce87,1512598719,3,4,4,0.590436,20,0,1,1,13.49,55.75,2.25,1,1,0.333333,TRUE,0,0,0,0,2
1f8b0634ea2f00bdcbdd51fa20ff1d7071790c5d,1512598719,2,4,4,0.590436,20,0,1,1,13.49,55.75,2.25,0,0,0,TRUE,0,0,0,0,2
781b7ecd114edd63fe6ad04dfc1408c9a611f2f5,1512592287,2,4,3,0.491133,13,1,0,1,22.75,51.67,1.67,1,1,0,TRUE,0,0,0,0,0
d16bd4ded43c92afd5d678b7d73718493c8fb831,1512592287,1,4,3,0.491133,13,1,0,1,22.75,51.67,1.67,0,0,0,TRUE,0,0,0,0,0
e15382fb7f034417603899dcc4308e0406592cb9,1512592150,0,0,0,0,0,0,0,0,0,0,0,316,263.84,0,FALSE,0,0,0,0,0
bb7534945afe76c655901e4d51cab8ca8a7e7613,1512592150,0,0,0,0,0,0,0,0,0,0,0,317,264.84,0,FALSE,0,0,0,0,0
9b066122ed40afc05f5eb20ea0cc1ec9e748592b,1512591457,1,1,1,0,1,1,1,1,0.64,427,44,1,1,0,FALSE,0,0,0,0,0
f84cf620044b2e39cc425cf4bccc3b0376cd8fab,1512591457,1,1,1,0,1,1,1,1,0.64,427,44,0,0,0,FALSE,0,0,0,0,0
90f69ff30b9b239b537ca1b01f8ce7fb1d08ce6a,1512590826,1,1,0,0,0,0,0,0,0,0,0,1,1,1,FALSE,0,0,0,0,0
9c53c431338f8afee85109ce2b2db79973dc6384,1512590826,2,2,0,0,0,0,0,0,0,0,0,0,0,0,FALSE,0,0,0,0,0
67cd3b0678b835f3a21134800bc0f9c9b8d599e2,1512588042,3,3,2,0.734496,5,5,0,1,94.23,65,1.5,1,1,0,TRUE,0,0,0,0,0
4301f03e70977b20394c535bcbabc106090da9ef,1512588042,1,3,2,0.734496,5,5,0,1,94.23,65,1.5,0,0,0,TRUE,0,0,0,0,0
ad5135adfda84e7bf49a9aee477deae7d83a3588,1512541506,1,1,0,0,0,0,0,0,0,0,0,315,263.2,70,FALSE,0,0,0,0,0
c3b9c1f5846af822755837279525ff630e75eadf,1512541506,1,1,0,0,0,0,0,0,0,0,0,314,262.2,139,FALSE,0,0,0,0,0
30616e94ee852560ba4ba52fc2faa605136d4154,1512541314,1,1,0,0,0,0,1,0,0,0,0,313,261.2,69,FALSE,0,0,0,0,0
c4a2dfb187f2174a667b01472673871314d1a846,1512541314,1,1,0,0,0,0,1,0,0,0,0,312,260.2,68,FALSE,0,0,0,0,0
7b899b38930a7a30943a6148f475a5007ce2c625,1512537881,0,0,0,0,0,0,0,0,0,0,0,311,259.22,0,FALSE,0,0,0,0,0
b9f867bff90e1aa1104e340acbc9fd47bb149ad0,1512537881,0,0,0,0,0,0,0,0,0,0,0,310,258.22,0,FALSE,0,0,0,0,0
92be140ad55fcdef7b34baa6718bc356274e5e8f,1512537857,0,0,0,0,0,0,0,0,0,0,0,309,257.22,0,FALSE,0,0,0,0,0
046ff5d263d636dd62d5515516d2d6b0d65dcb60,1512537857,0,0,0,0,0,0,0,0,0,0,0,308,256.22,0,FALSE,0,0,0,0,0
45dd384db9e5cef44d99266c250094843d75a95c,1512537849,2,5,5,0.49255,15,2,1,1,0.13,68.8,7.6,307,255.22,82,TRUE,0,0,0,0,0
4d7c82901f4ffb6dd24dc19396ec238f4be98943,1512537849,1,5,5,0.49255,15,2,1,1,0.13,68.8,7.6,306,254.22,138,TRUE,0,0,0,0,0
a5a8e9e34ca02fa8b114370c0ddc02f11881cb97,1512537265,0,0,0,0,0,0,0,0,0,0,0,305,253.22,0,FALSE,0,0,0,0,0
ca412a8f70784154dc8ea7b0bad5dee5f14a3994,1512537265,0,0,0,0,0,0,0,0,0,0,0,304,252.22,0,FALSE,0,0,0,0,0
79aa03c9e3321e81d3e31db9f20b660070a6a4a0,1512537072,0,0,0,0,0,0,0,0,0,0,0,303,251.23,0,FALSE,0,0,0,0,0
94b966ae64bc1e25eb7369ff4582e685111a284d,1512537072,0,0,0,0,0,0,0,0,0,0,0,302,250.23,0,FALSE,0,0,0,0,0
9daa7ddc9fda8570411660fd4da455c9b950d2b7,1512536743,2,2,2,0.236296,19,0,0,0,0,0,0,301,249.23,55.5,FALSE,0,0,0,0,0
20520b61836c09003f8fa9b9f856ee1c7f3e8401,1512536743,2,2,2,0.236296,19,0,0,0,0,0,0,300,248.23,101.5,FALSE,0,0,0,0,0
ab3ad864b8a9b48b3f2082d0fb46c825e746bac7,1512536659,1,1,0,0,0,0,0,0,0,0,0,0,0,0,FALSE,0,0,0,0,0
88bdf1e474d8bc8af3f770b431d011239f1ede14,1512536659,1,1,0,0,0,0,0,0,0,0,0,1,1,0,FALSE,0,0,0,0,0
86e40df386215c5f7928344f23adda9769f7c0c0,1512536199,1,1,2,0.734496,9,6,1,1,40.52,232,21.5,298,246.23,136,TRUE,0,0,0,0,0
bab5ff459efd6452cc947b76de5d6465b5003ddb,1512536199,1,1,2,0.734496,9,6,1,1,40.52,232,21.5,299,247.23,118,TRUE,0,0,0,0,0
a6aab90ebe748de96a86612317c311a92f9edaf1,1512532996,0,0,0,0,0,0,0,0,0,0,0,297,245.25,0,FALSE,0,0,0,0,0
8ee9db3f1497b3f5fb20cd2837a97081d7592546,1512532996,0,0,0,0,0,0,0,0,0,0,0,296,244.25,0,FALSE,0,0,0,0,0
4d87814f7201d70cfa5db3b457915c508378c9e6,1512532976,0,0,0,0,0,0,0,0,0,0,0,295,243.25,0,FALSE,0,0,0,0,0
b8bff0efd7b0574ebcebf95dda15b2993c93f28d,1512532976,0,0,0,0,0,0,0,0,0,0,0,294,242.25,0,FALSE,0,0,0,0,0
1f770cfe3d76fe1cfbfd7948b99f077f44f5efd1,1512531732,1,1,0,0,0,0,0,0,0,0,0,2,2,1,FALSE,0,0,0,0,0
9c05d153b1a3443b493113c6aec4b4dafb515df8,1512531732,1,1,0,0,0,0,0,0,0,0,0,3,3,0,FALSE,0,0,0,0,0
030bafde1f617ef012d2b8e250f25bf9d19dae36,1512529357,1,1,1,0,1,1,1,1,0.36,165,30,1,1,0,FALSE,0,0,0,0,0
a819353405a991834709e37407de76e7adb8d379,1512529357,1,1,1,0,1,1,1,1,0.36,165,30,0,0,0,FALSE,0,0,0,0,0
b61e176c28460cb187856219e4c784484097aac4,1512521679,1,2,2,0.181188,8,0,0,1,52.58,54.5,2,3,3,0,TRUE,0,0,0,0,0
d36f3c1d52acf79a356f13aaef1b7861fa93262e,1512521679,1,2,2,0.181188,8,0,0,1,52.58,54.5,2,2,2,1,TRUE,0,0,0,0,0
166eaf77410627b8fcb37cf258c54a1c53611186,1512521055,2,3,2,0.775805,8,4,0,1,40.13,111.5,16,1,1,0,TRUE,0,0,0,0,0
23db2ff8138d8e32a04a202b4791907ff5108942,1512521055,1,3,2,0.775805,8,4,0,1,40.13,111.5,16,0,0,0,TRUE,0,0,0,0,0
ba9b3f8e8fb4c46a880438a89204be56f498685f,1512497922,1,1,0,0,0,0,0,0,0,0,0,293,241.48,65,FALSE,0,0,0,0,0
71147ca74f0d9f3e92ea99ea3e18918d7d3503f9,1512497922,1,1,0,0,0,0,0,0,0,0,0,292,240.48,135,FALSE,0,0,0,0,0
e960d3eeddefbfa5d71caa0abe9e10c38e3f6e97,1512497831,1,1,1,0,1,1,0,1,67.46,165,29,290,238.48,134,FALSE,0,0,0,0,0
81d8b7db32ff580f72b828a7bd9efeb45d42220d,1512497831,1,1,1,0,1,1,0,1,67.46,165,29,291,239.48,117,FALSE,0,0,0,0,0
4d6ab2fc363549223fd10f4fb0abe90a577b5be5,1512497820,1,1,1,0,1,1,0,1,10.55,41,8,288,236.48,133,FALSE,0,0,0,0,0
638fe4bd7a15f21ecdd65d7685dcfcfe8c6c2234,1512497820,1,1,1,0,1,1,0,1,10.55,41,8,289,237.48,116,FALSE,0,0,0,0,0
e7f10a0d68b34f253c3e31e30e9efbc8dad0ccba,1512363265,2,3,4,0.305977,40,0,0,1,19.01,123.5,11,287,236.31,79,TRUE,0,0,0,0,0
dc5f84dc25ef6b4c71e9ce42b1e4de57b912493c,1512363265,1,3,4,0.305977,40,0,0,1,19.01,123.5,11,286,235.31,132,TRUE,0,0,0,0,0
d9db3fba88e5c4c668d31f900b03737899cbae50,1512363088,1,1,1,0,16,12,0,1,39.53,56,15,285,234.31,114,FALSE,0,0,0,0,0
ebbf5fcd01e8e3c5349d62dab1a2cd5fbbd05313,1512363088,1,1,1,0,16,12,0,1,39.53,56,15,284,233.31,131,FALSE,0,0,0,0,0
442551c105948ddb978c80f22a319b036210a3da,1512265791,1,1,1,0,2,0,0,1,27.84,410,41,282,231.91,130,FALSE,0,0,0,0,0
f45a5f2eb48fed623d282d0a841ef43df0879f04,1512265791,1,1,1,0,2,0,0,1,27.84,410,41,283,232.91,113,FALSE,0,0,0,0,0
17296622afe684c03f82b96312a2484efb054c70,1512265781,1,2,2,0.47756,4,3,0,1,62.43,88,10.5,281,230.91,112,FALSE,0,0,0,0,0
851768169f777b200fc932427fbf71f1a9448d8c,1512265781,1,2,2,0.47756,4,3,0,1,62.43,88,10.5,280,229.91,129,FALSE,0,0,0,0,0
4ffe50105c2a2cf084bed0719d8bca010be1c53c,1511586716,3,5,3,0.432662,23,2,0,1,60.38,64.67,7,279,233.06,72.3333,FALSE,0,0,0,0,0
e70547d997fdde449d986bef5cd23060a9f1e134,1511586716,1,5,3,0.432662,23,2,0,1,60.38,64.67,7,278,232.06,128,FALSE,0,0,0,0,0
f2afe7c5ea0232eea71278e7bb9afe6302b548fb,1511025787,2,3,4,0.276193,60,13,0,1,29.36,29.25,0.75,277,234.56,75.5,TRUE,0,0,0,0,0
a9bed8021148d12dd6437fa3f9e1170c92aa0d53,1511025787,1,3,4,0.276193,60,13,0,1,29.36,29.25,0.75,276,233.56,127,TRUE,0,0,0,0,0
8281615a99f3857851cde1f5417a93674ba3451b,1509860196,1,1,1,0,5,1,0,1,42.19,118,1,275,240.12,109,FALSE,0,0,0,0,0
0937143e00cf16b1bbd7cd19695c4cdcb3a73ca3,1509860196,1,1,1,0,5,1,0,1,42.19,118,1,274,239.12,126,FALSE,0,0,0,0,0
bd6f54d08b8feab293188755c6ea993427a86410,1509860186,1,1,1,0,87,41,1,1,7.04,364,40,273,238.12,108,TRUE,0,0,0,0,0
329e71c8c1992e33566df63241920aae23296ade,1509860186,1,1,1,0,87,41,1,1,7.04,364,40,272,237.12,125,TRUE,0,0,0,0,0
6fdc08b44decd1308e90089f9033b81a0ffd334c,1509251667,1,5,4,0.172185,86,13,1,1,22.12,136.5,13.75,270,239.19,124,TRUE,0,0,0,2,1
43928adc04a31df8200d9b0bd936b412e76c8fa9,1509251667,3,5,4,0.172185,86,13,1,1,22.12,136.5,13.75,271,240.19,70,TRUE,0,0,0,2,1
97e50554194547c367cd7b0dcfed401465454db5,1508947922,1,5,4,0.364956,42,0,0,1,3.01,51.75,4,268,239.25,123,TRUE,0,0,0,0,1
3e97493690eb4b9a87b899b30bc0e1b19f0f84f1,1508947922,3,5,4,0.364956,42,0,0,1,3.01,51.75,4,269,240.25,69,TRUE,0,0,0,0,1
187b35bc31b7d10c0333d1878536b44033d8cf8c,1508727335,1,1,0,0,0,0,0,0,0,0,0,267,239.76,61,FALSE,0,0,0,0,0
71d1a7474a1f8f1cb76dfea8ff84479c53a23e85,1508727335,2,2,0,0,0,0,0,0,0,0,0,266,238.76,91,FALSE,0,0,0,0,0
f56a890e53c8f5eaf37d9b0c0ae7bf01c23ae565,1508727315,2,2,1,0,4,0,0,0,0,0,0,265,237.76,82,FALSE,0,0,0,0,0
f82d11117479c8bdfc9a37f9962bced765dc1fdd,1508727315,2,3,1,0,4,0,0,0,0,0,0,264,236.76,89.5,FALSE,0,0,0,0,0
5d4356743889b0240355d677b435b2fc6f76d15f,1508725088,1,3,2,1,2,0,0,1,24.75,52,8.5,262,234.77,120,TRUE,0,0,0,0,0
9a04a7d2073706dce5e72bdf23aca16bbbac5858,1508725088,3,3,2,1,2,0,0,1,24.75,52,8.5,263,235.77,54.6667,TRUE,0,0,0,0,0
ac472013013a31787c5101a12571d2b8523d4705,1508428647,2,2,2,0.559574,36,1,0,1,12.38,241,19.5,261,235.77,70.5,TRUE,0,0,0,1,1
27f6a6848cb009526e59952684bf4e0a6ff89a51,1508428647,1,2,2,0.559574,36,1,0,1,12.38,241,19.5,260,234.77,119,TRUE,0,0,0,1,1
38dad7330af044a291f627f7225d184b52e382ea,1508425990,1,1,1,0,1,1,0,1,0,354,37,259,233.79,102,TRUE,0,0,0,0,0
5e527ff1bd1ddf0147fc4c7c3dce1e50860e18bf,1508425990,1,1,1,0,1,1,0,1,0,354,37,258,232.79,118,TRUE,0,0,0,0,0
7873307089c67ffec037ac02e5707987b8390c93,1508425973,1,1,1,0,1,1,0,1,31.6,46,8,257,231.79,101,FALSE,0,0,0,0,0
a2019ff749147ad7241ecafb6eb0bfc84e61cdd1,1508425973,1,1,1,0,1,1,0,1,31.6,46,8,256,230.79,117,FALSE,0,0,0,0,0
3f47da35021c9a19c5af9ac3c24f2e119723823c,1508425789,1,2,4,0.61626,58,24,0,1,25.95,137.5,14,255,229.79,100,TRUE,0,0,0,2,2
4e462a5ec8521f86cee7e0977891bcbd8c4a441e,1508425789,1,2,4,0.61626,58,24,0,1,25.95,137.5,14,254,228.79,116,TRUE,0,0,0,2,2
4999c0400c21ee4f7356dd869fcc6d0508f3e132,1508260389,1,1,0,0,0,0,0,0,0,0,0,252,227.88,55,FALSE,0,0,0,0,0
1ffd8e5d586dde9f8052bd91b61fa9b9fbec8ccf,1508260389,1,1,0,0,0,0,0,0,0,0,0,253,228.88,56,FALSE,0,0,0,0,0
9f4624add23c6eb9af71a70053917ed4306df084,1508260296,1,1,0,0,0,0,0,0,0,0,0,251,226.88,54,FALSE,0,0,0,0,0
c1f2b87ed2f2e1a377a977a0bd63342b9d1e8847,1508260296,1,1,0,0,0,0,0,0,0,0,0,250,225.88,53,FALSE,0,0,0,0,0
fefbc301924efdcb6f7ff2ab2d8ba799c270a5ae,1507502446,1,1,0,0,0,0,0,0,0,0,0,249,229.9,52,FALSE,0,0,0,0,0
ba9b1a8ceeb489684e494ebc8e80918d9eff9ce2,1507502446,1,1,0,0,0,0,0,0,0,0,0,248,228.9,51,FALSE,0,0,0,0,0
048541c61597a36e947be1c1dfea04d6448aa043,1507502330,1,1,0,0,0,0,0,0,0,0,0,247,227.9,50,FALSE,0,0,0,0,0
37377de3f4709e036c90b075cda4660444d66c02,1507502330,1,1,0,0,0,0,0,0,0,0,0,246,226.9,49,FALSE,0,0,0,0,0
5abc62a8e0d8289036cb86945f9069daecf5278d,1507502038,1,1,0,0,0,0,0,0,0,0,0,245,225.9,48,FALSE,0,0,0,0,0
68399f96d6c6013f18440d7256cedc50abcbedf3,1507502038,1,1,0,0,0,0,0,0,0,0,0,244,224.9,47,FALSE,0,0,0,0,0
5b4ecb9ebc3e720f4126401511cf1e6fb24f9c14,1507501994,1,1,0,0,0,0,0,0,0,0,0,243,223.9,46,FALSE,0,0,0,0,0
c53991407d14375c62994786c806acc289d30504,1507501994,1,1,0,0,0,0,0,0,0,0,0,242,222.9,45,FALSE,0,0,0,0,0
b44e13d3b912a06613160a3e61e14f1db71b6b28,1506958907,2,2,1,0,1,1,0,1,14.62,70,2,241,225.5,23,FALSE,0,0,0,0,0
b5264bba3f00ba50ec700d170791b6796045c6fb,1506958907,2,3,1,0,1,1,0,1,14.62,70,2,240,224.5,79,FALSE,0,0,0,0,0
730726b6265ac905af31e81703e19e1e1d7e5525,1506804190,1,1,2,0.57938,6,6,1,1,5.93,141.5,1,239,224.54,37,FALSE,0,0,0,0,0
dfcfc596f884db31b1d6ad152fface33fec39eb3,1506804190,1,1,2,0.57938,6,6,1,1,5.93,141.5,1,238,223.54,114,FALSE,0,0,0,0,0
6ffeba874dc6f6fa90a84e7b484417dd342e2fb2,1506669846,1,1,1,0,1,1,0,1,4.37,331,35,237,223.44,99,FALSE,0,0,0,0,0
ef8613d5933db20ea02d33dfcded05f6b33bea56,1506669846,1,1,1,0,1,1,0,1,4.37,331,35,236,222.44,113,FALSE,0,0,0,0,0
e0af8bcbccc755a84d2afc666a228bd056da69f1,1506669284,2,12,12,0.204056,238,0,0,1,0,8.75,1.08,235,221.44,67,TRUE,0,0,0,9,0
d1eee0ab4a81d4b78c026772ef4224102e3e44ff,1506669284,1,12,12,0.204056,238,0,0,1,0,8.75,1.08,234,220.44,112,TRUE,0,0,0,9,0
a1e760fbb6a31ba7f9462a4b940e04201fc2d033,1506669199,1,1,1,0,65,0,0,0,0,0,0,232,218.44,111,TRUE,0,0,0,1,0
ed43dcca86efeae184eaeef696a15abd4e8d2629,1506669199,1,1,1,0,65,0,0,0,0,0,0,233,219.44,35,TRUE,0,0,0,1,0
ac323bb10aca07b5b642d98f580e7444af5d776d,1506669136,1,2,3,0.314685,10,4,0,1,7.18,92.67,12,230,216.44,110,FALSE,0,0,0,0,0
9db34b87559286bbe2c4b36b40dbff71ed03f9e8,1506669136,1,2,3,0.314685,10,4,0,1,7.18,92.67,12,231,217.44,97,FALSE,0,0,0,0,0
f8db166f49386859d12bed24624183361b26149e,1506306891,1,1,0,0,0,0,0,0,0,0,0,229,217.81,42,FALSE,0,0,0,0,0
e7b104f07a15d362b0fce45793b730c51bfaeae3,1506306891,1,1,0,0,0,0,0,0,0,0,0,228,216.81,41,FALSE,0,0,0,0,0
b91b439f09240b61a1252c6b93f61f1e4c6ce63e,1506303928,1,1,0,0,0,0,0,0,0,0,0,227,215.83,40,FALSE,0,0,0,0,0
dbb53c1425b6f7eb027baad6d01e62552e4b3e73,1506303928,1,1,0,0,0,0,0,0,0,0,0,226,214.83,39,FALSE,0,0,0,0,0
e2bf1659d47734efe56c3ba1c217543e80fc41ed,1506302875,1,1,0,0,0,0,0,0,0,0,0,224,212.83,37,FALSE,0,0,0,0,0
5f29421fd0caeed5a9a889608bb886f74e49cb59,1506302875,1,1,0,0,0,0,0,0,0,0,0,225,213.83,38,FALSE,0,0,0,0,0
ac771a0e40ef4ca98a9e6796ed1859d0a2e50fc6,1506301635,1,1,0,0,0,0,0,0,0,0,0,223,211.84,36,FALSE,0,0,0,0,0
6b31ac5e8ddeb64f47d9edbc9b07b649401a1b01,1506301635,1,1,0,0,0,0,0,0,0,0,0,222,210.84,35,FALSE,0,0,0,0,0
ac742f68903980502ac9865c48a0341a30cc9eb3,1506297372,1,4,8,0.241914,183,8,0,1,0.01,10.38,0.12,221,209.87,34,TRUE,0,0,0,2,0
518df75547d265cbc18a923488e6637f61c75207,1506297372,1,4,8,0.241914,183,8,0,1,0.01,10.38,0.12,220,208.87,109,TRUE,0,0,0,2,0
96af720e0f3b5c084d0c87e0d7d86b5957e18f53,1506293019,1,2,3,0.292264,33,0,0,1,0,18.67,0.33,219,207.9,33,TRUE,0,0,0,0,0
c8c039c0daac363d47f6c4ed827f95baecb498f9,1506293019,1,2,3,0.292264,33,0,0,1,0,18.67,0.33,218,206.9,108,TRUE,0,0,0,0,0
c9b3262bf80eda40874ecae1b04dff232a2658e9,1506292251,3,3,2,0.0166319,147,1,0,1,0.36,165.5,17,217,205.9,54,TRUE,0,0,0,0,0
a4758a295c426ec19a850e449982a7790f8cbe24,1506292251,2,4,2,0.0166319,147,1,0,1,0.36,165.5,17,216,204.9,70,TRUE,0,0,0,0,0
6de3b06c7f132bf4ba94ae89062cb3f2bfc2b8fb,1506292227,2,2,10,0.495209,777,776,0,1,4.55,77.6,3.3,214,202.9,68.5,TRUE,0,0,0,4,60
493d1bdd65c8dd437649be4a99103589727f319b,1506292227,2,2,10,0.495209,777,776,0,1,4.55,77.6,3.3,215,203.9,31.5,TRUE,0,0,0,4,60
5fd2e358ad2a4e6966a7bac657950a542e7636ff,1506229330,1,1,2,0.405639,4,4,0,1,3.61,241,22,213,202.29,95,TRUE,0,0,0,0,0
a89853eeadf617ba313b1c7e0c23e2b3f8062436,1506229330,1,1,2,0.405639,4,4,0,1,3.61,241,22,212,201.29,105,TRUE,0,0,0,0,0
183e04e1b0cb2617011a28ca37a3cc76e2d06bb6,1506225225,2,2,2,1,4,2,0,1,3.06,532.5,27.5,211,200.31,62,TRUE,0,0,0,3,3
5895a9437bc21f2ce73d9bc0c369e85aacdcded2,1506225225,1,2,2,1,4,2,0,1,3.06,532.5,27.5,210,199.31,104,TRUE,0,0,0,3,3
4e8ac296abc7e0c6ebc3ee8309697f320a395b1c,1506225216,1,1,1,0,16,22,0,1,6.13,60,12,209,198.31,93,FALSE,0,0,0,2,2
77f7b8d7bb84d458a95be6c75155f10c09e038bd,1506225216,1,1,1,0,16,22,0,1,6.13,60,12,208,197.31,103,FALSE,0,0,0,2,2
6bd0f253a05160b9ae2755d7128f4391760476e2,1506225161,1,1,1,0,3,1,0,1,0.12,328,31,207,196.31,92,TRUE,0,0,0,0,0
00bdf8252ff902de31dacae707523c4a9d45966f,1506225161,1,1,1,0,3,1,0,1,0.12,328,31,206,195.31,102,TRUE,0,0,0,0,0
d25f3fe0511df8a2e49f9e38f610c0b5b05807fc,1506225140,1,2,3,0.331776,17,4,1,1,1.37,46,5,205,194.31,91,FALSE,0,0,0,0,0
27c751382dbe7dcf178ac9d453d230351e439db9,1506225140,1,2,3,0.331776,17,4,1,1,1.37,46,5,204,193.31,101,FALSE,0,0,0,0,0
49905479a4fe6d79f5c9960b037892b3f55d8b5f,1506215012,1,3,4,0.782396,45,11,1,1,6.83,163.75,13.75,203,192.37,90,TRUE,0,0,0,1,1
32bce9500de9b184d4707c558157c4ac4be74a6c,1506215012,1,3,4,0.782396,45,11,1,1,6.83,163.75,13.75,202,191.37,100,TRUE,0,0,0,1,1
73c502d6b515da6052ff4a848ffffaeb0a1c498e,1506214641,1,3,8,0.265469,229,61,0,1,9.43,93.75,7.75,201,190.37,89,TRUE,0,0,0,3,4
12226cbcff03886c9dabe88051fa5ee6c5582a1f,1506214641,1,3,8,0.265469,229,61,0,1,9.43,93.75,7.75,200,189.37,99,TRUE,0,0,0,3,4
5391e61d7dba6a192f176e00bb0173466cebbdb8,1505891522,2,2,1,0,6,1,0,1,15.3,77,2,199,190.23,59,TRUE,0,0,0,0,0
602bd83029a3e774d72eab0bd1d51d3d870e375e,1505891522,1,2,1,0,6,1,0,1,15.3,77,2,198,189.23,98,TRUE,0,0,0,0,0
6988357778fa77be990708ad0318c31f76da8091,1505891380,1,2,2,1,16,36,0,1,25.59,63.5,6,196,187.23,97,TRUE,0,0,0,0,0
b31314379721a9b23360aec7745f25b8ed48f3b1,1505891380,1,2,2,1,16,36,0,1,25.59,63.5,6,197,188.23,87,TRUE,0,0,0,0,0
2780902e793d50f5a1807e2ec702fad3edbeeec7,1505707396,1,1,1,0,2,4,0,1,41.48,15,3,194,186.28,96,FALSE,0,0,0,0,0
3ab9964443449d9bf696541c979019f4b9a2cd23,1505707396,1,1,1,0,2,4,0,1,41.48,15,3,195,187.28,86,FALSE,0,0,0,0,0
39703235addf336f2fc625b25def597b6141c06f,1505707297,1,3,4,0.635213,5,3,0,1,1.47,128.25,9,193,185.28,85,TRUE,0,0,0,0,0
284b94bc09827eb990ca84d124327d80d76010e7,1505707297,1,3,4,0.635213,5,3,0,1,1.47,128.25,9,192,184.28,95,TRUE,0,0,0,0,0
40778a9263cfd341ecf197a69518a4e4c48bc7ed,1505699472,1,1,1,0,1,1,0,1,4.41,98,4,191,183.33,84,TRUE,0,0,0,0,0
a1c7d940254341f148d61c6ff8339ff8a6749149,1505699472,1,1,1,0,1,1,0,1,4.41,98,4,190,182.33,94,TRUE,0,0,0,0,0
1ac8efe367d154502e9bb31f7c024d299871d284,1505699461,1,1,2,0.35218,7,2,0,1,0.02,223.5,21,188,180.33,93,TRUE,0,0,0,0,0
56d568a7c9bdc6f29a29a02b58e104f29674b174,1505699461,1,1,2,0.35218,7,2,0,1,0.02,223.5,21,189,181.33,83,TRUE,0,0,0,0,0
121151f785c59de88515b3efec0fdbbf0f32daaf,1505699439,1,2,3,0.690058,25,19,0,1,4.34,74,8.67,187,179.33,82,TRUE,0,0,0,0,0
c0f586e3c30be51600fba479f326f5ab65836a70,1505699439,1,2,3,0.690058,25,19,0,1,4.34,74,8.67,186,178.33,92,TRUE,0,0,0,0,0
8a5cc84d1aa55235a9152cbe883cc5c54cc2bb7b,1505695975,1,1,1,0,20,14,0,1,0.04,64,1,185,177.35,1,TRUE,0,0,0,2,0
9da68eaf06ca79397b8b580b13dce38571c42b26,1505695975,1,1,1,0,20,14,0,1,0.04,64,1,184,176.35,91,TRUE,0,0,0,2,0
a32ed7298b7582227a13a711f9478880508a6ca1,1505695958,1,1,1,0,1,1,1,1,4.34,735,27,183,175.35,29,FALSE,0,0,0,0,0
139176d0cd3bafe904ba0ebd1a2389a82dd042db,1505695958,1,1,1,0,1,1,1,1,4.34,735,27,182,174.35,90,FALSE,0,0,0,0,0
31b61fb1fa8307ff1c98065a5fbcac4eb47e3aef,1505695948,1,1,1,0,2,2,0,1,0,154,23,181,173.35,81,FALSE,0,0,0,0,0
5125955bf2ecfc377e44e63c106fb84282d86584,1505695948,1,1,1,0,2,2,0,1,0,154,23,180,172.35,89,FALSE,0,0,0,0,0
e385f37d48cd8412a7dc8e769f3a5e18a3faee21,1505695716,1,3,6,0.619533,26,9,0,1,3.68,97,7.83,178,170.35,88,TRUE,0,0,0,1,0
780d9eddd51a2de5a24bc4e22955d1ae33861e40,1505695716,1,3,6,0.619533,26,9,0,1,3.68,97,7.83,179,171.35,80,TRUE,0,0,0,1,0
c0f6a5720461908225e02ebd584fbd33bf1c2d3e,1505692465,2,2,1,0,64,0,0,0,0,0,0,177,169.36,14.5,TRUE,0,0,0,2,0
1247751a70c46d86d5beb70705e43c6cc303b909,1505692465,1,2,1,0,64,0,0,0,0,0,0,176,168.36,87,TRUE,0,0,0,2,0
c0941d84fe1b56340290c1fc13e0f4322f119ad4,1505692127,1,1,2,0.450982,19,3,0,1,2.16,160.5,12.5,175,167.37,79,FALSE,0,0,0,0,0
d29cebc267b308595861937fec33352446cea7ee,1505692127,1,1,2,0.450982,19,3,0,1,2.16,160.5,12.5,174,166.37,86,FALSE,0,0,0,0,0
0e65874654f79869d4711dd8761d661d472c6623,1505691946,1,1,2,0.650442,79,6,0,1,0.47,134,12,173,165.37,78,TRUE,0,0,0,1,0
2556e8d3879eb80f43f53abdcb8163d8eda11cf1,1505691946,1,1,2,0.650442,79,6,0,1,0.47,134,12,172,164.37,85,TRUE,0,0,0,1,0
8cc282fdb2bb9f495cadf438ddb00c56181431c2,1505690709,1,2,3,0.334206,21,4,1,1,3.3,66,8.67,171,163.37,77,TRUE,0,0,0,0,0
7c306a916faab5d17e90168998aad95bad5dcca9,1505690709,1,2,3,0.334206,21,4,1,1,3.3,66,8.67,170,162.37,84,TRUE,0,0,0,0,0
d8d555262fd9dab839bdc969f19bd054e37754c9,1505667768,1,1,1,0,2,2,1,1,4.04,29,1,169,161.49,76,TRUE,0,0,0,0,0
4281868445a28053077294edabe4297b51b860c5,1505667768,1,1,1,0,2,2,1,1,4.04,29,1,168,160.49,83,TRUE,0,0,0,0,0
5b9b43712231cbb215efc5d6945501698b85b577,1505610060,1,1,2,0.127043,43,1,0,1,1.69,6,0.5,167,159.77,75,FALSE,0,0,0,0,0
0a6315a6c39392dea1e9986042f45808fcab2f8a,1505610060,1,1,2,0.127043,43,1,0,1,1.69,6,0.5,166,158.77,82,FALSE,0,0,0,0,0
29dcc826355750a507986074fd0b73e3cce70965,1505610000,1,2,2,0.310917,5,5,0,1,3.38,114.5,13,165,157.77,74,TRUE,0,0,0,0,0
8433c60320548c0e3a3f3fda4665735d02e0bb0d,1505610000,1,2,2,0.310917,5,5,0,1,3.38,114.5,13,164,156.77,81,TRUE,0,0,0,0,0
01f56a439e7911710183501c7d457b05d4ec2a16,1505609975,1,2,2,0.120965,13,10,0,1,5.58,161.5,12.5,163,155.77,73,TRUE,0,0,0,8,6
639f8f6adb7e4256e4bc930f2efc481bae94dec6,1505609975,1,2,2,0.120965,13,10,0,1,5.58,161.5,12.5,162,154.77,80,TRUE,0,0,0,8,6
c9eddacd9d8bedd3f3e6085badeeb3b831f4399e,1505594576,1,1,1,0,2,2,0,1,3.16,139,20,161,153.84,72,FALSE,0,0,0,0,0
3242f8590b65cb87b483367e71c63a4bca577179,1505594576,1,1,1,0,2,2,0,1,3.16,139,20,160,152.84,79,FALSE,0,0,0,0,0
102198cb105c2be491abb53d0572668c4dccc2f1,1505321158,1,1,1,0,6,0,0,1,0.04,133,19,159,153.12,71,FALSE,0,0,0,0,0
29ca5c6444516bfc057f780dbab676a0e7390ad1,1505321158,1,1,1,0,6,0,0,1,0.04,133,19,158,152.12,78,FALSE,0,0,0,0,0
ce9324346775cabb9e7fe97bd3aebe259300d7e7,1505321152,1,2,2,0.42156,29,33,0,1,0.03,502,22,156,150.12,77,FALSE,0,0,0,1,2
49c55174a6f579e98b3408b35da940c2e45be99e,1505321152,2,2,2,0.42156,29,33,0,1,0.03,502,22,157,151.12,49,FALSE,0,0,0,1,2
625e5bf5c707cbcb67494a18d40933a6b6e236cb,1505318579,1,1,1,0,3,3,1,1,0,735,25,154,148.13,76,FALSE,0,0,0,0,0
6ab84af1d5d1bd61fd8a7deb4d47d40c546be03f,1505318579,1,1,1,0,3,3,1,1,0,735,25,155,149.13,27,FALSE,0,0,0,0,0
ee396ce1f3835e0cb9f3e6f08bc6ec132b1df463,1505318510,1,2,5,0.287652,84,27,0,1,4.35,47.6,2.6,153,147.13,69,TRUE,0,0,1,1,0
2cc14c8da8a8b8b699e44f4f5fa87cc731e0ed68,1505318510,1,2,5,0.287652,84,27,0,1,4.35,47.6,2.6,152,146.13,75,TRUE,0,0,1,1,0
65890c7ccdf334cb2c2492ba11fa53d1c7bbdc1b,1505318379,1,1,1,0,15,1,0,1,0,255,21,151,145.13,68,FALSE,0,0,0,0,0
f7b618e5db5b26557582454214464bcc97e602d3,1505318379,1,1,1,0,15,1,0,1,0,255,21,150,144.13,74,FALSE,0,0,0,0,0
613f0e0e24e83ea9ebab3781727e0c56657e2519,1505318313,1,5,6,0.339247,196,10,0,1,3.04,180.5,7.83,148,142.13,73,TRUE,0,0,0,6,3
b6845c094fbe44424cebc53a08cc127a01526539,1505318313,3,5,6,0.339247,196,10,0,1,3.04,180.5,7.83,149,143.13,40.3333,TRUE,0,0,0,6,3
9f7476085236ecd137083ef5052727241cbfe522,1505318131,1,2,4,0.371991,30,18,0,1,4.35,101.75,7.25,147,141.13,66,FALSE,0,0,0,2,0
5bb0c7ca3a9def72d6b27768da0091b7f2eb5758,1505318131,1,2,4,0.371991,30,18,0,1,4.35,101.75,7.25,146,140.13,72,FALSE,0,0,0,2,0
06023598e645cb5ffbda591a0915ac12b7f7d577,1505317994,1,1,2,0.251463,5,1,0,1,3.54,178.5,14,145,139.13,65,FALSE,0,0,0,0,0
5141ed09d9ee5537d9ecf1bd0a68ebe5369ce2c9,1505317994,1,1,2,0.251463,5,1,0,1,3.54,178.5,14,144,138.13,71,FALSE,0,0,0,0,0
1a5f9a87c355d73710f65d1a344857649a2c9efb,1505092612,1,1,1,0,1,1,1,1,1.87,225,17,143,138.09,64,FALSE,0,0,0,0,0
a5bcae2f8c40883cde352271c84494bb4b5a9c3d,1505092612,1,1,1,0,1,1,1,1,1.87,225,17,142,137.09,70,FALSE,0,0,0,0,0
c746ab32065b35135dd938a187e309864669272e,1504977297,3,4,3,0.149303,74,0,0,1,0,258,9,141,136.57,38.3333,TRUE,0,0,0,3,0
551bbfec244ab5986335eaada43feee3e0ded127,1504977297,1,4,3,0.149303,74,0,0,1,0,258,9,140,135.57,69,TRUE,0,0,0,3,0
99437ad5b5c6c7c7f026aab8240b6051722b2343,1504976884,1,2,2,0.734496,20,0,0,1,0.24,357.5,11,138,133.57,68,FALSE,0,0,0,0,0
17ec2e72bd779377c78239bd97b7c6d31c9d0b25,1504976884,1,2,2,0.734496,20,0,0,1,0.24,357.5,11,139,134.57,24,FALSE,0,0,0,0,0
f798a956977fe02c0a4fb19f2ea7cf4106f1973e,1504976869,1,1,1,0,1,3,1,1,26.47,49,3,136,131.57,67,TRUE,0,0,0,3,3
fc8bd7670b5cf40763ba1e3fa0ba1a28a3261370,1504976869,1,1,1,0,1,3,1,1,26.47,49,3,137,132.57,62,TRUE,0,0,0,3,3
364e6379989ab8a84e0d5282f0b84b5639c2258c,1504935406,1,4,0,0,0,0,0,0,0,0,0,135,130.74,23,FALSE,0,0,0,0,0
0cb21c0818f554e9ff8c10b3fc3a814ca7c60bd0,1504935406,1,4,0,0,0,0,0,0,0,0,0,134,129.74,66,FALSE,0,0,0,0,0
b5cfd9b69a8f410f4de80f4afa4e93fe2736bf46,1504935173,3,4,3,0.962787,24,1,0,1,0,245,7,133,128.74,36.3333,TRUE,0,0,0,0,0
9500a4e99f4ca846c1e05dec9e71acc5c5a177d7,1504935173,1,4,3,0.962787,24,1,0,1,0,245,7,132,127.74,65,TRUE,0,0,0,0,0
fde1e690121245ef855551329ebfec4228495a32,1504934911,1,5,1,0,7,30,0,1,1.98,65,3,130,125.74,64,TRUE,0,0,0,5,4
9aadfedd26a7d6a7f37bc68bd1a27b1b2e26caf1,1504934911,2,5,1,0,7,30,0,1,1.98,65,3,131,126.74,40.5,TRUE,0,0,0,5,4
4777166df09e979f4b765de569936589f8065e50,1504934873,3,6,7,0.355279,90,0,0,1,0.01,106.71,2.86,129,124.74,34.6667,TRUE,0,0,0,3,3
55363d452fec81121952fedc471e33ad11ec4429,1504934873,1,6,7,0.355279,90,0,0,1,0.01,106.71,2.86,128,123.74,63,TRUE,0,0,0,3,3
fc8ce69e3735550018c0b915df69ff17092da31c,1504930896,2,4,8,0.339415,120,10,0,1,1,120.75,5,127,122.76,38.5,TRUE,0,0,0,1,0
fedd40eb80df05eeb21bf03fed4d8d06016b9d3b,1504930896,1,4,8,0.339415,120,10,0,1,1,120.75,5,126,121.76,62,TRUE,0,0,0,1,0
e862ad6606ccaeb5a651a215779b7aa2558a12c7,1504930860,2,3,4,0.642705,18,12,0,1,2.37,257,10,125,120.76,37.5,TRUE,0,0,0,5,0
d4d7d89dabd8095eefa4f82ffe464bdfa068d3b4,1504930860,1,3,4,0.642705,18,12,0,1,2.37,257,10,124,119.76,61,TRUE,0,0,0,5,0
58776aa94b7cac070b63eab62bb48c44d8b8758d,1504890278,1,1,1,0,11,7,0,1,3.71,27,12,123,118.91,56,TRUE,0,0,0,0,0
3ba42a69d90026aeceff38aebfdf9479cf273ea9,1504890278,1,1,1,0,11,7,0,1,3.71,27,12,122,117.91,60,TRUE,0,0,0,0,0
5654c31b2feede05f2766a5904bbc3abf8c3c223,1504890269,1,1,1,0,1,1,1,1,1.46,19,1,121,116.91,55,TRUE,0,0,0,0,0
dcd5fe3df05fc7a1cab21bbddd44537e13f510e7,1504890269,1,1,1,0,1,1,1,1,1.46,19,1,120,115.91,59,TRUE,0,0,0,0,0
a01e0621ba5d58ce43ca42024422295c345bfb48,1504831844,1,3,4,0.552114,5,10,0,1,1.98,98.25,6.25,118,114.12,58,FALSE,0,0,0,3,0
590741ea300aa9973eee34486fd19c1be4a9ed5a,1504831844,1,3,4,0.552114,5,10,0,1,1.98,98.25,6.25,119,115.12,54,FALSE,0,0,0,3,0
452a423bb9c866c459ec429c466800fde3c66c5b,1504764231,1,4,4,0.632939,30,1,0,1,0.54,177.5,4.25,116,112.35,57,TRUE,0,0,0,0,1
b0c4402a5eb114a87147a4756663c91e0370302d,1504764231,3,4,4,0.632939,30,1,0,1,0.54,177.5,4.25,117,113.35,31.3333,TRUE,0,0,0,0,1
37d7fd35c7871a735fc03f33b79e9a4ab8787d71,1504764193,3,6,6,0.449874,52,6,0,1,1.56,157.17,5.5,115,111.35,30.3333,TRUE,0,0,0,3,4
722e44c12677ce1adbb23c52f3b6c3e8fa4b6bf5,1504764193,1,6,6,0.449874,52,6,0,1,1.56,157.17,5.5,114,110.35,56,TRUE,0,0,0,3,4
4fc608d05a20857b563c51708f360cd75d89912d,1504763584,2,3,3,0.436172,27,1,0,1,0.71,246.33,10,113,109.36,33,TRUE,0,0,0,0,1
d146e6d93118b76f50d4344fb297ad81dda82a42,1504763584,1,3,3,0.436172,27,1,0,1,0.71,246.33,10,112,108.36,55,TRUE,0,0,0,0,1
1d061dfb55976a7b836349e5ae9c7ed3841f4bce,1504762220,1,4,3,0.454601,35,2,0,1,2.01,223.33,5,110,106.36,54,FALSE,0,0,0,1,1
058180968bac1a19c3982e920ad4115196c70477,1504762220,2,4,3,0.454601,35,2,0,1,2.01,223.33,5,111,107.36,32,FALSE,0,0,0,1,1
ff14c6107e780f30988d84c912a75fa57c1f0bd6,1504589742,1,1,1,0,1,1,1,1,0.01,598,13,109,105.93,13,FALSE,0,0,0,0,0
51d1418f62d69875872ad457836a1423f0dd2f23,1504589742,1,1,1,0,1,1,1,1,0.01,598,13,108,104.93,53,FALSE,0,0,0,0,0
7843363ffcdd7fd7de2b8909c5f08fd30daff6f8,1504589614,1,1,1,0,19,13,0,1,0.53,146,16,107,103.93,49,FALSE,0,0,0,0,0
7b79bc33383bd3b41e92f4e3e74cde569adcec5d,1504589614,1,1,1,0,19,13,0,1,0.53,146,16,106,102.93,52,FALSE,0,0,0,0,0
9dbd6323897b8e4ec70ea867cc2d8fabc892e84a,1504588634,3,10,8,0.289175,181,0,0,1,0.02,67.12,2.25,105,101.93,27.3333,TRUE,0,0,0,2,6
ed8d68c150230d2d7cdcbc39434aad2320581223,1504588634,1,10,8,0.289175,181,0,0,1,0.02,67.12,2.25,104,100.93,51,TRUE,0,0,0,2,6
c8c1d5ee2ee5a87ec2136fad4f6980a043898b46,1504585410,2,4,3,0.392032,51,1,0,1,0.03,161,4,103,99.94,29,TRUE,0,0,0,0,1
1aff5f6ac13c70572b98ac3072418ff6075ea734,1504585410,1,4,3,0.392032,51,1,0,1,0.03,161,4,102,98.94,50,TRUE,0,0,0,0,1
1378fad2189889c9ef5b6d2f880705bf2c58ec07,1504585355,1,1,2,0.600605,14,21,0,1,0.03,81,6.5,100,96.94,49,TRUE,0,0,0,1,0
a9ce24e33de8e6be25b08210646bbce8f6c7fc34,1504585355,1,1,2,0.600605,14,21,0,1,0.03,81,6.5,101,97.94,46,TRUE,0,0,0,1,0
ced017f02ef55d264ffaf8b259c6825deaefa7b2,1504582473,1,1,3,0.655459,1,9,0,1,0.04,66,4.33,99,95.95,45,FALSE,0,0,0,0,0
05fe3399e731cae7702cf11af9efed874cb53277,1504582473,1,1,3,0.655459,1,9,0,1,0.04,66,4.33,98,94.95,48,FALSE,0,0,0,0,0
cb9dd75fed64665dfdf9dc825d4a75d94c4c3523,1504581190,3,7,6,0.288668,113,0,0,1,0.08,73.67,2.67,97,93.95,25,TRUE,0,0,0,0,3
9ce307b395ad9ab6a4889b2fdbeb051a59514ea1,1504581190,1,7,6,0.288668,113,0,0,1,0.08,73.67,2.67,96,92.95,47,TRUE,0,0,0,0,3
0888daf1e6b760412a69ec86cb72dca03de216fd,1504580985,1,2,2,0.251463,4,8,0,1,0.26,82.5,10,95,91.95,43,FALSE,0,0,0,0,0
b1c34b0e47b7cbcb4754167511d0c1f5e628e5da,1504580985,1,2,2,0.251463,4,8,0,1,0.26,82.5,10,94,90.95,46,FALSE,0,0,0,0,0
ebac456a76190a753ab63559769cd8c76381969a,1504577045,1,2,3,0.267956,2,63,0,1,11.82,117.33,4.67,93,89.96,42,FALSE,0,0,0,1,0
7f6955d48979a69883a9dc5efb8f178a94895b97,1504577045,1,2,3,0.267956,2,63,0,1,11.82,117.33,4.67,92,88.96,45,FALSE,0,0,0,1,0
8750e7f41e3c45a3841572fb09761ac7794e764e,1504576093,2,4,5,0.449204,62,22,0,1,0.07,117,3.2,91,87.97,25,FALSE,0,0,0,0,2
141b670f73cdf92b1cb964fda5fab20d33fb92c8,1504576093,1,4,5,0.449204,62,22,0,1,0.07,117,3.2,90,86.97,44,FALSE,0,0,0,0,2
4d8c2c3e86577b6575384b013115bc4f5f0a7959,1504571991,2,4,8,0.348303,16,51,0,1,9.89,86.12,3,89,85.98,24,TRUE,0,0,8,6,4
bdc4ec0bc9c4e4eab65427c690804785cb78c4b5,1504571991,1,4,8,0.348303,16,51,0,1,9.89,86.12,3,88,84.98,43,TRUE,0,0,8,6,4
1ca080b2b77240a6ea02f1a73ff70c55a391e2df,1504570058,1,1,1,0,4,0,0,1,0.05,50,4,87,83.98,39,FALSE,0,0,0,0,0
cd93586862f4a8ca3f64451adc66e2a7feb8e4cb,1504570058,1,1,1,0,4,0,0,1,0.05,50,4,86,82.98,42,FALSE,0,0,0,0,0
fec17e9f1a512b987635059525e4294d0fe0218b,1504570020,2,2,4,0.345208,71,18,0,1,8.52,162.25,6.5,85,81.98,22.5,TRUE,0,0,0,4,4
65210115d1ebdd37746140a5f6b20ddf0651c052,1504570020,1,2,4,0.345208,71,18,0,1,8.52,162.25,6.5,84,80.98,41,TRUE,0,0,0,4,4
2ee98a3576ef2879561ddb1885037f2e67071add,1504565831,3,5,5,0.365809,101,6,0,1,0.06,97,2.4,83,79.99,21,FALSE,0,0,0,5,5
5fe9054fff5dd23b5b419e16cda0678beb2694e3,1504565831,1,5,5,0.365809,101,6,0,1,0.06,97,2.4,82,78.99,40,FALSE,0,0,0,5,5
c70b099d3d3350576596880a9ea30d2144bdfcb4,1504562899,1,4,3,0.397662,48,0,0,1,1.32,116,2.33,80,77,39,FALSE,0,0,0,0,1
20f234d5a1f70a0196047c8a93ba959cb435a3ab,1504562899,2,4,3,0.397662,48,0,0,1,1.32,116,2.33,81,78,20.5,FALSE,0,0,0,0,1
01bf62d9df0387ffe76b37b3d7ea50697d92fba3,1504546007,1,1,1,0,8,1,0,1,0.03,87,4,78,75.04,38,TRUE,0,0,0,0,0
55a89d55964102cfd14fcd4605765f1bcca08a87,1504546007,1,1,1,0,8,1,0,1,0.03,87,4,79,76.04,35,TRUE,0,0,0,0,0
7cc923c08bff24b362c6f702f9a0e28235f6f14e,1504543711,2,7,6,0.519047,95,8,0,1,0.77,66.17,2,77,74.05,19,TRUE,0,0,0,3,1
24968792915365c7b717fdc4d60e2298cba2cfe8,1504543711,1,7,6,0.519047,95,8,0,1,0.77,66.17,2,76,73.05,37,TRUE,0,0,0,3,1
21b9c19028fab0ecdc85e69568090e1bbed48a00,1504543574,1,2,4,0.711524,48,46,0,1,1.23,65.75,5.25,75,72.05,33,TRUE,0,0,0,1,1
d161fe8f3278cfff0c1e70df8693f54ad584d5aa,1504543574,1,2,4,0.711524,48,46,0,1,1.23,65.75,5.25,74,71.05,36,TRUE,0,0,0,1,1
251f32f6e199127eb0a26109e578b2ce2f34b52a,1504540435,1,2,2,0.261507,29,0,0,1,0.46,129.5,1.5,72,69.05,35,FALSE,0,0,0,0,1
90d12ff4890321590d33b502b286a71f03f1537e,1504540435,1,2,2,0.261507,29,0,0,1,0.46,129.5,1.5,73,70.05,3,FALSE,0,0,0,0,1
2a12f7f9fea91eca24e9c55b6243239c9225eb18,1504540407,1,2,3,0.108431,23,1,0,1,9.77,119.33,6,71,68.05,32,FALSE,0,0,0,0,0
d5f5e0c2a17a76b7590e01bfeb322eba81c4df92,1504540407,1,2,3,0.108431,23,1,0,1,9.77,119.33,6,70,67.05,34,FALSE,0,0,0,0,0
4fe2c1bb7a42bffe91210ade34381d726ba097dc,1504540362,2,2,1,0,44,14,0,1,23.44,29,2,69,66.05,25,TRUE,0,0,0,3,0
bba69cf98037d65eff05542a03dbd5b3556c0a28,1504540362,1,2,1,0,44,14,0,1,23.44,29,2,68,65.05,33,TRUE,0,0,0,3,0
252a7c68c0e9ae3900d7d3e12be17b93f1ad05d1,1504460722,2,6,5,0.265971,77,0,0,1,0.11,40,0.4,67,64.21,10,FALSE,0,0,0,0,3
2e163b791653e9b7152244ffa034a808e3abc1e8,1504460722,1,6,5,0.265971,77,0,0,1,0.11,40,0.4,66,63.21,32,FALSE,0,0,0,0,3
79b468e135efb7793f7f576c9b032594a57284dc,1504412824,3,7,7,0.301273,40,13,0,1,0.56,36.29,0.29,65,62.3,16,TRUE,0,0,0,1,1
2f8844412117cc3c49193029987e4a45aa6a9ce3,1504412824,1,7,7,0.301273,40,13,0,1,0.56,36.29,0.29,64,61.3,31,TRUE,0,0,0,1,1
98e9bffefc288e81aae052204e2298d0a390ddac,1504333402,2,11,19,0.240403,257,0,0,0,0,0,0,62,59.45,22.5,TRUE,0,0,0,1,8
040ff9ac2dc066a231726223e72c911cf30d80ab,1504333402,2,10,19,0.240403,257,0,0,0,0,0,0,63,60.45,8,TRUE,0,0,0,1,8
84fc5ca044aba4a70cb1b1346caac375d3946de2,1504333379,1,1,1,0,5,1,0,1,0,152,14,61,58.45,29,FALSE,0,0,0,0,0
88092e173414b0a5f136661bba190ea6642a68fb,1504333379,1,1,1,0,5,1,0,1,0,152,14,60,57.45,29,FALSE,0,0,0,0,0
1c203b9a8d079650006fd654234731039cabcc19,1504333294,1,1,1,0,15,7,0,1,0,218,10,59,56.45,28,TRUE,0,0,0,3,3
762e5fe0b9075188f342e79c0fcc3925335f749a,1504333294,1,1,1,0,15,7,0,1,0,218,10,58,55.45,28,TRUE,0,0,0,3,3
27b87eefdf2f83639782db45c8fd0c524ff29c3d,1504333278,1,2,3,0.409691,7,3,0,1,1.44,146,6.67,57,54.45,27,TRUE,0,0,0,0,0
aedae68252a8af99afeab4961a97936af41f9d65,1504333278,1,2,3,0.409691,7,3,0,1,1.44,146,6.67,56,53.45,27,TRUE,0,0,0,0,0
3dbb94f7af2395dc398632935e13c5e3a271ff4b,1504240687,1,2,2,0.57938,14,10,0,1,9.52,122.5,4.5,55,52.6,26,TRUE,0,0,0,0,0
abb16abce7c6647132e915fa8a61cf86dc02c5bb,1504240687,1,2,2,0.57938,14,10,0,1,9.52,122.5,4.5,54,51.6,26,TRUE,0,0,0,0,0
703892b0f1071645d8a04c277a5331d4b4d3ce6f,1504240431,1,2,4,0.583333,8,8,0,1,1.93,106,5,53,50.6,25,FALSE,0,0,0,0,0
692df0a4421fc264766506ebbf4814cfdf12f325,1504240431,1,2,4,0.583333,8,8,0,1,1.93,106,5,52,49.6,25,FALSE,0,0,0,0,0
1acf545385cd1a00e09f96f3852a634fd71f86ed,1504151110,2,3,4,0.179924,80,4,0,1,6.21,53.25,3.75,51,48.74,19,TRUE,0,0,0,2,1
496f88d20b0555d478de7320fd2f5185014cc05e,1504151110,1,3,4,0.179924,80,4,0,1,6.21,53.25,3.75,50,47.74,24,TRUE,0,0,0,2,1
22f6b82c02d61c19ce2ffd60a19710dc34edf02f,1504144259,1,1,1,0,8,1,0,1,3.35,65,7,49,46.75,23,FALSE,0,0,0,0,0
1da28b702e8a34af43bde639a48b49987b0ac202,1504144259,1,1,1,0,8,1,0,1,3.35,65,7,48,45.75,23,FALSE,0,0,0,0,0
7afd1e150ca68682ffbca7a57af1b362623c21f7,1504144246,1,3,5,0.423999,23,16,0,1,8.83,123.2,3.4,47,44.75,22,TRUE,0,0,4,2,0
322fe939bbf05ba9bc7da250b6771f22387938c5,1504144246,1,3,5,0.423999,23,16,0,1,8.83,123.2,3.4,46,43.75,22,TRUE,0,0,4,2,0
cfaf5296a9718afcf626143b2993588c3341b67d,1503855102,1,3,5,0.240504,157,18,0,1,11.39,37.8,1.8,44,42.13,21,TRUE,0,0,4,1,2
e0b4d61b0b5e1ba6f280b154790e85c2ff999db6,1503855102,1,3,5,0.240504,157,18,0,1,11.39,37.8,1.8,45,43.13,21,TRUE,0,0,4,1,2
6fcca9cf961597ce925369e6cde62603ea0ce003,1503855077,1,1,2,0.894608,140,72,0,1,6.74,148,6,42,40.13,20,TRUE,0,0,0,12,1
18beada961c925bbd90a7f5de68605e8b5c4147e,1503855077,1,1,2,0.894608,140,72,0,1,6.74,148,6,43,41.13,20,TRUE,0,0,0,12,1
1dc5ce4d0c40d29c41d9b2b01ce45e7dd4661cf9,1503854990,1,1,3,0.522792,30,2,0,1,13.63,70,4.67,41,39.13,19,TRUE,0,0,0,0,0
6e4edb2ec0b0e374858eee91bf6647dc03797545,1503854990,1,1,3,0.522792,30,2,0,1,13.63,70,4.67,40,38.13,19,TRUE,0,0,0,0,0
1bbb98da60bc0cdb7fba2947931e8e4486d9e94f,1502690710,1,1,1,0,4,0,0,1,0.01,82,9,39,38.52,18,FALSE,0,0,0,1,0
1ee889b80810deaa699f6bf8217fb352116c6066,1502690710,1,1,1,0,4,0,0,1,0.01,82,9,38,37.52,18,FALSE,0,0,0,1,0
6466be634afb7ac5ffb7fe12baac0926de564f10,1502690248,1,4,8,0.293769,132,28,0,1,1.9,68.88,1.75,36,35.52,17,TRUE,0,0,0,7,6
c248c7fd8abadb27c990ebaa6c9c458ab53a270e,1502690248,1,4,8,0.293769,132,28,0,1,1.9,68.88,1.75,37,36.52,17,TRUE,0,0,0,7,6
90527591c9050151a963d1cfec84feb71200e11f,1502650686,1,2,5,0.251785,80,12,0,1,0.84,59.6,2.2,35,34.57,16,FALSE,0,0,0,0,0
2d063c3d2ce041812ae69a1d88d102ffd2a9ff88,1502650686,1,2,5,0.251785,80,12,0,1,0.84,59.6,2.2,34,33.57,16,FALSE,0,0,0,0,0
d5c76458ff5a63010473d9110d393dc316f945fa,1502603796,2,2,4,0.276307,108,24,0,1,0.83,69.75,2.5,33,32.62,14,TRUE,0,0,0,2,3
0ed1264ce7fa767ac18354e61900447a48e3e9ed,1502603796,1,2,4,0.276307,108,24,0,1,0.83,69.75,2.5,32,31.62,15,TRUE,0,0,0,2,3
938c217aebbce60a0ce3c14c95c0ecccb065afda,1502596242,2,5,5,0.38042,98,24,0,1,0.57,21.6,1.4,31,30.62,13,TRUE,0,0,0,5,0
daf1681edf6d0c1a0d0e279f16da7b87d90e74fe,1502596242,2,6,5,0.38042,98,24,0,1,0.57,21.6,1.4,30,29.62,12.5,TRUE,0,0,0,5,0
ac81ae5ca6db2a6dfc4c90551cef31a793aead19,1502582829,1,2,2,0.173056,8,17,1,1,0.78,65,3.5,29,28.64,13,TRUE,0,0,0,1,0
c92ad7bd31f10c9f45e04c317e3f4f0f013b2f4a,1502582829,1,2,2,0.173056,8,17,1,1,0.78,65,3.5,28,27.64,13,TRUE,0,0,0,1,0
3a2696aa02e2d54b379c72343736a49127c416b8,1502515402,1,4,9,0.444943,44,23,0,1,1.3,55.22,1.22,26,25.69,12,TRUE,0,0,0,3,1
96bf882b561d5e5469618576cb41d8f53e080a75,1502515402,1,4,9,0.444943,44,23,0,1,1.3,55.22,1.22,27,26.69,12,TRUE,0,0,0,3,1
76fc3f5482f471e6cf994146133bef69d27afb1e,1502429124,2,5,11,0.290338,216,54,0,1,2.04,35.82,0.82,25,24.76,10.5,TRUE,0,0,0,3,0
e4cee1922454fdfa124d4caa5631ac3f37bc3b40,1502429124,2,6,11,0.290338,216,54,0,1,2.04,35.82,0.82,24,23.76,10,TRUE,0,0,0,3,0
23e7a5f7af0b50e08c5e6a964929037f6a674707,1502312143,1,1,0,0,0,0,0,0,0,0,0,23,22.85,8,FALSE,0,0,0,0,0
f615d7d777e215eb58fbc82438cce2767596fd6c,1502312143,1,1,0,0,0,0,0,0,0,0,0,22,21.85,7,FALSE,0,0,0,0,0
a964a947f0508b703427e9755ed9189cbae2e9bd,1502311652,2,4,4,0.394423,40,15,0,1,1.79,51.5,2,21,20.85,8,TRUE,0,0,0,0,0
13250615895e7cdcc2d57773612540f2a592f165,1502311652,1,4,4,0.394423,40,15,0,1,1.79,51.5,2,20,19.85,10,TRUE,0,0,0,0,0
4d26580d683d28bab9991a737bcd150a5462ab8d,1502256514,2,4,6,0.381656,50,50,0,1,2.13,47.17,1,19,18.89,7,FALSE,0,0,0,0,0
38d4a83063f4b8e194827f87b40398dd8219044a,1502256514,2,4,6,0.381656,50,50,0,1,2.13,47.17,1,18,17.89,6.5,FALSE,0,0,0,0,0
7346f37aff52fda0e9ed5c9e19ed4e1f428cf8bd,1502123776,2,2,2,0.398933,71,2,0,1,0.99,11.5,0.5,17,16.96,5.5,TRUE,0,0,0,1,2
c289323b55774ecbcdf261cf3925aef8a9490a08,1502123776,2,2,2,0.398933,71,2,0,1,0.99,11.5,0.5,16,15.96,5,TRUE,0,0,0,1,2
003267adeb0e42c6a153ae008806af25f8f4bd9f,1502123768,1,3,3,0.202263,68,5,0,1,0.52,27.33,1.67,15,14.96,7,TRUE,0,0,0,3,3
ca2b77e88f342d0a5127d2929a4d0cd5445eacdf,1502123768,1,3,3,0.202263,68,5,0,1,0.52,27.33,1.67,14,13.96,7,TRUE,0,0,0,3,3
2a76a253a501673fefa565ce3cbf9f53bbeefc5d,1502123747,1,1,1,0,7,2,0,1,1.55,55,1,12,11.96,6,FALSE,0,0,0,0,0
302183aac983cef89c19214935541c763bb38d01,1502123747,1,1,1,0,7,2,0,1,1.55,55,1,13,12.96,6,FALSE,0,0,0,0,0
c9c0e50366a35afe87e695a740df598753c4d748,1502123719,1,1,3,0.564475,7,5,1,1,1.55,43,1,10,9.96,5,TRUE,0,0,0,0,0
2a8129903b9455fbd5a0d1afc5585fc727cc730a,1502123719,1,1,3,0.564475,7,5,1,1,1.55,43,1,11,10.96,5,TRUE,0,0,0,0,0
018ef954adc3b4db58f7c1a2119b018a8d93d725,1502123688,1,1,1,0,8,2,0,1,1.55,9,2,8,7.96,4,FALSE,0,0,0,0,0
1e17e7a59791edf20030e705b5d015bc0399201c,1502123688,1,1,1,0,8,2,0,1,1.55,9,2,9,8.96,4,FALSE,0,0,0,0,0
238be6f3a3b1cfcd55115beaa703d4aa2377d368,1501989832,1,1,1,0,10,0,0,1,0.35,45,1,6,6,3,FALSE,0,0,0,0,0
54b5299c0222322b800b9a2d913c25198decd798,1501989832,1,1,1,0,10,0,0,1,0.35,45,1,7,7,3,FALSE,0,0,0,0,0
a05d6284e78182872b6883d148b422ae17572dd3,1501989813,1,4,9,0.416728,128,24,0,1,0.29,25.22,0.22,4,4,2,TRUE,0,0,0,3,1
12ae01d27263622206e8b632d172d796aa95e27a,1501989813,1,4,9,0.416728,128,24,0,1,0.29,25.22,0.22,5,5,2,TRUE,0,0,0,3,1
cff662c79b807972008c0277cad8daa741f09e86,1501959604,1,3,9,0.532883,118,85,0,1,0.06,21.44,0.11,2,2,1,TRUE,0,0,0,0,0
b6a73abb1091f6160994da69d4b549e7de014ca2,1501959604,1,3,9,0.532883,118,85,0,1,0.06,21.44,0.11,3,3,1,TRUE,0,0,0,0,0
1de7d789b77dc7e5c26970d396391c1910b49ad2,1501952377,2,5,14,0.54945,399,0,0,0,0,0,0,1,1,0.5,FALSE,0,0,0,5,1
48a21e998b7e44fec069d57519a6694283ce73fb,1501952377,2,6,14,0.54945,399,0,0,0,0,0,0,0,0,0,FALSE,0,0,0,5,1